time_h,gs_name,sat_id,distance_km,elevation_deg,fspl_db,atm_loss_db,rx_power_dbw,cn0_dbhz,snr_db,doppler_hz,link_margin_db
0.0,Vladimir,103,1150.93075,0.0,157.62,34.38,-159.0,42.98,-27.12,38643.9,7.98
0.0,Murmansk,84,1030.981625,0.0,156.66,34.38,-158.04,43.94,-26.16,38643.9,8.94
0.0,Novosibirsk,26,1192.059125,0.0,157.92,34.38,-159.3,42.68,-27.42,38643.9,7.68
0.0,Zheleznogorsk,143,1071.397,0.0,156.99,34.38,-158.37,43.6,-26.5,38643.9,8.6
0.0,Yakutsk,66,1073.948875,0.0,157.02,34.38,-158.39,43.58,-26.52,38643.9,8.58
0.0,Khabarovsk,67,1194.548125,0.0,157.94,34.38,-159.32,42.66,-27.44,38643.9,7.66
0.0,Vladivostok,182,998.5378125,0.0,156.38,34.38,-157.76,44.21,-25.88,38643.9,9.21
0.0,Minsk,287,1218.737875,0.0,158.11,34.38,-159.49,42.48,-27.62,38643.9,7.48
0.0,Almaty,142,1104.159125,0.0,157.26,34.38,-158.64,43.34,-26.76,38643.9,8.34
0.0,Tehran,122,1045.90625,0.0,156.79,34.38,-158.16,43.81,-26.29,38643.9,8.81
0.0,Urumqi,27,1007.6233125,0.0,156.46,34.38,-157.84,44.14,-25.96,38643.9,9.14
0.0,Delhi,141,1049.5955,0.0,156.82,34.38,-158.2,43.78,-26.32,38643.9,8.78
0.0,Yangon,161,991.499125,0.0,156.32,34.38,-157.7,44.28,-25.82,38643.9,9.28
0.0,Jakarta,30,1039.323875,0.0,156.73,34.38,-158.11,43.87,-26.23,38643.9,8.87
0.0,Luanda,119,1115.826625,0.0,157.35,34.38,-158.73,43.25,-26.85,38643.9,8.25
0.0,Nairobi,120,1315.099125,0.0,158.77,34.38,-160.15,41.82,-28.28,38643.9,6.82
0.0,Johannesburg,138,1532.09925,0.0,160.1,34.38,-161.48,40.5,-29.6,38643.9,5.5
0.0,Havana,188,1582.389,0.0,160.38,34.38,-161.76,40.21,-29.88,38643.9,5.21
0.0,Caracas,189,1012.9929375,0.0,156.51,34.38,-157.89,44.09,-26.01,38643.9,9.09
0.0,Buenos_Aires,58,1083.68625,0.0,157.09,34.38,-158.47,43.5,-26.6,38643.9,8.5
0.16666666666666666,Vladimir,101,1032.7521875,0.0,156.68,34.38,-158.05,43.92,-26.18,38643.9,8.92
0.16666666666666666,Murmansk,4,1011.3800625,0.0,156.49,34.38,-157.87,44.1,-26.0,38643.9,9.1
0.16666666666666666,Novosibirsk,141,1180.795375,0.0,157.84,34.38,-159.22,42.76,-27.34,38643.9,7.76
0.16666666666666666,Zheleznogorsk,141,1032.65825,0.0,156.67,34.38,-158.05,43.92,-26.18,38643.9,8.92
0.16666666666666666,Yakutsk,162,1104.631,0.0,157.26,34.38,-158.64,43.34,-26.76,38643.9,8.34
0.16666666666666666,Khabarovsk,65,1090.511625,0.0,157.15,34.38,-158.53,43.45,-26.65,38643.9,8.45
0.16666666666666666,Vladivostok,65,1029.7110625,0.0,156.65,34.38,-158.03,43.95,-26.15,38643.9,8.95
0.16666666666666666,Minsk,285,1066.677625,0.0,156.96,34.38,-158.34,43.64,-26.46,38643.9,8.64
0.16666666666666666,Almaty,140,1029.4551875,0.0,156.65,34.38,-158.03,43.95,-26.15,38643.9,8.95
0.16666666666666666,Tehran,120,1035.960875,0.0,156.7,34.38,-158.08,43.89,-26.2,38643.9,8.89
0.16666666666666666,Urumqi,25,1004.0245,0.0,156.43,34.38,-157.81,44.17,-25.93,38643.9,9.17
0.16666666666666666,Delhi,159,1215.902,0.0,158.09,34.38,-159.47,42.5,-27.6,38643.9,7.5
0.16666666666666666,Yangon,179,1032.5210625,0.0,156.67,34.38,-158.05,43.92,-26.18,38643.9,8.92
0.16666666666666666,Jakarta,28,1074.924125,0.0,157.02,34.38,-158.4,43.57,-26.53,38643.9,8.57
0.16666666666666666,Luanda,117,1021.950875,0.0,156.58,34.38,-157.96,44.01,-26.09,38643.9,9.01
0.16666666666666666,Nairobi,138,1109.89275,0.0,157.3,34.38,-158.68,43.3,-26.8,38643.9,8.3
0.16666666666666666,Johannesburg,269,1364.296875,0.0,159.09,34.38,-160.47,41.5,-28.6,38643.9,6.5
0.16666666666666666,Havana,186,1409.66,0.0,159.38,34.38,-160.76,41.22,-28.88,38643.9,6.22
0.16666666666666666,Caracas,187,1024.42325,0.0,156.61,34.38,-157.98,43.99,-26.11,38643.9,8.99
0.16666666666666666,Buenos_Aires,56,1253.322,0.0,158.36,34.38,-159.74,42.24,-27.86,38643.9,7.24
0.3333333333333333,Vladimir,119,1001.228,0.0,156.41,34.38,-157.79,44.19,-25.91,38643.9,9.19
0.3333333333333333,Murmansk,2,1004.1449375,0.0,156.43,34.38,-157.81,44.17,-25.93,38643.9,9.17
0.3333333333333333,Novosibirsk,159,1045.99125,0.0,156.79,34.38,-158.17,43.81,-26.29,38643.9,8.81
0.3333333333333333,Zheleznogorsk,159,1089.62125,0.0,157.14,34.38,-158.52,43.46,-26.64,38643.9,8.46
0.3333333333333333,Yakutsk,160,1143.323375,0.0,157.56,34.38,-158.94,43.04,-27.06,38643.9,8.04
0.3333333333333333,Khabarovsk,63,1082.86225,0.0,157.09,34.38,-158.47,43.51,-26.59,38643.9,8.51
0.3333333333333333,Vladivostok,63,1065.26325,0.0,156.94,34.38,-158.32,43.65,-26.45,38643.9,8.65
0.3333333333333333,Minsk,283,1001.7435,0.0,156.41,34.38,-157.79,44.19,-25.91,38643.9,9.19
0.3333333333333333,Almaty,158,1065.2045,0.0,156.94,34.38,-158.32,43.65,-26.45,38643.9,8.65
0.3333333333333333,Tehran,138,1146.9015,0.0,157.59,34.38,-158.97,43.01,-27.09,38643.9,8.01
0.3333333333333333,Urumqi,23,1110.639875,0.0,157.31,34.38,-158.69,43.29,-26.81,38643.9,8.29
0.3333333333333333,Delhi,157,1464.65925,0.0,159.71,34.38,-161.09,40.89,-29.21,38643.9,5.89
0.3333333333333333,Yangon,25,1153.397375,0.0,157.64,34.38,-159.01,42.96,-27.14,38643.9,7.96
0.3333333333333333,Jakarta,195,1215.7125,0.0,158.09,34.38,-159.47,42.5,-27.59,38643.9,7.5
0.3333333333333333,Luanda,115,1078.155,0.0,157.05,34.38,-158.43,43.55,-26.55,38643.9,8.55
0.3333333333333333,Nairobi,136,1027.85575,0.0,156.63,34.38,-158.01,43.96,-26.14,38643.9,8.96
0.3333333333333333,Johannesburg,267,1215.903375,0.0,158.09,34.38,-159.47,42.5,-27.6,38643.9,7.5
0.3333333333333333,Havana,37,1309.983875,0.0,158.74,34.38,-160.12,41.86,-28.24,38643.9,6.86
0.3333333333333333,Caracas,185,1177.993125,0.0,157.82,34.38,-159.2,42.78,-27.32,38643.9,7.78
0.3333333333333333,Buenos_Aires,188,1224.34,0.0,158.15,34.38,-159.53,42.44,-27.66,38643.9,7.44
0.5,Vladimir,117,1067.2035,0.0,156.96,34.38,-158.34,43.64,-26.46,38643.9,8.64
0.5,Murmansk,0,1075.246875,0.0,157.03,34.38,-158.41,43.57,-26.53,38643.9,8.57
0.5,Novosibirsk,157,994.0131875,0.0,156.34,34.38,-157.72,44.25,-25.85,38643.9,9.25
0.5,Zheleznogorsk,41,1024.482875,0.0,156.61,34.38,-157.99,43.99,-26.11,38643.9,8.99
0.5,Yakutsk,178,1260.496,0.0,158.41,34.38,-159.79,42.19,-27.91,38643.9,7.19
0.5,Khabarovsk,61,1170.32325,0.0,157.76,34.38,-159.14,42.83,-27.26,38643.9,7.83
0.5,Vladivostok,61,1201.45375,0.0,157.99,34.38,-159.37,42.61,-27.49,38643.9,7.61
0.5,Minsk,281,1037.4466875,0.0,156.72,34.38,-158.09,43.88,-26.22,38643.9,8.88
0.5,Almaty,21,1149.943,0.0,157.61,34.38,-158.99,42.99,-27.11,38643.9,7.99
0.5,Tehran,2,1347.47675,0.0,158.99,34.38,-160.37,41.61,-28.49,38643.9,6.61
0.5,Urumqi,21,1297.41675,0.0,158.66,34.38,-160.04,41.94,-28.16,38643.9,6.94
0.5,Delhi,22,1466.262125,0.0,159.72,34.38,-161.1,40.88,-29.22,38643.9,5.88
0.5,Yangon,23,1135.2425,0.0,157.5,34.38,-158.88,43.1,-27.0,38643.9,8.1
0.5,Jakarta,193,1353.56,0.0,159.03,34.38,-160.4,41.57,-28.53,38643.9,6.57
0.5,Luanda,113,1263.3795,0.0,158.43,34.38,-159.81,42.17,-27.93,38643.9,7.17
0.5,Nairobi,134,1097.162,0.0,157.2,34.38,-158.58,43.4,-26.7,38643.9,8.4
0.5,Johannesburg,133,1115.397,0.0,157.34,34.38,-158.72,43.25,-26.85,38643.9,8.25
0.5,Havana,35,1143.181375,0.0,157.56,34.38,-158.94,43.04,-27.06,38643.9,8.04
0.5,Caracas,183,1427.0395,0.0,159.48,34.38,-160.86,41.11,-28.99,38643.9,6.11
0.5,Buenos_Aires,186,1112.281375,0.0,157.32,34.38,-158.7,43.28,-26.82,38643.9,8.28
0.6666666666666666,Vladimir,19,1056.473125,0.0,156.87,34.38,-158.25,43.72,-26.37,38643.9,8.72
0.6666666666666666,Murmansk,18,1209.199,0.0,158.05,34.38,-159.42,42.55,-27.55,38643.9,7.55
0.6666666666666666,Novosibirsk,155,1040.7875625,0.0,156.74,34.38,-158.12,43.85,-26.24,38643.9,8.85
0.6666666666666666,Zheleznogorsk,59,1004.807625,0.0,156.44,34.38,-157.82,44.16,-25.94,38643.9,9.16
0.6666666666666666,Yakutsk,99,1332.9635,0.0,158.89,34.38,-160.27,41.7,-28.39,38643.9,6.7
0.6666666666666666,Khabarovsk,195,1310.362375,0.0,158.74,34.38,-160.12,41.85,-28.25,38643.9,6.85
0.6666666666666666,Vladivostok,79,1406.3345,0.0,159.36,34.38,-160.74,41.24,-28.86,38643.9,6.24
0.6666666666666666,Minsk,115,1026.530375,0.0,156.62,34.38,-158.0,43.97,-26.13,38643.9,8.97
0.6666666666666666,Almaty,39,1233.665125,0.0,158.22,34.38,-159.6,42.38,-27.72,38643.9,7.38
0.6666666666666666,Tehran,0,1270.178625,0.0,158.47,34.38,-159.85,42.12,-27.97,38643.9,7.12
0.6666666666666666,Urumqi,175,1320.281875,0.0,158.81,34.38,-160.19,41.79,-28.31,38643.9,6.79
0.6666666666666666,Delhi,20,1305.72075,0.0,158.71,34.38,-160.09,41.88,-28.21,38643.9,6.88
0.6666666666666666,Yangon,21,1246.086625,0.0,158.31,34.38,-159.69,42.29,-27.81,38643.9,7.29
0.6666666666666666,Jakarta,192,1402.42975,0.0,159.33,34.38,-160.71,41.26,-28.84,38643.9,6.26
0.6666666666666666,Luanda,111,1529.97525,0.0,160.09,34.38,-161.47,40.51,-29.59,38643.9,5.51
0.6666666666666666,Nairobi,132,1293.216625,0.0,158.63,34.38,-160.01,41.97,-28.13,38643.9,6.97
0.6666666666666666,Johannesburg,131,1031.3031875,0.0,156.66,34.38,-158.04,43.93,-26.17,38643.9,8.93
0.6666666666666666,Havana,33,1089.209875,0.0,157.14,34.38,-158.52,43.46,-26.64,38643.9,8.46
0.6666666666666666,Caracas,53,1347.979,0.0,158.99,34.38,-160.37,41.61,-28.49,38643.9,6.61
0.6666666666666666,Buenos_Aires,184,1112.697,0.0,157.32,34.38,-158.7,43.27,-26.83,38643.9,8.27
0.8333333333333334,Vladimir,17,1050.00575,0.0,156.82,34.38,-158.2,43.78,-26.32,38643.9,8.78
0.8333333333333334,Murmansk,95,1185.3155,0.0,157.87,34.38,-159.25,42.72,-27.37,38643.9,7.72
0.8333333333333334,Novosibirsk,57,1173.522375,0.0,157.79,34.38,-159.16,42.81,-27.29,38643.9,7.81
0.8333333333333334,Zheleznogorsk,57,1080.2755,0.0,157.07,34.38,-158.45,43.53,-26.57,38643.9,8.53
0.8333333333333334,Yakutsk,97,1152.5205,0.0,157.63,34.38,-159.01,42.97,-27.13,38643.9,7.97
0.8333333333333334,Khabarovsk,213,1284.003125,0.0,158.57,34.38,-159.95,42.03,-28.07,38643.9,7.03
0.8333333333333334,Vladivostok,213,1342.2095,0.0,158.95,34.38,-160.33,41.64,-28.45,38643.9,6.64
0.8333333333333334,Minsk,113,1015.97675,0.0,156.53,34.38,-157.91,44.06,-26.04,38643.9,9.06
0.8333333333333334,Almaty,37,1397.7645,0.0,159.3,34.38,-160.68,41.29,-28.81,38643.9,6.29
0.8333333333333334,Tehran,18,1295.438375,0.0,158.64,34.38,-160.02,41.95,-28.15,38643.9,6.95
0.8333333333333334,Urumqi,173,1144.979875,0.0,157.57,34.38,-158.95,43.03,-27.07,38643.9,8.03
0.8333333333333334,Delhi,38,1244.7175,0.0,158.3,34.38,-159.68,42.3,-27.8,38643.9,7.3
0.8333333333333334,Yangon,39,1454.948625,0.0,159.65,34.38,-161.03,40.94,-29.15,38643.9,5.94
0.8333333333333334,Jakarta,190,1331.00675,0.0,158.88,34.38,-160.26,41.72,-28.38,38643.9,6.72
0.8333333333333334,Luanda,260,1570.497375,0.0,160.32,34.38,-161.7,40.28,-29.82,38643.9,5.28
0.8333333333333334,Nairobi,130,1568.271125,0.0,160.3,34.38,-161.68,40.29,-29.81,38643.9,5.29
0.8333333333333334,Johannesburg,129,1081.98525,0.0,157.08,34.38,-158.46,43.52,-26.58,38643.9,8.52
0.8333333333333334,Havana,31,1166.417375,0.0,157.73,34.38,-159.11,42.86,-27.23,38643.9,7.86
0.8333333333333334,Caracas,51,1148.396625,0.0,157.6,34.38,-158.98,43.0,-27.1,38643.9,8.0
0.8333333333333334,Buenos_Aires,182,1228.29325,0.0,158.18,34.38,-159.56,42.42,-27.68,38643.9,7.42
1.0,Vladimir,15,1135.24575,0.0,157.5,34.38,-158.88,43.1,-27.0,38643.9,8.1
1.0,Murmansk,93,1076.761,0.0,157.04,34.38,-158.42,43.56,-26.54,38643.9,8.56
1.0,Novosibirsk,55,1190.473375,0.0,157.91,34.38,-159.29,42.69,-27.41,38643.9,7.69
1.0,Zheleznogorsk,172,1196.893125,0.0,157.96,34.38,-159.34,42.64,-27.46,38643.9,7.64
1.0,Yakutsk,95,1034.077375,0.0,156.69,34.38,-158.07,43.91,-26.19,38643.9,8.91
1.0,Khabarovsk,211,1280.957125,0.0,158.55,34.38,-159.93,42.05,-28.05,38643.9,7.05
1.0,Vladivostok,211,1174.044,0.0,157.79,34.38,-159.17,42.81,-27.29,38643.9,7.81
1.0,Minsk,111,1102.459125,0.0,157.24,34.38,-158.62,43.35,-26.74,38643.9,8.35
1.0,Almaty,36,1349.02625,0.0,159.0,34.38,-160.38,41.6,-28.5,38643.9,6.6
1.0,Tehran,16,1415.234875,0.0,159.41,34.38,-160.79,41.18,-28.91,38643.9,6.18
1.0,Urumqi,171,1049.092,0.0,156.81,34.38,-158.19,43.78,-26.31,38643.9,8.78
1.0,Delhi,36,1295.205625,0.0,158.64,34.38,-160.02,41.95,-28.14,38643.9,6.95
1.0,Yangon,189,1447.641375,0.0,159.61,34.38,-160.99,40.99,-29.11,38643.9,5.99
1.0,Jakarta,188,1377.197125,0.0,159.18,34.38,-160.55,41.42,-28.68,38643.9,6.42
1.0,Luanda,278,1569.467,0.0,160.31,34.38,-161.69,40.29,-29.81,38643.9,5.29
1.0,Nairobi,299,1462.792125,0.0,159.7,34.38,-161.08,40.9,-29.2,38643.9,5.9
1.0,Johannesburg,127,1248.591875,0.0,158.32,34.38,-159.7,42.27,-27.83,38643.9,7.27
1.0,Havana,197,1157.63325,0.0,157.67,34.38,-159.05,42.93,-27.17,38643.9,7.93
1.0,Caracas,49,1064.6635,0.0,156.94,34.38,-158.32,43.66,-26.44,38643.9,8.66
1.0,Buenos_Aires,66,1090.08175,0.0,157.14,34.38,-158.52,43.45,-26.65,38643.9,8.45
1.1666666666666667,Vladimir,130,1214.6875,0.0,158.09,34.38,-159.46,42.51,-27.59,38643.9,7.51
1.1666666666666667,Murmansk,91,1040.448,0.0,156.74,34.38,-158.12,43.86,-26.24,38643.9,8.86
1.1666666666666667,Novosibirsk,53,1289.74075,0.0,158.61,34.38,-159.98,41.99,-28.11,38643.9,6.99
1.1666666666666667,Zheleznogorsk,170,1059.491625,0.0,156.9,34.38,-158.28,43.7,-26.4,38643.9,8.7
1.1666666666666667,Yakutsk,93,997.6248125,0.0,156.38,34.38,-157.75,44.22,-25.88,38643.9,9.22
1.1666666666666667,Khabarovsk,94,1214.060375,0.0,158.08,34.38,-159.46,42.52,-27.58,38643.9,7.52
1.1666666666666667,Vladivostok,209,1085.771875,0.0,157.11,34.38,-158.49,43.49,-26.61,38643.9,8.49
1.1666666666666667,Minsk,109,1268.680375,0.0,158.46,34.38,-159.84,42.13,-27.96,38643.9,7.13
1.1666666666666667,Almaty,34,1242.436,0.0,158.28,34.38,-159.66,42.32,-27.78,38643.9,7.32
1.1666666666666667,Tehran,15,1327.592,0.0,158.86,34.38,-160.24,41.74,-28.36,38643.9,6.74
1.1666666666666667,Urumqi,169,1058.516875,0.0,156.89,34.38,-158.27,43.71,-26.39,38643.9,8.71
1.1666666666666667,Delhi,168,1231.9485,0.0,158.21,34.38,-159.59,42.39,-27.71,38643.9,7.39
1.1666666666666667,Yangon,187,1245.857625,0.0,158.31,34.38,-159.68,42.29,-27.81,38643.9,7.29
1.1666666666666667,Jakarta,57,1169.04925,0.0,157.75,34.38,-159.13,42.84,-27.25,38643.9,7.84
1.1666666666666667,Luanda,277,1375.304125,0.0,159.16,34.38,-160.54,41.43,-28.67,38643.9,6.43
1.1666666666666667,Nairobi,297,1215.7645,0.0,158.09,34.38,-159.47,42.5,-27.59,38643.9,7.5
1.1666666666666667,Johannesburg,278,1299.93625,0.0,158.67,34.38,-160.05,41.92,-28.18,38643.9,6.92
1.1666666666666667,Havana,195,1183.50225,0.0,157.86,34.38,-159.24,42.74,-27.36,38643.9,7.74
1.1666666666666667,Caracas,47,1124.53825,0.0,157.42,34.38,-158.79,43.18,-26.92,38643.9,8.18
1.1666666666666667,Buenos_Aires,64,1056.3785,0.0,156.87,34.38,-158.25,43.72,-26.37,38643.9,8.72
1.3333333333333333,Vladimir,128,1086.8515,0.0,157.12,34.38,-158.5,43.48,-26.62,38643.9,8.48
1.3333333333333333,Murmansk,30,1017.9761875,0.0,156.55,34.38,-157.93,44.05,-26.05,38643.9,9.05
1.3333333333333333,Novosibirsk,168,1288.305125,0.0,158.6,34.38,-159.98,42.0,-28.1,38643.9,7.0
1.3333333333333333,Zheleznogorsk,168,1000.22375,0.0,156.4,34.38,-157.78,44.2,-25.9,38643.9,9.2
1.3333333333333333,Yakutsk,188,1013.3441875,0.0,156.51,34.38,-157.89,44.09,-26.01,38643.9,9.09
1.3333333333333333,Khabarovsk,92,1056.724875,0.0,156.87,34.38,-158.25,43.72,-26.38,38643.9,8.72
1.3333333333333333,Vladivostok,207,1100.70175,0.0,157.23,34.38,-158.61,43.37,-26.73,38643.9,8.37
1.3333333333333333,Minsk,292,1425.773625,0.0,159.48,34.38,-160.86,41.12,-28.98,38643.9,6.12
1.3333333333333333,Almaty,32,1226.616375,0.0,158.17,34.38,-159.55,42.43,-27.67,38643.9,7.43
1.3333333333333333,Tehran,13,1186.192625,0.0,157.88,34.38,-159.26,42.72,-27.38,38643.9,7.72
1.3333333333333333,Urumqi,52,1110.5015,0.0,157.31,34.38,-158.69,43.29,-26.81,38643.9,8.29
1.3333333333333333,Delhi,166,1273.953,0.0,158.5,34.38,-159.88,42.1,-28.0,38643.9,7.1
1.3333333333333333,Yangon,185,1144.22675,0.0,157.57,34.38,-158.95,43.03,-27.07,38643.9,8.03
1.3333333333333333,Jakarta,55,1041.8489375,0.0,156.75,34.38,-158.13,43.85,-26.25,38643.9,8.85
1.3333333333333333,Luanda,275,1159.216875,0.0,157.68,34.38,-159.06,42.92,-27.18,38643.9,7.92
1.3333333333333333,Nairobi,295,1065.89775,0.0,156.95,34.38,-158.33,43.65,-26.45,38643.9,8.65
1.3333333333333333,Johannesburg,276,1352.07975,0.0,159.02,34.38,-160.39,41.58,-28.52,38643.9,6.58
1.3333333333333333,Havana,193,1323.287375,0.0,158.83,34.38,-160.21,41.77,-28.33,38643.9,6.77
1.3333333333333333,Caracas,214,1095.846,0.0,157.19,34.38,-158.57,43.41,-26.69,38643.9,8.41
1.3333333333333333,Buenos_Aires,62,1143.576,0.0,157.56,34.38,-158.94,43.04,-27.06,38643.9,8.04
1.5,Vladimir,126,1035.7479375,0.0,156.7,34.38,-158.08,43.9,-26.2,38643.9,8.9
1.5,Murmansk,28,1029.2678125,0.0,156.65,34.38,-158.03,43.95,-26.15,38643.9,8.95
1.5,Novosibirsk,166,1147.120625,0.0,157.59,34.38,-158.97,43.01,-27.09,38643.9,8.01
1.5,Zheleznogorsk,166,1036.054375,0.0,156.7,34.38,-158.08,43.89,-26.21,38643.9,8.89
1.5,Yakutsk,186,1053.579625,0.0,156.85,34.38,-158.23,43.75,-26.35,38643.9,8.75
1.5,Khabarovsk,90,994.1840625,0.0,156.35,34.38,-157.72,44.25,-25.85,38643.9,9.25
1.5,Vladivostok,205,1218.073125,0.0,158.11,34.38,-159.49,42.49,-27.61,38643.9,7.49
1.5,Minsk,106,1393.422125,0.0,159.28,34.38,-160.66,41.32,-28.78,38643.9,6.32
1.5,Almaty,165,1262.8435,0.0,158.42,34.38,-159.8,42.17,-27.92,38643.9,7.17
1.5,Tehran,11,1147.07375,0.0,157.59,34.38,-158.97,43.01,-27.09,38643.9,8.01
1.5,Urumqi,50,1151.750625,0.0,157.62,34.38,-159.0,42.97,-27.12,38643.9,7.97
1.5,Delhi,31,1210.802375,0.0,158.06,34.38,-159.44,42.54,-27.56,38643.9,7.54
1.5,Yangon,183,1171.386125,0.0,157.77,34.38,-159.15,42.83,-27.27,38643.9,7.83
1.5,Jakarta,53,1060.2135,0.0,156.9,34.38,-158.28,43.69,-26.41,38643.9,8.69
1.5,Luanda,273,1053.653875,0.0,156.85,34.38,-158.23,43.75,-26.35,38643.9,8.75
1.5,Nairobi,293,1056.522625,0.0,156.87,34.38,-158.25,43.72,-26.38,38643.9,8.72
1.5,Johannesburg,274,1503.653625,0.0,159.94,34.38,-161.32,40.66,-29.44,38643.9,5.66
1.5,Havana,24,1468.760125,0.0,159.73,34.38,-161.11,40.86,-29.24,38643.9,5.86
1.5,Caracas,212,1093.127125,0.0,157.17,34.38,-158.55,43.43,-26.67,38643.9,8.43
1.5,Buenos_Aires,215,1296.814625,0.0,158.65,34.38,-160.03,41.94,-28.16,38643.9,6.94
1.6666666666666667,Vladimir,124,1075.766,0.0,157.03,34.38,-158.41,43.57,-26.53,38643.9,8.57
1.6666666666666667,Murmansk,26,1117.670125,0.0,157.36,34.38,-158.74,43.23,-26.86,38643.9,8.23
1.6666666666666667,Novosibirsk,164,1075.88375,0.0,157.03,34.38,-158.41,43.57,-26.53,38643.9,8.57
1.6666666666666667,Zheleznogorsk,67,1140.697,0.0,157.54,34.38,-158.92,43.06,-27.04,38643.9,8.06
1.6666666666666667,Yakutsk,184,1175.893,0.0,157.8,34.38,-159.18,42.79,-27.31,38643.9,7.79
1.6666666666666667,Khabarovsk,88,1040.442125,0.0,156.74,34.38,-158.12,43.86,-26.24,38643.9,8.86
1.6666666666666667,Vladivostok,88,1308.68325,0.0,158.73,34.38,-160.11,41.86,-28.23,38643.9,6.86
1.6666666666666667,Minsk,8,1255.225375,0.0,158.37,34.38,-159.75,42.23,-27.87,38643.9,7.23
1.6666666666666667,Almaty,163,1321.099625,0.0,158.81,34.38,-160.19,41.78,-28.32,38643.9,6.78
1.6666666666666667,Tehran,9,1217.36475,0.0,158.1,34.38,-159.48,42.49,-27.61,38643.9,7.49
1.6666666666666667,Urumqi,48,1285.8685,0.0,158.58,34.38,-159.96,42.02,-28.08,38643.9,7.02
1.6666666666666667,Delhi,29,1233.917375,0.0,158.22,34.38,-159.6,42.38,-27.72,38643.9,7.38
1.6666666666666667,Yangon,50,1025.474,0.0,156.61,34.38,-157.99,43.98,-26.12,38643.9,8.98
1.6666666666666667,Jakarta,51,1218.0865,0.0,158.11,34.38,-159.49,42.49,-27.61,38643.9,7.49
1.6666666666666667,Luanda,271,1092.875375,0.0,157.17,34.38,-158.55,43.43,-26.67,38643.9,8.43
1.6666666666666667,Nairobi,291,1191.233125,0.0,157.92,34.38,-159.29,42.68,-27.42,38643.9,7.68
1.6666666666666667,Johannesburg,159,1302.739125,0.0,158.69,34.38,-160.07,41.9,-28.19,38643.9,6.9
1.6666666666666667,Havana,42,1611.6465,0.0,160.54,34.38,-161.92,40.06,-30.04,38643.9,5.06
1.6666666666666667,Caracas,210,1226.466,0.0,158.17,34.38,-159.55,42.43,-27.67,38643.9,7.43
1.6666666666666667,Buenos_Aires,213,1104.5715,0.0,157.26,34.38,-158.64,43.34,-26.76,38643.9,8.34
1.8333333333333333,Vladimir,122,1200.492875,0.0,157.98,34.38,-159.36,42.61,-27.48,38643.9,7.61
1.8333333333333333,Murmansk,24,1265.59825,0.0,158.44,34.38,-159.82,42.16,-27.94,38643.9,7.16
1.8333333333333333,Novosibirsk,46,1078.498125,0.0,157.05,34.38,-158.43,43.54,-26.55,38643.9,8.54
1.8333333333333333,Zheleznogorsk,65,1103.458875,0.0,157.25,34.38,-158.63,43.35,-26.75,38643.9,8.35
1.8333333333333333,Yakutsk,182,1359.810375,0.0,159.07,34.38,-160.44,41.53,-28.57,38643.9,6.53
1.8333333333333333,Khabarovsk,202,1077.4335,0.0,157.04,34.38,-158.42,43.55,-26.55,38643.9,8.55
1.8333333333333333,Vladivostok,202,1386.568625,0.0,159.23,34.38,-160.61,41.36,-28.74,38643.9,6.36
1.8333333333333333,Minsk,6,1087.210375,0.0,157.12,34.38,-158.5,43.47,-26.62,38643.9,8.47
1.8333333333333333,Almaty,46,1450.82475,0.0,159.63,34.38,-161.01,40.97,-29.13,38643.9,5.97
1.8333333333333333,Tehran,141,1345.44,0.0,158.97,34.38,-160.35,41.62,-28.47,38643.9,6.62
1.8333333333333333,Urumqi,162,1365.26575,0.0,159.1,34.38,-160.48,41.5,-28.6,38643.9,6.5
1.8333333333333333,Delhi,161,1228.10275,0.0,158.18,34.38,-159.56,42.42,-27.68,38643.9,7.42
1.8333333333333333,Yangon,48,995.127125,0.0,156.35,34.38,-157.73,44.24,-25.86,38643.9,9.24
1.8333333333333333,Jakarta,219,1365.312,0.0,159.1,34.38,-160.48,41.5,-28.6,38643.9,6.5
1.8333333333333333,Luanda,269,1264.281875,0.0,158.43,34.38,-159.81,42.16,-27.93,38643.9,7.16
1.8333333333333333,Nairobi,158,1364.606125,0.0,159.1,34.38,-160.48,41.5,-28.6,38643.9,6.5
1.8333333333333333,Johannesburg,157,1111.68,0.0,157.32,34.38,-158.69,43.28,-26.82,38643.9,8.28
1.8333333333333333,Havana,40,1476.562625,0.0,159.78,34.38,-161.16,40.82,-29.28,38643.9,5.82
1.8333333333333333,Caracas,208,1457.462625,0.0,159.67,34.38,-161.05,40.93,-29.17,38643.9,5.93
1.8333333333333333,Buenos_Aires,211,1006.11825,0.0,156.45,34.38,-157.83,44.15,-25.95,38643.9,9.15
2.0,Vladimir,23,1196.19475,0.0,157.95,34.38,-159.33,42.65,-27.45,38643.9,7.65
2.0,Murmansk,101,1119.0155,0.0,157.37,34.38,-158.75,43.22,-26.87,38643.9,8.22
2.0,Novosibirsk,44,1099.73625,0.0,157.22,34.38,-158.6,43.38,-26.72,38643.9,8.38
2.0,Zheleznogorsk,63,1156.92475,0.0,157.66,34.38,-159.04,42.93,-27.16,38643.9,7.93
2.0,Yakutsk,103,1186.298,0.0,157.88,34.38,-159.26,42.72,-27.38,38643.9,7.72
2.0,Khabarovsk,200,1141.292625,0.0,157.54,34.38,-158.92,43.05,-27.05,38643.9,8.05
2.0,Vladivostok,85,1284.873875,0.0,158.57,34.38,-159.95,42.02,-28.07,38643.9,7.02
2.0,Minsk,4,1000.66325,0.0,156.4,34.38,-157.78,44.2,-25.9,38643.9,9.2
2.0,Almaty,160,1283.048375,0.0,158.56,34.38,-159.94,42.04,-28.06,38643.9,7.04
2.0,Tehran,159,1196.623125,0.0,157.95,34.38,-159.33,42.64,-27.46,38643.9,7.64
2.0,Urumqi,45,1321.338,0.0,158.82,34.38,-160.2,41.78,-28.32,38643.9,6.78
2.0,Delhi,179,1243.20775,0.0,158.29,34.38,-159.67,42.31,-27.79,38643.9,7.31
2.0,Yangon,46,1111.383375,0.0,157.31,34.38,-158.69,43.28,-26.81,38643.9,8.28
2.0,Jakarta,217,1143.93525,0.0,157.56,34.38,-158.94,43.03,-27.07,38643.9,8.03
2.0,Luanda,137,1277.888375,0.0,158.53,34.38,-159.9,42.07,-28.03,38643.9,7.07
2.0,Nairobi,157,1410.526375,0.0,159.38,34.38,-160.76,41.21,-28.89,38643.9,6.21
2.0,Johannesburg,155,1033.574625,0.0,156.68,34.38,-158.06,43.91,-26.18,38643.9,8.91
2.0,Havana,206,1328.96,0.0,158.87,34.38,-160.25,41.73,-28.37,38643.9,6.73
2.0,Caracas,207,1494.95375,0.0,159.89,34.38,-161.27,40.71,-29.39,38643.9,5.71
2.0,Buenos_Aires,209,1032.6239375,0.0,156.67,34.38,-158.05,43.92,-26.18,38643.9,8.92
2.1666666666666665,Vladimir,21,1258.296875,0.0,158.39,34.38,-159.77,42.21,-27.89,38643.9,7.21
2.1666666666666665,Murmansk,119,1024.77025,0.0,156.61,34.38,-157.99,43.99,-26.11,38643.9,8.99
2.1666666666666665,Novosibirsk,42,1202.318625,0.0,158.0,34.38,-159.38,42.6,-27.5,38643.9,7.6
2.1666666666666665,Zheleznogorsk,61,1287.38175,0.0,158.59,34.38,-159.97,42.01,-28.09,38643.9,7.01
2.1666666666666665,Yakutsk,101,1065.982875,0.0,156.95,34.38,-158.33,43.65,-26.45,38643.9,8.65
2.1666666666666665,Khabarovsk,218,1295.0855,0.0,158.64,34.38,-160.02,41.96,-28.14,38643.9,6.96
2.1666666666666665,Vladivostok,83,1157.90125,0.0,157.67,34.38,-159.05,42.93,-27.17,38643.9,7.93
2.1666666666666665,Minsk,2,1013.642375,0.0,156.51,34.38,-157.89,44.08,-26.02,38643.9,9.08
2.1666666666666665,Almaty,178,1152.535875,0.0,157.63,34.38,-159.01,42.97,-27.13,38643.9,7.97
2.1666666666666665,Tehran,157,1144.80175,0.0,157.57,34.38,-158.95,43.03,-27.07,38643.9,8.03
2.1666666666666665,Urumqi,43,1264.872,0.0,158.44,34.38,-159.82,42.16,-27.94,38643.9,7.16
2.1666666666666665,Delhi,177,1367.49875,0.0,159.11,34.38,-160.49,41.48,-28.62,38643.9,6.48
2.1666666666666665,Yangon,44,1334.464,0.0,158.9,34.38,-160.28,41.69,-28.4,38643.9,6.69
2.1666666666666665,Jakarta,215,1036.3933125,0.0,156.71,34.38,-158.09,43.89,-26.21,38643.9,8.89
2.1666666666666665,Luanda,135,1217.684375,0.0,158.11,34.38,-159.49,42.49,-27.61,38643.9,7.49
2.1666666666666665,Nairobi,155,1245.083,0.0,158.3,34.38,-159.68,42.3,-27.8,38643.9,7.3
2.1666666666666665,Johannesburg,153,1090.540875,0.0,157.15,34.38,-158.53,43.45,-26.65,38643.9,8.45
2.1666666666666665,Havana,204,1107.8555,0.0,157.29,34.38,-158.66,43.31,-26.79,38643.9,8.31
2.1666666666666665,Caracas,75,1477.675,0.0,159.79,34.38,-161.17,40.81,-29.29,38643.9,5.81
2.1666666666666665,Buenos_Aires,207,1178.52775,0.0,157.82,34.38,-159.2,42.77,-27.32,38643.9,7.77
2.3333333333333335,Vladimir,137,1263.405875,0.0,158.43,34.38,-159.81,42.17,-27.93,38643.9,7.17
2.3333333333333335,Murmansk,117,1006.39625,0.0,156.45,34.38,-157.83,44.15,-25.95,38643.9,9.15
2.3333333333333335,Novosibirsk,40,1365.146,0.0,159.1,34.38,-160.48,41.5,-28.6,38643.9,6.5
2.3333333333333335,Zheleznogorsk,196,1195.614375,0.0,157.95,34.38,-159.33,42.65,-27.45,38643.9,7.65
2.3333333333333335,Yakutsk,119,1027.591,0.0,156.63,34.38,-158.01,43.96,-26.13,38643.9,8.96
2.3333333333333335,Khabarovsk,100,1402.155375,0.0,159.33,34.38,-160.71,41.27,-28.83,38643.9,6.27
2.3333333333333335,Vladivostok,81,1127.115875,0.0,157.44,34.38,-158.81,43.16,-26.94,38643.9,8.16
2.3333333333333335,Minsk,0,1119.62875,0.0,157.38,34.38,-158.76,43.22,-26.88,38643.9,8.22
2.3333333333333335,Almaty,41,1112.316125,0.0,157.32,34.38,-158.7,43.28,-26.82,38643.9,8.28
2.3333333333333335,Tehran,155,1205.718875,0.0,158.02,34.38,-159.4,42.58,-27.52,38643.9,7.58
2.3333333333333335,Urumqi,195,1287.626875,0.0,158.59,34.38,-159.97,42.01,-28.09,38643.9,7.01
2.3333333333333335,Delhi,175,1576.856125,0.0,160.35,34.38,-161.73,40.25,-29.85,38643.9,5.25
2.3333333333333335,Yangon,194,1541.450875,0.0,160.15,34.38,-161.53,40.44,-29.66,38643.9,5.44
2.3333333333333335,Jakarta,213,1077.22775,0.0,157.04,34.38,-158.42,43.55,-26.54,38643.9,8.55
2.3333333333333335,Luanda,133,1284.74975,0.0,158.57,34.38,-159.95,42.02,-28.07,38643.9,7.02
2.3333333333333335,Nairobi,153,1196.944625,0.0,157.96,34.38,-159.34,42.64,-27.46,38643.9,7.64
2.3333333333333335,Johannesburg,285,1094.116875,0.0,157.18,34.38,-158.56,43.42,-26.68,38643.9,8.42
2.3333333333333335,Havana,202,994.6245625,0.0,156.35,34.38,-157.73,44.25,-25.85,38643.9,9.25
2.3333333333333335,Caracas,73,1401.071125,0.0,159.32,34.38,-160.7,41.27,-28.83,38643.9,6.27
2.3333333333333335,Buenos_Aires,91,1324.16275,0.0,158.83,34.38,-160.21,41.76,-28.34,38643.9,6.76
2.5,Vladimir,135,1209.755,0.0,158.05,34.38,-159.43,42.55,-27.55,38643.9,7.55
2.5,Murmansk,57,1057.86625,0.0,156.88,34.38,-158.26,43.71,-26.39,38643.9,8.71
2.5,Novosibirsk,175,1244.638,0.0,158.3,34.38,-159.68,42.3,-27.8,38643.9,7.3
2.5,Zheleznogorsk,194,1124.213125,0.0,157.41,34.38,-158.79,43.18,-26.91,38643.9,8.18
2.5,Yakutsk,215,1004.3084375,0.0,156.43,34.38,-157.81,44.16,-25.94,38643.9,9.16
2.5,Khabarovsk,118,1222.56475,0.0,158.14,34.38,-159.52,42.46,-27.64,38643.9,7.46
2.5,Vladivostok,99,1196.917,0.0,157.96,34.38,-159.34,42.64,-27.46,38643.9,7.64
2.5,Minsk,18,1293.021625,0.0,158.63,34.38,-160.01,41.97,-28.13,38643.9,6.97
2.5,Almaty,59,1018.6340625,0.0,156.56,34.38,-157.94,44.04,-26.06,38643.9,9.04
2.5,Tehran,39,1161.088875,0.0,157.69,34.38,-159.07,42.9,-27.19,38643.9,7.9
2.5,Urumqi,193,1324.927125,0.0,158.84,34.38,-160.22,41.76,-28.34,38643.9,6.76
2.5,Delhi,40,1307.64325,0.0,158.73,34.38,-160.1,41.87,-28.23,38643.9,6.87
2.5,Yangon,212,1612.32425,0.0,160.54,34.38,-161.92,40.05,-30.05,38643.9,5.05
2.5,Jakarta,211,1251.24975,0.0,158.34,34.38,-159.72,42.25,-27.84,38643.9,7.25
2.5,Luanda,282,1379.11225,0.0,159.19,34.38,-160.57,41.41,-28.69,38643.9,6.41
2.5,Nairobi,151,1279.700375,0.0,158.54,34.38,-159.92,42.06,-28.04,38643.9,7.06
2.5,Johannesburg,283,1035.187125,0.0,156.7,34.38,-158.08,43.9,-26.2,38643.9,8.9
2.5,Havana,200,1023.562,0.0,156.6,34.38,-157.98,44.0,-26.1,38643.9,9.0
2.5,Caracas,71,1434.642125,0.0,159.53,34.38,-160.91,41.07,-29.03,38643.9,6.07
2.5,Buenos_Aires,89,1320.685125,0.0,158.81,34.38,-160.19,41.79,-28.31,38643.9,6.79
2.6666666666666665,Vladimir,36,1192.16425,0.0,157.92,34.38,-159.3,42.67,-27.42,38643.9,7.67
2.6666666666666665,Murmansk,55,1087.073125,0.0,157.12,34.38,-158.5,43.48,-26.62,38643.9,8.48
2.6666666666666665,Novosibirsk,173,1177.748875,0.0,157.82,34.38,-159.2,42.78,-27.32,38643.9,7.78
2.6666666666666665,Zheleznogorsk,192,1133.649875,0.0,157.49,34.38,-158.86,43.11,-26.99,38643.9,8.11
2.6666666666666665,Yakutsk,213,1041.4635625,0.0,156.75,34.38,-158.13,43.85,-26.25,38643.9,8.85
2.6666666666666665,Khabarovsk,116,1122.18225,0.0,157.4,34.38,-158.78,43.2,-26.9,38643.9,8.2
2.6666666666666665,Vladivostok,97,1348.73075,0.0,158.99,34.38,-160.37,41.6,-28.5,38643.9,6.6
2.6666666666666665,Minsk,133,1241.434,0.0,158.27,34.38,-159.65,42.32,-27.78,38643.9,7.32
2.6666666666666665,Almaty,57,1037.5931875,0.0,156.72,34.38,-158.1,43.88,-26.22,38643.9,8.88
2.6666666666666665,Tehran,37,1018.785625,0.0,156.56,34.38,-157.94,44.04,-26.06,38643.9,9.04
2.6666666666666665,Urumqi,76,1378.761125,0.0,159.19,34.38,-160.56,41.41,-28.69,38643.9,6.41
2.6666666666666665,Delhi,58,1100.8325,0.0,157.23,34.38,-158.61,43.37,-26.73,38643.9,8.37
2.6666666666666665,Yangon,210,1526.68325,0.0,160.07,34.38,-161.45,40.53,-29.57,38643.9,5.53
2.6666666666666665,Jakarta,79,1341.651375,0.0,158.95,34.38,-160.33,41.65,-28.45,38643.9,6.65
2.6666666666666665,Luanda,280,1149.588875,0.0,157.61,34.38,-158.99,42.99,-27.11,38643.9,7.99
2.6666666666666665,Nairobi,149,1471.09625,0.0,159.75,34.38,-161.13,40.85,-29.25,38643.9,5.85
2.6666666666666665,Johannesburg,281,1111.130875,0.0,157.31,34.38,-158.69,43.29,-26.81,38643.9,8.29
2.6666666666666665,Havana,51,1091.575625,0.0,157.16,34.38,-158.54,43.44,-26.66,38643.9,8.44
2.6666666666666665,Caracas,70,1372.14625,0.0,159.14,34.38,-160.52,41.45,-28.65,38643.9,6.45
2.6666666666666665,Buenos_Aires,87,1414.198875,0.0,159.41,34.38,-160.79,41.19,-28.91,38643.9,6.19
2.8333333333333335,Vladimir,34,1076.658625,0.0,157.04,34.38,-158.42,43.56,-26.54,38643.9,8.56
2.8333333333333335,Murmansk,33,1149.538375,0.0,157.61,34.38,-158.99,42.99,-27.11,38643.9,7.99
2.8333333333333335,Novosibirsk,74,1111.135875,0.0,157.31,34.38,-158.69,43.29,-26.81,38643.9,8.29
2.8333333333333335,Zheleznogorsk,74,1131.36375,0.0,157.47,34.38,-158.85,43.13,-26.97,38643.9,8.13
2.8333333333333335,Yakutsk,211,1159.47375,0.0,157.68,34.38,-159.06,42.92,-27.18,38643.9,7.92
2.8333333333333335,Khabarovsk,230,1086.542,0.0,157.12,34.38,-158.5,43.48,-26.62,38643.9,8.48
2.8333333333333335,Vladivostok,230,1470.862625,0.0,159.75,34.38,-161.13,40.85,-29.25,38643.9,5.85
2.8333333333333335,Minsk,131,1130.38425,0.0,157.46,34.38,-158.84,43.14,-26.96,38643.9,8.14
2.8333333333333335,Almaty,55,1160.4125,0.0,157.69,34.38,-159.07,42.91,-27.19,38643.9,7.91
2.8333333333333335,Tehran,35,996.6368125,0.0,156.37,34.38,-157.75,44.23,-25.87,38643.9,9.23
2.8333333333333335,Urumqi,190,1308.609,0.0,158.73,34.38,-160.11,41.86,-28.23,38643.9,6.86
2.8333333333333335,Delhi,56,1000.7441875,0.0,156.4,34.38,-157.78,44.19,-25.9,38643.9,9.19
2.8333333333333335,Yangon,76,1350.74475,0.0,159.01,34.38,-160.39,41.59,-28.51,38643.9,6.59
2.8333333333333335,Jakarta,77,1341.53075,0.0,158.95,34.38,-160.33,41.65,-28.45,38643.9,6.65
2.8333333333333335,Luanda,298,1027.19875,0.0,156.63,34.38,-158.01,43.97,-26.13,38643.9,8.97
2.8333333333333335,Nairobi,18,1273.772375,0.0,158.5,34.38,-159.88,42.1,-28.0,38643.9,7.1
2.8333333333333335,Johannesburg,299,1300.49825,0.0,158.68,34.38,-160.06,41.92,-28.18,38643.9,6.92
2.8333333333333335,Havana,49,1164.182125,0.0,157.72,34.38,-159.1,42.88,-27.22,38643.9,7.88
2.8333333333333335,Caracas,68,1194.003625,0.0,157.94,34.38,-159.32,42.66,-27.44,38643.9,7.66
2.8333333333333335,Buenos_Aires,86,1360.614125,0.0,159.07,34.38,-160.45,41.53,-28.57,38643.9,6.53
3.0,Vladimir,32,1046.630625,0.0,156.79,34.38,-158.17,43.81,-26.29,38643.9,8.81
3.0,Murmansk,130,1224.564875,0.0,158.16,34.38,-159.53,42.44,-27.66,38643.9,7.44
3.0,Novosibirsk,72,1009.3533125,0.0,156.48,34.38,-157.86,44.12,-25.98,38643.9,9.12
3.0,Zheleznogorsk,72,1176.92925,0.0,157.81,34.38,-159.19,42.79,-27.31,38643.9,7.79
3.0,Yakutsk,209,1338.841875,0.0,158.93,34.38,-160.31,41.67,-28.43,38643.9,6.67
3.0,Khabarovsk,228,999.1425625,0.0,156.39,34.38,-157.77,44.21,-25.89,38643.9,9.21
3.0,Vladivostok,228,1260.115875,0.0,158.4,34.38,-159.78,42.19,-27.91,38643.9,7.19
3.0,Minsk,129,1104.78975,0.0,157.26,34.38,-158.64,43.34,-26.76,38643.9,8.34
3.0,Almaty,53,1356.0215,0.0,159.04,34.38,-160.42,41.56,-28.54,38643.9,6.56
3.0,Tehran,33,1098.78225,0.0,157.21,34.38,-158.59,43.38,-26.72,38643.9,8.38
3.0,Urumqi,188,1157.90125,0.0,157.67,34.38,-159.05,42.93,-27.17,38643.9,7.93
3.0,Delhi,54,1036.1554375,0.0,156.7,34.38,-158.08,43.89,-26.21,38643.9,8.89
3.0,Yangon,74,1200.25825,0.0,157.98,34.38,-159.36,42.62,-27.48,38643.9,7.62
3.0,Jakarta,75,1455.996375,0.0,159.66,34.38,-161.04,40.94,-29.16,38643.9,5.94
3.0,Luanda,296,1051.775875,0.0,156.83,34.38,-158.21,43.76,-26.34,38643.9,8.76
3.0,Nairobi,16,1135.536125,0.0,157.5,34.38,-158.88,43.1,-27.0,38643.9,8.1
3.0,Johannesburg,164,1503.354125,0.0,159.94,34.38,-161.32,40.66,-29.44,38643.9,5.66
3.0,Havana,47,1349.00675,0.0,159.0,34.38,-160.38,41.6,-28.5,38643.9,6.6
3.0,Caracas,66,1132.137375,0.0,157.47,34.38,-158.85,43.12,-26.98,38643.9,8.12
3.0,Buenos_Aires,84,1195.944375,0.0,157.95,34.38,-159.33,42.65,-27.45,38643.9,7.65
3.1666666666666665,Vladimir,30,1106.0845,0.0,157.27,34.38,-158.65,43.33,-26.77,38643.9,8.33
3.1666666666666665,Murmansk,128,1088.091625,0.0,157.13,34.38,-158.51,43.47,-26.63,38643.9,8.47
3.1666666666666665,Novosibirsk,70,1003.883875,0.0,156.43,34.38,-157.81,44.17,-25.93,38643.9,9.17
3.1666666666666665,Zheleznogorsk,70,1292.968375,0.0,158.63,34.38,-160.01,41.97,-28.13,38643.9,6.97
3.1666666666666665,Yakutsk,110,1254.14675,0.0,158.36,34.38,-159.74,42.23,-27.86,38643.9,7.23
3.1666666666666665,Khabarovsk,226,1017.10275,0.0,156.54,34.38,-157.92,44.05,-26.04,38643.9,9.05
3.1666666666666665,Vladivostok,226,1112.305875,0.0,157.32,34.38,-158.7,43.28,-26.82,38643.9,8.28
3.1666666666666665,Minsk,30,1088.88825,0.0,157.14,34.38,-158.51,43.46,-26.64,38643.9,8.46
3.1666666666666665,Almaty,186,1291.985375,0.0,158.62,34.38,-160.0,41.98,-28.12,38643.9,6.98
3.1666666666666665,Tehran,166,1167.842625,0.0,157.74,34.38,-159.12,42.85,-27.25,38643.9,7.85
3.1666666666666665,Urumqi,186,1095.762125,0.0,157.19,34.38,-158.57,43.41,-26.69,38643.9,8.41
3.1666666666666665,Delhi,185,1007.7625,0.0,156.46,34.38,-157.84,44.13,-25.96,38643.9,9.13
3.1666666666666665,Yangon,205,1160.39475,0.0,157.69,34.38,-159.07,42.91,-27.19,38643.9,7.91
3.1666666666666665,Jakarta,74,1289.862625,0.0,158.61,34.38,-159.99,41.99,-28.11,38643.9,6.99
3.1666666666666665,Luanda,294,1215.20875,0.0,158.09,34.38,-159.47,42.51,-27.59,38643.9,7.51
3.1666666666666665,Nairobi,14,1130.644,0.0,157.46,34.38,-158.84,43.13,-26.96,38643.9,8.13
3.1666666666666665,Johannesburg,162,1349.9825,0.0,159.0,34.38,-160.38,41.59,-28.5,38643.9,6.59
3.1666666666666665,Havana,45,1608.81225,0.0,160.53,34.38,-161.91,40.07,-30.03,38643.9,5.07
3.1666666666666665,Caracas,64,1206.15925,0.0,158.02,34.38,-159.4,42.57,-27.53,38643.9,7.57
3.1666666666666665,Buenos_Aires,82,1130.53425,0.0,157.46,34.38,-158.84,43.14,-26.96,38643.9,8.14
3.3333333333333335,Vladimir,28,1239.28275,0.0,158.26,34.38,-159.64,42.34,-27.76,38643.9,7.34
3.3333333333333335,Murmansk,126,1011.9779375,0.0,156.5,34.38,-157.88,44.1,-26.0,38643.9,9.1
3.3333333333333335,Novosibirsk,68,1093.157375,0.0,157.17,34.38,-158.55,43.43,-26.67,38643.9,8.43
3.3333333333333335,Zheleznogorsk,185,1202.743375,0.0,158.0,34.38,-159.38,42.6,-27.5,38643.9,7.6
3.3333333333333335,Yakutsk,128,1167.580125,0.0,157.74,34.38,-159.12,42.86,-27.24,38643.9,7.86
3.3333333333333335,Khabarovsk,224,1138.551625,0.0,157.52,34.38,-158.9,43.07,-27.02,38643.9,8.07
3.3333333333333335,Vladivostok,224,1058.39875,0.0,156.89,34.38,-158.27,43.71,-26.39,38643.9,8.71
3.3333333333333335,Minsk,28,1072.958625,0.0,157.01,34.38,-158.39,43.59,-26.51,38643.9,8.59
3.3333333333333335,Almaty,184,1106.25075,0.0,157.27,34.38,-158.65,43.32,-26.77,38643.9,8.32
3.3333333333333335,Tehran,164,1024.3175,0.0,156.6,34.38,-157.98,43.99,-26.11,38643.9,8.99
3.3333333333333335,Urumqi,69,1064.130375,0.0,156.94,34.38,-158.31,43.66,-26.44,38643.9,8.66
3.3333333333333335,Delhi,183,1042.261625,0.0,156.76,34.38,-158.13,43.84,-26.26,38643.9,8.84
3.3333333333333335,Yangon,203,1060.66025,0.0,156.91,34.38,-158.29,43.69,-26.41,38643.9,8.69
3.3333333333333335,Jakarta,221,1164.472,0.0,157.72,34.38,-159.1,42.88,-27.22,38643.9,7.88
3.3333333333333335,Luanda,141,1086.45425,0.0,157.12,34.38,-158.5,43.48,-26.62,38643.9,8.48
3.3333333333333335,Nairobi,12,1260.93475,0.0,158.41,34.38,-159.79,42.19,-27.91,38643.9,7.19
3.3333333333333335,Johannesburg,160,1295.941125,0.0,158.65,34.38,-160.03,41.95,-28.15,38643.9,6.95
3.3333333333333335,Havana,230,1430.33175,0.0,159.5,34.38,-160.88,41.09,-29.01,38643.9,6.09
3.3333333333333335,Caracas,231,1127.976,0.0,157.44,34.38,-158.82,43.16,-26.94,38643.9,8.16
3.3333333333333335,Buenos_Aires,80,1178.331875,0.0,157.82,34.38,-159.2,42.78,-27.32,38643.9,7.78
3.5,Vladimir,143,1131.676625,0.0,157.47,34.38,-158.85,43.13,-26.97,38643.9,8.13
3.5,Murmansk,124,1012.17625,0.0,156.5,34.38,-157.88,44.1,-26.0,38643.9,9.1
3.5,Novosibirsk,66,1254.198875,0.0,158.36,34.38,-159.74,42.23,-27.86,38643.9,7.23
3.5,Zheleznogorsk,183,1121.96125,0.0,157.4,34.38,-158.77,43.2,-26.9,38643.9,8.2
3.5,Yakutsk,126,1131.321125,0.0,157.47,34.38,-158.85,43.13,-26.97,38643.9,8.13
3.5,Khabarovsk,107,1254.1915,0.0,158.36,34.38,-159.74,42.23,-27.86,38643.9,7.23
3.5,Vladivostok,107,1003.9040625,0.0,156.43,34.38,-157.81,44.17,-25.93,38643.9,9.17
3.5,Minsk,26,1150.9245,0.0,157.62,34.38,-159.0,42.98,-27.12,38643.9,7.98
3.5,Almaty,182,1002.4139375,0.0,156.42,34.38,-157.8,44.18,-25.92,38643.9,9.18
3.5,Tehran,162,995.35525,0.0,156.36,34.38,-157.73,44.24,-25.86,38643.9,9.24
3.5,Urumqi,67,1031.77675,0.0,156.67,34.38,-158.05,43.93,-26.17,38643.9,8.93
3.5,Delhi,181,1201.345625,0.0,157.99,34.38,-159.37,42.61,-27.49,38643.9,7.61
3.5,Yangon,201,1100.121,0.0,157.22,34.38,-158.6,43.37,-26.73,38643.9,8.37
3.5,Jakarta,239,1041.457375,0.0,156.75,34.38,-158.13,43.85,-26.25,38643.9,8.85
3.5,Luanda,159,996.9015625,0.0,156.37,34.38,-157.75,44.23,-25.87,38643.9,9.23
3.5,Nairobi,160,1066.2785,0.0,156.95,34.38,-158.33,43.64,-26.46,38643.9,8.64
3.5,Johannesburg,178,1351.200125,0.0,159.01,34.38,-160.39,41.59,-28.51,38643.9,6.59
3.5,Havana,228,1230.121625,0.0,158.19,34.38,-159.57,42.4,-27.7,38643.9,7.4
3.5,Caracas,229,1144.47525,0.0,157.57,34.38,-158.95,43.03,-27.07,38643.9,8.03
3.5,Buenos_Aires,98,1324.31425,0.0,158.84,34.38,-160.21,41.76,-28.34,38643.9,6.76
3.6666666666666665,Vladimir,141,1055.37925,0.0,156.86,34.38,-158.24,43.73,-26.37,38643.9,8.73
3.6666666666666665,Murmansk,44,1016.783375,0.0,156.54,34.38,-157.92,44.06,-26.04,38643.9,9.06
3.6666666666666665,Novosibirsk,181,1133.464375,0.0,157.48,34.38,-158.86,43.11,-26.99,38643.9,8.11
3.6666666666666665,Zheleznogorsk,181,1128.618875,0.0,157.45,34.38,-158.83,43.15,-26.95,38643.9,8.15
3.6666666666666665,Yakutsk,221,1105.07975,0.0,157.26,34.38,-158.64,43.33,-26.77,38643.9,8.33
3.6666666666666665,Khabarovsk,105,1220.545,0.0,158.13,34.38,-159.51,42.47,-27.63,38643.9,7.47
3.6666666666666665,Vladivostok,105,1009.6545625,0.0,156.48,34.38,-157.86,44.12,-25.98,38643.9,9.12
3.6666666666666665,Minsk,24,1303.36175,0.0,158.7,34.38,-160.08,41.9,-28.2,38643.9,6.9
3.6666666666666665,Almaty,180,1010.301375,0.0,156.48,34.38,-157.86,44.11,-25.99,38643.9,9.11
3.6666666666666665,Tehran,160,1093.498125,0.0,157.17,34.38,-158.55,43.42,-26.67,38643.9,8.42
3.6666666666666665,Urumqi,65,1108.55325,0.0,157.29,34.38,-158.67,43.31,-26.79,38643.9,8.31
3.6666666666666665,Delhi,199,1446.008375,0.0,159.6,34.38,-160.98,41.0,-29.1,38643.9,6.0
3.6666666666666665,Yangon,219,1267.38075,0.0,158.45,34.38,-159.83,42.14,-27.96,38643.9,7.14
3.6666666666666665,Jakarta,237,1065.055125,0.0,156.94,34.38,-158.32,43.65,-26.45,38643.9,8.65
3.6666666666666665,Luanda,157,1061.037,0.0,156.91,34.38,-158.29,43.69,-26.41,38643.9,8.69
3.6666666666666665,Nairobi,178,989.7515625,0.0,156.31,34.38,-157.69,44.29,-25.81,38643.9,9.29
3.6666666666666665,Johannesburg,177,1433.542875,0.0,159.52,34.38,-160.9,41.07,-29.03,38643.9,6.07
3.6666666666666665,Havana,226,1132.37625,0.0,157.48,34.38,-158.85,43.12,-26.98,38643.9,8.12
3.6666666666666665,Caracas,227,1289.200875,0.0,158.6,34.38,-159.98,41.99,-28.1,38643.9,6.99
3.6666666666666665,Buenos_Aires,230,1401.220125,0.0,159.33,34.38,-160.71,41.27,-28.83,38643.9,6.27
3.8333333333333335,Vladimir,159,1071.437125,0.0,157.0,34.38,-158.37,43.6,-26.5,38643.9,8.6
3.8333333333333335,Murmansk,42,1026.6955,0.0,156.62,34.38,-158.0,43.97,-26.13,38643.9,8.97
3.8333333333333335,Novosibirsk,199,1039.544125,0.0,156.73,34.38,-158.11,43.86,-26.23,38643.9,8.86
3.8333333333333335,Zheleznogorsk,83,1071.030625,0.0,156.99,34.38,-158.37,43.61,-26.49,38643.9,8.61
3.8333333333333335,Yakutsk,239,1134.397,0.0,157.49,34.38,-158.87,43.11,-26.99,38643.9,8.11
3.8333333333333335,Khabarovsk,103,1272.588625,0.0,158.49,34.38,-159.87,42.11,-27.99,38643.9,7.11
3.8333333333333335,Vladivostok,103,1124.61575,0.0,157.42,34.38,-158.8,43.18,-26.92,38643.9,8.18
3.8333333333333335,Minsk,159,1191.350875,0.0,157.92,34.38,-159.3,42.68,-27.42,38643.9,7.68
3.8333333333333335,Almaty,63,1029.38975,0.0,156.65,34.38,-158.03,43.95,-26.15,38643.9,8.95
3.8333333333333335,Tehran,44,1217.462125,0.0,158.1,34.38,-159.48,42.49,-27.61,38643.9,7.49
3.8333333333333335,Urumqi,63,1271.656875,0.0,158.48,34.38,-159.86,42.11,-27.99,38643.9,7.11
3.8333333333333335,Delhi,64,1346.9,0.0,158.98,34.38,-160.36,41.61,-28.48,38643.9,6.61
3.8333333333333335,Yangon,65,1350.30125,0.0,159.0,34.38,-160.38,41.59,-28.51,38643.9,6.59
3.8333333333333335,Jakarta,235,1225.994125,0.0,158.17,34.38,-159.54,42.43,-27.67,38643.9,7.43
3.8333333333333335,Luanda,155,1254.365125,0.0,158.36,34.38,-159.74,42.23,-27.87,38643.9,7.23
3.8333333333333335,Nairobi,176,1070.010875,0.0,156.98,34.38,-158.36,43.61,-26.49,38643.9,8.61
3.8333333333333335,Johannesburg,175,1254.61,0.0,158.37,34.38,-159.75,42.23,-27.87,38643.9,7.23
3.8333333333333335,Havana,77,1054.4935,0.0,156.86,34.38,-158.24,43.74,-26.36,38643.9,8.74
3.8333333333333335,Caracas,225,1524.705,0.0,160.06,34.38,-161.44,40.54,-29.56,38643.9,5.54
3.8333333333333335,Buenos_Aires,228,1286.843125,0.0,158.59,34.38,-159.97,42.01,-28.09,38643.9,7.01
4.0,Vladimir,41,1053.457875,0.0,156.85,34.38,-158.23,43.75,-26.35,38643.9,8.75
4.0,Murmansk,40,1110.1105,0.0,157.3,34.38,-158.68,43.29,-26.8,38643.9,8.29
4.0,Novosibirsk,197,1038.371,0.0,156.72,34.38,-158.1,43.87,-26.22,38643.9,8.87
4.0,Zheleznogorsk,81,1004.4285,0.0,156.43,34.38,-157.81,44.16,-25.94,38643.9,9.16
4.0,Yakutsk,237,1236.842,0.0,158.24,34.38,-159.62,42.35,-27.74,38643.9,7.35
4.0,Khabarovsk,257,1260.068375,0.0,158.4,34.38,-159.78,42.19,-27.91,38643.9,7.19
4.0,Vladivostok,101,1317.343125,0.0,158.79,34.38,-160.17,41.81,-28.29,38643.9,6.81
4.0,Minsk,157,1052.624,0.0,156.84,34.38,-158.22,43.76,-26.34,38643.9,8.76
4.0,Almaty,61,1091.009625,0.0,157.15,34.38,-158.53,43.44,-26.65,38643.9,8.44
4.0,Tehran,42,1109.38475,0.0,157.3,34.38,-158.68,43.3,-26.8,38643.9,8.3
4.0,Urumqi,217,1341.098875,0.0,158.94,34.38,-160.32,41.65,-28.45,38643.9,6.65
4.0,Delhi,62,1158.0555,0.0,157.67,34.38,-159.05,42.93,-27.17,38643.9,7.93
4.0,Yangon,63,1447.868375,0.0,159.61,34.38,-160.99,40.99,-29.11,38643.9,5.99
4.0,Jakarta,233,1478.87975,0.0,159.79,34.38,-161.17,40.8,-29.3,38643.9,5.8
4.0,Luanda,153,1527.14425,0.0,160.07,34.38,-161.45,40.52,-29.58,38643.9,5.52
4.0,Nairobi,174,1277.40225,0.0,158.52,34.38,-159.9,42.07,-28.02,38643.9,7.07
4.0,Johannesburg,6,1155.963375,0.0,157.65,34.38,-159.03,42.94,-27.16,38643.9,7.94
4.0,Havana,75,993.1869375,0.0,156.34,34.38,-157.72,44.26,-25.84,38643.9,9.26
4.0,Caracas,95,1276.919875,0.0,158.52,34.38,-159.9,42.08,-28.02,38643.9,7.08
4.0,Buenos_Aires,226,1269.477,0.0,158.47,34.38,-159.85,42.13,-27.97,38643.9,7.13
4.166666666666667,Vladimir,59,997.17425,0.0,156.37,34.38,-157.75,44.23,-25.87,38643.9,9.23
4.166666666666667,Murmansk,156,1227.9025,0.0,158.18,34.38,-159.56,42.42,-27.68,38643.9,7.42
4.166666666666667,Novosibirsk,99,1098.904125,0.0,157.21,34.38,-158.59,43.38,-26.72,38643.9,8.38
4.166666666666667,Zheleznogorsk,99,1033.1661875,0.0,156.68,34.38,-158.06,43.92,-26.18,38643.9,8.92
4.166666666666667,Yakutsk,139,1281.16225,0.0,158.55,34.38,-159.93,42.05,-28.05,38643.9,7.05
4.166666666666667,Khabarovsk,255,1142.382375,0.0,157.55,34.38,-158.93,43.04,-27.05,38643.9,8.04
4.166666666666667,Vladivostok,255,1332.153,0.0,158.89,34.38,-160.27,41.71,-28.39,38643.9,6.71
4.166666666666667,Minsk,155,997.4385625,0.0,156.37,34.38,-157.75,44.22,-25.88,38643.9,9.22
4.166666666666667,Almaty,79,1246.161125,0.0,158.31,34.38,-159.69,42.29,-27.81,38643.9,7.29
4.166666666666667,Tehran,40,1116.223375,0.0,157.35,34.38,-158.73,43.25,-26.85,38643.9,8.25
4.166666666666667,Urumqi,215,1142.515625,0.0,157.55,34.38,-158.93,43.04,-27.05,38643.9,8.04
4.166666666666667,Delhi,60,1075.623,0.0,157.03,34.38,-158.41,43.57,-26.53,38643.9,8.57
4.166666666666667,Yangon,233,1622.093625,0.0,160.6,34.38,-161.98,40.0,-30.1,38643.9,5.0
4.166666666666667,Jakarta,232,1601.123125,0.0,160.48,34.38,-161.86,40.11,-29.99,38643.9,5.11
4.166666666666667,Luanda,3,1352.77175,0.0,159.02,34.38,-160.4,41.58,-28.52,38643.9,6.58
4.166666666666667,Nairobi,22,1191.791875,0.0,157.92,34.38,-159.3,42.68,-27.42,38643.9,7.68
4.166666666666667,Johannesburg,4,1095.98025,0.0,157.19,34.38,-158.57,43.41,-26.69,38643.9,8.41
4.166666666666667,Havana,73,1075.18875,0.0,157.03,34.38,-158.4,43.57,-26.53,38643.9,8.57
4.166666666666667,Caracas,93,1070.36075,0.0,156.99,34.38,-158.37,43.61,-26.49,38643.9,8.61
4.166666666666667,Buenos_Aires,110,1219.824625,0.0,158.12,34.38,-159.5,42.48,-27.62,38643.9,7.48
4.333333333333333,Vladimir,57,1038.464625,0.0,156.72,34.38,-158.1,43.87,-26.23,38643.9,8.87
4.333333333333333,Murmansk,154,1112.692375,0.0,157.32,34.38,-158.7,43.27,-26.83,38643.9,8.27
4.333333333333333,Novosibirsk,97,1069.103875,0.0,156.98,34.38,-158.36,43.62,-26.48,38643.9,8.62
4.333333333333333,Zheleznogorsk,97,1147.13725,0.0,157.59,34.38,-158.97,43.01,-27.09,38643.9,8.01
4.333333333333333,Yakutsk,137,1128.10825,0.0,157.44,34.38,-158.82,43.15,-26.94,38643.9,8.15
4.333333333333333,Khabarovsk,253,1109.8245,0.0,157.3,34.38,-158.68,43.3,-26.8,38643.9,8.3
4.333333333333333,Vladivostok,253,1137.665,0.0,157.52,34.38,-158.9,43.08,-27.02,38643.9,8.08
4.333333333333333,Minsk,153,1042.62825,0.0,156.76,34.38,-158.14,43.84,-26.26,38643.9,8.84
4.333333333333333,Almaty,77,1462.400875,0.0,159.7,34.38,-161.08,40.9,-29.2,38643.9,5.9
4.333333333333333,Tehran,58,1233.207375,0.0,158.22,34.38,-159.6,42.38,-27.72,38643.9,7.38
4.333333333333333,Urumqi,213,1017.015375,0.0,156.54,34.38,-157.92,44.05,-26.04,38643.9,9.05
4.333333333333333,Delhi,78,1120.844875,0.0,157.39,34.38,-158.77,43.21,-26.89,38643.9,8.21
4.333333333333333,Yangon,231,1341.701375,0.0,158.95,34.38,-160.33,41.65,-28.45,38643.9,6.65
4.333333333333333,Jakarta,81,1359.255625,0.0,159.06,34.38,-160.44,41.54,-28.56,38643.9,6.54
4.333333333333333,Luanda,1,1121.163125,0.0,157.39,34.38,-158.77,43.21,-26.89,38643.9,8.21
4.333333333333333,Nairobi,20,1023.6395,0.0,156.6,34.38,-157.98,44.0,-26.1,38643.9,9.0
4.333333333333333,Johannesburg,2,1163.939125,0.0,157.71,34.38,-159.09,42.88,-27.22,38643.9,7.88
4.333333333333333,Havana,71,1274.898125,0.0,158.51,34.38,-159.88,42.09,-28.01,38643.9,7.09
4.333333333333333,Caracas,91,986.8459375,0.0,156.28,34.38,-157.66,44.32,-25.78,38643.9,9.32
4.333333333333333,Buenos_Aires,108,1052.315,0.0,156.84,34.38,-158.22,43.76,-26.34,38643.9,8.76
4.5,Vladimir,55,1164.118875,0.0,157.72,34.38,-159.09,42.88,-27.22,38643.9,7.88
4.5,Murmansk,152,1057.775125,0.0,156.88,34.38,-158.26,43.71,-26.39,38643.9,8.71
4.5,Novosibirsk,95,1133.21925,0.0,157.48,34.38,-158.86,43.11,-26.98,38643.9,8.11
4.5,Zheleznogorsk,212,1126.107875,0.0,157.43,34.38,-158.81,43.17,-26.93,38643.9,8.17
4.5,Yakutsk,135,1043.155625,0.0,156.76,34.38,-158.14,43.83,-26.26,38643.9,8.83
4.5,Khabarovsk,251,1172.880875,0.0,157.78,34.38,-159.16,42.82,-27.28,38643.9,7.82
4.5,Vladivostok,251,1018.8415625,0.0,156.56,34.38,-157.94,44.04,-26.06,38643.9,9.04
4.5,Minsk,151,1179.360125,0.0,157.83,34.38,-159.21,42.77,-27.33,38643.9,7.77
4.5,Almaty,211,1299.399875,0.0,158.67,34.38,-160.05,41.93,-28.17,38643.9,6.93
4.5,Tehran,190,1225.489375,0.0,158.16,34.38,-159.54,42.43,-27.66,38643.9,7.43
4.5,Urumqi,211,997.038,0.0,156.37,34.38,-157.75,44.23,-25.87,38643.9,9.23
4.5,Delhi,210,1061.591875,0.0,156.91,34.38,-158.29,43.68,-26.42,38643.9,8.68
4.5,Yangon,229,1123.880375,0.0,157.41,34.38,-158.79,43.19,-26.91,38643.9,8.19
4.5,Jakarta,99,1125.165,0.0,157.42,34.38,-158.8,43.18,-26.92,38643.9,8.18
4.5,Luanda,19,999.0035625,0.0,156.39,34.38,-157.77,44.21,-25.89,38643.9,9.21
4.5,Nairobi,38,998.7093125,0.0,156.38,34.38,-157.76,44.21,-25.89,38643.9,9.21
4.5,Johannesburg,0,1342.487625,0.0,158.95,34.38,-160.33,41.64,-28.46,38643.9,6.64
4.5,Havana,237,1399.71125,0.0,159.32,34.38,-160.7,41.28,-28.82,38643.9,6.28
4.5,Caracas,89,1057.687375,0.0,156.88,34.38,-158.26,43.71,-26.38,38643.9,8.71
4.5,Buenos_Aires,106,998.4644375,0.0,156.38,34.38,-157.76,44.21,-25.88,38643.9,9.21
4.666666666666667,Vladimir,170,1106.539875,0.0,157.28,34.38,-158.65,43.32,-26.78,38643.9,8.32
4.666666666666667,Murmansk,72,1051.890875,0.0,156.84,34.38,-158.21,43.76,-26.34,38643.9,8.76
4.666666666666667,Novosibirsk,93,1274.51925,0.0,158.5,34.38,-159.88,42.09,-28.0,38643.9,7.09
4.666666666666667,Zheleznogorsk,210,1023.0500625,0.0,156.59,34.38,-157.97,44.0,-26.1,38643.9,9.0
4.666666666666667,Yakutsk,133,1040.608375,0.0,156.74,34.38,-158.12,43.86,-26.24,38643.9,8.86
4.666666666666667,Khabarovsk,134,1122.754375,0.0,157.4,34.38,-158.78,43.2,-26.9,38643.9,8.2
4.666666666666667,Vladivostok,249,1007.221125,0.0,156.46,34.38,-157.84,44.14,-25.96,38643.9,9.14
4.666666666666667,Minsk,53,1299.65375,0.0,158.67,34.38,-160.05,41.92,-28.17,38643.9,6.92
4.666666666666667,Almaty,209,1153.0235,0.0,157.63,34.38,-159.01,42.96,-27.13,38643.9,7.96
4.666666666666667,Tehran,188,1112.613375,0.0,157.32,34.38,-158.7,43.27,-26.82,38643.9,8.27
4.666666666666667,Urumqi,94,1021.421375,0.0,156.58,34.38,-157.96,44.02,-26.08,38643.9,9.02
4.666666666666667,Delhi,208,1104.071125,0.0,157.26,34.38,-158.63,43.34,-26.76,38643.9,8.34
4.666666666666667,Yangon,227,1013.359,0.0,156.51,34.38,-157.89,44.09,-26.01,38643.9,9.09
4.666666666666667,Jakarta,97,1000.6454375,0.0,156.4,34.38,-157.78,44.2,-25.9,38643.9,9.2
4.666666666666667,Luanda,17,1027.910375,0.0,156.63,34.38,-158.01,43.96,-26.14,38643.9,8.96
4.666666666666667,Nairobi,36,1126.792375,0.0,157.43,34.38,-158.81,43.16,-26.93,38643.9,8.16
4.666666666666667,Johannesburg,18,1596.10175,0.0,160.46,34.38,-161.84,40.14,-29.96,38643.9,5.14
4.666666666666667,Havana,235,1519.5645,0.0,160.03,34.38,-161.41,40.57,-29.53,38643.9,5.57
4.666666666666667,Caracas,256,1006.9025625,0.0,156.46,34.38,-157.83,44.14,-25.96,38643.9,9.14
4.666666666666667,Buenos_Aires,104,1072.4775,0.0,157.0,34.38,-158.38,43.59,-26.51,38643.9,8.59
4.833333333333333,Vladimir,168,1010.05125,0.0,156.48,34.38,-157.86,44.11,-25.98,38643.9,9.11
4.833333333333333,Murmansk,70,999.1405625,0.0,156.39,34.38,-157.77,44.21,-25.89,38643.9,9.21
4.833333333333333,Novosibirsk,208,1147.511125,0.0,157.59,34.38,-158.97,43.01,-27.09,38643.9,8.01
4.833333333333333,Zheleznogorsk,208,1010.2589375,0.0,156.48,34.38,-157.86,44.11,-25.99,38643.9,9.11
4.833333333333333,Yakutsk,228,1067.280375,0.0,156.96,34.38,-158.34,43.64,-26.46,38643.9,8.64
4.833333333333333,Khabarovsk,132,1028.513375,0.0,156.64,34.38,-158.02,43.96,-26.14,38643.9,8.96
4.833333333333333,Vladivostok,132,1088.606125,0.0,157.13,34.38,-158.51,43.46,-26.64,38643.9,8.46
4.833333333333333,Minsk,51,1421.8505,0.0,159.45,34.38,-160.83,41.14,-28.95,38643.9,6.14
4.833333333333333,Almaty,207,1093.591125,0.0,157.17,34.38,-158.55,43.42,-26.67,38643.9,8.42
4.833333333333333,Tehran,186,1108.619125,0.0,157.29,34.38,-158.67,43.31,-26.79,38643.9,8.31
4.833333333333333,Urumqi,92,1033.1776875,0.0,156.68,34.38,-158.06,43.92,-26.18,38643.9,8.92
4.833333333333333,Delhi,206,1263.321625,0.0,158.43,34.38,-159.81,42.17,-27.93,38643.9,7.17
4.833333333333333,Yangon,225,1047.314,0.0,156.8,34.38,-158.18,43.8,-26.3,38643.9,8.8
4.833333333333333,Jakarta,95,1027.865125,0.0,156.63,34.38,-158.01,43.96,-26.14,38643.9,8.96
4.833333333333333,Luanda,164,1098.7905,0.0,157.21,34.38,-158.59,43.38,-26.72,38643.9,8.38
4.833333333333333,Nairobi,184,1197.421375,0.0,157.96,34.38,-159.34,42.64,-27.46,38643.9,7.64
4.833333333333333,Johannesburg,183,1556.970875,0.0,160.24,34.38,-161.62,40.36,-29.74,38643.9,5.36
4.833333333333333,Havana,253,1546.865125,0.0,160.18,34.38,-161.56,40.41,-29.69,38643.9,5.41
4.833333333333333,Caracas,254,1009.4449375,0.0,156.48,34.38,-157.86,44.12,-25.98,38643.9,9.12
4.833333333333333,Buenos_Aires,102,1248.78825,0.0,158.33,34.38,-159.7,42.27,-27.83,38643.9,7.27
5.0,Vladimir,166,1004.7141875,0.0,156.44,34.38,-157.82,44.16,-25.94,38643.9,9.16
5.0,Murmansk,68,1027.886125,0.0,156.63,34.38,-158.01,43.96,-26.14,38643.9,8.96
5.0,Novosibirsk,206,1033.2208125,0.0,156.68,34.38,-158.06,43.92,-26.18,38643.9,8.92
5.0,Zheleznogorsk,206,1093.8575,0.0,157.17,34.38,-158.55,43.42,-26.68,38643.9,8.42
5.0,Yakutsk,226,1137.195,0.0,157.51,34.38,-158.89,43.08,-27.01,38643.9,8.08
5.0,Khabarovsk,130,1037.721375,0.0,156.72,34.38,-158.1,43.88,-26.22,38643.9,8.88
5.0,Vladivostok,130,1136.786,0.0,157.51,34.38,-158.89,43.09,-27.01,38643.9,8.09
5.0,Minsk,166,1282.895875,0.0,158.56,34.38,-159.94,42.04,-28.06,38643.9,7.04
5.0,Almaty,205,1138.439625,0.0,157.52,34.38,-158.9,43.07,-27.02,38643.9,8.07
5.0,Tehran,184,1217.535875,0.0,158.11,34.38,-159.48,42.49,-27.61,38643.9,7.49
5.0,Urumqi,90,1151.020375,0.0,157.62,34.38,-159.0,42.98,-27.12,38643.9,7.98
5.0,Delhi,71,1460.013625,0.0,159.68,34.38,-161.06,40.91,-29.18,38643.9,5.91
5.0,Yangon,92,1072.187125,0.0,157.0,34.38,-158.38,43.6,-26.5,38643.9,8.6
5.0,Jakarta,93,1197.089125,0.0,157.96,34.38,-159.34,42.64,-27.46,38643.9,7.64
5.0,Luanda,162,1143.387875,0.0,157.56,34.38,-158.94,43.04,-27.06,38643.9,8.04
5.0,Nairobi,182,1112.26375,0.0,157.32,34.38,-158.7,43.28,-26.82,38643.9,8.28
5.0,Johannesburg,181,1285.0395,0.0,158.57,34.38,-159.95,42.02,-28.08,38643.9,7.02
5.0,Havana,84,1406.380875,0.0,159.36,34.38,-160.74,41.24,-28.86,38643.9,6.24
5.0,Caracas,252,1157.260875,0.0,157.66,34.38,-159.04,42.93,-27.17,38643.9,7.93
5.0,Buenos_Aires,255,1155.13025,0.0,157.65,34.38,-159.03,42.95,-27.15,38643.9,7.95
5.166666666666667,Vladimir,164,1094.875375,0.0,157.18,34.38,-158.56,43.41,-26.68,38643.9,8.41
5.166666666666667,Murmansk,66,1130.26425,0.0,157.46,34.38,-158.84,43.14,-26.96,38643.9,8.14
5.166666666666667,Novosibirsk,204,1005.9643125,0.0,156.45,34.38,-157.83,44.15,-25.95,38643.9,9.15
5.166666666666667,Zheleznogorsk,107,1034.5765,0.0,156.69,34.38,-158.07,43.91,-26.19,38643.9,8.91
5.166666666666667,Yakutsk,224,1281.248625,0.0,158.55,34.38,-159.93,42.05,-28.05,38643.9,7.05
5.166666666666667,Khabarovsk,128,1144.63625,0.0,157.57,34.38,-158.95,43.03,-27.07,38643.9,8.03
5.166666666666667,Vladivostok,128,1278.362125,0.0,158.53,34.38,-159.91,42.07,-28.03,38643.9,7.07
5.166666666666667,Minsk,164,1133.137125,0.0,157.48,34.38,-158.86,43.12,-26.98,38643.9,8.12
5.166666666666667,Almaty,88,1250.7955,0.0,158.34,34.38,-159.72,42.26,-27.84,38643.9,7.26
5.166666666666667,Tehran,182,1415.590125,0.0,159.41,34.38,-160.79,41.18,-28.92,38643.9,6.18
5.166666666666667,Urumqi,88,1344.264125,0.0,158.97,34.38,-160.34,41.63,-28.47,38643.9,6.63
5.166666666666667,Delhi,203,1450.318875,0.0,159.62,34.38,-161.0,40.97,-29.13,38643.9,5.97
5.166666666666667,Yangon,90,1045.6529375,0.0,156.78,34.38,-158.16,43.81,-26.29,38643.9,8.81
5.166666666666667,Jakarta,91,1459.642125,0.0,159.68,34.38,-161.06,40.92,-29.18,38643.9,5.92
5.166666666666667,Luanda,160,1312.67325,0.0,158.76,34.38,-160.14,41.84,-28.26,38643.9,6.84
5.166666666666667,Nairobi,180,1167.5055,0.0,157.74,34.38,-159.12,42.86,-27.24,38643.9,7.86
5.166666666666667,Johannesburg,199,1084.081625,0.0,157.1,34.38,-158.48,43.5,-26.6,38643.9,8.5
5.166666666666667,Havana,82,1249.341375,0.0,158.33,34.38,-159.71,42.27,-27.83,38643.9,7.27
5.166666666666667,Caracas,250,1403.65875,0.0,159.34,34.38,-160.72,41.26,-28.84,38643.9,6.26
5.166666666666667,Buenos_Aires,253,1043.5725625,0.0,156.77,34.38,-158.15,43.83,-26.27,38643.9,8.83
5.333333333333333,Vladimir,65,1092.911625,0.0,157.17,34.38,-158.55,43.43,-26.67,38643.9,8.43
5.333333333333333,Murmansk,143,1254.56725,0.0,158.37,34.38,-159.74,42.23,-27.87,38643.9,7.23
5.333333333333333,Novosibirsk,202,1075.6615,0.0,157.03,34.38,-158.41,43.57,-26.53,38643.9,8.57
5.333333333333333,Zheleznogorsk,105,1041.8689375,0.0,156.75,34.38,-158.13,43.84,-26.25,38643.9,8.84
5.333333333333333,Yakutsk,145,1267.794875,0.0,158.46,34.38,-159.84,42.14,-27.96,38643.9,7.14
5.333333333333333,Khabarovsk,242,1229.82275,0.0,158.19,34.38,-159.57,42.4,-27.69,38643.9,7.4
5.333333333333333,Vladivostok,127,1479.119125,0.0,159.8,34.38,-161.17,40.8,-29.3,38643.9,5.8
5.333333333333333,Minsk,162,1054.315125,0.0,156.86,34.38,-158.23,43.74,-26.36,38643.9,8.74
5.333333333333333,Almaty,86,1341.806875,0.0,158.95,34.38,-160.33,41.65,-28.45,38643.9,6.65
5.333333333333333,Tehran,66,1392.356125,0.0,159.27,34.38,-160.65,41.33,-28.77,38643.9,6.33
5.333333333333333,Urumqi,221,1354.460625,0.0,159.03,34.38,-160.41,41.57,-28.53,38643.9,6.57
5.333333333333333,Delhi,87,1427.043375,0.0,159.48,34.38,-160.86,41.11,-28.99,38643.9,6.11
5.333333333333333,Yangon,88,1158.915625,0.0,157.68,34.38,-159.06,42.92,-27.18,38643.9,7.92
5.333333333333333,Jakarta,259,1282.00625,0.0,158.55,34.38,-159.93,42.04,-28.06,38643.9,7.04
5.333333333333333,Luanda,179,1509.144,0.0,159.97,34.38,-161.35,40.63,-29.47,38643.9,5.63
5.333333333333333,Nairobi,198,1345.4835,0.0,158.97,34.38,-160.35,41.62,-28.48,38643.9,6.62
5.333333333333333,Johannesburg,197,996.144375,0.0,156.36,34.38,-157.74,44.23,-25.86,38643.9,9.23
5.333333333333333,Havana,80,1196.672125,0.0,157.96,34.38,-159.33,42.64,-27.46,38643.9,7.64
5.333333333333333,Caracas,119,1444.231875,0.0,159.59,34.38,-160.97,41.01,-29.09,38643.9,6.01
5.333333333333333,Buenos_Aires,251,1051.69,0.0,156.83,34.38,-158.21,43.76,-26.34,38643.9,8.76
5.5,Vladimir,63,1112.597375,0.0,157.32,34.38,-158.7,43.27,-26.82,38643.9,8.27
5.5,Murmansk,141,1113.220375,0.0,157.33,34.38,-158.71,43.27,-26.83,38643.9,8.27
5.5,Novosibirsk,200,1228.402875,0.0,158.18,34.38,-159.56,42.41,-27.68,38643.9,7.41
5.5,Zheleznogorsk,103,1139.46075,0.0,157.53,34.38,-158.91,43.07,-27.03,38643.9,8.07
5.5,Yakutsk,143,1104.752875,0.0,157.26,34.38,-158.64,43.34,-26.76,38643.9,8.34
5.5,Khabarovsk,240,1342.1155,0.0,158.95,34.38,-160.33,41.65,-28.45,38643.9,6.65
5.5,Vladivostok,125,1352.589375,0.0,159.02,34.38,-160.4,41.58,-28.52,38643.9,6.58
5.5,Minsk,44,1031.0050625,0.0,156.66,34.38,-158.04,43.94,-26.16,38643.9,8.94
5.5,Almaty,200,1332.191625,0.0,158.89,34.38,-160.27,41.71,-28.39,38643.9,6.71
5.5,Tehran,199,1331.176,0.0,158.88,34.38,-160.26,41.72,-28.38,38643.9,6.72
5.5,Urumqi,239,1195.683375,0.0,157.95,34.38,-159.33,42.65,-27.45,38643.9,7.65
5.5,Delhi,85,1375.16325,0.0,159.16,34.38,-160.54,41.43,-28.66,38643.9,6.43
5.5,Yangon,86,1375.980125,0.0,159.17,34.38,-160.55,41.43,-28.67,38643.9,6.43
5.5,Jakarta,257,1194.46175,0.0,157.94,34.38,-159.32,42.66,-27.44,38643.9,7.66
5.5,Luanda,177,1464.49875,0.0,159.71,34.38,-161.09,40.89,-29.21,38643.9,5.89
5.5,Nairobi,47,1388.9555,0.0,159.25,34.38,-160.63,41.35,-28.75,38643.9,6.35
5.5,Johannesburg,28,997.7970625,0.0,156.38,34.38,-157.76,44.22,-25.88,38643.9,9.22
5.5,Havana,246,1172.86825,0.0,157.78,34.38,-159.16,42.82,-27.28,38643.9,7.82
5.5,Caracas,117,1252.39175,0.0,158.35,34.38,-159.73,42.25,-27.85,38643.9,7.25
5.5,Buenos_Aires,249,1179.927625,0.0,157.83,34.38,-159.21,42.76,-27.33,38643.9,7.76
5.666666666666667,Vladimir,61,1217.208375,0.0,158.1,34.38,-159.48,42.49,-27.6,38643.9,7.49
5.666666666666667,Murmansk,159,1034.107375,0.0,156.69,34.38,-158.07,43.91,-26.19,38643.9,8.91
5.666666666666667,Novosibirsk,101,1282.605375,0.0,158.56,34.38,-159.94,42.04,-28.06,38643.9,7.04
5.666666666666667,Zheleznogorsk,238,1175.968375,0.0,157.8,34.38,-159.18,42.79,-27.31,38643.9,7.79
5.666666666666667,Yakutsk,141,1011.7793125,0.0,156.5,34.38,-157.88,44.1,-26.0,38643.9,9.1
5.666666666666667,Khabarovsk,277,1409.60175,0.0,159.38,34.38,-160.76,41.22,-28.88,38643.9,6.22
5.666666666666667,Vladivostok,277,1243.68075,0.0,158.29,34.38,-159.67,42.31,-27.79,38643.9,7.31
5.666666666666667,Minsk,42,1094.963125,0.0,157.18,34.38,-158.56,43.41,-26.69,38643.9,8.41
5.666666666666667,Almaty,83,1243.018,0.0,158.29,34.38,-159.66,42.31,-27.79,38643.9,7.31
5.666666666666667,Tehran,197,1365.358625,0.0,159.1,34.38,-160.48,41.5,-28.6,38643.9,6.5
5.666666666666667,Urumqi,237,1116.217,0.0,157.35,34.38,-158.73,43.25,-26.85,38643.9,8.25
5.666666666666667,Delhi,83,1424.747875,0.0,159.47,34.38,-160.85,41.13,-28.97,38643.9,6.13
5.666666666666667,Yangon,256,1559.040125,0.0,160.25,34.38,-161.63,40.34,-29.75,38643.9,5.34
5.666666666666667,Jakarta,255,1237.12575,0.0,158.24,34.38,-159.62,42.35,-27.75,38643.9,7.35
5.666666666666667,Luanda,25,1312.595375,0.0,158.76,34.38,-160.14,41.84,-28.26,38643.9,6.84
5.666666666666667,Nairobi,45,1231.676125,0.0,158.21,34.38,-159.58,42.39,-27.71,38643.9,7.39
5.666666666666667,Johannesburg,26,1079.735125,0.0,157.06,34.38,-158.44,43.53,-26.56,38643.9,8.53
5.666666666666667,Havana,244,1064.07875,0.0,156.94,34.38,-158.31,43.66,-26.44,38643.9,8.66
5.666666666666667,Caracas,115,1167.835,0.0,157.74,34.38,-159.12,42.85,-27.25,38643.9,7.85
5.666666666666667,Buenos_Aires,133,1159.81625,0.0,157.68,34.38,-159.06,42.91,-27.19,38643.9,7.91
5.833333333333333,Vladimir,196,1222.1165,0.0,158.14,34.38,-159.52,42.46,-27.64,38643.9,7.46
5.833333333333333,Murmansk,157,1033.439625,0.0,156.68,34.38,-158.06,43.92,-26.18,38643.9,8.92
5.833333333333333,Novosibirsk,119,1396.483875,0.0,159.3,34.38,-160.68,41.3,-28.8,38643.9,6.3
5.833333333333333,Zheleznogorsk,236,1060.6065,0.0,156.91,34.38,-158.29,43.69,-26.41,38643.9,8.69
5.833333333333333,Yakutsk,159,1006.1446875,0.0,156.45,34.38,-157.83,44.15,-25.95,38643.9,9.15
5.833333333333333,Khabarovsk,140,1200.61975,0.0,157.98,34.38,-159.36,42.61,-27.49,38643.9,7.61
5.833333333333333,Vladivostok,275,1171.12475,0.0,157.77,34.38,-159.15,42.83,-27.27,38643.9,7.83
5.833333333333333,Minsk,40,1235.632875,0.0,158.23,34.38,-159.61,42.36,-27.74,38643.9,7.36
5.833333333333333,Almaty,81,1136.282125,0.0,157.51,34.38,-158.88,43.09,-27.01,38643.9,8.09
5.833333333333333,Tehran,61,1244.657375,0.0,158.3,34.38,-159.68,42.3,-27.8,38643.9,7.3
5.833333333333333,Urumqi,235,1136.585375,0.0,157.51,34.38,-158.89,43.09,-27.01,38643.9,8.09
5.833333333333333,Delhi,234,1370.642875,0.0,159.13,34.38,-160.51,41.46,-28.64,38643.9,6.46
5.833333333333333,Yangon,254,1368.276625,0.0,159.12,34.38,-160.5,41.48,-28.62,38643.9,6.48
5.833333333333333,Jakarta,103,1255.515125,0.0,158.37,34.38,-159.75,42.22,-27.87,38643.9,7.22
5.833333333333333,Luanda,23,1195.217,0.0,157.94,34.38,-159.32,42.65,-27.45,38643.9,7.65
5.833333333333333,Nairobi,43,1194.5415,0.0,157.94,34.38,-159.32,42.66,-27.44,38643.9,7.66
5.833333333333333,Johannesburg,24,1276.30875,0.0,158.51,34.38,-159.89,42.08,-28.02,38643.9,7.08
5.833333333333333,Havana,242,1088.51025,0.0,157.13,34.38,-158.51,43.46,-26.63,38643.9,8.46
5.833333333333333,Caracas,113,1214.618875,0.0,158.08,34.38,-159.46,42.51,-27.59,38643.9,7.51
5.833333333333333,Buenos_Aires,131,1135.571625,0.0,157.5,34.38,-158.88,43.1,-27.0,38643.9,8.1
6.0,Vladimir,194,1117.686375,0.0,157.36,34.38,-158.74,43.23,-26.86,38643.9,8.23
6.0,Murmansk,97,1027.19725,0.0,156.63,34.38,-158.01,43.97,-26.13,38643.9,8.97
6.0,Novosibirsk,234,1308.5585,0.0,158.73,34.38,-160.11,41.87,-28.23,38643.9,6.87
6.0,Zheleznogorsk,234,1026.807,0.0,156.63,34.38,-158.0,43.97,-26.13,38643.9,8.97
6.0,Yakutsk,255,1002.0298125,0.0,156.41,34.38,-157.79,44.18,-25.92,38643.9,9.18
6.0,Khabarovsk,158,1060.06375,0.0,156.9,34.38,-158.28,43.69,-26.4,38643.9,8.69
6.0,Vladivostok,273,1194.899375,0.0,157.94,34.38,-159.32,42.65,-27.44,38643.9,7.65
6.0,Minsk,175,1422.058625,0.0,159.45,34.38,-160.83,41.14,-28.96,38643.9,6.14
6.0,Almaty,99,1129.1885,0.0,157.45,34.38,-158.83,43.15,-26.95,38643.9,8.15
6.0,Tehran,79,1097.136625,0.0,157.2,34.38,-158.58,43.4,-26.7,38643.9,8.4
6.0,Urumqi,118,1197.69325,0.0,157.96,34.38,-159.34,42.63,-27.46,38643.9,7.63
6.0,Delhi,80,1201.769125,0.0,157.99,34.38,-159.37,42.6,-27.49,38643.9,7.6
6.0,Yangon,252,1270.42025,0.0,158.47,34.38,-159.85,42.12,-27.98,38643.9,7.12
6.0,Jakarta,101,1128.793375,0.0,157.45,34.38,-158.83,43.15,-26.95,38643.9,8.15
6.0,Luanda,21,1204.729125,0.0,158.01,34.38,-159.39,42.58,-27.52,38643.9,7.58
6.0,Nairobi,41,1288.13325,0.0,158.59,34.38,-159.97,42.0,-28.1,38643.9,7.0
6.0,Johannesburg,22,1545.52125,0.0,160.18,34.38,-161.56,40.42,-29.68,38643.9,5.42
6.0,Havana,240,1236.032875,0.0,158.24,34.38,-159.62,42.36,-27.74,38643.9,7.36
6.0,Caracas,260,1203.226375,0.0,158.0,34.38,-159.38,42.59,-27.5,38643.9,7.59
6.0,Buenos_Aires,129,1224.138875,0.0,158.15,34.38,-159.53,42.44,-27.65,38643.9,7.44
6.166666666666667,Vladimir,192,1090.91175,0.0,157.15,34.38,-158.53,43.45,-26.65,38643.9,8.45
6.166666666666667,Murmansk,95,1073.883,0.0,157.01,34.38,-158.39,43.58,-26.52,38643.9,8.58
6.166666666666667,Novosibirsk,232,1189.698875,0.0,157.9,34.38,-159.28,42.69,-27.41,38643.9,7.69
6.166666666666667,Zheleznogorsk,232,1085.47875,0.0,157.11,34.38,-158.49,43.49,-26.61,38643.9,8.49
6.166666666666667,Yakutsk,253,1072.904875,0.0,157.01,34.38,-158.39,43.59,-26.51,38643.9,8.59
6.166666666666667,Khabarovsk,156,1017.644125,0.0,156.55,34.38,-157.93,44.05,-26.05,38643.9,9.05
6.166666666666667,Vladivostok,271,1312.56875,0.0,158.76,34.38,-160.14,41.84,-28.26,38643.9,6.84
6.166666666666667,Minsk,173,1286.503375,0.0,158.58,34.38,-159.96,42.01,-28.09,38643.9,7.01
6.166666666666667,Almaty,97,1220.400125,0.0,158.13,34.38,-159.5,42.47,-27.63,38643.9,7.47
6.166666666666667,Tehran,77,1059.762875,0.0,156.9,34.38,-158.28,43.7,-26.4,38643.9,8.7
6.166666666666667,Urumqi,116,1250.72625,0.0,158.34,34.38,-159.72,42.26,-27.84,38643.9,7.26
6.166666666666667,Delhi,98,1103.510875,0.0,157.25,34.38,-158.63,43.35,-26.75,38643.9,8.35
6.166666666666667,Yangon,118,1228.616,0.0,158.18,34.38,-159.56,42.41,-27.69,38643.9,7.41
6.166666666666667,Jakarta,119,1136.53225,0.0,157.51,34.38,-158.89,43.09,-27.01,38643.9,8.09
6.166666666666667,Luanda,39,1339.097625,0.0,158.93,34.38,-160.31,41.66,-28.43,38643.9,6.66
6.166666666666667,Nairobi,40,1454.727,0.0,159.65,34.38,-161.03,40.95,-29.15,38643.9,5.95
6.166666666666667,Johannesburg,208,1616.616375,0.0,160.57,34.38,-161.95,40.03,-30.07,38643.9,5.03
6.166666666666667,Havana,91,1334.570875,0.0,158.9,34.38,-160.28,41.69,-28.4,38643.9,6.69
6.166666666666667,Caracas,278,1194.059875,0.0,157.94,34.38,-159.32,42.66,-27.44,38643.9,7.66
6.166666666666667,Buenos_Aires,261,1312.740625,0.0,158.76,34.38,-160.14,41.84,-28.26,38643.9,6.84
6.333333333333333,Vladimir,190,1150.362125,0.0,157.61,34.38,-158.99,42.98,-27.11,38643.9,7.98
6.333333333333333,Murmansk,93,1190.871625,0.0,157.91,34.38,-159.29,42.68,-27.41,38643.9,7.68
6.333333333333333,Novosibirsk,114,1074.809125,0.0,157.02,34.38,-158.4,43.57,-26.52,38643.9,8.57
6.333333333333333,Zheleznogorsk,134,1182.392,0.0,157.85,34.38,-159.23,42.75,-27.35,38643.9,7.75
6.333333333333333,Yakutsk,251,1219.52275,0.0,158.12,34.38,-159.5,42.48,-27.62,38643.9,7.48
6.333333333333333,Khabarovsk,270,1049.797625,0.0,156.82,34.38,-158.2,43.78,-26.32,38643.9,8.78
6.333333333333333,Vladivostok,270,1427.508125,0.0,159.49,34.38,-160.87,41.11,-28.99,38643.9,6.11
6.333333333333333,Minsk,74,1219.130875,0.0,158.12,34.38,-159.5,42.48,-27.62,38643.9,7.48
6.333333333333333,Almaty,95,1387.627,0.0,159.24,34.38,-160.62,41.36,-28.74,38643.9,6.36
6.333333333333333,Tehran,75,1140.43625,0.0,157.54,34.38,-158.92,43.06,-27.04,38643.9,8.06
6.333333333333333,Urumqi,230,1334.03225,0.0,158.9,34.38,-160.28,41.7,-28.4,38643.9,6.7
6.333333333333333,Delhi,96,1128.313125,0.0,157.44,34.38,-158.82,43.15,-26.95,38643.9,8.15
6.333333333333333,Yangon,116,1061.090625,0.0,156.91,34.38,-158.29,43.69,-26.41,38643.9,8.69
6.333333333333333,Jakarta,117,1276.765875,0.0,158.52,34.38,-159.9,42.08,-28.02,38643.9,7.08
6.333333333333333,Luanda,38,1416.320875,0.0,159.42,34.38,-160.8,41.18,-28.92,38643.9,6.18
6.333333333333333,Nairobi,58,1341.80325,0.0,158.95,34.38,-160.33,41.65,-28.45,38643.9,6.65
6.333333333333333,Johannesburg,206,1362.2045,0.0,159.08,34.38,-160.46,41.52,-28.58,38643.9,6.52
6.333333333333333,Havana,89,1493.539625,0.0,159.88,34.38,-161.26,40.72,-29.38,38643.9,5.72
6.333333333333333,Caracas,276,1311.178375,0.0,158.75,34.38,-160.13,41.85,-28.25,38643.9,6.85
6.333333333333333,Buenos_Aires,279,1128.67425,0.0,157.45,34.38,-158.83,43.15,-26.95,38643.9,8.15
6.5,Vladimir,72,1172.449,0.0,157.78,34.38,-159.16,42.82,-27.28,38643.9,7.82
6.5,Murmansk,170,1191.079625,0.0,157.91,34.38,-159.29,42.68,-27.42,38643.9,7.68
6.5,Novosibirsk,112,1025.3890625,0.0,156.61,34.38,-157.99,43.98,-26.12,38643.9,8.98
6.5,Zheleznogorsk,132,1171.94325,0.0,157.77,34.38,-159.15,42.82,-27.28,38643.9,7.82
6.5,Yakutsk,172,1326.99125,0.0,158.85,34.38,-160.23,41.74,-28.36,38643.9,6.74
6.5,Khabarovsk,268,1029.4186875,0.0,156.65,34.38,-158.03,43.95,-26.15,38643.9,8.95
6.5,Vladivostok,268,1271.519875,0.0,158.48,34.38,-159.86,42.11,-27.98,38643.9,7.11
6.5,Minsk,72,1068.364625,0.0,156.97,34.38,-158.35,43.63,-26.47,38643.9,8.63
6.5,Almaty,228,1395.257875,0.0,159.29,34.38,-160.67,41.31,-28.79,38643.9,6.31
6.5,Tehran,208,1259.443375,0.0,158.4,34.38,-159.78,42.2,-27.9,38643.9,7.2
6.5,Urumqi,228,1251.261,0.0,158.34,34.38,-159.72,42.25,-27.84,38643.9,7.25
6.5,Delhi,227,1120.888375,0.0,157.39,34.38,-158.77,43.21,-26.89,38643.9,8.21
6.5,Yangon,114,1026.0656875,0.0,156.62,34.38,-158.0,43.98,-26.12,38643.9,8.98
6.5,Jakarta,265,1352.3865,0.0,159.02,34.38,-160.4,41.58,-28.52,38643.9,6.58
6.5,Luanda,36,1337.500375,0.0,158.92,34.38,-160.3,41.68,-28.42,38643.9,6.68
6.5,Nairobi,56,1344.02425,0.0,158.96,34.38,-160.34,41.63,-28.47,38643.9,6.63
6.5,Johannesburg,204,1181.3975,0.0,157.84,34.38,-159.22,42.75,-27.35,38643.9,7.75
6.5,Havana,274,1631.727375,0.0,160.65,34.38,-162.03,39.95,-30.15,38643.9,4.95
6.5,Caracas,106,1413.386,0.0,159.4,34.38,-160.78,41.2,-28.9,38643.9,6.2
6.5,Buenos_Aires,277,1038.19475,0.0,156.72,34.38,-158.1,43.88,-26.22,38643.9,8.88
6.666666666666667,Vladimir,70,1263.358,0.0,158.43,34.38,-159.81,42.17,-27.93,38643.9,7.17
6.666666666666667,Murmansk,168,1062.9705,0.0,156.93,34.38,-158.31,43.67,-26.43,38643.9,8.67
6.666666666666667,Novosibirsk,110,1070.20325,0.0,156.99,34.38,-158.36,43.61,-26.49,38643.9,8.61
6.666666666666667,Zheleznogorsk,130,1246.463,0.0,158.31,34.38,-159.69,42.29,-27.81,38643.9,7.29
6.666666666666667,Yakutsk,170,1166.34925,0.0,157.73,34.38,-159.11,42.86,-27.23,38643.9,7.86
6.666666666666667,Khabarovsk,266,1115.13225,0.0,157.34,34.38,-158.72,43.25,-26.84,38643.9,8.25
6.666666666666667,Vladivostok,266,1195.69225,0.0,157.95,34.38,-159.33,42.65,-27.45,38643.9,7.65
6.666666666666667,Minsk,70,1004.9831875,0.0,156.44,34.38,-157.82,44.16,-25.94,38643.9,9.16
6.666666666666667,Almaty,226,1198.4065,0.0,157.97,34.38,-159.35,42.63,-27.47,38643.9,7.63
6.666666666666667,Tehran,206,1108.257125,0.0,157.29,34.38,-158.67,43.31,-26.79,38643.9,8.31
6.666666666666667,Urumqi,111,1206.48375,0.0,158.03,34.38,-159.41,42.57,-27.53,38643.9,7.57
6.666666666666667,Delhi,225,1141.02025,0.0,157.54,34.38,-158.92,43.06,-27.04,38643.9,8.06
6.666666666666667,Yangon,112,1134.123125,0.0,157.49,34.38,-158.87,43.11,-26.99,38643.9,8.11
6.666666666666667,Jakarta,263,1119.116625,0.0,157.37,34.38,-158.75,43.22,-26.88,38643.9,8.22
6.666666666666667,Luanda,183,1177.518625,0.0,157.82,34.38,-159.19,42.78,-27.32,38643.9,7.78
6.666666666666667,Nairobi,204,1333.553,0.0,158.9,34.38,-160.28,41.7,-28.4,38643.9,6.7
6.666666666666667,Johannesburg,202,1109.0505,0.0,157.29,34.38,-158.67,43.3,-26.8,38643.9,8.3
6.666666666666667,Havana,272,1347.057875,0.0,158.98,34.38,-160.36,41.61,-28.49,38643.9,6.61
6.666666666666667,Caracas,273,1338.48725,0.0,158.93,34.38,-160.31,41.67,-28.43,38643.9,6.67
6.666666666666667,Buenos_Aires,275,1069.143625,0.0,156.98,34.38,-158.36,43.62,-26.48,38643.9,8.62
6.833333333333333,Vladimir,185,1284.660625,0.0,158.57,34.38,-159.95,42.03,-28.07,38643.9,7.03
6.833333333333333,Murmansk,166,1000.7779375,0.0,156.4,34.38,-157.78,44.19,-25.9,38643.9,9.19
6.833333333333333,Novosibirsk,108,1195.692875,0.0,157.95,34.38,-159.33,42.65,-27.45,38643.9,7.65
6.833333333333333,Zheleznogorsk,225,1262.318125,0.0,158.42,34.38,-159.8,42.18,-27.92,38643.9,7.18
6.833333333333333,Yakutsk,168,1074.693625,0.0,157.02,34.38,-158.4,43.58,-26.52,38643.9,8.58
6.833333333333333,Khabarovsk,264,1288.318375,0.0,158.6,34.38,-159.98,42.0,-28.1,38643.9,7.0
6.833333333333333,Vladivostok,149,1075.185375,0.0,157.03,34.38,-158.4,43.57,-26.53,38643.9,8.57
6.833333333333333,Minsk,68,1042.09625,0.0,156.75,34.38,-158.13,43.84,-26.26,38643.9,8.84
6.833333333333333,Almaty,224,1073.494375,0.0,157.01,34.38,-158.39,43.59,-26.51,38643.9,8.59
6.833333333333333,Tehran,204,1061.502875,0.0,156.91,34.38,-158.29,43.68,-26.42,38643.9,8.68
6.833333333333333,Urumqi,109,1154.380875,0.0,157.64,34.38,-159.02,42.95,-27.14,38643.9,7.95
6.833333333333333,Delhi,223,1278.348875,0.0,158.53,34.38,-159.91,42.07,-28.03,38643.9,7.07
6.833333333333333,Yangon,243,1267.573875,0.0,158.46,34.38,-159.83,42.14,-27.96,38643.9,7.14
6.833333333333333,Jakarta,261,998.5405,0.0,156.38,34.38,-157.76,44.21,-25.88,38643.9,9.21
6.833333333333333,Luanda,181,1102.576375,0.0,157.24,34.38,-158.62,43.35,-26.75,38643.9,8.35
6.833333333333333,Nairobi,202,1147.745125,0.0,157.59,34.38,-158.97,43.0,-27.09,38643.9,8.0
6.833333333333333,Johannesburg,200,1163.296625,0.0,157.71,34.38,-159.09,42.89,-27.21,38643.9,7.89
6.833333333333333,Havana,270,1127.1945,0.0,157.44,34.38,-158.81,43.16,-26.94,38643.9,8.16
6.833333333333333,Caracas,271,1358.220625,0.0,159.06,34.38,-160.43,41.54,-28.56,38643.9,6.54
6.833333333333333,Buenos_Aires,273,1215.015875,0.0,158.09,34.38,-159.47,42.51,-27.59,38643.9,7.51
7.0,Vladimir,183,1173.160375,0.0,157.78,34.38,-159.16,42.81,-27.28,38643.9,7.81
7.0,Murmansk,164,1018.6685625,0.0,156.56,34.38,-157.94,44.04,-26.06,38643.9,9.04
7.0,Novosibirsk,223,1280.3775,0.0,158.54,34.38,-159.92,42.05,-28.04,38643.9,7.05
7.0,Zheleznogorsk,223,1223.966375,0.0,158.15,34.38,-159.53,42.45,-27.65,38643.9,7.45
7.0,Yakutsk,263,1051.360875,0.0,156.83,34.38,-158.21,43.77,-26.33,38643.9,8.77
7.0,Khabarovsk,147,1421.651625,0.0,159.45,34.38,-160.83,41.15,-28.95,38643.9,6.15
7.0,Vladivostok,147,1053.593625,0.0,156.85,34.38,-158.23,43.75,-26.35,38643.9,8.75
7.0,Minsk,66,1167.207875,0.0,157.74,34.38,-159.12,42.86,-27.24,38643.9,7.86
7.0,Almaty,222,1050.657,0.0,156.82,34.38,-158.2,43.77,-26.33,38643.9,8.77
7.0,Tehran,202,1135.503125,0.0,157.5,34.38,-158.88,43.1,-27.0,38643.9,8.1
7.0,Urumqi,107,1200.43775,0.0,157.98,34.38,-159.36,42.61,-27.48,38643.9,7.61
7.0,Delhi,221,1502.621125,0.0,159.93,34.38,-161.31,40.66,-29.43,38643.9,5.66
7.0,Yangon,241,1414.87925,0.0,159.41,34.38,-160.79,41.19,-28.91,38643.9,6.19
7.0,Jakarta,279,1030.8643125,0.0,156.66,34.38,-158.04,43.94,-26.16,38643.9,8.94
7.0,Luanda,199,1167.52525,0.0,157.74,34.38,-159.12,42.86,-27.24,38643.9,7.86
7.0,Nairobi,200,1085.442375,0.0,157.11,34.38,-158.49,43.49,-26.61,38643.9,8.49
7.0,Johannesburg,51,1264.363375,0.0,158.43,34.38,-159.81,42.16,-27.94,38643.9,7.16
7.0,Havana,268,1013.790125,0.0,156.51,34.38,-157.89,44.08,-26.02,38643.9,9.08
7.0,Caracas,269,1487.4155,0.0,159.84,34.38,-161.22,40.75,-29.35,38643.9,5.75
7.0,Buenos_Aires,271,1443.1995,0.0,159.58,34.38,-160.96,41.01,-29.08,38643.9,6.01
7.166666666666667,Vladimir,181,1141.744,0.0,157.55,34.38,-158.93,43.05,-27.05,38643.9,8.05
7.166666666666667,Murmansk,84,1049.148875,0.0,156.81,34.38,-158.19,43.78,-26.31,38643.9,8.78
7.166666666666667,Novosibirsk,221,1154.400125,0.0,157.64,34.38,-159.02,42.95,-27.14,38643.9,7.95
7.166666666666667,Zheleznogorsk,125,1187.988375,0.0,157.89,34.38,-159.27,42.7,-27.39,38643.9,7.7
7.166666666666667,Yakutsk,261,1031.48575,0.0,156.66,34.38,-158.04,43.93,-26.17,38643.9,8.93
7.166666666666667,Khabarovsk,165,1270.1445,0.0,158.47,34.38,-159.85,42.12,-27.97,38643.9,7.12
7.166666666666667,Vladivostok,145,1138.9965,0.0,157.53,34.38,-158.91,43.07,-27.03,38643.9,8.07
7.166666666666667,Minsk,181,1320.519125,0.0,158.81,34.38,-160.19,41.79,-28.31,38643.9,6.79
7.166666666666667,Almaty,105,993.587875,0.0,156.34,34.38,-157.72,44.26,-25.84,38643.9,9.26
7.166666666666667,Tehran,86,1159.916875,0.0,157.68,34.38,-159.06,42.91,-27.19,38643.9,7.91
7.166666666666667,Urumqi,105,1331.488125,0.0,158.88,34.38,-160.26,41.71,-28.38,38643.9,6.71
7.166666666666667,Delhi,106,1301.699,0.0,158.69,34.38,-160.07,41.91,-28.19,38643.9,6.91
7.166666666666667,Yangon,107,1621.632375,0.0,160.59,34.38,-161.97,40.0,-30.1,38643.9,5.0
7.166666666666667,Jakarta,277,1203.037625,0.0,158.0,34.38,-159.38,42.6,-27.5,38643.9,7.6
7.166666666666667,Luanda,197,1351.33275,0.0,159.01,34.38,-160.39,41.59,-28.51,38643.9,6.59
7.166666666666667,Nairobi,218,1166.893875,0.0,157.74,34.38,-159.12,42.86,-27.24,38643.9,7.86
7.166666666666667,Johannesburg,49,1437.407375,0.0,159.55,34.38,-160.93,41.05,-29.05,38643.9,6.05
7.166666666666667,Havana,266,1040.1336875,0.0,156.74,34.38,-158.12,43.86,-26.24,38643.9,8.86
7.166666666666667,Caracas,139,1581.002375,0.0,160.37,34.38,-161.75,40.22,-29.88,38643.9,5.22
7.166666666666667,Buenos_Aires,155,1452.200625,0.0,159.64,34.38,-161.02,40.96,-29.14,38643.9,5.96
7.333333333333333,Vladimir,83,1123.102,0.0,157.4,34.38,-158.78,43.19,-26.91,38643.9,8.19
7.333333333333333,Murmansk,82,1074.217625,0.0,157.02,34.38,-158.4,43.58,-26.52,38643.9,8.58
7.333333333333333,Novosibirsk,239,1108.094625,0.0,157.29,34.38,-158.67,43.31,-26.79,38643.9,8.31
7.333333333333333,Zheleznogorsk,123,1086.113875,0.0,157.11,34.38,-158.49,43.48,-26.62,38643.9,8.48
7.333333333333333,Yakutsk,279,1095.640375,0.0,157.19,34.38,-158.57,43.41,-26.69,38643.9,8.41
7.333333333333333,Khabarovsk,163,1192.705125,0.0,157.93,34.38,-159.31,42.67,-27.43,38643.9,7.67
7.333333333333333,Vladivostok,143,1307.44625,0.0,158.72,34.38,-160.1,41.87,-28.23,38643.9,6.87
7.333333333333333,Minsk,199,1155.76175,0.0,157.65,34.38,-159.03,42.94,-27.16,38643.9,7.94
7.333333333333333,Almaty,103,1026.7859375,0.0,156.63,34.38,-158.0,43.97,-26.13,38643.9,8.97
7.333333333333333,Tehran,84,1024.7861875,0.0,156.61,34.38,-157.99,43.99,-26.11,38643.9,8.99
7.333333333333333,Urumqi,259,1438.112,0.0,159.55,34.38,-160.93,41.05,-29.05,38643.9,6.05
7.333333333333333,Delhi,104,1094.682125,0.0,157.18,34.38,-158.56,43.42,-26.68,38643.9,8.42
7.333333333333333,Yangon,125,1690.41875,0.0,160.96,34.38,-162.33,39.64,-30.46,38643.9,4.64
7.333333333333333,Jakarta,275,1465.38725,0.0,159.71,34.38,-161.09,40.88,-29.22,38643.9,5.88
7.333333333333333,Luanda,46,1597.35675,0.0,160.46,34.38,-161.84,40.13,-29.97,38643.9,5.13
7.333333333333333,Nairobi,216,1366.26675,0.0,159.11,34.38,-160.49,41.49,-28.61,38643.9,6.49
7.333333333333333,Johannesburg,48,1337.925,0.0,158.92,34.38,-160.3,41.67,-28.43,38643.9,6.67
7.333333333333333,Havana,117,1019.6316875,0.0,156.56,34.38,-157.94,44.03,-26.07,38643.9,9.03
7.333333333333333,Caracas,137,1310.916625,0.0,158.75,34.38,-160.13,41.85,-28.25,38643.9,6.85
7.333333333333333,Buenos_Aires,268,1475.78175,0.0,159.78,34.38,-161.16,40.82,-29.28,38643.9,5.82
7.5,Vladimir,81,1024.1645,0.0,156.6,34.38,-157.98,43.99,-26.11,38643.9,8.99
7.5,Murmansk,80,1166.320125,0.0,157.73,34.38,-159.11,42.86,-27.23,38643.9,7.86
7.5,Novosibirsk,121,1088.267875,0.0,157.13,34.38,-158.51,43.47,-26.63,38643.9,8.47
7.5,Zheleznogorsk,121,1069.63825,0.0,156.98,34.38,-158.36,43.62,-26.48,38643.9,8.62
7.5,Yakutsk,277,1232.911875,0.0,158.21,34.38,-159.59,42.38,-27.72,38643.9,7.38
7.5,Khabarovsk,297,1082.68225,0.0,157.09,34.38,-158.46,43.51,-26.59,38643.9,8.51
7.5,Vladivostok,297,1402.671125,0.0,159.33,34.38,-160.71,41.26,-28.84,38643.9,6.26
7.5,Minsk,197,1061.248375,0.0,156.91,34.38,-158.29,43.68,-26.41,38643.9,8.68
7.5,Almaty,101,1163.146125,0.0,157.71,34.38,-159.09,42.89,-27.21,38643.9,7.89
7.5,Tehran,82,1010.5029375,0.0,156.49,34.38,-157.87,44.11,-25.99,38643.9,9.11
7.5,Urumqi,257,1228.335375,0.0,158.18,34.38,-159.56,42.41,-27.68,38643.9,7.41
7.5,Delhi,102,995.2654375,0.0,156.35,34.38,-157.73,44.24,-25.86,38643.9,9.24
7.5,Yangon,123,1466.712,0.0,159.72,34.38,-161.1,40.87,-29.22,38643.9,5.87
7.5,Jakarta,124,1494.814125,0.0,159.89,34.38,-161.27,40.71,-29.39,38643.9,5.71
7.5,Luanda,45,1375.691125,0.0,159.17,34.38,-160.55,41.43,-28.67,38643.9,6.43
7.5,Nairobi,64,1213.841375,0.0,158.08,34.38,-159.46,42.52,-27.58,38643.9,7.52
7.5,Johannesburg,46,1277.631125,0.0,158.52,34.38,-159.9,42.07,-28.03,38643.9,7.07
7.5,Havana,115,1095.786375,0.0,157.19,34.38,-158.57,43.41,-26.69,38643.9,8.41
7.5,Caracas,135,1115.875875,0.0,157.35,34.38,-158.73,43.25,-26.85,38643.9,8.25
7.5,Buenos_Aires,152,1287.904625,0.0,158.59,34.38,-159.97,42.0,-28.1,38643.9,7.0
7.666666666666667,Vladimir,99,1017.5340625,0.0,156.55,34.38,-157.93,44.05,-26.05,38643.9,9.05
7.666666666666667,Murmansk,196,1167.25875,0.0,157.74,34.38,-159.12,42.86,-27.24,38643.9,7.86
7.666666666666667,Novosibirsk,139,1009.8135625,0.0,156.48,34.38,-157.86,44.12,-25.98,38643.9,9.12
7.666666666666667,Zheleznogorsk,139,1139.320375,0.0,157.53,34.38,-158.91,43.07,-27.03,38643.9,8.07
7.666666666666667,Yakutsk,179,1278.631,0.0,158.53,34.38,-159.91,42.07,-28.03,38643.9,7.07
7.666666666666667,Khabarovsk,295,1013.9635,0.0,156.52,34.38,-157.9,44.08,-26.02,38643.9,9.08
7.666666666666667,Vladivostok,295,1193.659625,0.0,157.93,34.38,-159.31,42.66,-27.44,38643.9,7.66
7.666666666666667,Minsk,195,1059.465125,0.0,156.9,34.38,-158.28,43.7,-26.4,38643.9,8.7
7.666666666666667,Almaty,119,1369.06325,0.0,159.12,34.38,-160.5,41.47,-28.63,38643.9,6.47
7.666666666666667,Tehran,80,1118.59975,0.0,157.37,34.38,-158.75,43.23,-26.87,38643.9,8.23
7.666666666666667,Urumqi,255,1082.55325,0.0,157.08,34.38,-158.46,43.51,-26.59,38643.9,8.51
7.666666666666667,Delhi,100,1032.3624375,0.0,156.67,34.38,-158.05,43.92,-26.17,38643.9,8.92
7.666666666666667,Yangon,121,1326.12575,0.0,158.85,34.38,-160.23,41.75,-28.35,38643.9,6.75
7.666666666666667,Jakarta,123,1416.32425,0.0,159.42,34.38,-160.8,41.18,-28.92,38643.9,6.18
7.666666666666667,Luanda,43,1154.656625,0.0,157.64,34.38,-159.02,42.95,-27.15,38643.9,7.95
7.666666666666667,Nairobi,62,1057.825125,0.0,156.88,34.38,-158.26,43.71,-26.39,38643.9,8.71
7.666666666666667,Johannesburg,44,1328.003875,0.0,158.86,34.38,-160.24,41.74,-28.36,38643.9,6.74
7.666666666666667,Havana,113,1289.237875,0.0,158.6,34.38,-159.98,41.99,-28.1,38643.9,6.99
7.666666666666667,Caracas,133,1041.6063125,0.0,156.75,34.38,-158.13,43.85,-26.25,38643.9,8.85
7.666666666666667,Buenos_Aires,150,1116.153375,0.0,157.35,34.38,-158.73,43.25,-26.85,38643.9,8.25
7.833333333333333,Vladimir,97,1101.876875,0.0,157.24,34.38,-158.62,43.36,-26.74,38643.9,8.36
7.833333333333333,Murmansk,194,1057.614875,0.0,156.88,34.38,-158.26,43.71,-26.38,38643.9,8.71
7.833333333333333,Novosibirsk,137,1029.7954375,0.0,156.65,34.38,-158.03,43.95,-26.15,38643.9,8.95
7.833333333333333,Zheleznogorsk,254,1257.2675,0.0,158.38,34.38,-159.76,42.21,-27.89,38643.9,7.21
7.833333333333333,Yakutsk,177,1159.46675,0.0,157.68,34.38,-159.06,42.92,-27.18,38643.9,7.92
7.833333333333333,Khabarovsk,293,1049.741375,0.0,156.82,34.38,-158.2,43.78,-26.32,38643.9,8.78
7.833333333333333,Vladivostok,293,1051.945625,0.0,156.84,34.38,-158.21,43.76,-26.34,38643.9,8.76
7.833333333333333,Minsk,97,1135.149,0.0,157.5,34.38,-158.88,43.1,-27.0,38643.9,8.1
7.833333333333333,Almaty,253,1273.29625,0.0,158.49,34.38,-159.87,42.1,-28.0,38643.9,7.1
7.833333333333333,Tehran,232,1163.448125,0.0,157.71,34.38,-159.09,42.89,-27.21,38643.9,7.89
7.833333333333333,Urumqi,253,1032.5901875,0.0,156.67,34.38,-158.05,43.92,-26.18,38643.9,8.92
7.833333333333333,Delhi,252,992.852,0.0,156.33,34.38,-157.71,44.26,-25.84,38643.9,9.26
7.833333333333333,Yangon,271,1114.897125,0.0,157.34,34.38,-158.72,43.26,-26.84,38643.9,8.26
7.833333333333333,Jakarta,121,1199.94975,0.0,157.98,34.38,-159.36,42.62,-27.48,38643.9,7.62
7.833333333333333,Luanda,41,1043.0151875,0.0,156.76,34.38,-158.14,43.84,-26.26,38643.9,8.84
7.833333333333333,Nairobi,60,1042.39675,0.0,156.76,34.38,-158.14,43.84,-26.26,38643.9,8.84
7.833333333333333,Johannesburg,42,1479.60225,0.0,159.8,34.38,-161.18,40.8,-29.3,38643.9,5.8
7.833333333333333,Havana,111,1557.886625,0.0,160.25,34.38,-161.63,40.35,-29.75,38643.9,5.35
7.833333333333333,Caracas,131,1114.241,0.0,157.34,34.38,-158.71,43.26,-26.84,38643.9,8.26
7.833333333333333,Buenos_Aires,148,1049.936875,0.0,156.82,34.38,-158.2,43.78,-26.32,38643.9,8.78
8.0,Vladimir,212,1201.4225,0.0,157.99,34.38,-159.37,42.61,-27.49,38643.9,7.61
8.0,Murmansk,192,1014.9550625,0.0,156.52,34.38,-157.9,44.07,-26.03,38643.9,9.07
8.0,Novosibirsk,135,1140.14725,0.0,157.53,34.38,-158.91,43.06,-27.04,38643.9,8.06
8.0,Zheleznogorsk,252,1120.415875,0.0,157.38,34.38,-158.76,43.21,-26.89,38643.9,8.21
8.0,Yakutsk,175,1110.10925,0.0,157.3,34.38,-158.68,43.29,-26.8,38643.9,8.29
8.0,Khabarovsk,291,1183.531125,0.0,157.86,34.38,-159.24,42.74,-27.36,38643.9,7.74
8.0,Vladivostok,291,1010.69925,0.0,156.49,34.38,-157.87,44.11,-25.99,38643.9,9.11
8.0,Minsk,95,1143.717375,0.0,157.56,34.38,-158.94,43.03,-27.06,38643.9,8.03
8.0,Almaty,251,1097.910875,0.0,157.21,34.38,-158.59,43.39,-26.71,38643.9,8.39
8.0,Tehran,230,1026.845125,0.0,156.63,34.38,-158.01,43.97,-26.13,38643.9,8.97
8.0,Urumqi,136,1021.1236875,0.0,156.58,34.38,-157.96,44.02,-26.08,38643.9,9.02
8.0,Delhi,250,1029.5900625,0.0,156.65,34.38,-158.03,43.95,-26.15,38643.9,8.95
8.0,Yangon,269,1005.299375,0.0,156.44,34.38,-157.82,44.16,-25.94,38643.9,9.16
8.0,Jakarta,139,1091.115875,0.0,157.15,34.38,-158.53,43.44,-26.66,38643.9,8.44
8.0,Luanda,59,1077.132125,0.0,157.04,34.38,-158.42,43.56,-26.54,38643.9,8.56
8.0,Nairobi,78,1173.408875,0.0,157.78,34.38,-159.16,42.81,-27.29,38643.9,7.81
8.0,Johannesburg,226,1434.348625,0.0,159.53,34.38,-160.91,41.07,-29.03,38643.9,6.07
8.0,Havana,297,1522.758875,0.0,160.05,34.38,-161.43,40.55,-29.55,38643.9,5.55
8.0,Caracas,298,1046.632125,0.0,156.79,34.38,-158.17,43.81,-26.29,38643.9,8.81
8.0,Buenos_Aires,146,1105.48025,0.0,157.27,34.38,-158.65,43.33,-26.77,38643.9,8.33
8.166666666666666,Vladimir,210,1067.16225,0.0,156.96,34.38,-158.34,43.64,-26.46,38643.9,8.64
8.166666666666666,Murmansk,112,1035.1688125,0.0,156.7,34.38,-158.08,43.9,-26.2,38643.9,8.9
8.166666666666666,Novosibirsk,250,1225.6445,0.0,158.16,34.38,-159.54,42.43,-27.66,38643.9,7.43
8.166666666666666,Zheleznogorsk,250,1061.003,0.0,156.91,34.38,-158.29,43.69,-26.41,38643.9,8.69
8.166666666666666,Yakutsk,173,1137.163375,0.0,157.51,34.38,-158.89,43.08,-27.01,38643.9,8.08
8.166666666666666,Khabarovsk,174,1149.6755,0.0,157.61,34.38,-158.99,42.99,-27.11,38643.9,7.99
8.166666666666666,Vladivostok,174,1009.3028125,0.0,156.48,34.38,-157.86,44.12,-25.98,38643.9,9.12
8.166666666666666,Minsk,93,1239.30075,0.0,158.26,34.38,-159.64,42.34,-27.76,38643.9,7.34
8.166666666666666,Almaty,249,1007.7104375,0.0,156.46,34.38,-157.84,44.13,-25.96,38643.9,9.13
8.166666666666666,Tehran,228,1005.386625,0.0,156.44,34.38,-157.82,44.15,-25.94,38643.9,9.15
8.166666666666666,Urumqi,134,1001.522625,0.0,156.41,34.38,-157.79,44.19,-25.91,38643.9,9.19
8.166666666666666,Delhi,248,1191.6485,0.0,157.92,34.38,-159.3,42.68,-27.42,38643.9,7.68
8.166666666666666,Yangon,267,1041.5088125,0.0,156.75,34.38,-158.13,43.85,-26.25,38643.9,8.85
8.166666666666666,Jakarta,137,1122.995375,0.0,157.4,34.38,-158.78,43.19,-26.91,38643.9,8.19
8.166666666666666,Luanda,206,996.668625,0.0,156.37,34.38,-157.75,44.23,-25.87,38643.9,9.23
8.166666666666666,Nairobi,226,1082.821875,0.0,157.09,34.38,-158.47,43.51,-26.59,38643.9,8.51
8.166666666666666,Johannesburg,224,1486.7325,0.0,159.84,34.38,-161.22,40.76,-29.34,38643.9,5.76
8.166666666666666,Havana,295,1336.091875,0.0,158.91,34.38,-160.29,41.68,-28.41,38643.9,6.68
8.166666666666666,Caracas,296,1055.319375,0.0,156.86,34.38,-158.24,43.73,-26.37,38643.9,8.73
8.166666666666666,Buenos_Aires,144,1263.869625,0.0,158.43,34.38,-159.81,42.17,-27.93,38643.9,7.17
8.333333333333334,Vladimir,208,1013.951,0.0,156.52,34.38,-157.9,44.08,-26.02,38643.9,9.08
8.333333333333334,Murmansk,110,1000.436,0.0,156.4,34.38,-157.78,44.2,-25.9,38643.9,9.2
8.333333333333334,Novosibirsk,248,1075.81525,0.0,157.03,34.38,-158.41,43.57,-26.53,38643.9,8.57
8.333333333333334,Zheleznogorsk,248,1094.7535,0.0,157.18,34.38,-158.56,43.41,-26.68,38643.9,8.41
8.333333333333334,Yakutsk,268,1153.620375,0.0,157.64,34.38,-159.02,42.96,-27.14,38643.9,7.96
8.333333333333334,Khabarovsk,172,1127.36775,0.0,157.44,34.38,-158.82,43.16,-26.94,38643.9,8.16
8.333333333333334,Vladivostok,172,1029.46125,0.0,156.65,34.38,-158.03,43.95,-26.15,38643.9,8.95
8.333333333333334,Minsk,208,1331.15125,0.0,158.88,34.38,-160.26,41.72,-28.38,38643.9,6.72
8.333333333333334,Almaty,247,1029.46775,0.0,156.65,34.38,-158.03,43.95,-26.15,38643.9,8.95
8.333333333333334,Tehran,226,1109.101,0.0,157.3,34.38,-158.67,43.3,-26.8,38643.9,8.3
8.333333333333334,Urumqi,132,1093.685,0.0,157.17,34.38,-158.55,43.42,-26.68,38643.9,8.42
8.333333333333334,Delhi,246,1438.824875,0.0,159.56,34.38,-160.94,41.04,-29.06,38643.9,6.04
8.333333333333334,Yangon,265,1212.123875,0.0,158.07,34.38,-159.45,42.53,-27.57,38643.9,7.53
8.333333333333334,Jakarta,284,1141.632625,0.0,157.55,34.38,-158.93,43.05,-27.05,38643.9,8.05
8.333333333333334,Luanda,204,1051.77175,0.0,156.83,34.38,-158.21,43.76,-26.34,38643.9,8.76
8.333333333333334,Nairobi,224,996.7795,0.0,156.37,34.38,-157.75,44.23,-25.87,38643.9,9.23
8.333333333333334,Johannesburg,223,1357.319,0.0,159.05,34.38,-160.43,41.55,-28.55,38643.9,6.55
8.333333333333334,Havana,293,1246.440875,0.0,158.31,34.38,-159.69,42.29,-27.81,38643.9,7.29
8.333333333333334,Caracas,294,1202.886125,0.0,158.0,34.38,-159.38,42.6,-27.5,38643.9,7.6
8.333333333333334,Buenos_Aires,297,1292.7525,0.0,158.63,34.38,-160.01,41.97,-28.13,38643.9,6.97
8.5,Vladimir,206,1057.318625,0.0,156.88,34.38,-158.26,43.72,-26.38,38643.9,8.72
8.5,Murmansk,108,1045.287625,0.0,156.78,34.38,-158.16,43.82,-26.28,38643.9,8.82
8.5,Novosibirsk,246,1003.2864375,0.0,156.42,34.38,-157.8,44.17,-25.93,38643.9,9.17
8.5,Zheleznogorsk,149,1036.74875,0.0,156.71,34.38,-158.09,43.89,-26.21,38643.9,8.89
8.5,Yakutsk,286,1223.572125,0.0,158.15,34.38,-159.53,42.45,-27.65,38643.9,7.45
8.5,Khabarovsk,170,1197.43825,0.0,157.96,34.38,-159.34,42.64,-27.46,38643.9,7.64
8.5,Vladivostok,170,1155.515875,0.0,157.65,34.38,-159.03,42.95,-27.15,38643.9,7.95
8.5,Minsk,206,1149.207125,0.0,157.6,34.38,-158.98,42.99,-27.11,38643.9,7.99
8.5,Almaty,130,1093.074125,0.0,157.17,34.38,-158.55,43.43,-26.67,38643.9,8.43
8.5,Tehran,110,1293.44625,0.0,158.63,34.38,-160.01,41.97,-28.13,38643.9,6.97
8.5,Urumqi,130,1270.31475,0.0,158.47,34.38,-159.85,42.12,-27.98,38643.9,7.12
8.5,Delhi,131,1418.46675,0.0,159.43,34.38,-160.81,41.16,-28.93,38643.9,6.16
8.5,Yangon,132,1210.031,0.0,158.05,34.38,-159.43,42.55,-27.55,38643.9,7.55
8.5,Jakarta,282,1285.5315,0.0,158.58,34.38,-159.96,42.02,-28.08,38643.9,7.02
8.5,Luanda,202,1238.90925,0.0,158.26,34.38,-159.64,42.34,-27.76,38643.9,7.34
8.5,Nairobi,222,1066.446875,0.0,156.95,34.38,-158.33,43.64,-26.46,38643.9,8.64
8.5,Johannesburg,221,1164.4055,0.0,157.72,34.38,-159.1,42.88,-27.22,38643.9,7.88
8.5,Havana,124,1098.9005,0.0,157.21,34.38,-158.59,43.38,-26.72,38643.9,8.38
8.5,Caracas,292,1445.98275,0.0,159.6,34.38,-160.98,41.0,-29.1,38643.9,6.0
8.5,Buenos_Aires,295,1176.18,0.0,157.81,34.38,-159.18,42.79,-27.31,38643.9,7.79
8.666666666666666,Vladimir,107,1049.0955,0.0,156.81,34.38,-158.19,43.78,-26.31,38643.9,8.78
8.666666666666666,Murmansk,106,1158.720875,0.0,157.68,34.38,-159.05,42.92,-27.18,38643.9,7.92
8.666666666666666,Novosibirsk,244,1028.0899375,0.0,156.64,34.38,-158.02,43.96,-26.14,38643.9,8.96
8.666666666666666,Zheleznogorsk,147,994.4091875,0.0,156.35,34.38,-157.73,44.25,-25.85,38643.9,9.25
8.666666666666666,Yakutsk,284,1340.263625,0.0,158.94,34.38,-160.32,41.66,-28.44,38643.9,6.66
8.666666666666666,Khabarovsk,168,1342.457625,0.0,158.95,34.38,-160.33,41.64,-28.46,38643.9,6.64
8.666666666666666,Vladivostok,168,1355.144875,0.0,159.04,34.38,-160.41,41.56,-28.54,38643.9,6.56
8.666666666666666,Minsk,204,1029.151125,0.0,156.65,34.38,-158.02,43.95,-26.15,38643.9,8.95
8.666666666666666,Almaty,128,1165.624375,0.0,157.73,34.38,-159.11,42.87,-27.23,38643.9,7.87
8.666666666666666,Tehran,108,1200.69075,0.0,157.98,34.38,-159.36,42.61,-27.49,38643.9,7.61
8.666666666666666,Urumqi,263,1325.708625,0.0,158.84,34.38,-160.22,41.75,-28.35,38643.9,6.75
8.666666666666666,Delhi,129,1243.267125,0.0,158.29,34.38,-159.67,42.31,-27.79,38643.9,7.31
8.666666666666666,Yangon,130,1312.03,0.0,158.75,34.38,-160.13,41.84,-28.26,38643.9,6.84
8.666666666666666,Jakarta,281,1500.687375,0.0,159.92,34.38,-161.3,40.68,-29.42,38643.9,5.68
8.666666666666666,Luanda,200,1508.241125,0.0,159.97,34.38,-161.34,40.63,-29.47,38643.9,5.63
8.666666666666666,Nairobi,220,1265.92,0.0,158.44,34.38,-159.82,42.15,-27.95,38643.9,7.15
8.666666666666666,Johannesburg,239,1077.899625,0.0,157.05,34.38,-158.43,43.55,-26.55,38643.9,8.55
8.666666666666666,Havana,122,1037.26075,0.0,156.71,34.38,-158.09,43.88,-26.22,38643.9,8.88
8.666666666666666,Caracas,141,1315.982625,0.0,158.78,34.38,-160.16,41.82,-28.28,38643.9,6.82
8.666666666666666,Buenos_Aires,293,1165.431125,0.0,157.73,34.38,-159.1,42.87,-27.23,38643.9,7.87
8.833333333333334,Vladimir,105,1019.5353125,0.0,156.56,34.38,-157.94,44.03,-26.07,38643.9,9.03
8.833333333333334,Murmansk,203,1201.84375,0.0,157.99,34.38,-159.37,42.6,-27.49,38643.9,7.6
8.833333333333334,Novosibirsk,145,1138.800875,0.0,157.52,34.38,-158.9,43.07,-27.03,38643.9,8.07
8.833333333333334,Zheleznogorsk,145,1048.88925,0.0,156.81,34.38,-158.19,43.79,-26.31,38643.9,8.79
8.833333333333334,Yakutsk,185,1203.0525,0.0,158.0,34.38,-159.38,42.6,-27.5,38643.9,7.6
8.833333333333334,Khabarovsk,282,1438.9535,0.0,159.56,34.38,-160.94,41.04,-29.06,38643.9,6.04
8.833333333333334,Vladivostok,1,1389.823375,0.0,159.25,34.38,-160.63,41.34,-28.76,38643.9,6.34
8.833333333333334,Minsk,202,997.6499375,0.0,156.38,34.38,-157.75,44.22,-25.88,38643.9,9.22
8.833333333333334,Almaty,126,1324.75525,0.0,158.84,34.38,-160.22,41.76,-28.34,38643.9,6.76
8.833333333333334,Tehran,106,1215.52775,0.0,158.09,34.38,-159.47,42.51,-27.59,38643.9,7.51
8.833333333333334,Urumqi,261,1137.819875,0.0,157.52,34.38,-158.9,43.08,-27.02,38643.9,8.08
8.833333333333334,Delhi,127,1169.948,0.0,157.76,34.38,-159.14,42.84,-27.26,38643.9,7.84
8.833333333333334,Yangon,128,1509.616375,0.0,159.97,34.38,-161.35,40.62,-29.47,38643.9,5.62
8.833333333333334,Jakarta,299,1433.01075,0.0,159.52,34.38,-160.9,41.08,-29.02,38643.9,6.08
8.833333333333334,Luanda,69,1396.49475,0.0,159.3,34.38,-160.68,41.3,-28.8,38643.9,6.3
8.833333333333334,Nairobi,89,1241.013,0.0,158.27,34.38,-159.65,42.33,-27.77,38643.9,7.33
8.833333333333334,Johannesburg,70,1025.420125,0.0,156.61,34.38,-157.99,43.98,-26.12,38643.9,8.98
8.833333333333334,Havana,120,1113.065125,0.0,157.33,34.38,-158.71,43.27,-26.83,38643.9,8.27
8.833333333333334,Caracas,159,1108.52225,0.0,157.29,34.38,-158.67,43.31,-26.79,38643.9,8.31
8.833333333333334,Buenos_Aires,177,1227.1065,0.0,158.17,34.38,-159.55,42.42,-27.68,38643.9,7.42
9.0,Vladimir,103,1085.476,0.0,157.11,34.38,-158.49,43.49,-26.61,38643.9,8.49
9.0,Murmansk,201,1115.351375,0.0,157.34,34.38,-158.72,43.25,-26.85,38643.9,8.25
9.0,Novosibirsk,143,1134.934375,0.0,157.5,34.38,-158.87,43.1,-27.0,38643.9,8.1
9.0,Zheleznogorsk,143,1184.0165,0.0,157.86,34.38,-159.24,42.73,-27.36,38643.9,7.73
9.0,Yakutsk,183,1066.879875,0.0,156.96,34.38,-158.34,43.64,-26.46,38643.9,8.64
9.0,Khabarovsk,0,1254.388,0.0,158.36,34.38,-159.74,42.23,-27.87,38643.9,7.23
9.0,Vladivostok,19,1425.655375,0.0,159.48,34.38,-160.86,41.12,-28.98,38643.9,6.12
9.0,Minsk,200,1065.945625,0.0,156.95,34.38,-158.33,43.65,-26.45,38643.9,8.65
9.0,Almaty,125,1436.77575,0.0,159.54,34.38,-160.92,41.05,-29.05,38643.9,6.05
9.0,Tehran,104,1331.703875,0.0,158.88,34.38,-160.26,41.71,-28.39,38643.9,6.71
9.0,Urumqi,279,1026.3633125,0.0,156.62,34.38,-158.0,43.98,-26.12,38643.9,8.98
9.0,Delhi,125,1214.7995,0.0,158.09,34.38,-159.47,42.51,-27.59,38643.9,7.51
9.0,Yangon,298,1403.183625,0.0,159.34,34.38,-160.72,41.26,-28.84,38643.9,6.26
9.0,Jakarta,147,1382.120625,0.0,159.21,34.38,-160.59,41.39,-28.71,38643.9,6.39
9.0,Luanda,67,1165.302875,0.0,157.72,34.38,-159.1,42.87,-27.23,38643.9,7.87
9.0,Nairobi,87,1070.504875,0.0,156.99,34.38,-158.37,43.61,-26.49,38643.9,8.61
9.0,Johannesburg,68,1098.49925,0.0,157.21,34.38,-158.59,43.39,-26.71,38643.9,8.39
9.0,Havana,286,1238.003,0.0,158.25,34.38,-159.63,42.35,-27.75,38643.9,7.35
9.0,Caracas,157,1019.1524375,0.0,156.56,34.38,-157.94,44.04,-26.06,38643.9,9.04
9.0,Buenos_Aires,175,1066.861375,0.0,156.96,34.38,-158.34,43.64,-26.46,38643.9,8.64
9.166666666666666,Vladimir,101,1228.9035,0.0,158.19,34.38,-159.57,42.41,-27.69,38643.9,7.41
9.166666666666666,Murmansk,199,1056.2515,0.0,156.87,34.38,-158.25,43.73,-26.37,38643.9,8.73
9.166666666666666,Novosibirsk,141,1218.81875,0.0,158.11,34.38,-159.49,42.48,-27.62,38643.9,7.48
9.166666666666666,Zheleznogorsk,278,1080.7815,0.0,157.07,34.38,-158.45,43.53,-26.57,38643.9,8.53
9.166666666666666,Yakutsk,181,1006.9673125,0.0,156.46,34.38,-157.84,44.14,-25.96,38643.9,9.14
9.166666666666666,Khabarovsk,18,1087.173,0.0,157.12,34.38,-158.5,43.48,-26.62,38643.9,8.48
9.166666666666666,Vladivostok,182,1351.07175,0.0,159.01,34.38,-160.39,41.59,-28.51,38643.9,6.59
9.166666666666666,Minsk,218,1219.91925,0.0,158.12,34.38,-159.5,42.47,-27.62,38643.9,7.47
9.166666666666666,Almaty,123,1327.19925,0.0,158.85,34.38,-160.23,41.74,-28.36,38643.9,6.74
9.166666666666666,Tehran,257,1311.984375,0.0,158.75,34.38,-160.13,41.84,-28.26,38643.9,6.84
9.166666666666666,Urumqi,277,1020.98975,0.0,156.58,34.38,-157.96,44.02,-26.08,38643.9,9.02
9.166666666666666,Delhi,276,1155.1325,0.0,157.65,34.38,-159.03,42.95,-27.15,38643.9,7.95
9.166666666666666,Yangon,296,1190.994375,0.0,157.91,34.38,-159.29,42.68,-27.42,38643.9,7.68
9.166666666666666,Jakarta,145,1143.844125,0.0,157.56,34.38,-158.94,43.03,-27.06,38643.9,8.03
9.166666666666666,Luanda,65,1038.987375,0.0,156.73,34.38,-158.11,43.87,-26.23,38643.9,8.87
9.166666666666666,Nairobi,85,1036.3104375,0.0,156.71,34.38,-158.08,43.89,-26.21,38643.9,8.89
9.166666666666666,Johannesburg,66,1286.6215,0.0,158.58,34.38,-159.96,42.01,-28.09,38643.9,7.01
9.166666666666666,Havana,284,1258.228625,0.0,158.39,34.38,-159.77,42.21,-27.89,38643.9,7.21
9.166666666666666,Caracas,155,1079.318,0.0,157.06,34.38,-158.44,43.54,-26.56,38643.9,8.54
9.166666666666666,Buenos_Aires,173,1020.4575625,0.0,156.57,34.38,-157.95,44.03,-26.07,38643.9,9.03
9.333333333333334,Vladimir,236,1088.45525,0.0,157.13,34.38,-158.51,43.46,-26.63,38643.9,8.46
9.333333333333334,Murmansk,139,1025.8903125,0.0,156.62,34.38,-158.0,43.98,-26.12,38643.9,8.98
9.333333333333334,Novosibirsk,276,1299.44425,0.0,158.67,34.38,-160.05,41.93,-28.17,38643.9,6.93
9.333333333333334,Zheleznogorsk,276,1000.455625,0.0,156.4,34.38,-157.78,44.2,-25.9,38643.9,9.2
9.333333333333334,Yakutsk,199,1034.1095,0.0,156.69,34.38,-158.07,43.91,-26.19,38643.9,8.91
9.333333333333334,Khabarovsk,16,1000.268875,0.0,156.4,34.38,-157.78,44.2,-25.9,38643.9,9.2
9.333333333333334,Vladivostok,180,1214.501375,0.0,158.08,34.38,-159.46,42.51,-27.59,38643.9,7.51
9.333333333333334,Minsk,119,1406.11325,0.0,159.36,34.38,-160.74,41.24,-28.86,38643.9,6.24
9.333333333333334,Almaty,275,1232.70325,0.0,158.21,34.38,-159.59,42.38,-27.71,38643.9,7.38
9.333333333333334,Tehran,255,1211.639875,0.0,158.06,34.38,-159.44,42.53,-27.57,38643.9,7.53
9.333333333333334,Urumqi,140,1066.813375,0.0,156.96,34.38,-158.34,43.64,-26.46,38643.9,8.64
9.333333333333334,Delhi,274,1193.9685,0.0,157.94,34.38,-159.31,42.66,-27.44,38643.9,7.66
9.333333333333334,Yangon,294,1080.979375,0.0,157.07,34.38,-158.45,43.52,-26.57,38643.9,8.52
9.333333333333334,Jakarta,143,1011.5784375,0.0,156.5,34.38,-157.87,44.1,-26.0,38643.9,9.1
9.333333333333334,Luanda,63,1057.574625,0.0,156.88,34.38,-158.26,43.71,-26.38,38643.9,8.71
9.333333333333334,Nairobi,83,1150.873,0.0,157.62,34.38,-159.0,42.98,-27.12,38643.9,7.98
9.333333333333334,Johannesburg,64,1549.6275,0.0,160.2,34.38,-161.58,40.4,-29.7,38643.9,5.4
9.333333333333334,Havana,282,1386.899,0.0,159.24,34.38,-160.62,41.36,-28.74,38643.9,6.36
9.333333333333334,Caracas,153,1268.66875,0.0,158.46,34.38,-159.84,42.13,-27.96,38643.9,7.13
9.333333333333334,Buenos_Aires,171,1099.41575,0.0,157.22,34.38,-158.6,43.38,-26.72,38643.9,8.38
9.5,Vladimir,234,1016.2123125,0.0,156.54,34.38,-157.91,44.06,-26.04,38643.9,9.06
9.5,Murmansk,137,1008.842125,0.0,156.47,34.38,-157.85,44.12,-25.97,38643.9,9.12
9.5,Novosibirsk,274,1141.57,0.0,157.55,34.38,-158.92,43.05,-27.05,38643.9,8.05
9.5,Zheleznogorsk,274,1014.26725,0.0,156.52,34.38,-157.9,44.08,-26.02,38643.9,9.08
9.5,Yakutsk,295,1049.368875,0.0,156.81,34.38,-158.19,43.78,-26.32,38643.9,8.78
9.5,Khabarovsk,198,997.44075,0.0,156.37,34.38,-157.75,44.22,-25.88,38643.9,9.22
9.5,Vladivostok,14,1102.770125,0.0,157.25,34.38,-158.62,43.35,-26.75,38643.9,8.35
9.5,Minsk,215,1474.3835,0.0,159.77,34.38,-161.15,40.83,-29.27,38643.9,5.83
9.5,Almaty,273,1187.444125,0.0,157.89,34.38,-159.27,42.71,-27.39,38643.9,7.71
9.5,Tehran,253,1212.124375,0.0,158.07,34.38,-159.45,42.53,-27.57,38643.9,7.53
9.5,Urumqi,158,1093.42175,0.0,157.17,34.38,-158.55,43.43,-26.67,38643.9,8.43
9.5,Delhi,120,1297.449875,0.0,158.66,34.38,-160.04,41.94,-28.16,38643.9,6.94
9.5,Yangon,292,1106.514375,0.0,157.27,34.38,-158.65,43.32,-26.78,38643.9,8.32
9.5,Jakarta,141,1028.594625,0.0,156.64,34.38,-158.02,43.96,-26.14,38643.9,8.96
9.5,Luanda,230,1211.65925,0.0,158.06,34.38,-159.44,42.53,-27.57,38643.9,7.53
9.5,Nairobi,251,1317.6445,0.0,158.79,34.38,-160.17,41.81,-28.29,38643.9,6.81
9.5,Johannesburg,250,1564.12375,0.0,160.28,34.38,-161.66,40.32,-29.78,38643.9,5.32
9.5,Havana,133,1559.002125,0.0,160.25,34.38,-161.63,40.34,-29.75,38643.9,5.34
9.5,Caracas,1,1236.94775,0.0,158.24,34.38,-159.62,42.35,-27.74,38643.9,7.35
9.5,Buenos_Aires,3,1189.91525,0.0,157.91,34.38,-159.29,42.69,-27.41,38643.9,7.69
9.666666666666666,Vladimir,232,1036.146375,0.0,156.7,34.38,-158.08,43.89,-26.21,38643.9,8.89
9.666666666666666,Murmansk,135,1072.288,0.0,157.0,34.38,-158.38,43.59,-26.5,38643.9,8.59
9.666666666666666,Novosibirsk,272,1050.329125,0.0,156.82,34.38,-158.2,43.77,-26.32,38643.9,8.77
9.666666666666666,Zheleznogorsk,272,1121.57925,0.0,157.39,34.38,-158.77,43.2,-26.89,38643.9,8.2
9.666666666666666,Yakutsk,293,1149.390125,0.0,157.61,34.38,-158.98,42.99,-27.11,38643.9,7.99
9.666666666666666,Khabarovsk,196,1025.40625,0.0,156.61,34.38,-157.99,43.98,-26.12,38643.9,8.98
9.666666666666666,Vladivostok,12,1047.9785625,0.0,156.8,34.38,-158.18,43.79,-26.3,38643.9,8.79
9.666666666666666,Minsk,232,1295.62775,0.0,158.65,34.38,-160.02,41.95,-28.15,38643.9,6.95
9.666666666666666,Almaty,271,1238.31675,0.0,158.25,34.38,-159.63,42.34,-27.75,38643.9,7.34
9.666666666666666,Tehran,117,1277.94625,0.0,158.53,34.38,-159.91,42.07,-28.03,38643.9,7.07
9.666666666666666,Urumqi,156,1219.34,0.0,158.12,34.38,-159.5,42.48,-27.62,38643.9,7.48
9.666666666666666,Delhi,138,1313.879125,0.0,158.77,34.38,-160.15,41.83,-28.27,38643.9,6.83
9.666666666666666,Yangon,158,1032.588375,0.0,156.67,34.38,-158.05,43.92,-26.18,38643.9,8.92
9.666666666666666,Jakarta,9,1181.8995,0.0,157.85,34.38,-159.23,42.75,-27.35,38643.9,7.75
9.666666666666666,Luanda,228,1245.317875,0.0,158.3,34.38,-159.68,42.3,-27.8,38643.9,7.3
9.666666666666666,Nairobi,249,1232.25875,0.0,158.21,34.38,-159.59,42.39,-27.71,38643.9,7.39
9.666666666666666,Johannesburg,248,1292.964375,0.0,158.63,34.38,-160.01,41.97,-28.13,38643.9,6.97
9.666666666666666,Havana,18,1451.19675,0.0,159.63,34.38,-161.01,40.97,-29.13,38643.9,5.97
9.666666666666666,Caracas,19,1112.696875,0.0,157.32,34.38,-158.7,43.27,-26.83,38643.9,8.27
9.666666666666666,Buenos_Aires,1,1226.446375,0.0,158.17,34.38,-159.55,42.43,-27.67,38643.9,7.43
9.833333333333334,Vladimir,230,1146.29475,0.0,157.58,34.38,-158.96,43.02,-27.08,38643.9,8.02
9.833333333333334,Murmansk,133,1201.964875,0.0,157.99,34.38,-159.37,42.6,-27.5,38643.9,7.6
9.833333333333334,Novosibirsk,270,1047.0540625,0.0,156.8,34.38,-158.17,43.8,-26.3,38643.9,8.8
9.833333333333334,Zheleznogorsk,174,1068.965625,0.0,156.97,34.38,-158.35,43.62,-26.48,38643.9,8.62
9.833333333333334,Yakutsk,11,1159.3255,0.0,157.68,34.38,-159.06,42.92,-27.18,38643.9,7.92
9.833333333333334,Khabarovsk,194,1150.173,0.0,157.61,34.38,-158.99,42.99,-27.11,38643.9,7.99
9.833333333333334,Vladivostok,10,1105.216625,0.0,157.26,34.38,-158.64,43.33,-26.77,38643.9,8.33
9.833333333333334,Minsk,114,1121.203625,0.0,157.39,34.38,-158.77,43.21,-26.89,38643.9,8.21
9.833333333333334,Almaty,154,1366.118375,0.0,159.11,34.38,-160.48,41.49,-28.61,38643.9,6.49
9.833333333333334,Tehran,250,1423.526375,0.0,159.46,34.38,-160.84,41.13,-28.96,38643.9,6.13
9.833333333333334,Urumqi,154,1415.370125,0.0,159.41,34.38,-160.79,41.18,-28.92,38643.9,6.18
9.833333333333334,Delhi,269,1312.377,0.0,158.76,34.38,-160.14,41.84,-28.26,38643.9,6.84
9.833333333333334,Yangon,156,998.205,0.0,156.38,34.38,-157.76,44.22,-25.88,38643.9,9.22
9.833333333333334,Jakarta,7,1055.140625,0.0,156.86,34.38,-158.24,43.73,-26.36,38643.9,8.73
9.833333333333334,Luanda,226,1396.20025,0.0,159.29,34.38,-160.67,41.3,-28.8,38643.9,6.3
9.833333333333334,Nairobi,247,1274.0935,0.0,158.5,34.38,-159.88,42.1,-28.0,38643.9,7.1
9.833333333333334,Johannesburg,246,1092.84425,0.0,157.17,34.38,-158.55,43.43,-26.67,38643.9,8.43
9.833333333333334,Havana,16,1250.898,0.0,158.34,34.38,-159.72,42.26,-27.84,38643.9,7.26
9.833333333333334,Caracas,17,1124.094375,0.0,157.41,34.38,-158.79,43.19,-26.91,38643.9,8.19
9.833333333333334,Buenos_Aires,19,1363.594875,0.0,159.09,34.38,-160.47,41.51,-28.59,38643.9,6.51
10.0,Vladimir,132,1149.276,0.0,157.6,34.38,-158.98,42.99,-27.11,38643.9,7.99
10.0,Murmansk,210,1172.49225,0.0,157.78,34.38,-159.16,42.82,-27.28,38643.9,7.82
10.0,Novosibirsk,152,1132.013875,0.0,157.47,34.38,-158.85,43.12,-26.97,38643.9,8.12
10.0,Zheleznogorsk,172,1102.0635,0.0,157.24,34.38,-158.62,43.36,-26.74,38643.9,8.36
10.0,Yakutsk,9,1115.222125,0.0,157.34,34.38,-158.72,43.25,-26.84,38643.9,8.25
10.0,Khabarovsk,192,1341.9225,0.0,158.95,34.38,-160.33,41.65,-28.45,38643.9,6.65
10.0,Vladivostok,8,1261.935625,0.0,158.42,34.38,-159.8,42.18,-27.92,38643.9,7.18
10.0,Minsk,112,1016.693125,0.0,156.54,34.38,-157.92,44.06,-26.04,38643.9,9.06
10.0,Almaty,268,1358.3705,0.0,159.06,34.38,-160.44,41.54,-28.56,38643.9,6.54
10.0,Tehran,248,1272.791,0.0,158.49,34.38,-159.87,42.11,-27.99,38643.9,7.11
10.0,Urumqi,153,1412.0955,0.0,159.39,34.38,-160.77,41.2,-28.89,38643.9,6.2
10.0,Delhi,267,1318.253,0.0,158.8,34.38,-160.17,41.8,-28.3,38643.9,6.8
10.0,Yangon,154,1110.331625,0.0,157.3,34.38,-158.68,43.29,-26.81,38643.9,8.29
10.0,Jakarta,5,1072.7885,0.0,157.01,34.38,-158.39,43.59,-26.51,38643.9,8.59
10.0,Luanda,225,1365.844,0.0,159.1,34.38,-160.48,41.49,-28.61,38643.9,6.49
10.0,Nairobi,245,1431.575125,0.0,159.51,34.38,-160.89,41.08,-29.01,38643.9,6.08
10.0,Johannesburg,244,1005.250125,0.0,156.44,34.38,-157.82,44.16,-25.94,38643.9,9.16
10.0,Havana,14,1151.2685,0.0,157.62,34.38,-159.0,42.98,-27.12,38643.9,7.98
10.0,Caracas,15,1266.468875,0.0,158.45,34.38,-159.83,42.15,-27.95,38643.9,7.15
10.0,Buenos_Aires,18,1385.487,0.0,159.23,34.38,-160.61,41.37,-28.73,38643.9,6.37
10.166666666666666,Vladimir,130,1192.852375,0.0,157.93,34.38,-159.31,42.67,-27.43,38643.9,7.67
10.166666666666666,Murmansk,208,1055.99075,0.0,156.87,34.38,-158.25,43.73,-26.37,38643.9,8.73
10.166666666666666,Novosibirsk,150,1215.2555,0.0,158.09,34.38,-159.47,42.51,-27.59,38643.9,7.51
10.166666666666666,Zheleznogorsk,170,1218.421,0.0,158.11,34.38,-159.49,42.49,-27.61,38643.9,7.49
10.166666666666666,Yakutsk,210,1077.23775,0.0,157.04,34.38,-158.42,43.55,-26.54,38643.9,8.55
10.166666666666666,Khabarovsk,26,1449.725875,0.0,159.62,34.38,-161.0,40.98,-29.12,38643.9,5.98
10.166666666666666,Vladivostok,191,1230.769875,0.0,158.2,34.38,-159.58,42.4,-27.7,38643.9,7.4
10.166666666666666,Minsk,110,1008.4875,0.0,156.47,34.38,-157.85,44.13,-25.97,38643.9,9.13
10.166666666666666,Almaty,266,1221.194625,0.0,158.13,34.38,-159.51,42.47,-27.63,38643.9,7.47
10.166666666666666,Tehran,246,1212.5845,0.0,158.07,34.38,-159.45,42.53,-27.57,38643.9,7.53
10.166666666666666,Urumqi,286,1276.12725,0.0,158.51,34.38,-159.89,42.08,-28.02,38643.9,7.08
10.166666666666666,Delhi,265,1428.418875,0.0,159.49,34.38,-160.87,41.1,-28.99,38643.9,6.1
10.166666666666666,Yangon,152,1330.460875,0.0,158.88,34.38,-160.25,41.72,-28.38,38643.9,6.72
10.166666666666666,Jakarta,3,1227.81575,0.0,158.18,34.38,-159.56,42.42,-27.68,38643.9,7.42
10.166666666666666,Luanda,223,1308.27425,0.0,158.73,34.38,-160.11,41.87,-28.23,38643.9,6.87
10.166666666666666,Nairobi,244,1331.267625,0.0,158.88,34.38,-160.26,41.72,-28.38,38643.9,6.72
10.166666666666666,Johannesburg,95,1039.178625,0.0,156.73,34.38,-158.11,43.87,-26.23,38643.9,8.87
10.166666666666666,Havana,12,1176.25925,0.0,157.81,34.38,-159.18,42.79,-27.31,38643.9,7.79
10.166666666666666,Caracas,164,1385.545375,0.0,159.23,34.38,-160.61,41.37,-28.73,38643.9,6.37
10.166666666666666,Buenos_Aires,16,1268.29875,0.0,158.46,34.38,-159.84,42.14,-27.96,38643.9,7.14
10.333333333333334,Vladimir,128,1313.63325,0.0,158.77,34.38,-160.14,41.83,-28.27,38643.9,6.83
10.333333333333334,Murmansk,206,1010.017375,0.0,156.48,34.38,-157.86,44.11,-25.98,38643.9,9.11
10.333333333333334,Novosibirsk,148,1361.70775,0.0,159.08,34.38,-160.46,41.52,-28.58,38643.9,6.52
10.333333333333334,Zheleznogorsk,285,1182.334,0.0,157.85,34.38,-159.23,42.75,-27.35,38643.9,7.75
10.333333333333334,Yakutsk,208,1013.5738125,0.0,156.51,34.38,-157.89,44.08,-26.01,38643.9,9.08
10.333333333333334,Khabarovsk,24,1272.4225,0.0,158.49,34.38,-159.87,42.11,-27.99,38643.9,7.11
10.333333333333334,Vladivostok,189,1190.224375,0.0,157.91,34.38,-159.29,42.69,-27.41,38643.9,7.69
10.333333333333334,Minsk,108,1095.645125,0.0,157.19,34.38,-158.57,43.41,-26.69,38643.9,8.41
10.333333333333334,Almaty,149,1160.08,0.0,157.69,34.38,-159.06,42.91,-27.19,38643.9,7.91
10.333333333333334,Tehran,244,1259.035625,0.0,158.4,34.38,-159.78,42.2,-27.9,38643.9,7.2
10.333333333333334,Urumqi,284,1212.26075,0.0,158.07,34.38,-159.45,42.53,-27.57,38643.9,7.53
10.333333333333334,Delhi,149,1567.937,0.0,160.3,34.38,-161.68,40.29,-29.8,38643.9,5.29
10.333333333333334,Yangon,150,1612.874625,0.0,160.55,34.38,-161.93,40.05,-30.05,38643.9,5.05
10.333333333333334,Jakarta,1,1476.352875,0.0,159.78,34.38,-161.16,40.82,-29.28,38643.9,5.82
10.333333333333334,Luanda,221,1369.53775,0.0,159.13,34.38,-160.51,41.47,-28.63,38643.9,6.47
10.333333333333334,Nairobi,242,1284.97725,0.0,158.57,34.38,-159.95,42.02,-28.08,38643.9,7.02
10.333333333333334,Johannesburg,93,1116.924,0.0,157.36,34.38,-158.74,43.24,-26.86,38643.9,8.24
10.333333333333334,Havana,10,1316.568125,0.0,158.78,34.38,-160.16,41.81,-28.29,38643.9,6.81
10.333333333333334,Caracas,162,1302.021375,0.0,158.69,34.38,-160.07,41.91,-28.19,38643.9,6.91
10.333333333333334,Buenos_Aires,14,1249.145,0.0,158.33,34.38,-159.71,42.27,-27.83,38643.9,7.27
10.5,Vladimir,243,1256.78525,0.0,158.38,34.38,-159.76,42.22,-27.88,38643.9,7.22
10.5,Murmansk,204,1045.671875,0.0,156.78,34.38,-158.16,43.81,-26.29,38643.9,8.81
10.5,Novosibirsk,263,1316.754875,0.0,158.79,34.38,-160.17,41.81,-28.29,38643.9,6.81
10.5,Zheleznogorsk,283,1090.9835,0.0,157.15,34.38,-158.53,43.44,-26.65,38643.9,8.44
10.5,Yakutsk,206,1039.264875,0.0,156.73,34.38,-158.11,43.87,-26.23,38643.9,8.87
10.5,Khabarovsk,22,1156.160375,0.0,157.66,34.38,-159.04,42.94,-27.16,38643.9,7.94
10.5,Vladivostok,187,1245.397,0.0,158.3,34.38,-159.68,42.29,-27.8,38643.9,7.29
10.5,Minsk,106,1255.468875,0.0,158.37,34.38,-159.75,42.22,-27.87,38643.9,7.22
10.5,Almaty,147,1056.423875,0.0,156.87,34.38,-158.25,43.72,-26.37,38643.9,8.72
10.5,Tehran,128,1190.272125,0.0,157.91,34.38,-159.29,42.69,-27.41,38643.9,7.69
10.5,Urumqi,282,1240.7965,0.0,158.27,34.38,-159.65,42.33,-27.77,38643.9,7.33
10.5,Delhi,148,1342.128125,0.0,158.95,34.38,-160.33,41.65,-28.45,38643.9,6.65
10.5,Yangon,1,1637.73175,0.0,160.68,34.38,-162.06,39.92,-30.18,38643.9,4.92
10.5,Jakarta,170,1373.938375,0.0,159.16,34.38,-160.53,41.44,-28.66,38643.9,6.44
10.5,Luanda,90,1333.296875,0.0,158.89,34.38,-160.27,41.7,-28.4,38643.9,6.7
10.5,Nairobi,109,1330.798375,0.0,158.88,34.38,-160.26,41.72,-28.38,38643.9,6.72
10.5,Johannesburg,91,1306.72175,0.0,158.72,34.38,-160.1,41.88,-28.22,38643.9,6.88
10.5,Havana,141,1218.76525,0.0,158.11,34.38,-159.49,42.48,-27.62,38643.9,7.48
10.5,Caracas,160,1336.631375,0.0,158.92,34.38,-160.3,41.68,-28.42,38643.9,6.68
10.5,Buenos_Aires,197,1239.799125,0.0,158.26,34.38,-159.64,42.33,-27.76,38643.9,7.33
10.666666666666666,Vladimir,241,1176.156625,0.0,157.81,34.38,-159.18,42.79,-27.31,38643.9,7.79
10.666666666666666,Murmansk,143,1055.511125,0.0,156.86,34.38,-158.24,43.73,-26.37,38643.9,8.73
10.666666666666666,Novosibirsk,261,1233.7875,0.0,158.22,34.38,-159.6,42.38,-27.72,38643.9,7.38
10.666666666666666,Zheleznogorsk,281,1081.43425,0.0,157.08,34.38,-158.45,43.52,-26.58,38643.9,8.52
10.666666666666666,Yakutsk,204,1145.971375,0.0,157.58,34.38,-158.96,43.02,-27.08,38643.9,8.02
10.666666666666666,Khabarovsk,205,1091.283375,0.0,157.15,34.38,-158.53,43.44,-26.66,38643.9,8.44
10.666666666666666,Vladivostok,20,1142.354,0.0,157.55,34.38,-158.93,43.05,-27.05,38643.9,8.05
10.666666666666666,Minsk,221,1314.0795,0.0,158.77,34.38,-160.15,41.83,-28.27,38643.9,6.83
10.666666666666666,Almaty,145,1060.589625,0.0,156.91,34.38,-158.29,43.69,-26.41,38643.9,8.69
10.666666666666666,Tehran,126,1040.7281875,0.0,156.74,34.38,-158.12,43.85,-26.24,38643.9,8.85
10.666666666666666,Urumqi,165,1301.986,0.0,158.69,34.38,-160.07,41.91,-28.19,38643.9,6.91
10.666666666666666,Delhi,146,1134.460125,0.0,157.49,34.38,-158.87,43.11,-26.99,38643.9,8.11
10.666666666666666,Yangon,19,1356.846125,0.0,159.05,34.38,-160.43,41.55,-28.55,38643.9,6.55
10.666666666666666,Jakarta,168,1250.7735,0.0,158.34,34.38,-159.72,42.26,-27.84,38643.9,7.26
10.666666666666666,Luanda,88,1334.063625,0.0,158.9,34.38,-160.28,41.7,-28.4,38643.9,6.7
10.666666666666666,Nairobi,107,1407.801875,0.0,159.37,34.38,-160.75,41.23,-28.87,38643.9,6.23
10.666666666666666,Johannesburg,89,1569.55125,0.0,160.31,34.38,-161.69,40.29,-29.81,38643.9,5.29
10.666666666666666,Havana,159,1156.667375,0.0,157.66,34.38,-159.04,42.94,-27.16,38643.9,7.94
10.666666666666666,Caracas,27,1412.2835,0.0,159.39,34.38,-160.77,41.2,-28.9,38643.9,6.2
10.666666666666666,Buenos_Aires,195,1328.576,0.0,158.86,34.38,-160.24,41.73,-28.37,38643.9,6.73
10.833333333333334,Vladimir,123,1129.296875,0.0,157.45,34.38,-158.83,43.14,-26.95,38643.9,8.14
10.833333333333334,Murmansk,141,1134.881375,0.0,157.49,34.38,-158.87,43.1,-27.0,38643.9,8.1
10.833333333333334,Novosibirsk,163,1147.638375,0.0,157.59,34.38,-158.97,43.0,-27.09,38643.9,8.0
10.833333333333334,Zheleznogorsk,299,1158.725,0.0,157.68,34.38,-159.05,42.92,-27.18,38643.9,7.92
10.833333333333334,Yakutsk,0,1170.976625,0.0,157.77,34.38,-159.15,42.83,-27.27,38643.9,7.83
10.833333333333334,Khabarovsk,203,1069.949125,0.0,156.98,34.38,-158.36,43.61,-26.48,38643.9,8.61
10.833333333333334,Vladivostok,38,1023.4084375,0.0,156.6,34.38,-157.98,44.0,-26.1,38643.9,9.0
10.833333333333334,Minsk,239,1190.0475,0.0,157.91,34.38,-159.29,42.69,-27.41,38643.9,7.69
10.833333333333334,Almaty,143,1168.199375,0.0,157.75,34.38,-159.13,42.85,-27.25,38643.9,7.85
10.833333333333334,Tehran,124,1007.4625,0.0,156.46,34.38,-157.84,44.14,-25.96,38643.9,9.14
10.833333333333334,Urumqi,163,1365.085125,0.0,159.1,34.38,-160.48,41.5,-28.6,38643.9,6.5
10.833333333333334,Delhi,144,1029.7118125,0.0,156.65,34.38,-158.03,43.95,-26.15,38643.9,8.95
10.833333333333334,Yangon,17,1137.369,0.0,157.51,34.38,-158.89,43.08,-27.02,38643.9,8.08
10.833333333333334,Jakarta,166,1249.263,0.0,158.33,34.38,-159.71,42.27,-27.83,38643.9,7.27
10.833333333333334,Luanda,86,1449.301625,0.0,159.62,34.38,-161.0,40.98,-29.12,38643.9,5.98
10.833333333333334,Nairobi,106,1342.19975,0.0,158.95,34.38,-160.33,41.64,-28.45,38643.9,6.64
10.833333333333334,Johannesburg,88,1511.021625,0.0,159.98,34.38,-161.36,40.62,-29.48,38643.9,5.62
10.833333333333334,Havana,157,1219.124625,0.0,158.12,34.38,-159.5,42.48,-27.62,38643.9,7.48
10.833333333333334,Caracas,25,1162.23725,0.0,157.7,34.38,-159.08,42.9,-27.2,38643.9,7.9
10.833333333333334,Buenos_Aires,194,1432.87975,0.0,159.52,34.38,-160.9,41.08,-29.02,38643.9,6.08
11.0,Vladimir,121,1081.19775,0.0,157.07,34.38,-158.45,43.52,-26.58,38643.9,8.52
11.0,Murmansk,120,1244.519,0.0,158.3,34.38,-159.67,42.3,-27.8,38643.9,7.3
11.0,Novosibirsk,161,1028.2735,0.0,156.64,34.38,-158.02,43.96,-26.14,38643.9,8.96
11.0,Zheleznogorsk,161,1212.450875,0.0,158.07,34.38,-159.45,42.53,-27.57,38643.9,7.53
11.0,Yakutsk,18,1075.6385,0.0,157.03,34.38,-158.41,43.57,-26.53,38643.9,8.57
11.0,Khabarovsk,201,1149.839,0.0,157.61,34.38,-158.99,42.99,-27.11,38643.9,7.99
11.0,Vladivostok,36,1011.006375,0.0,156.49,34.38,-157.87,44.11,-25.99,38643.9,9.11
11.0,Minsk,237,1145.28225,0.0,157.57,34.38,-158.95,43.02,-27.08,38643.9,8.02
11.0,Almaty,141,1351.644875,0.0,159.01,34.38,-160.39,41.58,-28.51,38643.9,6.58
11.0,Tehran,122,1097.977875,0.0,157.21,34.38,-158.59,43.39,-26.71,38643.9,8.39
11.0,Urumqi,297,1225.726375,0.0,158.16,34.38,-159.54,42.43,-27.67,38643.9,7.43
11.0,Delhi,142,1056.43425,0.0,156.87,34.38,-158.25,43.72,-26.37,38643.9,8.72
11.0,Yangon,15,1023.136125,0.0,156.59,34.38,-157.97,44.0,-26.1,38643.9,9.0
11.0,Jakarta,164,1370.2425,0.0,159.13,34.38,-160.51,41.47,-28.63,38643.9,6.47
11.0,Luanda,85,1296.153875,0.0,158.65,34.38,-160.03,41.95,-28.15,38643.9,6.95
11.0,Nairobi,104,1210.279625,0.0,158.05,34.38,-159.43,42.54,-27.56,38643.9,7.54
11.0,Johannesburg,272,1447.1495,0.0,159.61,34.38,-160.99,40.99,-29.11,38643.9,5.99
11.0,Havana,155,1391.191,0.0,159.26,34.38,-160.64,41.33,-28.77,38643.9,6.33
11.0,Caracas,23,1013.0045,0.0,156.51,34.38,-157.89,44.09,-26.01,38643.9,9.09
11.0,Buenos_Aires,192,1270.0485,0.0,158.47,34.38,-159.85,42.12,-27.97,38643.9,7.12
11.166666666666666,Vladimir,139,1120.001875,0.0,157.38,34.38,-158.76,43.22,-26.88,38643.9,8.22
11.166666666666666,Murmansk,236,1126.563875,0.0,157.43,34.38,-158.81,43.17,-26.93,38643.9,8.17
11.166666666666666,Novosibirsk,179,1001.1958125,0.0,156.41,34.38,-157.79,44.19,-25.91,38643.9,9.19
11.166666666666666,Zheleznogorsk,198,1254.903125,0.0,158.37,34.38,-159.75,42.23,-27.87,38643.9,7.23
11.166666666666666,Yakutsk,16,1061.867875,0.0,156.92,34.38,-158.3,43.68,-26.42,38643.9,8.68
11.166666666666666,Khabarovsk,219,1309.656875,0.0,158.74,34.38,-160.12,41.86,-28.24,38643.9,6.86
11.166666666666666,Vladivostok,34,1112.130625,0.0,157.32,34.38,-158.7,43.28,-26.82,38643.9,8.28
11.166666666666666,Minsk,139,1075.036,0.0,157.02,34.38,-158.4,43.57,-26.53,38643.9,8.57
11.166666666666666,Almaty,295,1331.7065,0.0,158.88,34.38,-160.26,41.71,-28.39,38643.9,6.71
11.166666666666666,Tehran,274,1200.099875,0.0,157.98,34.38,-159.36,42.62,-27.48,38643.9,7.62
11.166666666666666,Urumqi,295,1151.504625,0.0,157.62,34.38,-159.0,42.98,-27.12,38643.9,7.98
11.166666666666666,Delhi,294,1042.1196875,0.0,156.75,34.38,-158.13,43.84,-26.26,38643.9,8.84
11.166666666666666,Yangon,13,1051.664875,0.0,156.83,34.38,-158.21,43.76,-26.34,38643.9,8.76
11.166666666666666,Jakarta,31,1366.455625,0.0,159.11,34.38,-160.49,41.49,-28.61,38643.9,6.49
11.166666666666666,Luanda,83,1202.683,0.0,158.0,34.38,-159.38,42.6,-27.5,38643.9,7.6
11.166666666666666,Nairobi,102,1204.1165,0.0,158.01,34.38,-159.39,42.59,-27.51,38643.9,7.59
11.166666666666666,Johannesburg,270,1279.62475,0.0,158.54,34.38,-159.92,42.06,-28.04,38643.9,7.06
11.166666666666666,Havana,20,1575.04175,0.0,160.34,34.38,-161.72,40.26,-29.84,38643.9,5.26
11.166666666666666,Caracas,21,1009.7473125,0.0,156.48,34.38,-157.86,44.12,-25.98,38643.9,9.12
11.166666666666666,Buenos_Aires,190,1200.654875,0.0,157.98,34.38,-159.36,42.61,-27.49,38643.9,7.61
11.333333333333334,Vladimir,137,1234.627,0.0,158.23,34.38,-159.61,42.37,-27.73,38643.9,7.37
11.333333333333334,Murmansk,234,1026.3469375,0.0,156.62,34.38,-158.0,43.98,-26.12,38643.9,8.98
11.333333333333334,Novosibirsk,177,1070.374875,0.0,156.99,34.38,-158.37,43.61,-26.49,38643.9,8.61
11.333333333333334,Zheleznogorsk,294,1271.524875,0.0,158.48,34.38,-159.86,42.11,-27.98,38643.9,7.11
11.333333333333334,Yakutsk,14,1134.860875,0.0,157.49,34.38,-158.87,43.1,-27.0,38643.9,8.1
11.333333333333334,Khabarovsk,33,1261.165625,0.0,158.41,34.38,-159.79,42.19,-27.91,38643.9,7.19
11.333333333333334,Vladivostok,218,1143.324375,0.0,157.56,34.38,-158.94,43.04,-27.06,38643.9,8.04
11.333333333333334,Minsk,137,1036.9946875,0.0,156.71,34.38,-158.09,43.89,-26.21,38643.9,8.89
11.333333333333334,Almaty,293,1138.215125,0.0,157.52,34.38,-158.9,43.08,-27.02,38643.9,8.08
11.333333333333334,Tehran,272,1049.171,0.0,156.81,34.38,-158.19,43.78,-26.31,38643.9,8.78
11.333333333333334,Urumqi,178,1114.488125,0.0,157.34,34.38,-158.72,43.26,-26.84,38643.9,8.26
11.333333333333334,Delhi,292,1066.76775,0.0,156.96,34.38,-158.34,43.64,-26.46,38643.9,8.64
11.333333333333334,Yangon,179,1197.19075,0.0,157.96,34.38,-159.34,42.64,-27.46,38643.9,7.64
11.333333333333334,Jakarta,161,1284.310375,0.0,158.57,34.38,-159.95,42.03,-28.07,38643.9,7.03
11.333333333333334,Luanda,250,1113.916375,0.0,157.33,34.38,-158.71,43.26,-26.83,38643.9,8.26
11.333333333333334,Nairobi,270,1291.7495,0.0,158.62,34.38,-160.0,41.98,-28.12,38643.9,6.98
11.333333333333334,Johannesburg,268,1214.601375,0.0,158.08,34.38,-159.46,42.51,-27.59,38643.9,7.51
11.333333333333334,Havana,38,1503.527125,0.0,159.94,34.38,-161.32,40.66,-29.44,38643.9,5.66
11.333333333333334,Caracas,39,1152.51075,0.0,157.63,34.38,-159.01,42.97,-27.13,38643.9,7.97
11.333333333333334,Buenos_Aires,22,1150.711625,0.0,157.62,34.38,-158.99,42.98,-27.12,38643.9,7.98
11.5,Vladimir,252,1191.27275,0.0,157.92,34.38,-159.3,42.68,-27.42,38643.9,7.68
11.5,Murmansk,232,998.91,0.0,156.39,34.38,-157.77,44.21,-25.89,38643.9,9.21
11.5,Novosibirsk,175,1216.529625,0.0,158.1,34.38,-159.48,42.5,-27.6,38643.9,7.5
11.5,Zheleznogorsk,292,1174.37325,0.0,157.79,34.38,-159.17,42.8,-27.29,38643.9,7.8
11.5,Yakutsk,234,1103.020625,0.0,157.25,34.38,-158.63,43.35,-26.75,38643.9,8.35
11.5,Khabarovsk,31,1191.8815,0.0,157.92,34.38,-159.3,42.68,-27.42,38643.9,7.68
11.5,Vladivostok,216,1022.9100625,0.0,156.59,34.38,-157.97,44.0,-26.09,38643.9,9.0
11.5,Minsk,135,1096.76675,0.0,157.2,34.38,-158.58,43.4,-26.7,38643.9,8.4
11.5,Almaty,291,1021.7334375,0.0,156.58,34.38,-157.96,44.01,-26.08,38643.9,9.01
11.5,Tehran,270,1008.61975,0.0,156.47,34.38,-157.85,44.13,-25.97,38643.9,9.13
11.5,Urumqi,176,1069.587625,0.0,156.98,34.38,-158.36,43.62,-26.48,38643.9,8.62
11.5,Delhi,290,1214.99275,0.0,158.09,34.38,-159.47,42.51,-27.59,38643.9,7.51
11.5,Yangon,177,1399.159125,0.0,159.31,34.38,-160.69,41.28,-28.82,38643.9,6.28
11.5,Jakarta,179,1316.747625,0.0,158.79,34.38,-160.16,41.81,-28.29,38643.9,6.81
11.5,Luanda,248,1024.567625,0.0,156.61,34.38,-157.99,43.99,-26.11,38643.9,8.99
11.5,Nairobi,268,1088.96025,0.0,157.14,34.38,-158.52,43.46,-26.64,38643.9,8.46
11.5,Johannesburg,266,1265.871625,0.0,158.44,34.38,-159.82,42.15,-27.95,38643.9,7.15
11.5,Havana,170,1500.4,0.0,159.92,34.38,-161.3,40.68,-29.42,38643.9,5.68
11.5,Caracas,37,1395.66375,0.0,159.29,34.38,-160.67,41.31,-28.79,38643.9,6.31
11.5,Buenos_Aires,20,1036.5710625,0.0,156.71,34.38,-158.09,43.89,-26.21,38643.9,8.89
11.666666666666666,Vladimir,250,1097.20375,0.0,157.2,34.38,-158.58,43.4,-26.7,38643.9,8.4
11.666666666666666,Murmansk,152,1042.881125,0.0,156.76,34.38,-158.14,43.84,-26.26,38643.9,8.84
11.666666666666666,Novosibirsk,290,1190.549625,0.0,157.91,34.38,-159.29,42.69,-27.41,38643.9,7.69
11.666666666666666,Zheleznogorsk,290,1159.40075,0.0,157.68,34.38,-159.06,42.92,-27.18,38643.9,7.92
11.666666666666666,Yakutsk,232,1126.76625,0.0,157.43,34.38,-158.81,43.16,-26.93,38643.9,8.16
11.666666666666666,Khabarovsk,29,1215.518875,0.0,158.09,34.38,-159.47,42.51,-27.59,38643.9,7.51
11.666666666666666,Vladivostok,214,1013.252125,0.0,156.51,34.38,-157.89,44.09,-26.01,38643.9,9.09
11.666666666666666,Minsk,133,1237.46275,0.0,158.25,34.38,-159.63,42.35,-27.75,38643.9,7.35
11.666666666666666,Almaty,289,1013.46325,0.0,156.51,34.38,-157.89,44.08,-26.01,38643.9,9.08
11.666666666666666,Tehran,268,1094.24075,0.0,157.18,34.38,-158.56,43.42,-26.68,38643.9,8.42
11.666666666666666,Urumqi,174,1130.525125,0.0,157.46,34.38,-158.84,43.14,-26.96,38643.9,8.14
11.666666666666666,Delhi,288,1450.9825,0.0,159.63,34.38,-161.01,40.97,-29.13,38643.9,5.97
11.666666666666666,Yangon,176,1464.088625,0.0,159.71,34.38,-161.09,40.89,-29.21,38643.9,5.89
11.666666666666666,Jakarta,26,1268.245875,0.0,158.46,34.38,-159.84,42.14,-27.96,38643.9,7.14
11.666666666666666,Luanda,246,1084.99075,0.0,157.1,34.38,-158.48,43.49,-26.61,38643.9,8.49
11.666666666666666,Nairobi,266,1012.44725,0.0,156.5,34.38,-157.88,44.09,-26.01,38643.9,9.09
11.666666666666666,Johannesburg,117,1386.661375,0.0,159.24,34.38,-160.61,41.36,-28.74,38643.9,6.36
11.666666666666666,Havana,168,1242.030375,0.0,158.28,34.38,-159.66,42.32,-27.78,38643.9,7.32
11.666666666666666,Caracas,35,1694.812,0.0,160.98,34.38,-162.36,39.62,-30.48,38643.9,4.62
11.666666666666666,Buenos_Aires,38,1042.5085,0.0,156.76,34.38,-158.14,43.84,-26.26,38643.9,8.84
11.833333333333334,Vladimir,248,1090.652625,0.0,157.15,34.38,-158.53,43.45,-26.65,38643.9,8.45
11.833333333333334,Murmansk,150,1026.1013125,0.0,156.62,34.38,-158.0,43.98,-26.12,38643.9,8.98
11.833333333333334,Novosibirsk,288,1080.145125,0.0,157.07,34.38,-158.44,43.53,-26.57,38643.9,8.53
11.833333333333334,Zheleznogorsk,191,1113.748375,0.0,157.33,34.38,-158.71,43.27,-26.83,38643.9,8.27
11.833333333333334,Yakutsk,230,1228.43375,0.0,158.18,34.38,-159.56,42.41,-27.68,38643.9,7.41
11.833333333333334,Khabarovsk,27,1329.554,0.0,158.87,34.38,-160.25,41.73,-28.37,38643.9,6.73
11.833333333333334,Vladivostok,212,1113.932875,0.0,157.33,34.38,-158.71,43.26,-26.83,38643.9,8.26
11.833333333333334,Minsk,248,1241.6675,0.0,158.28,34.38,-159.66,42.32,-27.78,38643.9,7.32
11.833333333333334,Almaty,172,1004.089125,0.0,156.43,34.38,-157.81,44.17,-25.93,38643.9,9.17
11.833333333333334,Tehran,152,1190.55475,0.0,157.91,34.38,-159.29,42.69,-27.41,38643.9,7.69
11.833333333333334,Urumqi,7,1210.890375,0.0,158.06,34.38,-159.44,42.54,-27.56,38643.9,7.54
11.833333333333334,Delhi,173,1327.114375,0.0,158.85,34.38,-160.23,41.74,-28.36,38643.9,6.74
11.833333333333334,Yangon,174,1451.136,0.0,159.63,34.38,-161.01,40.97,-29.13,38643.9,5.97
11.833333333333334,Jakarta,24,1174.38475,0.0,157.79,34.38,-159.17,42.8,-27.29,38643.9,7.8
11.833333333333334,Luanda,244,1272.952125,0.0,158.49,34.38,-159.87,42.1,-27.99,38643.9,7.1
11.833333333333334,Nairobi,264,1089.453875,0.0,157.14,34.38,-158.52,43.46,-26.64,38643.9,8.46
11.833333333333334,Johannesburg,263,1336.148,0.0,158.91,34.38,-160.29,41.68,-28.41,38643.9,6.68
11.833333333333334,Havana,166,1056.137875,0.0,156.87,34.38,-158.25,43.73,-26.37,38643.9,8.73
11.833333333333334,Caracas,185,1565.79675,0.0,160.29,34.38,-161.67,40.31,-29.79,38643.9,5.31
11.833333333333334,Buenos_Aires,36,1169.646375,0.0,157.76,34.38,-159.14,42.84,-27.26,38643.9,7.84
12.0,Vladimir,149,1076.526375,0.0,157.04,34.38,-158.42,43.56,-26.54,38643.9,8.56
12.0,Murmansk,148,1084.521875,0.0,157.1,34.38,-158.48,43.5,-26.6,38643.9,8.5
12.0,Novosibirsk,286,1057.1575,0.0,156.88,34.38,-158.26,43.72,-26.38,38643.9,8.72
12.0,Zheleznogorsk,189,1028.6190625,0.0,156.64,34.38,-158.02,43.96,-26.14,38643.9,8.96
12.0,Yakutsk,26,1115.433,0.0,157.34,34.38,-158.72,43.25,-26.85,38643.9,8.25
12.0,Khabarovsk,229,1280.18425,0.0,158.54,34.38,-159.92,42.06,-28.04,38643.9,7.06
12.0,Vladivostok,45,1261.71425,0.0,158.41,34.38,-159.79,42.18,-27.92,38643.9,7.18
12.0,Minsk,246,1089.1885,0.0,157.14,34.38,-158.52,43.46,-26.64,38643.9,8.46
12.0,Almaty,170,1051.320125,0.0,156.83,34.38,-158.21,43.77,-26.33,38643.9,8.77
12.0,Tehran,150,1067.28475,0.0,156.96,34.38,-158.34,43.64,-26.46,38643.9,8.64
12.0,Urumqi,5,1131.725125,0.0,157.47,34.38,-158.85,43.13,-26.97,38643.9,8.13
12.0,Delhi,171,1126.444875,0.0,157.43,34.38,-158.81,43.17,-26.93,38643.9,8.17
12.0,Yangon,172,1540.467125,0.0,160.15,34.38,-161.53,40.45,-29.65,38643.9,5.45
12.0,Jakarta,22,1212.64625,0.0,158.07,34.38,-159.45,42.53,-27.57,38643.9,7.53
12.0,Luanda,242,1541.073625,0.0,160.15,34.38,-161.53,40.44,-29.65,38643.9,5.44
12.0,Nairobi,262,1292.434375,0.0,158.62,34.38,-160.0,41.97,-28.13,38643.9,6.97
12.0,Johannesburg,114,1223.8335,0.0,158.15,34.38,-159.53,42.45,-27.65,38643.9,7.45
12.0,Havana,164,988.52725,0.0,156.3,34.38,-157.67,44.3,-25.8,38643.9,9.3
12.0,Caracas,183,1286.0065,0.0,158.58,34.38,-159.96,42.02,-28.08,38643.9,7.02
12.0,Buenos_Aires,34,1387.02425,0.0,159.24,34.38,-160.62,41.36,-28.74,38643.9,6.36
12.166666666666666,Vladimir,147,998.923625,0.0,156.39,34.38,-157.77,44.21,-25.89,38643.9,9.21
12.166666666666666,Murmansk,146,1205.366625,0.0,158.02,34.38,-159.4,42.58,-27.52,38643.9,7.58
12.166666666666666,Novosibirsk,187,1089.67,0.0,157.14,34.38,-158.52,43.46,-26.64,38643.9,8.46
12.166666666666666,Zheleznogorsk,187,1035.587875,0.0,156.7,34.38,-158.08,43.9,-26.2,38643.9,8.9
12.166666666666666,Yakutsk,24,1017.12075,0.0,156.54,34.38,-157.92,44.05,-26.05,38643.9,9.05
12.166666666666666,Khabarovsk,227,1313.707,0.0,158.77,34.38,-160.14,41.83,-28.27,38643.9,6.83
12.166666666666666,Vladivostok,43,1189.3345,0.0,157.9,34.38,-159.28,42.7,-27.4,38643.9,7.7
12.166666666666666,Minsk,244,1014.3795,0.0,156.52,34.38,-157.9,44.08,-26.02,38643.9,9.08
12.166666666666666,Almaty,168,1197.6795,0.0,157.96,34.38,-159.34,42.63,-27.46,38643.9,7.63
12.166666666666666,Tehran,148,1061.82725,0.0,156.92,34.38,-158.3,43.68,-26.42,38643.9,8.68
12.166666666666666,Urumqi,3,1150.922625,0.0,157.62,34.38,-159.0,42.98,-27.12,38643.9,7.98
12.166666666666666,Delhi,169,1032.1678125,0.0,156.67,34.38,-158.05,43.93,-26.17,38643.9,8.93
12.166666666666666,Yangon,21,1396.070125,0.0,159.29,34.38,-160.67,41.3,-28.8,38643.9,6.3
12.166666666666666,Jakarta,20,1371.396625,0.0,159.14,34.38,-160.52,41.46,-28.64,38643.9,6.46
12.166666666666666,Luanda,111,1358.652125,0.0,159.06,34.38,-160.44,41.54,-28.56,38643.9,6.54
12.166666666666666,Nairobi,131,1194.115,0.0,157.94,34.38,-159.32,42.66,-27.44,38643.9,7.66
12.166666666666666,Johannesburg,112,1159.685375,0.0,157.68,34.38,-159.06,42.91,-27.18,38643.9,7.91
12.166666666666666,Havana,162,1064.936125,0.0,156.94,34.38,-158.32,43.65,-26.44,38643.9,8.65
12.166666666666666,Caracas,181,1078.660875,0.0,157.05,34.38,-158.43,43.54,-26.56,38643.9,8.54
12.166666666666666,Buenos_Aires,219,1243.789375,0.0,158.29,34.38,-159.67,42.31,-27.79,38643.9,7.31
12.333333333333334,Vladimir,145,1017.967375,0.0,156.55,34.38,-157.93,44.05,-26.05,38643.9,9.05
12.333333333333334,Murmansk,243,1129.905625,0.0,157.46,34.38,-158.84,43.14,-26.96,38643.9,8.14
12.333333333333334,Novosibirsk,185,1037.1850625,0.0,156.71,34.38,-158.09,43.88,-26.21,38643.9,8.88
12.333333333333334,Zheleznogorsk,2,1033.889,0.0,156.69,34.38,-158.06,43.91,-26.19,38643.9,8.91
12.333333333333334,Yakutsk,22,1001.6860625,0.0,156.41,34.38,-157.79,44.19,-25.91,38643.9,9.19
12.333333333333334,Khabarovsk,42,1348.28725,0.0,158.99,34.38,-160.37,41.61,-28.49,38643.9,6.61
12.333333333333334,Vladivostok,41,1211.707125,0.0,158.06,34.38,-159.44,42.53,-27.57,38643.9,7.53
12.333333333333334,Minsk,242,1037.7305625,0.0,156.72,34.38,-158.1,43.88,-26.22,38643.9,8.88
12.333333333333334,Almaty,166,1409.571375,0.0,159.38,34.38,-160.76,41.22,-28.88,38643.9,6.22
12.333333333333334,Tehran,146,1172.853,0.0,157.78,34.38,-159.16,42.82,-27.28,38643.9,7.82
12.333333333333334,Urumqi,1,1266.930625,0.0,158.45,34.38,-159.83,42.15,-27.95,38643.9,7.15
12.333333333333334,Delhi,167,1070.20975,0.0,156.99,34.38,-158.36,43.61,-26.49,38643.9,8.61
12.333333333333334,Yangon,39,1296.070625,0.0,158.65,34.38,-160.03,41.95,-28.15,38643.9,6.95
12.333333333333334,Jakarta,189,1379.03575,0.0,159.19,34.38,-160.57,41.41,-28.69,38643.9,6.41
12.333333333333334,Luanda,109,1126.178875,0.0,157.43,34.38,-158.81,43.17,-26.93,38643.9,8.17
12.333333333333334,Nairobi,129,1024.6825,0.0,156.61,34.38,-157.99,43.99,-26.11,38643.9,8.99
12.333333333333334,Johannesburg,110,1216.782125,0.0,158.1,34.38,-159.48,42.5,-27.6,38643.9,7.5
12.333333333333334,Havana,27,1218.9855,0.0,158.12,34.38,-159.49,42.48,-27.62,38643.9,7.48
12.333333333333334,Caracas,199,993.04125,0.0,156.34,34.38,-157.71,44.26,-25.84,38643.9,9.26
12.333333333333334,Buenos_Aires,217,1069.58575,0.0,156.98,34.38,-158.36,43.62,-26.48,38643.9,8.62
12.5,Vladimir,143,1125.817125,0.0,157.43,34.38,-158.8,43.17,-26.93,38643.9,8.17
12.5,Murmansk,241,1050.446125,0.0,156.82,34.38,-158.2,43.77,-26.33,38643.9,8.77
12.5,Novosibirsk,183,1081.656625,0.0,157.08,34.38,-158.46,43.52,-26.58,38643.9,8.52
12.5,Zheleznogorsk,0,1093.66025,0.0,157.17,34.38,-158.55,43.42,-26.68,38643.9,8.42
12.5,Yakutsk,20,1075.283875,0.0,157.03,34.38,-158.41,43.57,-26.53,38643.9,8.57
12.5,Khabarovsk,40,1160.8125,0.0,157.69,34.38,-159.07,42.91,-27.19,38643.9,7.91
12.5,Vladivostok,224,1298.723,0.0,158.67,34.38,-160.05,41.93,-28.17,38643.9,6.93
12.5,Minsk,240,1156.061625,0.0,157.66,34.38,-159.03,42.94,-27.16,38643.9,7.94
12.5,Almaty,19,1417.908625,0.0,159.43,34.38,-160.81,41.17,-28.93,38643.9,6.17
12.5,Tehran,299,1194.964,0.0,157.94,34.38,-159.32,42.65,-27.44,38643.9,7.65
12.5,Urumqi,184,1128.7515,0.0,157.45,34.38,-158.83,43.15,-26.95,38643.9,8.15
12.5,Delhi,165,1225.582625,0.0,158.16,34.38,-159.54,42.43,-27.66,38643.9,7.43
12.5,Yangon,37,1309.876375,0.0,158.74,34.38,-160.12,41.86,-28.24,38643.9,6.86
12.5,Jakarta,187,1147.19275,0.0,157.59,34.38,-158.97,43.01,-27.09,38643.9,8.01
12.5,Luanda,107,1002.2235,0.0,156.42,34.38,-157.79,44.18,-25.92,38643.9,9.18
12.5,Nairobi,127,998.034,0.0,156.38,34.38,-157.76,44.22,-25.88,38643.9,9.22
12.5,Johannesburg,108,1382.105625,0.0,159.21,34.38,-160.59,41.39,-28.71,38643.9,6.39
12.5,Havana,25,1450.304625,0.0,159.62,34.38,-161.0,40.97,-29.13,38643.9,5.97
12.5,Caracas,197,1060.84075,0.0,156.91,34.38,-158.29,43.69,-26.41,38643.9,8.69
12.5,Buenos_Aires,215,1005.54025,0.0,156.44,34.38,-157.82,44.15,-25.95,38643.9,9.15
12.666666666666666,Vladimir,278,1140.97325,0.0,157.54,34.38,-158.92,43.06,-27.04,38643.9,8.06
12.666666666666666,Murmansk,259,1041.834125,0.0,156.75,34.38,-158.13,43.85,-26.25,38643.9,8.85
12.666666666666666,Novosibirsk,18,1155.72075,0.0,157.65,34.38,-159.03,42.94,-27.15,38643.9,7.94
12.666666666666666,Zheleznogorsk,18,1234.384625,0.0,158.22,34.38,-159.6,42.37,-27.73,38643.9,7.37
12.666666666666666,Yakutsk,221,1058.46225,0.0,156.89,34.38,-158.27,43.71,-26.39,38643.9,8.71
12.666666666666666,Khabarovsk,58,1042.859625,0.0,156.76,34.38,-158.14,43.84,-26.26,38643.9,8.84
12.666666666666666,Vladivostok,222,1126.07025,0.0,157.43,34.38,-158.81,43.17,-26.93,38643.9,8.17
12.666666666666666,Minsk,141,1230.95725,0.0,158.2,34.38,-159.58,42.4,-27.7,38643.9,7.4
12.666666666666666,Almaty,17,1475.79425,0.0,159.78,34.38,-161.16,40.82,-29.28,38643.9,5.82
12.666666666666666,Tehran,297,1068.816375,0.0,156.97,34.38,-158.35,43.62,-26.48,38643.9,8.62
12.666666666666666,Urumqi,182,1011.8945,0.0,156.5,34.38,-157.88,44.1,-26.0,38643.9,9.1
12.666666666666666,Delhi,17,1210.379875,0.0,158.05,34.38,-159.43,42.54,-27.56,38643.9,7.54
12.666666666666666,Yangon,35,1435.469,0.0,159.54,34.38,-160.91,41.06,-29.04,38643.9,6.06
12.666666666666666,Jakarta,185,1023.2629375,0.0,156.6,34.38,-157.97,44.0,-26.1,38643.9,9.0
12.666666666666666,Luanda,105,1028.6723125,0.0,156.64,34.38,-158.02,43.96,-26.14,38643.9,8.96
12.666666666666666,Nairobi,125,1124.66025,0.0,157.42,34.38,-158.8,43.18,-26.92,38643.9,8.18
12.666666666666666,Johannesburg,293,1584.730625,0.0,160.39,34.38,-161.77,40.2,-29.9,38643.9,5.2
12.666666666666666,Havana,23,1730.869875,0.0,161.16,34.38,-162.54,39.44,-30.66,38643.9,4.44
12.666666666666666,Caracas,195,1258.30575,0.0,158.39,34.38,-159.77,42.21,-27.89,38643.9,7.21
12.666666666666666,Buenos_Aires,213,1068.61625,0.0,156.97,34.38,-158.35,43.62,-26.47,38643.9,8.62
12.833333333333334,Vladimir,276,1025.752125,0.0,156.62,34.38,-158.0,43.98,-26.12,38643.9,8.98
12.833333333333334,Murmansk,179,1006.7321875,0.0,156.45,34.38,-157.83,44.14,-25.96,38643.9,9.14
12.833333333333334,Novosibirsk,16,1191.0425,0.0,157.91,34.38,-159.29,42.68,-27.42,38643.9,7.68
12.833333333333334,Zheleznogorsk,200,1318.74575,0.0,158.8,34.38,-160.18,41.8,-28.3,38643.9,6.8
12.833333333333334,Yakutsk,239,1113.47775,0.0,157.33,34.38,-158.71,43.27,-26.83,38643.9,8.27
12.833333333333334,Khabarovsk,56,1022.8828125,0.0,156.59,34.38,-157.97,44.0,-26.09,38643.9,9.0
12.833333333333334,Vladivostok,220,1047.951,0.0,156.8,34.38,-158.18,43.79,-26.3,38643.9,8.79
12.833333333333334,Minsk,159,1341.2925,0.0,158.95,34.38,-160.33,41.65,-28.45,38643.9,6.65
12.833333333333334,Almaty,180,1313.6255,0.0,158.77,34.38,-160.14,41.83,-28.27,38643.9,6.83
12.833333333333334,Tehran,295,1054.424625,0.0,156.86,34.38,-158.24,43.74,-26.36,38643.9,8.74
12.833333333333334,Urumqi,180,1007.1655,0.0,156.46,34.38,-157.84,44.14,-25.96,38643.9,9.14
12.833333333333334,Delhi,15,1106.232875,0.0,157.27,34.38,-158.65,43.32,-26.77,38643.9,8.32
12.833333333333334,Yangon,182,1281.144125,0.0,158.55,34.38,-159.93,42.05,-28.05,38643.9,7.05
12.833333333333334,Jakarta,183,1047.8264375,0.0,156.8,34.38,-158.18,43.8,-26.3,38643.9,8.8
12.833333333333334,Luanda,272,1045.2734375,0.0,156.78,34.38,-158.16,43.82,-26.28,38643.9,8.82
12.833333333333334,Nairobi,293,1144.333375,0.0,157.57,34.38,-158.95,43.03,-27.07,38643.9,8.03
12.833333333333334,Johannesburg,292,1583.026375,0.0,160.39,34.38,-161.76,40.21,-29.89,38643.9,5.21
12.833333333333334,Havana,194,1591.89275,0.0,160.43,34.38,-161.81,40.16,-29.94,38643.9,5.16
12.833333333333334,Caracas,43,1415.691,0.0,159.42,34.38,-160.79,41.18,-28.92,38643.9,6.18
12.833333333333334,Buenos_Aires,45,1048.58675,0.0,156.81,34.38,-158.19,43.79,-26.31,38643.9,8.79
13.0,Vladimir,274,997.9561875,0.0,156.38,34.38,-157.76,44.22,-25.88,38643.9,9.22
13.0,Murmansk,177,1007.4729375,0.0,156.46,34.38,-157.84,44.14,-25.96,38643.9,9.14
13.0,Novosibirsk,14,1304.04525,0.0,158.7,34.38,-160.08,41.9,-28.2,38643.9,6.9
13.0,Zheleznogorsk,218,1137.43775,0.0,157.51,34.38,-158.89,43.08,-27.02,38643.9,8.08
13.0,Yakutsk,237,1235.420875,0.0,158.23,34.38,-159.61,42.36,-27.73,38643.9,7.36
13.0,Khabarovsk,238,1061.168875,0.0,156.91,34.38,-158.29,43.69,-26.41,38643.9,8.69
13.0,Vladivostok,238,1082.0115,0.0,157.08,34.38,-158.46,43.52,-26.58,38643.9,8.52
13.0,Minsk,274,1299.507125,0.0,158.67,34.38,-160.05,41.93,-28.17,38643.9,6.93
13.0,Almaty,14,1190.65375,0.0,157.91,34.38,-159.29,42.69,-27.41,38643.9,7.69
13.0,Tehran,293,1159.11375,0.0,157.68,34.38,-159.06,42.92,-27.18,38643.9,7.92
13.0,Urumqi,198,1112.72175,0.0,157.32,34.38,-158.7,43.27,-26.83,38643.9,8.27
13.0,Delhi,13,1123.73575,0.0,157.41,34.38,-158.79,43.19,-26.91,38643.9,8.19
13.0,Yangon,180,1126.160125,0.0,157.43,34.38,-158.81,43.17,-26.93,38643.9,8.17
13.0,Jakarta,51,1124.4995,0.0,157.41,34.38,-158.79,43.18,-26.92,38643.9,8.18
13.0,Luanda,270,1089.486,0.0,157.14,34.38,-158.52,43.46,-26.64,38643.9,8.46
13.0,Nairobi,291,1053.145375,0.0,156.85,34.38,-158.22,43.75,-26.35,38643.9,8.75
13.0,Johannesburg,290,1311.106,0.0,158.75,34.38,-160.13,41.85,-28.25,38643.9,6.85
13.0,Havana,192,1351.32325,0.0,159.01,34.38,-160.39,41.59,-28.51,38643.9,6.59
13.0,Caracas,41,1314.6295,0.0,158.77,34.38,-160.15,41.83,-28.27,38643.9,6.83
13.0,Buenos_Aires,43,1076.699,0.0,157.04,34.38,-158.42,43.56,-26.54,38643.9,8.56
13.166666666666666,Vladimir,272,1067.582625,0.0,156.96,34.38,-158.34,43.63,-26.47,38643.9,8.63
13.166666666666666,Murmansk,175,1085.92575,0.0,157.11,34.38,-158.49,43.49,-26.61,38643.9,8.49
13.166666666666666,Novosibirsk,196,1300.0415,0.0,158.67,34.38,-160.05,41.92,-28.18,38643.9,6.92
13.166666666666666,Zheleznogorsk,216,1028.4639375,0.0,156.64,34.38,-158.02,43.96,-26.14,38643.9,8.96
13.166666666666666,Yakutsk,53,1149.275625,0.0,157.6,34.38,-158.98,42.99,-27.11,38643.9,7.99
13.166666666666666,Khabarovsk,236,1150.648125,0.0,157.61,34.38,-158.99,42.98,-27.12,38643.9,7.98
13.166666666666666,Vladivostok,52,1202.19075,0.0,158.0,34.38,-159.37,42.6,-27.5,38643.9,7.6
13.166666666666666,Minsk,272,1134.000125,0.0,157.49,34.38,-158.87,43.11,-26.99,38643.9,8.11
13.166666666666666,Almaty,12,1064.54775,0.0,156.94,34.38,-158.32,43.66,-26.44,38643.9,8.66
13.166666666666666,Tehran,291,1357.7885,0.0,159.05,34.38,-160.43,41.54,-28.55,38643.9,6.54
13.166666666666666,Urumqi,196,1298.802625,0.0,158.67,34.38,-160.05,41.93,-28.17,38643.9,6.93
13.166666666666666,Delhi,11,1260.2755,0.0,158.41,34.38,-159.78,42.19,-27.91,38643.9,7.19
13.166666666666666,Yangon,198,1097.591125,0.0,157.2,34.38,-158.58,43.39,-26.71,38643.9,8.39
13.166666666666666,Jakarta,49,998.410375,0.0,156.38,34.38,-157.76,44.21,-25.88,38643.9,9.21
13.166666666666666,Luanda,268,1263.83725,0.0,158.43,34.38,-159.81,42.17,-27.93,38643.9,7.17
13.166666666666666,Nairobi,289,1109.683875,0.0,157.3,34.38,-158.68,43.3,-26.8,38643.9,8.3
13.166666666666666,Johannesburg,288,1108.398625,0.0,157.29,34.38,-158.67,43.31,-26.79,38643.9,8.31
13.166666666666666,Havana,58,1139.24175,0.0,157.53,34.38,-158.91,43.07,-27.03,38643.9,8.07
13.166666666666666,Caracas,59,1330.16325,0.0,158.87,34.38,-160.25,41.72,-28.38,38643.9,6.72
13.166666666666666,Buenos_Aires,41,1219.314375,0.0,158.12,34.38,-159.5,42.48,-27.62,38643.9,7.48
13.333333333333334,Vladimir,174,1069.195,0.0,156.98,34.38,-158.36,43.62,-26.48,38643.9,8.62
13.333333333333334,Murmansk,173,1225.536875,0.0,158.16,34.38,-159.54,42.43,-27.66,38643.9,7.43
13.333333333333334,Novosibirsk,214,1263.8815,0.0,158.43,34.38,-159.81,42.17,-27.93,38643.9,7.17
13.333333333333334,Zheleznogorsk,214,1012.759625,0.0,156.51,34.38,-157.89,44.09,-26.01,38643.9,9.09
13.333333333333334,Yakutsk,51,1055.1865,0.0,156.86,34.38,-158.24,43.73,-26.36,38643.9,8.73
13.333333333333334,Khabarovsk,234,1314.506,0.0,158.77,34.38,-160.15,41.83,-28.27,38643.9,6.83
13.333333333333334,Vladivostok,50,1322.013875,0.0,158.82,34.38,-160.2,41.78,-28.32,38643.9,6.78
13.333333333333334,Minsk,270,1035.6074375,0.0,156.7,34.38,-158.08,43.9,-26.2,38643.9,8.9
13.333333333333334,Almaty,10,1041.075625,0.0,156.75,34.38,-158.12,43.85,-26.25,38643.9,8.85
13.333333333333334,Tehran,175,1312.2235,0.0,158.76,34.38,-160.14,41.84,-28.26,38643.9,6.84
13.333333333333334,Urumqi,29,1444.63675,0.0,159.59,34.38,-160.97,41.01,-29.09,38643.9,6.01
13.333333333333334,Delhi,195,1351.91225,0.0,159.01,34.38,-160.39,41.58,-28.52,38643.9,6.58
13.333333333333334,Yangon,196,1202.939875,0.0,158.0,34.38,-159.38,42.6,-27.5,38643.9,7.6
13.333333333333334,Jakarta,47,1024.7623125,0.0,156.61,34.38,-157.99,43.99,-26.11,38643.9,8.99
13.333333333333334,Luanda,266,1522.795375,0.0,160.05,34.38,-161.43,40.55,-29.55,38643.9,5.55
13.333333333333334,Nairobi,287,1294.275875,0.0,158.64,34.38,-160.02,41.96,-28.14,38643.9,6.96
13.333333333333334,Johannesburg,286,1015.4553125,0.0,156.53,34.38,-157.91,44.07,-26.03,38643.9,9.07
13.333333333333334,Havana,56,1022.856,0.0,156.59,34.38,-157.97,44.0,-26.09,38643.9,9.0
13.333333333333334,Caracas,208,1390.984,0.0,159.26,34.38,-160.64,41.33,-28.76,38643.9,6.33
13.333333333333334,Buenos_Aires,59,1444.74875,0.0,159.59,34.38,-160.97,41.01,-29.09,38643.9,6.01
13.5,Vladimir,172,1066.757125,0.0,156.96,34.38,-158.34,43.64,-26.46,38643.9,8.64
13.5,Murmansk,250,1166.12925,0.0,157.73,34.38,-159.11,42.87,-27.23,38643.9,7.87
13.5,Novosibirsk,9,1142.695375,0.0,157.55,34.38,-158.93,43.04,-27.06,38643.9,8.04
13.5,Zheleznogorsk,212,1091.52625,0.0,157.16,34.38,-158.54,43.44,-26.66,38643.9,8.44
13.5,Yakutsk,49,1038.088125,0.0,156.72,34.38,-158.1,43.88,-26.22,38643.9,8.88
13.5,Khabarovsk,68,1446.202875,0.0,159.6,34.38,-160.98,41.0,-29.1,38643.9,6.0
13.5,Vladivostok,233,1446.684,0.0,159.6,34.38,-160.98,40.99,-29.11,38643.9,5.99
13.5,Minsk,268,1027.69575,0.0,156.63,34.38,-158.01,43.96,-26.13,38643.9,8.96
13.5,Almaty,8,1129.97275,0.0,157.46,34.38,-158.84,43.14,-26.96,38643.9,8.14
13.5,Tehran,173,1334.291625,0.0,158.9,34.38,-160.28,41.7,-28.4,38643.9,6.7
13.5,Urumqi,27,1484.07,0.0,159.82,34.38,-161.2,40.77,-29.33,38643.9,5.77
13.5,Delhi,193,1288.302625,0.0,158.6,34.38,-159.98,42.0,-28.1,38643.9,7.0
13.5,Yangon,194,1410.696875,0.0,159.38,34.38,-160.76,41.21,-28.89,38643.9,6.21
13.5,Jakarta,45,1192.712875,0.0,157.93,34.38,-159.31,42.67,-27.43,38643.9,7.67
13.5,Luanda,136,1473.91425,0.0,159.77,34.38,-161.14,40.83,-29.27,38643.9,5.83
13.5,Nairobi,155,1327.174625,0.0,158.85,34.38,-160.23,41.74,-28.36,38643.9,6.74
13.5,Johannesburg,137,994.0865625,0.0,156.34,34.38,-157.72,44.25,-25.85,38643.9,9.25
13.5,Havana,54,1044.851,0.0,156.78,34.38,-158.16,43.82,-26.28,38643.9,8.82
13.5,Caracas,206,1188.746375,0.0,157.9,34.38,-159.28,42.7,-27.4,38643.9,7.7
13.5,Buenos_Aires,223,1264.21825,0.0,158.43,34.38,-159.81,42.16,-27.93,38643.9,7.16
13.666666666666666,Vladimir,170,1154.626125,0.0,157.64,34.38,-159.02,42.95,-27.15,38643.9,7.95
13.666666666666666,Murmansk,248,1063.683625,0.0,156.93,34.38,-158.31,43.66,-26.43,38643.9,8.66
13.666666666666666,Novosibirsk,7,1097.7765,0.0,157.21,34.38,-158.59,43.39,-26.71,38643.9,8.39
13.666666666666666,Zheleznogorsk,210,1244.19175,0.0,158.29,34.38,-159.67,42.3,-27.8,38643.9,7.3
13.666666666666666,Yakutsk,250,1027.6313125,0.0,156.63,34.38,-158.01,43.96,-26.13,38643.9,8.96
13.666666666666666,Khabarovsk,66,1240.04625,0.0,158.26,34.38,-159.64,42.33,-27.77,38643.9,7.33
13.666666666666666,Vladivostok,231,1395.653875,0.0,159.29,34.38,-160.67,41.31,-28.79,38643.9,6.31
13.666666666666666,Minsk,150,1105.84125,0.0,157.27,34.38,-158.65,43.33,-26.77,38643.9,8.33
13.666666666666666,Almaty,6,1310.95575,0.0,158.75,34.38,-160.13,41.85,-28.25,38643.9,6.85
13.666666666666666,Tehran,286,1439.0575,0.0,159.56,34.38,-160.94,41.04,-29.06,38643.9,6.04
13.666666666666666,Urumqi,211,1357.550375,0.0,159.05,34.38,-160.43,41.55,-28.55,38643.9,6.55
13.666666666666666,Delhi,191,1332.69725,0.0,158.89,34.38,-160.27,41.71,-28.39,38643.9,6.71
13.666666666666666,Yangon,192,1681.346875,0.0,160.91,34.38,-162.29,39.69,-30.41,38643.9,4.69
13.666666666666666,Jakarta,214,1440.4825,0.0,159.57,34.38,-160.95,41.03,-29.07,38643.9,6.03
13.666666666666666,Luanda,134,1249.169625,0.0,158.33,34.38,-159.71,42.27,-27.83,38643.9,7.27
13.666666666666666,Nairobi,153,1160.048875,0.0,157.69,34.38,-159.06,42.91,-27.19,38643.9,7.91
13.666666666666666,Johannesburg,135,1069.313,0.0,156.98,34.38,-158.36,43.62,-26.48,38643.9,8.62
13.666666666666666,Havana,52,1195.22,0.0,157.94,34.38,-159.32,42.65,-27.45,38643.9,7.65
13.666666666666666,Caracas,204,1097.271875,0.0,157.2,34.38,-158.58,43.39,-26.7,38643.9,8.39
13.666666666666666,Buenos_Aires,221,1116.041125,0.0,157.35,34.38,-158.73,43.25,-26.85,38643.9,8.25
13.833333333333334,Vladimir,285,1222.49,0.0,158.14,34.38,-159.52,42.46,-27.64,38643.9,7.46
13.833333333333334,Murmansk,246,1035.094875,0.0,156.7,34.38,-158.07,43.9,-26.2,38643.9,8.9
13.833333333333334,Novosibirsk,5,1145.7395,0.0,157.58,34.38,-158.96,43.02,-27.08,38643.9,8.02
13.833333333333334,Zheleznogorsk,24,1346.57375,0.0,158.98,34.38,-160.36,41.62,-28.48,38643.9,6.62
13.833333333333334,Yakutsk,248,996.737,0.0,156.37,34.38,-157.75,44.23,-25.87,38643.9,9.23
13.833333333333334,Khabarovsk,64,1088.397625,0.0,157.13,34.38,-158.51,43.47,-26.63,38643.9,8.47
13.833333333333334,Vladivostok,64,1399.565875,0.0,159.32,34.38,-160.69,41.28,-28.82,38643.9,6.28
13.833333333333334,Minsk,148,1228.84,0.0,158.19,34.38,-159.56,42.41,-27.69,38643.9,7.41
13.833333333333334,Almaty,189,1206.652375,0.0,158.03,34.38,-159.41,42.57,-27.53,38643.9,7.57
13.833333333333334,Tehran,170,1306.322,0.0,158.72,34.38,-160.1,41.88,-28.22,38643.9,6.88
13.833333333333334,Urumqi,209,1202.4605,0.0,158.0,34.38,-159.38,42.6,-27.5,38643.9,7.6
13.833333333333334,Delhi,23,1299.305375,0.0,158.67,34.38,-160.05,41.93,-28.17,38643.9,6.93
13.833333333333334,Yangon,43,1620.537,0.0,160.59,34.38,-161.97,40.01,-30.09,38643.9,5.01
13.833333333333334,Jakarta,212,1205.195125,0.0,158.02,34.38,-159.4,42.58,-27.52,38643.9,7.58
13.833333333333334,Luanda,132,1123.42225,0.0,157.41,34.38,-158.79,43.19,-26.91,38643.9,8.19
13.833333333333334,Nairobi,151,1118.96425,0.0,157.37,34.38,-158.75,43.22,-26.87,38643.9,8.22
13.833333333333334,Johannesburg,133,1261.605375,0.0,158.41,34.38,-159.79,42.18,-27.92,38643.9,7.18
13.833333333333334,Havana,183,1426.916625,0.0,159.48,34.38,-160.86,41.11,-28.99,38643.9,6.11
13.833333333333334,Caracas,202,1145.0055,0.0,157.57,34.38,-158.95,43.02,-27.07,38643.9,8.02
13.833333333333334,Buenos_Aires,239,1078.94575,0.0,157.06,34.38,-158.43,43.54,-26.56,38643.9,8.54
14.0,Vladimir,283,1098.987625,0.0,157.22,34.38,-158.59,43.38,-26.72,38643.9,8.38
14.0,Murmansk,185,1019.9919375,0.0,156.57,34.38,-157.95,44.03,-26.07,38643.9,9.03
14.0,Novosibirsk,3,1278.376375,0.0,158.53,34.38,-159.91,42.07,-28.03,38643.9,7.07
14.0,Zheleznogorsk,23,1436.325625,0.0,159.54,34.38,-160.92,41.06,-29.04,38643.9,6.06
14.0,Yakutsk,246,1054.062125,0.0,156.85,34.38,-158.23,43.74,-26.35,38643.9,8.74
14.0,Khabarovsk,62,1020.344625,0.0,156.57,34.38,-157.95,44.03,-26.07,38643.9,9.03
14.0,Vladivostok,62,1189.79825,0.0,157.91,34.38,-159.28,42.69,-27.41,38643.9,7.69
14.0,Minsk,146,1407.435625,0.0,159.36,34.38,-160.74,41.23,-28.87,38643.9,6.23
14.0,Almaty,187,1188.233625,0.0,157.89,34.38,-159.27,42.7,-27.4,38643.9,7.7
14.0,Tehran,168,1157.439125,0.0,157.67,34.38,-159.04,42.93,-27.17,38643.9,7.93
14.0,Urumqi,22,1074.9785,0.0,157.02,34.38,-158.4,43.57,-26.53,38643.9,8.57
14.0,Delhi,21,1097.151875,0.0,157.2,34.38,-158.58,43.4,-26.7,38643.9,8.4
14.0,Yangon,41,1337.51725,0.0,158.92,34.38,-160.3,41.68,-28.42,38643.9,6.68
14.0,Jakarta,210,1070.831,0.0,156.99,34.38,-158.37,43.61,-26.49,38643.9,8.61
14.0,Luanda,130,1131.780375,0.0,157.47,34.38,-158.85,43.13,-26.97,38643.9,8.13
14.0,Nairobi,149,1216.957875,0.0,158.1,34.38,-159.48,42.5,-27.6,38643.9,7.5
14.0,Johannesburg,131,1528.595,0.0,160.08,34.38,-161.46,40.52,-29.58,38643.9,5.52
14.0,Havana,181,1367.922375,0.0,159.12,34.38,-160.5,41.48,-28.62,38643.9,6.48
14.0,Caracas,200,1317.61625,0.0,158.79,34.38,-160.17,41.81,-28.29,38643.9,6.81
14.0,Buenos_Aires,237,1160.791125,0.0,157.69,34.38,-159.07,42.91,-27.19,38643.9,7.91
14.166666666666666,Vladimir,281,1051.768625,0.0,156.83,34.38,-158.21,43.76,-26.34,38643.9,8.76
14.166666666666666,Murmansk,183,1039.2800625,0.0,156.73,34.38,-158.11,43.87,-26.23,38643.9,8.87
14.166666666666666,Novosibirsk,205,1270.869,0.0,158.48,34.38,-159.86,42.12,-27.98,38643.9,7.12
14.166666666666666,Zheleznogorsk,21,1246.67325,0.0,158.31,34.38,-159.69,42.29,-27.81,38643.9,7.29
14.166666666666666,Yakutsk,244,1184.382625,0.0,157.87,34.38,-159.24,42.73,-27.37,38643.9,7.73
14.166666666666666,Khabarovsk,245,998.993,0.0,156.39,34.38,-157.77,44.21,-25.89,38643.9,9.21
14.166666666666666,Vladivostok,60,1047.164,0.0,156.8,34.38,-158.18,43.8,-26.3,38643.9,8.8
14.166666666666666,Minsk,261,1361.707875,0.0,159.08,34.38,-160.46,41.52,-28.58,38643.9,6.52
14.166666666666666,Almaty,185,1264.185625,0.0,158.43,34.38,-159.81,42.16,-27.93,38643.9,7.16
14.166666666666666,Tehran,166,1112.474,0.0,157.32,34.38,-158.7,43.28,-26.82,38643.9,8.28
14.166666666666666,Urumqi,20,1024.3168125,0.0,156.6,34.38,-157.98,43.99,-26.11,38643.9,8.99
14.166666666666666,Delhi,39,995.66125,0.0,156.36,34.38,-157.74,44.24,-25.86,38643.9,9.24
14.166666666666666,Yangon,59,1116.02375,0.0,157.35,34.38,-158.73,43.25,-26.85,38643.9,8.25
14.166666666666666,Jakarta,208,1077.278125,0.0,157.04,34.38,-158.42,43.55,-26.54,38643.9,8.55
14.166666666666666,Luanda,128,1272.349125,0.0,158.49,34.38,-159.87,42.11,-27.99,38643.9,7.11
14.166666666666666,Nairobi,147,1425.21575,0.0,159.47,34.38,-160.85,41.12,-28.98,38643.9,6.12
14.166666666666666,Johannesburg,16,1507.8275,0.0,159.96,34.38,-161.34,40.63,-29.46,38643.9,5.63
14.166666666666666,Havana,199,1415.087,0.0,159.41,34.38,-160.79,41.19,-28.91,38643.9,6.19
14.166666666666666,Caracas,67,1179.179,0.0,157.83,34.38,-159.21,42.77,-27.33,38643.9,7.77
14.166666666666666,Buenos_Aires,69,1313.5455,0.0,158.76,34.38,-160.14,41.83,-28.27,38643.9,6.83
14.333333333333334,Vladimir,299,1094.10175,0.0,157.18,34.38,-158.56,43.42,-26.68,38643.9,8.42
14.333333333333334,Murmansk,181,1134.35825,0.0,157.49,34.38,-158.87,43.11,-26.99,38643.9,8.11
14.333333333333334,Novosibirsk,203,1124.852125,0.0,157.42,34.38,-158.8,43.18,-26.92,38643.9,8.18
14.333333333333334,Zheleznogorsk,39,1110.638125,0.0,157.31,34.38,-158.69,43.29,-26.81,38643.9,8.29
14.333333333333334,Yakutsk,40,1195.80275,0.0,157.95,34.38,-159.33,42.65,-27.45,38643.9,7.65
14.333333333333334,Khabarovsk,243,1045.937125,0.0,156.79,34.38,-158.17,43.81,-26.29,38643.9,8.81
14.333333333333334,Vladivostok,78,1005.1520625,0.0,156.44,34.38,-157.82,44.16,-25.94,38643.9,9.16
14.333333333333334,Minsk,163,1251.163125,0.0,158.34,34.38,-159.72,42.25,-27.84,38643.9,7.25
14.333333333333334,Almaty,38,1103.693125,0.0,157.25,34.38,-158.63,43.34,-26.75,38643.9,8.34
14.333333333333334,Tehran,18,1033.6203125,0.0,156.68,34.38,-158.06,43.91,-26.18,38643.9,8.91
14.333333333333334,Urumqi,38,1086.964625,0.0,157.12,34.38,-158.5,43.48,-26.62,38643.9,8.48
14.333333333333334,Delhi,37,1028.7724375,0.0,156.64,34.38,-158.02,43.95,-26.14,38643.9,8.95
14.333333333333334,Yangon,57,1001.4255625,0.0,156.41,34.38,-157.79,44.19,-25.91,38643.9,9.19
14.333333333333334,Jakarta,206,1222.852375,0.0,158.14,34.38,-159.52,42.45,-27.65,38643.9,7.45
14.333333333333334,Luanda,295,1375.279375,0.0,159.16,34.38,-160.54,41.43,-28.67,38643.9,6.43
14.333333333333334,Nairobi,16,1308.44625,0.0,158.73,34.38,-160.11,41.87,-28.23,38643.9,6.87
14.333333333333334,Johannesburg,14,1459.538625,0.0,159.68,34.38,-161.06,40.92,-29.18,38643.9,5.92
14.333333333333334,Havana,64,1546.920375,0.0,160.19,34.38,-161.56,40.41,-29.69,38643.9,5.41
14.333333333333334,Caracas,65,1038.7953125,0.0,156.73,34.38,-158.11,43.87,-26.23,38643.9,8.87
14.333333333333334,Buenos_Aires,67,1349.03125,0.0,159.0,34.38,-160.38,41.6,-28.5,38643.9,6.6
14.5,Vladimir,161,1218.553125,0.0,158.11,34.38,-159.49,42.48,-27.61,38643.9,7.48
14.5,Murmansk,278,1250.921875,0.0,158.34,34.38,-159.72,42.26,-27.84,38643.9,7.26
14.5,Novosibirsk,201,1058.0815,0.0,156.89,34.38,-158.27,43.71,-26.39,38643.9,8.71
14.5,Zheleznogorsk,37,1052.7915,0.0,156.84,34.38,-158.22,43.75,-26.34,38643.9,8.75
14.5,Yakutsk,58,1130.59175,0.0,157.46,34.38,-158.84,43.13,-26.96,38643.9,8.13
14.5,Khabarovsk,241,1185.486625,0.0,157.87,34.38,-159.25,42.72,-27.38,38643.9,7.72
14.5,Vladivostok,76,1079.188,0.0,157.06,34.38,-158.44,43.54,-26.56,38643.9,8.54
14.5,Minsk,161,1084.74325,0.0,157.1,34.38,-158.48,43.49,-26.6,38643.9,8.49
14.5,Almaty,36,1013.2883125,0.0,156.51,34.38,-157.89,44.09,-26.01,38643.9,9.09
14.5,Tehran,16,1009.9849375,0.0,156.48,34.38,-157.86,44.11,-25.98,38643.9,9.11
14.5,Urumqi,36,1248.606,0.0,158.32,34.38,-159.7,42.27,-27.83,38643.9,7.27
14.5,Delhi,35,1187.7855,0.0,157.89,34.38,-159.27,42.71,-27.39,38643.9,7.71
14.5,Yangon,203,998.3420625,0.0,156.38,34.38,-157.76,44.22,-25.88,38643.9,9.22
14.5,Jakarta,73,1148.689375,0.0,157.6,34.38,-158.98,43.0,-27.1,38643.9,8.0
14.5,Luanda,294,1431.2045,0.0,159.51,34.38,-160.89,41.09,-29.01,38643.9,6.09
14.5,Nairobi,14,1094.73275,0.0,157.18,34.38,-158.56,43.41,-26.68,38643.9,8.41
14.5,Johannesburg,145,1335.170875,0.0,158.91,34.38,-160.29,41.69,-28.41,38643.9,6.69
14.5,Havana,62,1360.5165,0.0,159.07,34.38,-160.45,41.53,-28.57,38643.9,6.53
14.5,Caracas,63,1041.8490625,0.0,156.75,34.38,-158.13,43.85,-26.25,38643.9,8.85
14.5,Buenos_Aires,232,1422.114375,0.0,159.45,34.38,-160.83,41.14,-28.96,38643.9,6.14
14.666666666666666,Vladimir,198,1221.86225,0.0,158.14,34.38,-159.52,42.46,-27.64,38643.9,7.46
14.666666666666666,Murmansk,276,1104.1525,0.0,157.26,34.38,-158.64,43.34,-26.76,38643.9,8.34
14.666666666666666,Novosibirsk,35,1071.3825,0.0,156.99,34.38,-158.37,43.6,-26.5,38643.9,8.6
14.666666666666666,Zheleznogorsk,35,1088.734,0.0,157.13,34.38,-158.51,43.46,-26.64,38643.9,8.46
14.666666666666666,Yakutsk,56,1147.44425,0.0,157.59,34.38,-158.97,43.01,-27.09,38643.9,8.01
14.666666666666666,Khabarovsk,259,1386.96225,0.0,159.24,34.38,-160.62,41.36,-28.74,38643.9,6.36
14.666666666666666,Vladivostok,74,1251.437625,0.0,158.34,34.38,-159.72,42.25,-27.85,38643.9,7.25
14.666666666666666,Minsk,179,1000.6536875,0.0,156.4,34.38,-157.78,44.2,-25.9,38643.9,9.2
14.666666666666666,Almaty,34,1034.0709375,0.0,156.69,34.38,-158.07,43.91,-26.19,38643.9,8.91
14.666666666666666,Tehran,14,1111.033125,0.0,157.31,34.38,-158.69,43.29,-26.81,38643.9,8.29
14.666666666666666,Urumqi,200,1284.975,0.0,158.57,34.38,-159.95,42.02,-28.08,38643.9,7.02
14.666666666666666,Delhi,33,1432.93875,0.0,159.52,34.38,-160.9,41.08,-29.02,38643.9,6.08
14.666666666666666,Yangon,201,1104.94075,0.0,157.26,34.38,-158.64,43.33,-26.76,38643.9,8.33
14.666666666666666,Jakarta,71,1156.55725,0.0,157.66,34.38,-159.04,42.94,-27.16,38643.9,7.94
14.666666666666666,Luanda,292,1246.69225,0.0,158.31,34.38,-159.69,42.29,-27.81,38643.9,7.29
14.666666666666666,Nairobi,12,1003.483875,0.0,156.43,34.38,-157.81,44.17,-25.93,38643.9,9.17
14.666666666666666,Johannesburg,143,1174.357375,0.0,157.79,34.38,-159.17,42.81,-27.29,38643.9,7.81
14.666666666666666,Havana,60,1269.38725,0.0,158.47,34.38,-159.85,42.13,-27.97,38643.9,7.13
14.666666666666666,Caracas,61,1186.134375,0.0,157.88,34.38,-159.26,42.72,-27.38,38643.9,7.72
14.666666666666666,Buenos_Aires,64,1280.50275,0.0,158.54,34.38,-159.92,42.05,-28.05,38643.9,7.05
14.833333333333334,Vladimir,196,1286.54975,0.0,158.58,34.38,-159.96,42.01,-28.09,38643.9,7.01
14.833333333333334,Murmansk,274,1016.7555625,0.0,156.54,34.38,-157.92,44.06,-26.04,38643.9,9.06
14.833333333333334,Novosibirsk,33,1000.3541875,0.0,156.4,34.38,-157.78,44.2,-25.9,38643.9,9.2
14.833333333333334,Zheleznogorsk,33,1212.5155,0.0,158.07,34.38,-159.45,42.53,-27.57,38643.9,7.53
14.833333333333334,Yakutsk,276,1070.69375,0.0,156.99,34.38,-158.37,43.61,-26.49,38643.9,8.61
14.833333333333334,Khabarovsk,73,1363.789,0.0,159.09,34.38,-160.47,41.51,-28.59,38643.9,6.51
14.833333333333334,Vladivostok,258,1130.72525,0.0,157.46,34.38,-158.84,43.13,-26.96,38643.9,8.13
14.833333333333334,Minsk,177,1016.531375,0.0,156.54,34.38,-157.92,44.06,-26.04,38643.9,9.06
14.833333333333334,Almaty,32,1163.205125,0.0,157.71,34.38,-159.09,42.89,-27.21,38643.9,7.89
14.833333333333334,Tehran,12,1310.5065,0.0,158.74,34.38,-160.12,41.85,-28.25,38643.9,6.85
14.833333333333334,Urumqi,218,1224.76225,0.0,158.16,34.38,-159.54,42.44,-27.66,38643.9,7.44
14.833333333333334,Delhi,218,1671.667375,0.0,160.86,34.38,-162.24,39.74,-30.36,38643.9,4.74
14.833333333333334,Yangon,219,1321.463875,0.0,158.82,34.38,-160.2,41.78,-28.32,38643.9,6.78
14.833333333333334,Jakarta,69,1294.186375,0.0,158.64,34.38,-160.01,41.96,-28.14,38643.9,6.96
14.833333333333334,Luanda,290,1174.481125,0.0,157.79,34.38,-159.17,42.8,-27.29,38643.9,7.8
14.833333333333334,Nairobi,10,1066.8655,0.0,156.96,34.38,-158.34,43.64,-26.46,38643.9,8.64
14.833333333333334,Johannesburg,141,1120.65425,0.0,157.39,34.38,-158.76,43.21,-26.89,38643.9,8.21
14.833333333333334,Havana,78,1292.106,0.0,158.62,34.38,-160.0,41.98,-28.12,38643.9,6.98
14.833333333333334,Caracas,79,1428.02325,0.0,159.49,34.38,-160.87,41.11,-28.99,38643.9,6.11
14.833333333333334,Buenos_Aires,62,1161.043875,0.0,157.69,34.38,-159.07,42.9,-27.19,38643.9,7.9
15.0,Vladimir,292,1235.70975,0.0,158.23,34.38,-159.61,42.36,-27.74,38643.9,7.36
15.0,Murmansk,272,1006.4125,0.0,156.45,34.38,-157.83,44.15,-25.95,38643.9,9.15
15.0,Novosibirsk,31,1026.8725625,0.0,156.63,34.38,-158.01,43.97,-26.13,38643.9,8.97
15.0,Zheleznogorsk,31,1402.791875,0.0,159.34,34.38,-160.71,41.26,-28.84,38643.9,6.26
15.0,Yakutsk,274,1038.4418125,0.0,156.72,34.38,-158.1,43.87,-26.23,38643.9,8.87
15.0,Khabarovsk,91,1335.789375,0.0,158.91,34.38,-160.29,41.69,-28.41,38643.9,6.69
15.0,Vladivostok,256,1097.02925,0.0,157.2,34.38,-158.58,43.4,-26.7,38643.9,8.4
15.0,Minsk,175,1125.116875,0.0,157.42,34.38,-158.8,43.18,-26.92,38643.9,8.18
15.0,Almaty,216,1104.421875,0.0,157.26,34.38,-158.64,43.34,-26.76,38643.9,8.34
15.0,Tehran,196,1398.070625,0.0,159.31,34.38,-160.69,41.29,-28.81,38643.9,6.29
15.0,Urumqi,216,1257.115,0.0,158.38,34.38,-159.76,42.21,-27.89,38643.9,7.21
15.0,Delhi,217,1592.508625,0.0,160.44,34.38,-161.82,40.16,-29.94,38643.9,5.16
15.0,Yangon,217,1601.82975,0.0,160.49,34.38,-161.87,40.11,-29.99,38643.9,5.11
15.0,Jakarta,68,1479.1415,0.0,159.8,34.38,-161.18,40.8,-29.3,38643.9,5.8
15.0,Luanda,288,1234.03075,0.0,158.22,34.38,-159.6,42.37,-27.72,38643.9,7.37
15.0,Nairobi,8,1261.34,0.0,158.41,34.38,-159.79,42.18,-27.91,38643.9,7.18
15.0,Johannesburg,7,1064.988,0.0,156.94,34.38,-158.32,43.65,-26.44,38643.9,8.65
15.0,Havana,210,1309.7815,0.0,158.74,34.38,-160.12,41.86,-28.24,38643.9,6.86
15.0,Caracas,228,1458.679125,0.0,159.67,34.38,-161.05,40.92,-29.18,38643.9,5.92
15.0,Buenos_Aires,60,1148.353375,0.0,157.6,34.38,-158.98,43.0,-27.1,38643.9,8.0
15.166666666666666,Vladimir,290,1184.909,0.0,157.87,34.38,-159.25,42.73,-27.37,38643.9,7.73
15.166666666666666,Murmansk,212,1064.124125,0.0,156.94,34.38,-158.31,43.66,-26.44,38643.9,8.66
15.166666666666666,Novosibirsk,29,1146.939375,0.0,157.59,34.38,-158.97,43.01,-27.09,38643.9,8.01
15.166666666666666,Zheleznogorsk,233,1255.377625,0.0,158.37,34.38,-159.75,42.23,-27.87,38643.9,7.23
15.166666666666666,Yakutsk,272,1093.88225,0.0,157.18,34.38,-158.55,43.42,-26.68,38643.9,8.42
15.166666666666666,Khabarovsk,89,1239.16175,0.0,158.26,34.38,-159.64,42.34,-27.76,38643.9,7.34
15.166666666666666,Vladivostok,254,1166.886875,0.0,157.74,34.38,-159.12,42.86,-27.24,38643.9,7.86
15.166666666666666,Minsk,173,1300.489,0.0,158.68,34.38,-160.06,41.92,-28.18,38643.9,6.92
15.166666666666666,Almaty,214,1008.0393125,0.0,156.47,34.38,-157.84,44.13,-25.97,38643.9,9.13
15.166666666666666,Tehran,194,1167.480625,0.0,157.74,34.38,-159.12,42.86,-27.24,38643.9,7.86
15.166666666666666,Urumqi,49,1144.58275,0.0,157.57,34.38,-158.95,43.03,-27.07,38643.9,8.03
15.166666666666666,Delhi,215,1315.546125,0.0,158.78,34.38,-160.16,41.82,-28.28,38643.9,6.82
15.166666666666666,Yangon,67,1697.610375,0.0,160.99,34.38,-162.37,39.6,-30.49,38643.9,4.6
15.166666666666666,Jakarta,66,1405.9945,0.0,159.36,34.38,-160.73,41.24,-28.86,38643.9,6.24
15.166666666666666,Luanda,286,1407.78425,0.0,159.37,34.38,-160.75,41.23,-28.87,38643.9,6.23
15.166666666666666,Nairobi,176,1488.305,0.0,159.85,34.38,-161.23,40.75,-29.35,38643.9,5.75
15.166666666666666,Johannesburg,5,1104.28375,0.0,157.26,34.38,-158.64,43.34,-26.76,38643.9,8.34
15.166666666666666,Havana,208,1130.281,0.0,157.46,34.38,-158.84,43.14,-26.96,38643.9,8.14
15.166666666666666,Caracas,226,1482.732375,0.0,159.82,34.38,-161.2,40.78,-29.32,38643.9,5.78
15.166666666666666,Buenos_Aires,78,1248.522875,0.0,158.32,34.38,-159.7,42.27,-27.83,38643.9,7.27
15.333333333333334,Vladimir,191,1174.139,0.0,157.79,34.38,-159.17,42.81,-27.29,38643.9,7.81
15.333333333333334,Murmansk,190,1078.613875,0.0,157.05,34.38,-158.43,43.54,-26.55,38643.9,8.54
15.333333333333334,Novosibirsk,231,1284.010375,0.0,158.57,34.38,-159.95,42.03,-28.07,38643.9,7.03
15.333333333333334,Zheleznogorsk,231,1141.11575,0.0,157.54,34.38,-158.92,43.05,-27.04,38643.9,8.05
15.333333333333334,Yakutsk,270,1222.93125,0.0,158.14,34.38,-159.52,42.45,-27.65,38643.9,7.45
15.333333333333334,Khabarovsk,271,1146.9695,0.0,157.59,34.38,-158.97,43.01,-27.09,38643.9,8.01
15.333333333333334,Vladivostok,87,1163.335,0.0,157.71,34.38,-159.09,42.89,-27.21,38643.9,7.89
15.333333333333334,Minsk,288,1217.859625,0.0,158.11,34.38,-159.49,42.49,-27.61,38643.9,7.49
15.333333333333334,Almaty,212,1025.5549375,0.0,156.61,34.38,-157.99,43.98,-26.12,38643.9,8.98
15.333333333333334,Tehran,192,1021.31575,0.0,156.58,34.38,-157.96,44.02,-26.08,38643.9,9.02
15.333333333333334,Urumqi,47,1033.271375,0.0,156.68,34.38,-158.06,43.92,-26.18,38643.9,8.92
15.333333333333334,Delhi,213,1103.276625,0.0,157.25,34.38,-158.63,43.35,-26.75,38643.9,8.35
15.333333333333334,Yangon,65,1423.903125,0.0,159.47,34.38,-160.84,41.13,-28.97,38643.9,6.13
15.333333333333334,Jakarta,234,1398.54875,0.0,159.31,34.38,-160.69,41.29,-28.81,38643.9,6.29
15.333333333333334,Luanda,154,1486.238,0.0,159.84,34.38,-161.22,40.76,-29.34,38643.9,5.76
15.333333333333334,Nairobi,175,1504.897375,0.0,159.95,34.38,-161.33,40.65,-29.45,38643.9,5.65
15.333333333333334,Johannesburg,3,1259.451125,0.0,158.4,34.38,-159.78,42.2,-27.9,38643.9,7.2
15.333333333333334,Havana,206,1062.428125,0.0,156.92,34.38,-158.3,43.68,-26.42,38643.9,8.68
15.333333333333334,Caracas,225,1359.78825,0.0,159.07,34.38,-160.44,41.53,-28.57,38643.9,6.53
15.333333333333334,Buenos_Aires,76,1440.15825,0.0,159.56,34.38,-160.94,41.03,-29.07,38643.9,6.03
15.5,Vladimir,189,1059.466625,0.0,156.9,34.38,-158.28,43.7,-26.4,38643.9,8.7
15.5,Murmansk,188,1147.192875,0.0,157.59,34.38,-158.97,43.01,-27.09,38643.9,8.01
15.5,Novosibirsk,229,1108.116375,0.0,157.29,34.38,-158.67,43.31,-26.79,38643.9,8.31
15.5,Zheleznogorsk,46,1078.771125,0.0,157.05,34.38,-158.43,43.54,-26.56,38643.9,8.54
15.5,Yakutsk,66,1098.555125,0.0,157.21,34.38,-158.59,43.38,-26.71,38643.9,8.38
15.5,Khabarovsk,269,1146.009,0.0,157.58,34.38,-158.96,43.02,-27.08,38643.9,8.02
15.5,Vladivostok,85,1059.639625,0.0,156.9,34.38,-158.28,43.7,-26.4,38643.9,8.7
15.5,Minsk,286,1107.944875,0.0,157.29,34.38,-158.67,43.31,-26.79,38643.9,8.31
15.5,Almaty,210,1148.479,0.0,157.6,34.38,-158.98,43.0,-27.1,38643.9,8.0
15.5,Tehran,190,994.6206875,0.0,156.35,34.38,-157.73,44.25,-25.85,38643.9,9.25
15.5,Urumqi,45,1027.1889375,0.0,156.63,34.38,-158.01,43.97,-26.13,38643.9,8.97
15.5,Delhi,211,995.97875,0.0,156.36,34.38,-157.74,44.24,-25.86,38643.9,9.24
15.5,Yangon,63,1210.9995,0.0,158.06,34.38,-159.44,42.54,-27.56,38643.9,7.54
15.5,Jakarta,232,1389.49625,0.0,159.25,34.38,-160.63,41.34,-28.75,38643.9,6.34
15.5,Luanda,153,1419.95625,0.0,159.44,34.38,-160.82,41.16,-28.94,38643.9,6.16
15.5,Nairobi,173,1259.900625,0.0,158.4,34.38,-159.78,42.19,-27.9,38643.9,7.19
15.5,Johannesburg,154,1365.72275,0.0,159.1,34.38,-160.48,41.49,-28.6,38643.9,6.49
15.5,Havana,204,1129.378125,0.0,157.45,34.38,-158.83,43.14,-26.95,38643.9,8.14
15.5,Caracas,223,1170.225,0.0,157.76,34.38,-159.14,42.84,-27.26,38643.9,7.84
15.5,Buenos_Aires,241,1343.93325,0.0,158.96,34.38,-160.34,41.63,-28.47,38643.9,6.63
15.666666666666666,Vladimir,187,1032.0798125,0.0,156.67,34.38,-158.05,43.93,-26.17,38643.9,8.93
15.666666666666666,Murmansk,285,1211.09825,0.0,158.06,34.38,-159.44,42.54,-27.56,38643.9,7.54
15.666666666666666,Novosibirsk,227,1009.0705625,0.0,156.47,34.38,-157.85,44.12,-25.98,38643.9,9.12
15.666666666666666,Zheleznogorsk,44,1000.2800625,0.0,156.4,34.38,-157.78,44.2,-25.9,38643.9,9.2
15.666666666666666,Yakutsk,64,1029.058,0.0,156.64,34.38,-158.02,43.95,-26.15,38643.9,8.95
15.666666666666666,Khabarovsk,267,1238.972375,0.0,158.26,34.38,-159.64,42.34,-27.76,38643.9,7.34
15.666666666666666,Vladivostok,83,1060.234375,0.0,156.9,34.38,-158.28,43.69,-26.41,38643.9,8.69
15.666666666666666,Minsk,284,1085.154,0.0,157.11,34.38,-158.48,43.49,-26.61,38643.9,8.49
15.666666666666666,Almaty,43,1251.68,0.0,158.35,34.38,-159.72,42.25,-27.85,38643.9,7.25
15.666666666666666,Tehran,188,1093.037875,0.0,157.17,34.38,-158.55,43.43,-26.67,38643.9,8.43
15.666666666666666,Urumqi,43,1131.3725,0.0,157.47,34.38,-158.85,43.13,-26.97,38643.9,8.13
15.666666666666666,Delhi,209,1024.5545625,0.0,156.61,34.38,-157.99,43.99,-26.11,38643.9,8.99
15.666666666666666,Yangon,61,1098.097125,0.0,157.21,34.38,-158.59,43.39,-26.71,38643.9,8.39
15.666666666666666,Jakarta,231,1472.4015,0.0,159.76,34.38,-161.14,40.84,-29.26,38643.9,5.84
15.666666666666666,Luanda,151,1204.8445,0.0,158.01,34.38,-159.39,42.58,-27.52,38643.9,7.58
15.666666666666666,Nairobi,171,1108.7865,0.0,157.29,34.38,-158.67,43.3,-26.79,38643.9,8.3
15.666666666666666,Johannesburg,152,1405.941375,0.0,159.36,34.38,-160.73,41.24,-28.86,38643.9,6.24
15.666666666666666,Havana,202,1312.473875,0.0,158.76,34.38,-160.14,41.84,-28.26,38643.9,6.84
15.666666666666666,Caracas,90,1063.175,0.0,156.93,34.38,-158.31,43.67,-26.43,38643.9,8.67
15.666666666666666,Buenos_Aires,259,1171.714625,0.0,157.77,34.38,-159.15,42.82,-27.27,38643.9,7.82
15.833333333333334,Vladimir,2,1020.954125,0.0,156.58,34.38,-157.96,44.02,-26.08,38643.9,9.02
15.833333333333334,Murmansk,283,1080.578875,0.0,157.07,34.38,-158.45,43.53,-26.57,38643.9,8.53
15.833333333333334,Novosibirsk,225,1006.9116875,0.0,156.46,34.38,-157.83,44.14,-25.96,38643.9,9.14
15.833333333333334,Zheleznogorsk,42,1015.92625,0.0,156.53,34.38,-157.91,44.06,-26.03,38643.9,9.06
15.833333333333334,Yakutsk,62,1046.66425,0.0,156.79,34.38,-158.17,43.8,-26.29,38643.9,8.8
15.833333333333334,Khabarovsk,82,1303.375375,0.0,158.7,34.38,-160.08,41.9,-28.2,38643.9,6.9
15.833333333333334,Vladivostok,81,1168.1765,0.0,157.75,34.38,-159.13,42.85,-27.25,38643.9,7.85
15.833333333333334,Minsk,185,1105.694,0.0,157.27,34.38,-158.65,43.33,-26.77,38643.9,8.33
15.833333333333334,Almaty,41,1206.18225,0.0,158.02,34.38,-159.4,42.57,-27.53,38643.9,7.57
15.833333333333334,Tehran,20,1231.225,0.0,158.2,34.38,-159.58,42.39,-27.7,38643.9,7.39
15.833333333333334,Urumqi,226,1189.26875,0.0,157.9,34.38,-159.28,42.7,-27.4,38643.9,7.7
15.833333333333334,Delhi,207,1176.35625,0.0,157.81,34.38,-159.19,42.79,-27.31,38643.9,7.79
15.833333333333334,Yangon,79,1118.362,0.0,157.37,34.38,-158.75,43.23,-26.87,38643.9,8.23
15.833333333333334,Jakarta,229,1263.82125,0.0,158.43,34.38,-159.81,42.17,-27.93,38643.9,7.17
15.833333333333334,Luanda,149,1095.798,0.0,157.19,34.38,-158.57,43.41,-26.69,38643.9,8.41
15.833333333333334,Nairobi,169,1092.414375,0.0,157.16,34.38,-158.54,43.43,-26.67,38643.9,8.43
15.833333333333334,Johannesburg,150,1543.538375,0.0,160.17,34.38,-161.55,40.43,-29.67,38643.9,5.43
15.833333333333334,Havana,67,1571.006125,0.0,160.32,34.38,-161.7,40.28,-29.82,38643.9,5.28
15.833333333333334,Caracas,88,1051.884375,0.0,156.84,34.38,-158.21,43.76,-26.34,38643.9,8.76
15.833333333333334,Buenos_Aires,257,1099.555125,0.0,157.22,34.38,-158.6,43.38,-26.72,38643.9,8.38
16.0,Vladimir,0,1042.4269375,0.0,156.76,34.38,-158.14,43.84,-26.26,38643.9,8.84
16.0,Murmansk,281,1011.9174375,0.0,156.5,34.38,-157.88,44.1,-26.0,38643.9,9.1
16.0,Novosibirsk,40,1057.598125,0.0,156.88,34.38,-158.26,43.71,-26.38,38643.9,8.71
16.0,Zheleznogorsk,40,1124.619,0.0,157.42,34.38,-158.8,43.18,-26.92,38643.9,8.18
16.0,Yakutsk,60,1149.53175,0.0,157.61,34.38,-158.99,42.99,-27.11,38643.9,7.99
16.0,Khabarovsk,80,1164.155125,0.0,157.72,34.38,-159.1,42.88,-27.22,38643.9,7.88
16.0,Vladivostok,264,1114.7255,0.0,157.34,34.38,-158.72,43.26,-26.84,38643.9,8.26
16.0,Minsk,183,1093.174125,0.0,157.17,34.38,-158.55,43.43,-26.67,38643.9,8.43
16.0,Almaty,59,1255.25275,0.0,158.37,34.38,-159.75,42.23,-27.87,38643.9,7.23
16.0,Tehran,38,1331.487,0.0,158.88,34.38,-160.26,41.71,-28.38,38643.9,6.71
16.0,Urumqi,224,1050.35225,0.0,156.82,34.38,-158.2,43.77,-26.32,38643.9,8.77
16.0,Delhi,59,1392.419125,0.0,159.27,34.38,-160.65,41.33,-28.77,38643.9,6.33
16.0,Yangon,77,1266.904,0.0,158.45,34.38,-159.83,42.15,-27.95,38643.9,7.15
16.0,Jakarta,227,1158.907,0.0,157.68,34.38,-159.06,42.92,-27.18,38643.9,7.92
16.0,Luanda,147,1125.831875,0.0,157.43,34.38,-158.8,43.17,-26.93,38643.9,8.17
16.0,Nairobi,167,1216.564625,0.0,158.1,34.38,-159.48,42.5,-27.6,38643.9,7.5
16.0,Johannesburg,35,1304.25,0.0,158.7,34.38,-160.08,41.89,-28.2,38643.9,6.89
16.0,Havana,85,1661.384125,0.0,160.81,34.38,-162.18,39.79,-30.31,38643.9,4.79
16.0,Caracas,86,1182.3895,0.0,157.85,34.38,-159.23,42.75,-27.35,38643.9,7.75
16.0,Buenos_Aires,89,1119.45,0.0,157.38,34.38,-158.76,43.22,-26.88,38643.9,8.22
16.166666666666668,Vladimir,18,1153.330375,0.0,157.63,34.38,-159.01,42.96,-27.14,38643.9,7.96
16.166666666666668,Murmansk,299,1019.910375,0.0,156.57,34.38,-157.95,44.03,-26.07,38643.9,9.03
16.166666666666668,Novosibirsk,58,1055.70625,0.0,156.87,34.38,-158.25,43.73,-26.37,38643.9,8.73
16.166666666666668,Zheleznogorsk,58,1305.412375,0.0,158.71,34.38,-160.09,41.89,-28.21,38643.9,6.89
16.166666666666668,Yakutsk,281,1148.718125,0.0,157.6,34.38,-158.98,43.0,-27.1,38643.9,8.0
16.166666666666668,Khabarovsk,98,1109.383625,0.0,157.3,34.38,-158.68,43.3,-26.8,38643.9,8.3
16.166666666666668,Vladivostok,262,1004.6721875,0.0,156.44,34.38,-157.82,44.16,-25.94,38643.9,9.16
16.166666666666668,Minsk,181,1172.96275,0.0,157.78,34.38,-159.16,42.82,-27.28,38643.9,7.82
16.166666666666668,Almaty,222,1252.110375,0.0,158.35,34.38,-159.73,42.25,-27.85,38643.9,7.25
16.166666666666668,Tehran,37,1410.012875,0.0,159.38,34.38,-160.76,41.22,-28.88,38643.9,6.22
16.166666666666668,Urumqi,222,1015.893,0.0,156.53,34.38,-157.91,44.06,-26.03,38643.9,9.06
16.166666666666668,Delhi,57,1291.396375,0.0,158.62,34.38,-160.0,41.98,-28.12,38643.9,6.98
16.166666666666668,Yangon,224,1449.1725,0.0,159.62,34.38,-161.0,40.98,-29.12,38643.9,5.98
16.166666666666668,Jakarta,225,1186.8955,0.0,157.88,34.38,-159.26,42.71,-27.39,38643.9,7.71
16.166666666666668,Luanda,145,1286.09075,0.0,158.58,34.38,-159.96,42.02,-28.08,38643.9,7.02
16.166666666666668,Nairobi,34,1292.82525,0.0,158.63,34.38,-160.01,41.97,-28.13,38643.9,6.97
16.166666666666668,Johannesburg,33,1102.485,0.0,157.24,34.38,-158.62,43.35,-26.75,38643.9,8.35
16.166666666666668,Havana,236,1514.794625,0.0,160.0,34.38,-161.38,40.59,-29.5,38643.9,5.59
16.166666666666668,Caracas,84,1414.4555,0.0,159.41,34.38,-160.79,41.19,-28.91,38643.9,6.19
16.166666666666668,Buenos_Aires,87,1008.9331875,0.0,156.47,34.38,-157.85,44.12,-25.97,38643.9,9.12
16.333333333333332,Vladimir,16,1333.644875,0.0,158.9,34.38,-160.28,41.7,-28.4,38643.9,6.7
16.333333333333332,Murmansk,219,1009.572375,0.0,156.48,34.38,-157.86,44.12,-25.98,38643.9,9.12
16.333333333333332,Novosibirsk,56,1144.684875,0.0,157.57,34.38,-158.95,43.03,-27.07,38643.9,8.03
16.333333333333332,Zheleznogorsk,240,1209.4645,0.0,158.05,34.38,-159.43,42.55,-27.55,38643.9,7.55
16.333333333333332,Yakutsk,299,1200.4505,0.0,157.98,34.38,-159.36,42.61,-27.48,38643.9,7.61
16.333333333333332,Khabarovsk,96,1154.385375,0.0,157.64,34.38,-159.02,42.95,-27.14,38643.9,7.95
16.333333333333332,Vladivostok,260,1008.9235,0.0,156.47,34.38,-157.85,44.12,-25.97,38643.9,9.12
16.333333333333332,Minsk,16,1124.303625,0.0,157.41,34.38,-158.79,43.18,-26.92,38643.9,8.18
16.333333333333332,Almaty,220,1099.70275,0.0,157.22,34.38,-158.6,43.38,-26.72,38643.9,8.38
16.333333333333332,Tehran,35,1256.45625,0.0,158.38,34.38,-159.76,42.22,-27.88,38643.9,7.22
16.333333333333332,Urumqi,220,1092.524625,0.0,157.16,34.38,-158.54,43.43,-26.67,38643.9,8.43
16.333333333333332,Delhi,55,1295.053375,0.0,158.64,34.38,-160.02,41.96,-28.14,38643.9,6.96
16.333333333333332,Yangon,222,1317.800375,0.0,158.79,34.38,-160.17,41.8,-28.29,38643.9,6.8
16.333333333333332,Jakarta,93,1185.026875,0.0,157.87,34.38,-159.25,42.73,-27.37,38643.9,7.73
16.333333333333332,Luanda,13,1346.6005,0.0,158.98,34.38,-160.36,41.62,-28.48,38643.9,6.62
16.333333333333332,Nairobi,32,1443.9975,0.0,159.59,34.38,-160.97,41.01,-29.09,38643.9,6.01
16.333333333333332,Johannesburg,31,1011.805,0.0,156.5,34.38,-157.88,44.1,-26.0,38643.9,9.1
16.333333333333332,Havana,234,1257.62825,0.0,158.39,34.38,-159.77,42.21,-27.89,38643.9,7.21
16.333333333333332,Caracas,83,1578.448125,0.0,160.36,34.38,-161.74,40.24,-29.86,38643.9,5.24
16.333333333333332,Buenos_Aires,85,1021.8683125,0.0,156.58,34.38,-157.96,44.01,-26.09,38643.9,9.01
16.5,Vladimir,218,1193.99025,0.0,157.94,34.38,-159.31,42.66,-27.44,38643.9,7.66
16.5,Murmansk,217,1027.2891875,0.0,156.63,34.38,-158.01,43.97,-26.13,38643.9,8.97
16.5,Novosibirsk,54,1308.441125,0.0,158.73,34.38,-160.11,41.87,-28.23,38643.9,6.87
16.5,Zheleznogorsk,258,1062.13825,0.0,156.92,34.38,-158.3,43.68,-26.42,38643.9,8.68
16.5,Yakutsk,95,1212.690375,0.0,158.07,34.38,-159.45,42.53,-27.57,38643.9,7.53
16.5,Khabarovsk,278,1238.38075,0.0,158.25,34.38,-159.63,42.34,-27.75,38643.9,7.34
16.5,Vladivostok,278,1122.896,0.0,157.4,34.38,-158.78,43.19,-26.9,38643.9,8.19
16.5,Minsk,14,1155.587375,0.0,157.65,34.38,-159.03,42.95,-27.15,38643.9,7.95
16.5,Almaty,238,1047.845875,0.0,156.8,34.38,-158.18,43.8,-26.3,38643.9,8.8
16.5,Tehran,33,1194.035875,0.0,157.94,34.38,-159.32,42.66,-27.44,38643.9,7.66
16.5,Urumqi,238,1256.881125,0.0,158.38,34.38,-159.76,42.22,-27.88,38643.9,7.22
16.5,Delhi,239,1381.276,0.0,159.2,34.38,-160.58,41.4,-28.7,38643.9,6.4
16.5,Yangon,220,1296.94925,0.0,158.65,34.38,-160.03,41.94,-28.16,38643.9,6.94
16.5,Jakarta,91,1074.097,0.0,157.02,34.38,-158.4,43.58,-26.52,38643.9,8.58
16.5,Luanda,11,1283.37325,0.0,158.56,34.38,-159.94,42.03,-28.06,38643.9,7.03
16.5,Nairobi,31,1312.078875,0.0,158.75,34.38,-160.13,41.84,-28.26,38643.9,6.84
16.5,Johannesburg,29,1058.70175,0.0,156.89,34.38,-158.27,43.71,-26.39,38643.9,8.71
16.5,Havana,232,1072.206,0.0,157.0,34.38,-158.38,43.6,-26.5,38643.9,8.6
16.5,Caracas,252,1582.787125,0.0,160.38,34.38,-161.76,40.21,-29.89,38643.9,5.21
16.5,Buenos_Aires,83,1157.0805,0.0,157.66,34.38,-159.04,42.93,-27.16,38643.9,7.93
16.666666666666668,Vladimir,216,1054.405875,0.0,156.86,34.38,-158.24,43.74,-26.36,38643.9,8.74
16.666666666666668,Murmansk,215,1117.9155,0.0,157.36,34.38,-158.74,43.23,-26.87,38643.9,8.23
16.666666666666668,Novosibirsk,256,1229.08625,0.0,158.19,34.38,-159.57,42.41,-27.69,38643.9,7.41
16.666666666666668,Zheleznogorsk,256,998.4095,0.0,156.38,34.38,-157.76,44.21,-25.88,38643.9,9.21
16.666666666666668,Yakutsk,93,1073.357125,0.0,157.01,34.38,-158.39,43.59,-26.51,38643.9,8.59
16.666666666666668,Khabarovsk,276,1366.981875,0.0,159.11,34.38,-160.49,41.49,-28.61,38643.9,6.49
16.666666666666668,Vladivostok,276,1315.220625,0.0,158.78,34.38,-160.15,41.82,-28.28,38643.9,6.82
16.666666666666668,Minsk,12,1268.816625,0.0,158.46,34.38,-159.84,42.13,-27.97,38643.9,7.13
16.666666666666668,Almaty,236,1107.694125,0.0,157.28,34.38,-158.66,43.31,-26.79,38643.9,8.31
16.666666666666668,Tehran,217,1141.050875,0.0,157.54,34.38,-158.92,43.05,-27.04,38643.9,8.05
16.666666666666668,Urumqi,71,1231.87425,0.0,158.21,34.38,-159.59,42.39,-27.71,38643.9,7.39
16.666666666666668,Delhi,237,1192.08925,0.0,157.92,34.38,-159.3,42.67,-27.42,38643.9,7.67
16.666666666666668,Yangon,238,1390.324875,0.0,159.26,34.38,-160.64,41.34,-28.76,38643.9,6.34
16.666666666666668,Jakarta,89,1106.28575,0.0,157.27,34.38,-158.65,43.32,-26.78,38643.9,8.32
16.666666666666668,Luanda,9,1341.215625,0.0,158.95,34.38,-160.32,41.65,-28.45,38643.9,6.65
16.666666666666668,Nairobi,29,1260.136875,0.0,158.4,34.38,-159.78,42.19,-27.91,38643.9,7.19
16.666666666666668,Johannesburg,161,1135.5745,0.0,157.5,34.38,-158.88,43.1,-27.0,38643.9,8.1
16.666666666666668,Havana,230,1003.085125,0.0,156.42,34.38,-157.8,44.17,-25.92,38643.9,9.17
16.666666666666668,Caracas,250,1299.912125,0.0,158.67,34.38,-160.05,41.92,-28.18,38643.9,6.92
16.666666666666668,Buenos_Aires,81,1381.077,0.0,159.2,34.38,-160.58,41.4,-28.7,38643.9,6.4
16.833333333333332,Vladimir,214,1001.9143125,0.0,156.41,34.38,-157.79,44.18,-25.91,38643.9,9.18
16.833333333333332,Murmansk,213,1264.04275,0.0,158.43,34.38,-159.81,42.17,-27.93,38643.9,7.17
16.833333333333332,Novosibirsk,254,1114.217875,0.0,157.34,34.38,-158.71,43.26,-26.84,38643.9,8.26
16.833333333333332,Zheleznogorsk,254,1030.93725,0.0,156.66,34.38,-158.04,43.94,-26.16,38643.9,8.94
16.833333333333332,Yakutsk,91,1002.7581875,0.0,156.42,34.38,-157.8,44.18,-25.92,38643.9,9.18
16.833333333333332,Khabarovsk,294,1428.710625,0.0,159.49,34.38,-160.87,41.1,-29.0,38643.9,6.1
16.833333333333332,Vladivostok,109,1304.161,0.0,158.7,34.38,-160.08,41.89,-28.2,38643.9,6.89
16.833333333333332,Minsk,194,1194.573375,0.0,157.94,34.38,-159.32,42.66,-27.44,38643.9,7.66
16.833333333333332,Almaty,50,1208.597125,0.0,158.04,34.38,-159.42,42.56,-27.54,38643.9,7.56
16.833333333333332,Tehran,215,1144.4335,0.0,157.57,34.38,-158.95,43.03,-27.07,38643.9,8.03
16.833333333333332,Urumqi,69,1259.023,0.0,158.4,34.38,-159.78,42.2,-27.9,38643.9,7.2
16.833333333333332,Delhi,235,1106.15425,0.0,157.27,34.38,-158.65,43.32,-26.77,38643.9,8.32
16.833333333333332,Yangon,88,1545.19225,0.0,160.18,34.38,-161.55,40.42,-29.68,38643.9,5.42
16.833333333333332,Jakarta,87,1270.078,0.0,158.47,34.38,-159.85,42.12,-27.97,38643.9,7.12
16.833333333333332,Luanda,178,1378.6195,0.0,159.18,34.38,-160.56,41.41,-28.69,38643.9,6.41
16.833333333333332,Nairobi,197,1216.643,0.0,158.1,34.38,-159.48,42.5,-27.6,38643.9,7.5
16.833333333333332,Johannesburg,179,1067.600125,0.0,156.96,34.38,-158.34,43.63,-26.47,38643.9,8.63
16.833333333333332,Havana,96,1023.8588125,0.0,156.6,34.38,-157.98,44.0,-26.1,38643.9,9.0
16.833333333333332,Caracas,248,1087.093,0.0,157.12,34.38,-158.5,43.48,-26.62,38643.9,8.48
16.833333333333332,Buenos_Aires,265,1230.4335,0.0,158.2,34.38,-159.58,42.4,-27.7,38643.9,7.4
17.0,Vladimir,212,1046.84325,0.0,156.79,34.38,-158.17,43.8,-26.3,38643.9,8.8
17.0,Murmansk,290,1169.01075,0.0,157.75,34.38,-159.13,42.84,-27.25,38643.9,7.84
17.0,Novosibirsk,252,1088.367375,0.0,157.13,34.38,-158.51,43.47,-26.63,38643.9,8.47
17.0,Zheleznogorsk,68,1092.4965,0.0,157.16,34.38,-158.54,43.43,-26.67,38643.9,8.43
17.0,Yakutsk,89,1018.35225,0.0,156.55,34.38,-157.93,44.04,-26.06,38643.9,9.04
17.0,Khabarovsk,108,1289.99,0.0,158.61,34.38,-159.99,41.99,-28.11,38643.9,6.99
17.0,Vladivostok,107,1332.650125,0.0,158.89,34.38,-160.27,41.71,-28.39,38643.9,6.71
17.0,Minsk,192,1199.586125,0.0,157.98,34.38,-159.36,42.62,-27.48,38643.9,7.62
17.0,Almaty,48,1354.394625,0.0,159.03,34.38,-160.41,41.57,-28.53,38643.9,6.57
17.0,Tehran,213,1256.04975,0.0,158.38,34.38,-159.76,42.22,-27.88,38643.9,7.22
17.0,Urumqi,253,1326.0445,0.0,158.85,34.38,-160.23,41.75,-28.35,38643.9,6.75
17.0,Delhi,233,1144.56375,0.0,157.57,34.38,-158.95,43.03,-27.07,38643.9,8.03
17.0,Yangon,86,1449.87475,0.0,159.62,34.38,-161.0,40.97,-29.12,38643.9,5.97
17.0,Jakarta,256,1377.99875,0.0,159.18,34.38,-160.56,41.42,-28.68,38643.9,6.42
17.0,Luanda,176,1141.927,0.0,157.55,34.38,-158.93,43.05,-27.05,38643.9,8.05
17.0,Nairobi,195,1040.5230625,0.0,156.74,34.38,-158.12,43.86,-26.24,38643.9,8.86
17.0,Johannesburg,177,1130.575125,0.0,157.46,34.38,-158.84,43.14,-26.96,38643.9,8.14
17.0,Havana,94,1173.130875,0.0,157.78,34.38,-159.16,42.81,-27.28,38643.9,7.81
17.0,Caracas,246,993.2303125,0.0,156.34,34.38,-157.72,44.26,-25.84,38643.9,9.26
17.0,Buenos_Aires,263,1059.584875,0.0,156.9,34.38,-158.28,43.7,-26.4,38643.9,8.7
17.166666666666668,Vladimir,210,1175.238625,0.0,157.8,34.38,-159.18,42.8,-27.3,38643.9,7.8
17.166666666666668,Murmansk,288,1082.190625,0.0,157.08,34.38,-158.46,43.52,-26.58,38643.9,8.52
17.166666666666668,Novosibirsk,250,1154.952875,0.0,157.65,34.38,-159.03,42.95,-27.15,38643.9,7.95
17.166666666666668,Zheleznogorsk,66,1170.315,0.0,157.76,34.38,-159.14,42.84,-27.26,38643.9,7.84
17.166666666666668,Yakutsk,290,1029.86575,0.0,156.65,34.38,-158.03,43.95,-26.15,38643.9,8.95
17.166666666666668,Khabarovsk,106,1111.372,0.0,157.31,34.38,-158.69,43.28,-26.81,38643.9,8.28
17.166666666666668,Vladivostok,291,1329.29075,0.0,158.87,34.38,-160.25,41.73,-28.37,38643.9,6.73
17.166666666666668,Minsk,7,1177.062375,0.0,157.81,34.38,-159.19,42.79,-27.31,38643.9,7.79
17.166666666666668,Almaty,231,1419.8415,0.0,159.44,34.38,-160.82,41.16,-28.94,38643.9,6.16
17.166666666666668,Tehran,211,1448.291125,0.0,159.61,34.38,-160.99,40.98,-29.11,38643.9,5.98
17.166666666666668,Urumqi,251,1136.7805,0.0,157.51,34.38,-158.89,43.09,-27.01,38643.9,8.09
17.166666666666668,Delhi,231,1293.68425,0.0,158.63,34.38,-160.01,41.96,-28.13,38643.9,6.96
17.166666666666668,Yangon,84,1456.5015,0.0,159.66,34.38,-161.04,40.93,-29.16,38643.9,5.93
17.166666666666668,Jakarta,254,1137.166375,0.0,157.51,34.38,-158.89,43.08,-27.01,38643.9,8.08
17.166666666666668,Luanda,174,1010.4915,0.0,156.49,34.38,-157.87,44.11,-25.99,38643.9,9.11
17.166666666666668,Nairobi,193,1003.5865625,0.0,156.43,34.38,-157.81,44.17,-25.93,38643.9,9.17
17.166666666666668,Johannesburg,175,1307.732,0.0,158.73,34.38,-160.11,41.87,-28.23,38643.9,6.87
17.166666666666668,Havana,92,1410.012625,0.0,159.38,34.38,-160.76,41.22,-28.88,38643.9,6.22
17.166666666666668,Caracas,244,1052.45075,0.0,156.84,34.38,-158.22,43.76,-26.34,38643.9,8.76
17.166666666666668,Buenos_Aires,261,1001.079375,0.0,156.41,34.38,-157.78,44.19,-25.91,38643.9,9.19
17.333333333333332,Vladimir,24,1261.059625,0.0,158.41,34.38,-159.79,42.19,-27.91,38643.9,7.19
17.333333333333332,Murmansk,227,1045.170875,0.0,156.78,34.38,-158.16,43.82,-26.28,38643.9,8.82
17.333333333333332,Novosibirsk,64,1248.98525,0.0,158.33,34.38,-159.71,42.27,-27.83,38643.9,7.27
17.333333333333332,Zheleznogorsk,64,1321.179625,0.0,158.81,34.38,-160.19,41.78,-28.32,38643.9,6.78
17.333333333333332,Yakutsk,288,1032.703,0.0,156.68,34.38,-158.05,43.92,-26.18,38643.9,8.92
17.333333333333332,Khabarovsk,104,1008.0754375,0.0,156.47,34.38,-157.84,44.13,-25.97,38643.9,9.13
17.333333333333332,Vladivostok,289,1175.00725,0.0,157.8,34.38,-159.18,42.8,-27.3,38643.9,7.8
17.333333333333332,Minsk,5,1133.47525,0.0,157.48,34.38,-158.86,43.11,-26.99,38643.9,8.11
17.333333333333332,Almaty,229,1387.154875,0.0,159.24,34.38,-160.62,41.36,-28.74,38643.9,6.36
17.333333333333332,Tehran,210,1352.263875,0.0,159.02,34.38,-160.4,41.58,-28.52,38643.9,6.58
17.333333333333332,Urumqi,249,1036.131875,0.0,156.7,34.38,-158.08,43.89,-26.21,38643.9,8.89
17.333333333333332,Delhi,63,1141.146375,0.0,157.54,34.38,-158.92,43.05,-27.04,38643.9,8.05
17.333333333333332,Yangon,83,1415.660125,0.0,159.41,34.38,-160.79,41.18,-28.92,38643.9,6.18
17.333333333333332,Jakarta,252,1002.0240625,0.0,156.41,34.38,-157.79,44.18,-25.92,38643.9,9.18
17.333333333333332,Luanda,172,1027.406375,0.0,156.63,34.38,-158.01,43.97,-26.13,38643.9,8.97
17.333333333333332,Nairobi,191,1119.974125,0.0,157.38,34.38,-158.76,43.22,-26.88,38643.9,8.22
17.333333333333332,Johannesburg,40,1469.696375,0.0,159.74,34.38,-161.12,40.86,-29.24,38643.9,5.86
17.333333333333332,Havana,223,1621.151625,0.0,160.59,34.38,-161.97,40.0,-30.09,38643.9,5.0
17.333333333333332,Caracas,242,1243.884125,0.0,158.29,34.38,-159.67,42.31,-27.79,38643.9,7.31
17.333333333333332,Buenos_Aires,279,1070.459625,0.0,156.99,34.38,-158.37,43.61,-26.49,38643.9,8.61
17.5,Vladimir,22,1403.878125,0.0,159.34,34.38,-160.72,41.25,-28.84,38643.9,6.25
17.5,Murmansk,225,1000.142875,0.0,156.4,34.38,-157.78,44.2,-25.9,38643.9,9.2
17.5,Novosibirsk,62,1298.6485,0.0,158.67,34.38,-160.04,41.93,-28.17,38643.9,6.93
17.5,Zheleznogorsk,266,1290.448875,0.0,158.61,34.38,-159.99,41.99,-28.11,38643.9,6.99
17.5,Yakutsk,286,1116.307625,0.0,157.35,34.38,-158.73,43.25,-26.85,38643.9,8.25
17.5,Khabarovsk,102,1007.6839375,0.0,156.46,34.38,-157.84,44.13,-25.96,38643.9,9.13
17.5,Vladivostok,287,1115.1955,0.0,157.34,34.38,-158.72,43.25,-26.84,38643.9,8.25
17.5,Minsk,3,1181.719125,0.0,157.85,34.38,-159.23,42.75,-27.35,38643.9,7.75
17.5,Almaty,62,1329.249125,0.0,158.87,34.38,-160.25,41.73,-28.37,38643.9,6.73
17.5,Tehran,42,1198.25875,0.0,157.97,34.38,-159.35,42.63,-27.47,38643.9,7.63
17.5,Urumqi,247,1046.9254375,0.0,156.79,34.38,-158.17,43.8,-26.3,38643.9,8.8
17.5,Delhi,61,1033.2180625,0.0,156.68,34.38,-158.06,43.92,-26.18,38643.9,8.92
17.5,Yangon,81,1208.96575,0.0,158.04,34.38,-159.42,42.55,-27.55,38643.9,7.55
17.5,Jakarta,250,1017.2096875,0.0,156.54,34.38,-157.92,44.05,-26.05,38643.9,9.05
17.5,Luanda,170,1187.2015,0.0,157.89,34.38,-159.27,42.71,-27.39,38643.9,7.71
17.5,Nairobi,189,1350.22475,0.0,159.0,34.38,-160.38,41.59,-28.51,38643.9,6.59
17.5,Johannesburg,58,1302.2335,0.0,158.69,34.38,-160.07,41.91,-28.19,38643.9,6.91
17.5,Havana,221,1654.58775,0.0,160.77,34.38,-162.15,39.83,-30.27,38643.9,4.83
17.5,Caracas,109,1303.823,0.0,158.7,34.38,-160.08,41.9,-28.2,38643.9,6.9
17.5,Buenos_Aires,111,1124.305375,0.0,157.41,34.38,-158.79,43.18,-26.92,38643.9,8.18
17.666666666666668,Vladimir,224,1325.337125,0.0,158.84,34.38,-160.22,41.75,-28.34,38643.9,6.75
17.666666666666668,Murmansk,2,1023.8875625,0.0,156.6,34.38,-157.98,44.0,-26.1,38643.9,9.0
17.666666666666668,Novosibirsk,245,1285.476,0.0,158.58,34.38,-159.96,42.02,-28.08,38643.9,7.02
17.666666666666668,Zheleznogorsk,264,1128.928625,0.0,157.45,34.38,-158.83,43.15,-26.95,38643.9,8.15
17.666666666666668,Yakutsk,4,1168.111375,0.0,157.75,34.38,-159.12,42.85,-27.25,38643.9,7.85
17.666666666666668,Khabarovsk,285,1026.11525,0.0,156.62,34.38,-158.0,43.98,-26.12,38643.9,8.98
17.666666666666668,Vladivostok,100,1092.37475,0.0,157.16,34.38,-158.54,43.43,-26.67,38643.9,8.43
17.666666666666668,Minsk,1,1313.87925,0.0,158.77,34.38,-160.15,41.83,-28.27,38643.9,6.83
17.666666666666668,Almaty,60,1135.07675,0.0,157.5,34.38,-158.88,43.1,-27.0,38643.9,8.1
17.666666666666668,Tehran,40,1045.2175625,0.0,156.78,34.38,-158.16,43.82,-26.28,38643.9,8.82
17.666666666666668,Urumqi,245,1162.919875,0.0,157.71,34.38,-159.09,42.89,-27.21,38643.9,7.89
17.666666666666668,Delhi,79,1054.857375,0.0,156.86,34.38,-158.24,43.74,-26.36,38643.9,8.74
17.666666666666668,Yangon,247,1059.2725,0.0,156.9,34.38,-158.28,43.7,-26.4,38643.9,8.7
17.666666666666668,Jakarta,117,1151.868,0.0,157.62,34.38,-159.0,42.97,-27.13,38643.9,7.97
17.666666666666668,Luanda,37,1111.5755,0.0,157.31,34.38,-158.69,43.28,-26.82,38643.9,8.28
17.666666666666668,Nairobi,58,1295.273125,0.0,158.64,34.38,-160.02,41.95,-28.14,38643.9,6.95
17.666666666666668,Johannesburg,56,1235.487,0.0,158.23,34.38,-159.61,42.36,-27.73,38643.9,7.36
17.666666666666668,Havana,106,1414.4625,0.0,159.41,34.38,-160.79,41.19,-28.91,38643.9,6.19
17.666666666666668,Caracas,107,1184.767625,0.0,157.87,34.38,-159.25,42.73,-27.37,38643.9,7.73
17.666666666666668,Buenos_Aires,109,1154.52175,0.0,157.64,34.38,-159.02,42.95,-27.15,38643.9,7.95
17.833333333333332,Vladimir,222,1178.889375,0.0,157.83,34.38,-159.2,42.77,-27.33,38643.9,7.77
17.833333333333332,Murmansk,0,1000.4135625,0.0,156.4,34.38,-157.78,44.2,-25.9,38643.9,9.2
17.833333333333332,Novosibirsk,243,1192.030125,0.0,157.92,34.38,-159.3,42.68,-27.42,38643.9,7.68
17.833333333333332,Zheleznogorsk,262,1045.7365625,0.0,156.78,34.38,-158.16,43.81,-26.29,38643.9,8.81
17.833333333333332,Yakutsk,2,1110.15025,0.0,157.3,34.38,-158.68,43.29,-26.81,38643.9,8.29
17.833333333333332,Khabarovsk,283,1134.7665,0.0,157.49,34.38,-158.87,43.1,-27.0,38643.9,8.1
17.833333333333332,Vladivostok,118,1132.15125,0.0,157.47,34.38,-158.85,43.12,-26.98,38643.9,8.12
17.833333333333332,Minsk,203,1166.7285,0.0,157.74,34.38,-159.11,42.86,-27.24,38643.9,7.86
17.833333333333332,Almaty,78,1017.7835625,0.0,156.55,34.38,-157.93,44.05,-26.05,38643.9,9.05
17.833333333333332,Tehran,58,1002.42775,0.0,156.42,34.38,-157.8,44.18,-25.92,38643.9,9.18
17.833333333333332,Urumqi,78,1289.601125,0.0,158.6,34.38,-159.98,41.99,-28.11,38643.9,6.99
17.833333333333332,Delhi,77,1201.628375,0.0,157.99,34.38,-159.37,42.61,-27.49,38643.9,7.61
17.833333333333332,Yangon,245,1021.8633125,0.0,156.58,34.38,-157.96,44.01,-26.09,38643.9,9.01
17.833333333333332,Jakarta,115,1019.1895,0.0,156.56,34.38,-157.94,44.04,-26.06,38643.9,9.04
17.833333333333332,Luanda,35,1016.0573125,0.0,156.53,34.38,-157.91,44.06,-26.04,38643.9,9.06
17.833333333333332,Nairobi,56,1087.397125,0.0,157.12,34.38,-158.5,43.47,-26.63,38643.9,8.47
17.833333333333332,Johannesburg,187,1249.635875,0.0,158.33,34.38,-159.71,42.27,-27.83,38643.9,7.27
17.833333333333332,Havana,104,1201.77925,0.0,157.99,34.38,-159.37,42.6,-27.49,38643.9,7.6
17.833333333333332,Caracas,105,1193.620625,0.0,157.93,34.38,-159.31,42.66,-27.43,38643.9,7.66
17.833333333333332,Buenos_Aires,107,1291.834875,0.0,158.62,34.38,-160.0,41.98,-28.12,38643.9,6.98
18.0,Vladimir,37,1087.20325,0.0,157.12,34.38,-158.5,43.47,-26.62,38643.9,8.47
18.0,Murmansk,18,1057.042625,0.0,156.88,34.38,-158.26,43.72,-26.38,38643.9,8.72
18.0,Novosibirsk,241,1177.4565,0.0,157.81,34.38,-159.19,42.78,-27.32,38643.9,7.78
18.0,Zheleznogorsk,260,1056.9415,0.0,156.88,34.38,-158.26,43.72,-26.38,38643.9,8.72
18.0,Yakutsk,117,1083.2705,0.0,157.09,34.38,-158.47,43.51,-26.59,38643.9,8.51
18.0,Khabarovsk,281,1314.931875,0.0,158.77,34.38,-160.15,41.82,-28.28,38643.9,6.82
18.0,Vladivostok,116,1272.014625,0.0,158.49,34.38,-159.86,42.11,-27.99,38643.9,7.11
18.0,Minsk,201,1046.8521875,0.0,156.79,34.38,-158.17,43.8,-26.3,38643.9,8.8
18.0,Almaty,76,1008.8704375,0.0,156.47,34.38,-157.85,44.12,-25.97,38643.9,9.12
18.0,Tehran,56,1086.48775,0.0,157.12,34.38,-158.5,43.48,-26.62,38643.9,8.48
18.0,Urumqi,76,1490.95675,0.0,159.87,34.38,-161.24,40.73,-29.37,38643.9,5.73
18.0,Delhi,75,1437.297,0.0,159.55,34.38,-160.93,41.05,-29.05,38643.9,6.05
18.0,Yangon,243,1128.102625,0.0,157.44,34.38,-158.82,43.15,-26.94,38643.9,8.15
18.0,Jakarta,113,1035.2818125,0.0,156.7,34.38,-158.08,43.9,-26.2,38643.9,8.9
18.0,Luanda,33,1071.34025,0.0,156.99,34.38,-158.37,43.6,-26.5,38643.9,8.6
18.0,Nairobi,54,1004.538625,0.0,156.44,34.38,-157.81,44.16,-25.94,38643.9,9.16
18.0,Johannesburg,185,1071.078,0.0,156.99,34.38,-158.37,43.6,-26.49,38643.9,8.6
18.0,Havana,102,1090.716875,0.0,157.15,34.38,-158.53,43.45,-26.65,38643.9,8.45
18.0,Caracas,103,1326.89525,0.0,158.85,34.38,-160.23,41.74,-28.35,38643.9,6.74
18.0,Buenos_Aires,106,1472.324375,0.0,159.76,34.38,-161.13,40.84,-29.26,38643.9,5.84
18.166666666666668,Vladimir,35,1082.606375,0.0,157.09,34.38,-158.46,43.51,-26.59,38643.9,8.51
18.166666666666668,Murmansk,16,1183.7685,0.0,157.86,34.38,-159.24,42.74,-27.36,38643.9,7.74
18.166666666666668,Novosibirsk,75,1071.1165,0.0,156.99,34.38,-158.37,43.6,-26.49,38643.9,8.6
18.166666666666668,Zheleznogorsk,278,1157.123,0.0,157.66,34.38,-159.04,42.93,-27.17,38643.9,7.93
18.166666666666668,Yakutsk,115,1094.023,0.0,157.18,34.38,-158.56,43.42,-26.68,38643.9,8.42
18.166666666666668,Khabarovsk,19,1350.701125,0.0,159.01,34.38,-160.39,41.59,-28.51,38643.9,6.59
18.166666666666668,Vladivostok,280,1313.2915,0.0,158.76,34.38,-160.14,41.83,-28.26,38643.9,6.83
18.166666666666668,Minsk,219,1018.481875,0.0,156.55,34.38,-157.93,44.04,-26.06,38643.9,9.04
18.166666666666668,Almaty,74,1114.274875,0.0,157.34,34.38,-158.71,43.26,-26.84,38643.9,8.26
18.166666666666668,Tehran,54,1274.94825,0.0,158.51,34.38,-159.88,42.09,-28.01,38643.9,7.09
18.166666666666668,Urumqi,240,1442.1035,0.0,159.58,34.38,-160.95,41.02,-29.08,38643.9,6.02
18.166666666666668,Delhi,240,1423.696375,0.0,159.46,34.38,-160.84,41.13,-28.97,38643.9,6.13
18.166666666666668,Yangon,241,1342.39175,0.0,158.95,34.38,-160.33,41.64,-28.46,38643.9,6.64
18.166666666666668,Jakarta,111,1193.34575,0.0,157.93,34.38,-159.31,42.67,-27.43,38643.9,7.67
18.166666666666668,Luanda,31,1256.59525,0.0,158.38,34.38,-159.76,42.22,-27.88,38643.9,7.22
18.166666666666668,Nairobi,52,1076.300625,0.0,157.03,34.38,-158.41,43.56,-26.54,38643.9,8.56
18.166666666666668,Johannesburg,183,1006.74925,0.0,156.45,34.38,-157.83,44.14,-25.96,38643.9,9.14
18.166666666666668,Havana,100,1110.214625,0.0,157.3,34.38,-158.68,43.29,-26.81,38643.9,8.29
18.166666666666668,Caracas,272,1303.432,0.0,158.7,34.38,-160.08,41.9,-28.2,38643.9,6.9
18.166666666666668,Buenos_Aires,290,1327.641875,0.0,158.86,34.38,-160.24,41.74,-28.36,38643.9,6.74
18.333333333333332,Vladimir,33,1169.96575,0.0,157.76,34.38,-159.14,42.84,-27.26,38643.9,7.84
18.333333333333332,Murmansk,256,1163.4185,0.0,157.71,34.38,-159.09,42.89,-27.21,38643.9,7.89
18.333333333333332,Novosibirsk,73,1049.7675,0.0,156.82,34.38,-158.2,43.78,-26.32,38643.9,8.78
18.333333333333332,Zheleznogorsk,276,1323.6155,0.0,158.83,34.38,-160.21,41.77,-28.33,38643.9,6.77
18.333333333333332,Yakutsk,113,1182.110125,0.0,157.85,34.38,-159.23,42.75,-27.35,38643.9,7.75
18.333333333333332,Khabarovsk,133,1255.038625,0.0,158.37,34.38,-159.75,42.23,-27.87,38643.9,7.23
18.333333333333332,Vladivostok,298,1264.753875,0.0,158.44,34.38,-159.82,42.16,-27.94,38643.9,7.16
18.333333333333332,Minsk,33,1083.154375,0.0,157.09,34.38,-158.47,43.51,-26.59,38643.9,8.51
18.333333333333332,Almaty,258,1219.925625,0.0,158.12,34.38,-159.5,42.47,-27.62,38643.9,7.47
18.333333333333332,Tehran,238,1465.54775,0.0,159.72,34.38,-161.09,40.88,-29.22,38643.9,5.88
18.333333333333332,Urumqi,93,1377.244375,0.0,159.18,34.38,-160.56,41.42,-28.68,38643.9,6.42
18.333333333333332,Delhi,258,1467.811625,0.0,159.73,34.38,-161.11,40.87,-29.23,38643.9,5.87
18.333333333333332,Yangon,259,1620.366875,0.0,160.59,34.38,-161.97,40.01,-30.09,38643.9,5.01
18.333333333333332,Jakarta,109,1446.369375,0.0,159.6,34.38,-160.98,41.0,-29.1,38643.9,6.0
18.333333333333332,Luanda,180,1365.52675,0.0,159.1,34.38,-160.48,41.5,-28.6,38643.9,6.5
18.333333333333332,Nairobi,50,1276.486125,0.0,158.52,34.38,-159.9,42.08,-28.02,38643.9,7.08
18.333333333333332,Johannesburg,181,1080.369375,0.0,157.07,34.38,-158.45,43.53,-26.57,38643.9,8.53
18.333333333333332,Havana,118,1251.88675,0.0,158.35,34.38,-159.73,42.25,-27.85,38643.9,7.25
18.333333333333332,Caracas,270,1212.5675,0.0,158.07,34.38,-159.45,42.53,-27.57,38643.9,7.53
18.333333333333332,Buenos_Aires,288,1194.463875,0.0,157.94,34.38,-159.32,42.66,-27.44,38643.9,7.66
18.5,Vladimir,31,1333.255375,0.0,158.89,34.38,-160.27,41.7,-28.4,38643.9,6.7
18.5,Murmansk,254,1060.50825,0.0,156.91,34.38,-158.29,43.69,-26.41,38643.9,8.69
18.5,Novosibirsk,71,1124.506375,0.0,157.41,34.38,-158.79,43.18,-26.92,38643.9,8.18
18.5,Zheleznogorsk,275,1445.60975,0.0,159.6,34.38,-160.98,41.0,-29.1,38643.9,6.0
18.5,Yakutsk,111,1334.25,0.0,158.9,34.38,-160.28,41.7,-28.4,38643.9,6.7
18.5,Khabarovsk,131,1121.886125,0.0,157.39,34.38,-158.77,43.2,-26.9,38643.9,8.2
18.5,Vladivostok,296,1306.5085,0.0,158.72,34.38,-160.1,41.88,-28.22,38643.9,6.88
18.5,Minsk,31,1009.551625,0.0,156.48,34.38,-157.86,44.12,-25.98,38643.9,9.12
18.5,Almaty,256,1108.697,0.0,157.29,34.38,-158.67,43.3,-26.79,38643.9,8.3
18.5,Tehran,236,1233.199,0.0,158.22,34.38,-159.6,42.38,-27.72,38643.9,7.38
18.5,Urumqi,91,1170.6905,0.0,157.76,34.38,-159.14,42.83,-27.27,38643.9,7.83
18.5,Delhi,90,1325.366125,0.0,158.84,34.38,-160.22,41.75,-28.34,38643.9,6.75
18.5,Yangon,109,1630.940125,0.0,160.64,34.38,-162.02,39.95,-30.15,38643.9,4.95
18.5,Jakarta,278,1303.248,0.0,158.7,34.38,-160.08,41.9,-28.2,38643.9,6.9
18.5,Luanda,198,1243.387,0.0,158.29,34.38,-159.67,42.31,-27.79,38643.9,7.31
18.5,Nairobi,218,1237.51725,0.0,158.25,34.38,-159.63,42.35,-27.75,38643.9,7.35
18.5,Johannesburg,47,1267.89575,0.0,158.46,34.38,-159.84,42.14,-27.96,38643.9,7.14
18.5,Havana,250,1298.178125,0.0,158.66,34.38,-160.04,41.93,-28.16,38643.9,6.93
18.5,Caracas,268,1248.0235,0.0,158.32,34.38,-159.7,42.28,-27.82,38643.9,7.28
18.5,Buenos_Aires,286,1167.3205,0.0,157.74,34.38,-159.12,42.86,-27.24,38643.9,7.86
18.666666666666668,Vladimir,233,1329.82625,0.0,158.87,34.38,-160.25,41.73,-28.37,38643.9,6.73
18.666666666666668,Murmansk,252,1033.9850625,0.0,156.69,34.38,-158.07,43.91,-26.19,38643.9,8.91
18.666666666666668,Novosibirsk,69,1280.786625,0.0,158.55,34.38,-159.92,42.05,-28.05,38643.9,7.05
18.666666666666668,Zheleznogorsk,273,1315.13275,0.0,158.78,34.38,-160.15,41.82,-28.28,38643.9,6.82
18.666666666666668,Yakutsk,13,1175.61025,0.0,157.8,34.38,-159.18,42.8,-27.3,38643.9,7.8
18.666666666666668,Khabarovsk,129,1072.91875,0.0,157.01,34.38,-158.39,43.59,-26.51,38643.9,8.59
18.666666666666668,Vladivostok,129,1156.13575,0.0,157.66,34.38,-159.04,42.94,-27.16,38643.9,7.94
18.666666666666668,Minsk,29,1034.4936875,0.0,156.69,34.38,-158.07,43.91,-26.19,38643.9,8.91
18.666666666666668,Almaty,254,1099.41075,0.0,157.22,34.38,-158.6,43.38,-26.72,38643.9,8.38
18.666666666666668,Tehran,234,1079.1425,0.0,157.06,34.38,-158.44,43.54,-26.56,38643.9,8.54
18.666666666666668,Urumqi,89,1032.4275,0.0,156.67,34.38,-158.05,43.92,-26.17,38643.9,8.92
18.666666666666668,Delhi,88,1129.07,0.0,157.45,34.38,-158.83,43.15,-26.95,38643.9,8.15
18.666666666666668,Yangon,107,1345.79675,0.0,158.98,34.38,-160.35,41.62,-28.48,38643.9,6.62
18.666666666666668,Jakarta,276,1171.173625,0.0,157.77,34.38,-159.15,42.83,-27.27,38643.9,7.83
18.666666666666668,Luanda,196,1242.707,0.0,158.28,34.38,-159.66,42.31,-27.79,38643.9,7.31
18.666666666666668,Nairobi,216,1318.627875,0.0,158.8,34.38,-160.18,41.8,-28.3,38643.9,6.8
18.666666666666668,Johannesburg,45,1402.110875,0.0,159.33,34.38,-160.71,41.27,-28.83,38643.9,6.27
18.666666666666668,Havana,248,1233.59075,0.0,158.22,34.38,-159.6,42.38,-27.72,38643.9,7.38
18.666666666666668,Caracas,266,1400.903,0.0,159.32,34.38,-160.7,41.27,-28.83,38643.9,6.27
18.666666666666668,Buenos_Aires,284,1250.49025,0.0,158.34,34.38,-159.72,42.26,-27.84,38643.9,7.26
18.833333333333332,Vladimir,231,1192.57575,0.0,157.93,34.38,-159.3,42.67,-27.43,38643.9,7.67
18.833333333333332,Murmansk,28,1052.796375,0.0,156.84,34.38,-158.22,43.75,-26.34,38643.9,8.75
18.833333333333332,Novosibirsk,271,1195.004,0.0,157.94,34.38,-159.32,42.65,-27.45,38643.9,7.65
18.833333333333332,Zheleznogorsk,88,1168.605,0.0,157.75,34.38,-159.13,42.85,-27.25,38643.9,7.85
18.833333333333332,Yakutsk,11,1074.364375,0.0,157.02,34.38,-158.4,43.58,-26.52,38643.9,8.58
18.833333333333332,Khabarovsk,127,1122.789125,0.0,157.4,34.38,-158.78,43.2,-26.9,38643.9,8.2
18.833333333333332,Vladivostok,127,1023.631375,0.0,156.6,34.38,-157.98,44.0,-26.1,38643.9,9.0
18.833333333333332,Minsk,27,1154.372875,0.0,157.64,34.38,-159.02,42.95,-27.14,38643.9,7.95
18.833333333333332,Almaty,252,1191.320375,0.0,157.92,34.38,-159.3,42.68,-27.42,38643.9,7.68
18.833333333333332,Tehran,232,1036.2105,0.0,156.7,34.38,-158.08,43.89,-26.21,38643.9,8.89
18.833333333333332,Urumqi,87,995.831375,0.0,156.36,34.38,-157.74,44.24,-25.86,38643.9,9.24
18.833333333333332,Delhi,86,1031.779375,0.0,156.67,34.38,-158.05,43.93,-26.17,38643.9,8.93
18.833333333333332,Yangon,105,1120.647875,0.0,157.39,34.38,-158.76,43.21,-26.89,38643.9,8.21
18.833333333333332,Jakarta,274,1168.05175,0.0,157.74,34.38,-159.12,42.85,-27.25,38643.9,7.85
18.833333333333332,Luanda,194,1364.356625,0.0,159.09,34.38,-160.47,41.5,-28.6,38643.9,6.5
18.833333333333332,Nairobi,215,1422.33475,0.0,159.46,34.38,-160.83,41.14,-28.96,38643.9,6.14
18.833333333333332,Johannesburg,43,1611.75175,0.0,160.54,34.38,-161.92,40.06,-30.04,38643.9,5.06
18.833333333333332,Havana,246,1286.095125,0.0,158.58,34.38,-159.96,42.02,-28.08,38643.9,7.02
18.833333333333332,Caracas,134,1162.0745,0.0,157.7,34.38,-159.08,42.9,-27.2,38643.9,7.9
18.833333333333332,Buenos_Aires,282,1422.02575,0.0,159.45,34.38,-160.83,41.14,-28.96,38643.9,6.14
19.0,Vladimir,229,1128.775875,0.0,157.45,34.38,-158.83,43.15,-26.95,38643.9,8.15
19.0,Murmansk,26,1047.910875,0.0,156.8,34.38,-158.18,43.79,-26.3,38643.9,8.79
19.0,Novosibirsk,269,1060.759,0.0,156.91,34.38,-158.29,43.69,-26.41,38643.9,8.69
19.0,Zheleznogorsk,86,1049.613625,0.0,156.82,34.38,-158.2,43.78,-26.32,38643.9,8.78
19.0,Yakutsk,9,1051.568125,0.0,156.83,34.38,-158.21,43.76,-26.33,38643.9,8.76
19.0,Khabarovsk,10,1166.32225,0.0,157.73,34.38,-159.11,42.86,-27.23,38643.9,7.86
19.0,Vladivostok,125,995.6403125,0.0,156.36,34.38,-157.74,44.24,-25.86,38643.9,9.24
19.0,Minsk,229,1221.486875,0.0,158.13,34.38,-159.51,42.46,-27.64,38643.9,7.46
19.0,Almaty,85,1135.1445,0.0,157.5,34.38,-158.88,43.1,-27.0,38643.9,8.1
19.0,Tehran,64,1081.894875,0.0,157.08,34.38,-158.46,43.52,-26.58,38643.9,8.52
19.0,Urumqi,85,1074.945625,0.0,157.02,34.38,-158.4,43.57,-26.53,38643.9,8.57
19.0,Delhi,84,1064.540375,0.0,156.94,34.38,-158.32,43.66,-26.44,38643.9,8.66
19.0,Yangon,103,1000.513,0.0,156.4,34.38,-157.78,44.2,-25.9,38643.9,9.2
19.0,Jakarta,272,1295.314625,0.0,158.64,34.38,-160.02,41.95,-28.15,38643.9,6.95
19.0,Luanda,42,1165.38675,0.0,157.73,34.38,-159.1,42.87,-27.23,38643.9,7.87
19.0,Nairobi,213,1297.127625,0.0,158.66,34.38,-160.03,41.94,-28.16,38643.9,6.94
19.0,Johannesburg,60,1611.479375,0.0,160.54,34.38,-161.92,40.06,-30.04,38643.9,5.06
19.0,Havana,244,1444.6875,0.0,159.59,34.38,-160.97,41.01,-29.09,38643.9,6.01
19.0,Caracas,132,1010.0906875,0.0,156.48,34.38,-157.86,44.11,-25.98,38643.9,9.11
19.0,Buenos_Aires,281,1354.17525,0.0,159.03,34.38,-160.41,41.57,-28.53,38643.9,6.57
19.166666666666668,Vladimir,44,1023.2206875,0.0,156.6,34.38,-157.97,44.0,-26.1,38643.9,9.0
19.166666666666668,Murmansk,24,1116.80325,0.0,157.36,34.38,-158.73,43.24,-26.86,38643.9,8.24
19.166666666666668,Novosibirsk,267,1013.4546875,0.0,156.51,34.38,-157.89,44.09,-26.01,38643.9,9.09
19.166666666666668,Zheleznogorsk,84,1016.300875,0.0,156.54,34.38,-157.92,44.06,-26.04,38643.9,9.06
19.166666666666668,Yakutsk,104,1082.308125,0.0,157.08,34.38,-158.46,43.51,-26.58,38643.9,8.51
19.166666666666668,Khabarovsk,8,1059.260875,0.0,156.9,34.38,-158.27,43.7,-26.4,38643.9,8.7
19.166666666666668,Vladivostok,8,1058.265875,0.0,156.89,34.38,-158.27,43.71,-26.39,38643.9,8.71
19.166666666666668,Minsk,227,1073.5805,0.0,157.01,34.38,-158.39,43.58,-26.51,38643.9,8.58
19.166666666666668,Almaty,83,1060.186,0.0,156.9,34.38,-158.28,43.69,-26.41,38643.9,8.69
19.166666666666668,Tehran,62,1065.340375,0.0,156.95,34.38,-158.32,43.65,-26.45,38643.9,8.65
19.166666666666668,Urumqi,83,1250.591125,0.0,158.34,34.38,-159.72,42.26,-27.84,38643.9,7.26
19.166666666666668,Delhi,82,1219.341375,0.0,158.12,34.38,-159.5,42.48,-27.62,38643.9,7.48
19.166666666666668,Yangon,101,1025.7539375,0.0,156.62,34.38,-158.0,43.98,-26.12,38643.9,8.98
19.166666666666668,Jakarta,120,1274.415,0.0,158.5,34.38,-159.88,42.09,-28.0,38643.9,7.09
19.166666666666668,Luanda,40,1059.120625,0.0,156.89,34.38,-158.27,43.7,-26.4,38643.9,8.7
19.166666666666668,Nairobi,60,1163.39925,0.0,157.71,34.38,-159.09,42.89,-27.21,38643.9,7.89
19.166666666666668,Johannesburg,212,1435.744,0.0,159.54,34.38,-160.92,41.06,-29.04,38643.9,6.06
19.166666666666668,Havana,129,1489.43475,0.0,159.86,34.38,-161.24,40.74,-29.36,38643.9,5.74
19.166666666666668,Caracas,130,1004.0543125,0.0,156.43,34.38,-157.81,44.17,-25.93,38643.9,9.17
19.166666666666668,Buenos_Aires,299,1282.1205,0.0,158.55,34.38,-159.93,42.04,-28.06,38643.9,7.04
19.333333333333332,Vladimir,42,997.2986875,0.0,156.37,34.38,-157.75,44.22,-25.87,38643.9,9.22
19.333333333333332,Murmansk,3,1230.850625,0.0,158.2,34.38,-159.58,42.4,-27.7,38643.9,7.4
19.333333333333332,Novosibirsk,82,1043.0373125,0.0,156.76,34.38,-158.14,43.84,-26.26,38643.9,8.84
19.333333333333332,Zheleznogorsk,82,1079.6755,0.0,157.06,34.38,-158.44,43.54,-26.56,38643.9,8.54
19.333333333333332,Yakutsk,102,1130.30375,0.0,157.46,34.38,-158.84,43.14,-26.96,38643.9,8.14
19.333333333333332,Khabarovsk,6,1051.559625,0.0,156.83,34.38,-158.21,43.76,-26.33,38643.9,8.76
19.333333333333332,Vladivostok,6,1091.594375,0.0,157.16,34.38,-158.54,43.44,-26.66,38643.9,8.44
19.333333333333332,Minsk,225,1013.4545625,0.0,156.51,34.38,-157.89,44.09,-26.01,38643.9,9.09
19.333333333333332,Almaty,81,1092.129125,0.0,157.16,34.38,-158.54,43.44,-26.66,38643.9,8.44
19.333333333333332,Tehran,60,1166.792,0.0,157.74,34.38,-159.11,42.86,-27.24,38643.9,7.86
19.333333333333332,Urumqi,266,1177.424625,0.0,157.81,34.38,-159.19,42.78,-27.32,38643.9,7.78
19.333333333333332,Delhi,247,1448.543125,0.0,159.61,34.38,-160.99,40.98,-29.12,38643.9,5.98
19.333333333333332,Yangon,267,1142.75825,0.0,157.55,34.38,-158.93,43.04,-27.06,38643.9,8.04
19.333333333333332,Jakarta,138,1274.152,0.0,158.5,34.38,-159.88,42.1,-28.0,38643.9,7.1
19.333333333333332,Luanda,58,1097.41525,0.0,157.2,34.38,-158.58,43.39,-26.71,38643.9,8.39
19.333333333333332,Nairobi,78,1067.9985,0.0,156.97,34.38,-158.35,43.63,-26.47,38643.9,8.63
19.333333333333332,Johannesburg,210,1285.82125,0.0,158.58,34.38,-159.96,42.02,-28.08,38643.9,7.02
19.333333333333332,Havana,127,1407.147625,0.0,159.36,34.38,-160.74,41.23,-28.86,38643.9,6.23
19.333333333333332,Caracas,128,1145.12225,0.0,157.57,34.38,-158.95,43.02,-27.07,38643.9,8.02
19.333333333333332,Buenos_Aires,131,1198.30975,0.0,157.97,34.38,-159.35,42.63,-27.47,38643.9,7.63
19.5,Vladimir,40,1068.659625,0.0,156.97,34.38,-158.35,43.62,-26.47,38643.9,8.62
19.5,Murmansk,262,1183.8015,0.0,157.86,34.38,-159.24,42.74,-27.36,38643.9,7.74
19.5,Novosibirsk,80,996.0419375,0.0,156.36,34.38,-157.74,44.24,-25.86,38643.9,9.24
19.5,Zheleznogorsk,80,1227.145,0.0,158.17,34.38,-159.55,42.42,-27.68,38643.9,7.42
19.5,Yakutsk,100,1256.15525,0.0,158.38,34.38,-159.76,42.22,-27.88,38643.9,7.22
19.5,Khabarovsk,4,1142.006625,0.0,157.55,34.38,-158.93,43.05,-27.05,38643.9,8.05
19.5,Vladivostok,4,1224.080875,0.0,158.15,34.38,-159.53,42.44,-27.65,38643.9,7.44
19.5,Minsk,223,1053.339375,0.0,156.85,34.38,-158.23,43.75,-26.35,38643.9,8.75
19.5,Almaty,99,1225.568875,0.0,158.16,34.38,-159.54,42.43,-27.66,38643.9,7.43
19.5,Tehran,78,1362.314125,0.0,159.08,34.38,-160.46,41.52,-28.58,38643.9,6.52
19.5,Urumqi,264,1121.987375,0.0,157.4,34.38,-158.77,43.2,-26.9,38643.9,8.2
19.5,Delhi,99,1525.21375,0.0,160.06,34.38,-161.44,40.53,-29.56,38643.9,5.53
19.5,Yangon,265,1349.24075,0.0,159.0,34.38,-160.38,41.6,-28.5,38643.9,6.6
19.5,Jakarta,136,1393.54725,0.0,159.28,34.38,-160.66,41.32,-28.78,38643.9,6.32
19.5,Luanda,56,1266.07475,0.0,158.44,34.38,-159.82,42.15,-27.95,38643.9,7.15
19.5,Nairobi,76,1118.219125,0.0,157.37,34.38,-158.75,43.23,-26.87,38643.9,8.23
19.5,Johannesburg,75,1106.85725,0.0,157.28,34.38,-158.66,43.32,-26.78,38643.9,8.32
19.5,Havana,125,1428.25,0.0,159.49,34.38,-160.87,41.11,-28.99,38643.9,6.11
19.5,Caracas,126,1387.642875,0.0,159.24,34.38,-160.62,41.36,-28.74,38643.9,6.36
19.5,Buenos_Aires,129,1077.849875,0.0,157.05,34.38,-158.43,43.55,-26.55,38643.9,8.55
19.666666666666668,Vladimir,58,1222.752375,0.0,158.14,34.38,-159.52,42.45,-27.64,38643.9,7.45
19.666666666666668,Murmansk,241,1080.701375,0.0,157.07,34.38,-158.45,43.53,-26.57,38643.9,8.53
19.666666666666668,Novosibirsk,98,1047.215625,0.0,156.8,34.38,-158.18,43.8,-26.3,38643.9,8.8
19.666666666666668,Zheleznogorsk,282,1338.421125,0.0,158.93,34.38,-160.31,41.67,-28.43,38643.9,6.67
19.666666666666668,Yakutsk,21,1313.671625,0.0,158.77,34.38,-160.14,41.83,-28.27,38643.9,6.83
19.666666666666668,Khabarovsk,138,1262.28025,0.0,158.42,34.38,-159.8,42.18,-27.92,38643.9,7.18
19.666666666666668,Vladivostok,2,1425.38725,0.0,159.47,34.38,-160.85,41.12,-28.98,38643.9,6.12
19.666666666666668,Minsk,58,1041.2858125,0.0,156.75,34.38,-158.13,43.85,-26.25,38643.9,8.85
19.666666666666668,Almaty,262,1079.180875,0.0,157.06,34.38,-158.44,43.54,-26.56,38643.9,8.54
19.666666666666668,Tehran,243,1400.774875,0.0,159.32,34.38,-160.7,41.27,-28.83,38643.9,6.27
19.666666666666668,Urumqi,262,1167.689125,0.0,157.74,34.38,-159.12,42.85,-27.24,38643.9,7.85
19.666666666666668,Delhi,97,1516.95425,0.0,160.02,34.38,-161.39,40.58,-29.52,38643.9,5.58
19.666666666666668,Yangon,264,1572.898625,0.0,160.33,34.38,-161.71,40.27,-29.83,38643.9,5.27
19.666666666666668,Jakarta,135,1348.257125,0.0,158.99,34.38,-160.37,41.61,-28.49,38643.9,6.61
19.666666666666668,Luanda,54,1520.873375,0.0,160.04,34.38,-161.42,40.56,-29.54,38643.9,5.56
19.666666666666668,Nairobi,74,1296.813875,0.0,158.65,34.38,-160.03,41.94,-28.16,38643.9,6.94
19.666666666666668,Johannesburg,73,1009.629875,0.0,156.48,34.38,-157.86,44.12,-25.98,38643.9,9.12
19.666666666666668,Havana,276,1264.779375,0.0,158.44,34.38,-159.82,42.16,-27.94,38643.9,7.16
19.666666666666668,Caracas,295,1631.248375,0.0,160.65,34.38,-162.03,39.95,-30.15,38643.9,4.95
19.666666666666668,Buenos_Aires,127,1072.137,0.0,157.0,34.38,-158.38,43.6,-26.5,38643.9,8.6
19.833333333333332,Vladimir,240,1283.44075,0.0,158.56,34.38,-159.94,42.03,-28.07,38643.9,7.03
19.833333333333332,Murmansk,259,1038.6069375,0.0,156.72,34.38,-158.1,43.87,-26.23,38643.9,8.87
19.833333333333332,Novosibirsk,96,1186.542625,0.0,157.88,34.38,-159.26,42.72,-27.38,38643.9,7.72
19.833333333333332,Zheleznogorsk,280,1167.488875,0.0,157.74,34.38,-159.12,42.86,-27.24,38643.9,7.86
19.833333333333332,Yakutsk,39,1137.22775,0.0,157.51,34.38,-158.89,43.08,-27.01,38643.9,8.08
19.833333333333332,Khabarovsk,155,1345.85575,0.0,158.98,34.38,-160.35,41.62,-28.48,38643.9,6.62
19.833333333333332,Vladivostok,155,1381.563625,0.0,159.2,34.38,-160.58,41.39,-28.71,38643.9,6.39
19.833333333333332,Minsk,56,1034.6511875,0.0,156.69,34.38,-158.07,43.91,-26.19,38643.9,8.91
19.833333333333332,Almaty,260,994.5524375,0.0,156.35,34.38,-157.73,44.25,-25.85,38643.9,9.25
19.833333333333332,Tehran,241,1177.10125,0.0,157.81,34.38,-159.19,42.78,-27.31,38643.9,7.78
19.833333333333332,Urumqi,115,1178.396625,0.0,157.82,34.38,-159.2,42.78,-27.32,38643.9,7.78
19.833333333333332,Delhi,261,1320.503625,0.0,158.81,34.38,-160.19,41.79,-28.31,38643.9,6.79
19.833333333333332,Yangon,262,1559.13425,0.0,160.25,34.38,-161.63,40.34,-29.76,38643.9,5.34
19.833333333333332,Jakarta,133,1259.008875,0.0,158.4,34.38,-159.78,42.2,-27.9,38643.9,7.2
19.833333333333332,Luanda,53,1545.136,0.0,160.18,34.38,-161.55,40.42,-29.68,38643.9,5.42
19.833333333333332,Nairobi,73,1555.47125,0.0,160.23,34.38,-161.61,40.36,-29.73,38643.9,5.36
19.833333333333332,Johannesburg,71,1049.7275,0.0,156.82,34.38,-158.2,43.78,-26.32,38643.9,8.78
19.833333333333332,Havana,274,1076.684125,0.0,157.04,34.38,-158.42,43.56,-26.54,38643.9,8.56
19.833333333333332,Caracas,294,1588.496125,0.0,160.42,34.38,-161.79,40.18,-29.92,38643.9,5.18
19.833333333333332,Buenos_Aires,125,1185.790625,0.0,157.88,34.38,-159.26,42.72,-27.38,38643.9,7.72
20.0,Vladimir,258,1111.785,0.0,157.32,34.38,-158.7,43.28,-26.82,38643.9,8.28
20.0,Murmansk,35,1057.513125,0.0,156.88,34.38,-158.26,43.72,-26.38,38643.9,8.72
20.0,Novosibirsk,298,1250.218125,0.0,158.34,34.38,-159.71,42.26,-27.84,38643.9,7.26
20.0,Zheleznogorsk,298,1066.4365,0.0,156.95,34.38,-158.33,43.64,-26.46,38643.9,8.64
20.0,Yakutsk,37,1025.167625,0.0,156.61,34.38,-157.99,43.99,-26.11,38643.9,8.99
20.0,Khabarovsk,153,1342.367625,0.0,158.95,34.38,-160.33,41.64,-28.46,38643.9,6.64
20.0,Vladivostok,153,1216.885875,0.0,158.1,34.38,-159.48,42.5,-27.6,38643.9,7.5
20.0,Minsk,54,1122.78275,0.0,157.4,34.38,-158.78,43.2,-26.9,38643.9,8.2
20.0,Almaty,278,1026.3881875,0.0,156.62,34.38,-158.0,43.97,-26.12,38643.9,8.97
20.0,Tehran,259,1039.8316875,0.0,156.73,34.38,-158.11,43.86,-26.24,38643.9,8.86
20.0,Urumqi,113,1083.429,0.0,157.09,34.38,-158.47,43.51,-26.59,38643.9,8.51
20.0,Delhi,279,1110.3405,0.0,157.3,34.38,-158.68,43.29,-26.81,38643.9,8.29
20.0,Yangon,132,1521.458,0.0,160.04,34.38,-161.42,40.56,-29.54,38643.9,5.56
20.0,Jakarta,131,1293.411,0.0,158.63,34.38,-160.01,41.97,-28.13,38643.9,6.97
20.0,Luanda,51,1598.942375,0.0,160.47,34.38,-161.85,40.12,-29.97,38643.9,5.12
20.0,Nairobi,221,1474.227625,0.0,159.77,34.38,-161.15,40.83,-29.27,38643.9,5.83
20.0,Johannesburg,69,1210.995625,0.0,158.06,34.38,-159.44,42.54,-27.56,38643.9,7.54
20.0,Havana,272,1003.83225,0.0,156.43,34.38,-157.81,44.17,-25.93,38643.9,9.17
20.0,Caracas,292,1311.452875,0.0,158.75,34.38,-160.13,41.85,-28.25,38643.9,6.85
20.0,Buenos_Aires,9,1130.297375,0.0,157.46,34.38,-158.84,43.14,-26.96,38643.9,8.14
20.166666666666668,Vladimir,256,1014.95325,0.0,156.52,34.38,-157.9,44.07,-26.03,38643.9,9.07
20.166666666666668,Murmansk,33,1032.83325,0.0,156.68,34.38,-158.06,43.92,-26.18,38643.9,8.92
20.166666666666668,Novosibirsk,296,1092.474875,0.0,157.16,34.38,-158.54,43.43,-26.67,38643.9,8.43
20.166666666666668,Zheleznogorsk,296,1052.738875,0.0,156.84,34.38,-158.22,43.75,-26.34,38643.9,8.75
20.166666666666668,Yakutsk,35,997.11625,0.0,156.37,34.38,-157.75,44.23,-25.87,38643.9,9.23
20.166666666666668,Khabarovsk,36,1219.692625,0.0,158.12,34.38,-159.5,42.48,-27.62,38643.9,7.48
20.166666666666668,Vladivostok,151,1129.3895,0.0,157.45,34.38,-158.83,43.14,-26.95,38643.9,8.14
20.166666666666668,Minsk,52,1288.754875,0.0,158.6,34.38,-159.98,42.0,-28.1,38643.9,7.0
20.166666666666668,Almaty,276,1161.892625,0.0,157.7,34.38,-159.08,42.9,-27.2,38643.9,7.9
20.166666666666668,Tehran,257,1021.5776875,0.0,156.58,34.38,-157.96,44.02,-26.08,38643.9,9.02
20.166666666666668,Urumqi,111,1090.084625,0.0,157.14,34.38,-158.52,43.45,-26.65,38643.9,8.45
20.166666666666668,Delhi,277,1005.3523125,0.0,156.44,34.38,-157.82,44.15,-25.94,38643.9,9.15
20.166666666666668,Yangon,130,1318.855125,0.0,158.8,34.38,-160.18,41.8,-28.3,38643.9,6.8
20.166666666666668,Jakarta,129,1442.091375,0.0,159.58,34.38,-160.95,41.02,-29.08,38643.9,6.02
20.166666666666668,Luanda,200,1380.162375,0.0,159.19,34.38,-160.57,41.4,-28.7,38643.9,6.4
20.166666666666668,Nairobi,239,1214.28425,0.0,158.08,34.38,-159.46,42.51,-27.58,38643.9,7.51
20.166666666666668,Johannesburg,201,1234.904625,0.0,158.23,34.38,-159.61,42.37,-27.73,38643.9,7.37
20.166666666666668,Havana,270,1072.954875,0.0,157.01,34.38,-158.39,43.59,-26.51,38643.9,8.59
20.166666666666668,Caracas,290,1106.277875,0.0,157.27,34.38,-158.65,43.32,-26.77,38643.9,8.32
20.166666666666668,Buenos_Aires,7,1091.6405,0.0,157.16,34.38,-158.54,43.44,-26.66,38643.9,8.44
20.333333333333332,Vladimir,254,1011.7504375,0.0,156.5,34.38,-157.88,44.1,-26.0,38643.9,9.1
20.333333333333332,Murmansk,31,1089.337875,0.0,157.14,34.38,-158.52,43.46,-26.64,38643.9,8.46
20.333333333333332,Novosibirsk,294,1017.64725,0.0,156.55,34.38,-157.93,44.05,-26.05,38643.9,9.05
20.333333333333332,Zheleznogorsk,110,1010.6508125,0.0,156.49,34.38,-157.87,44.11,-25.99,38643.9,9.11
20.333333333333332,Yakutsk,131,1003.841,0.0,156.43,34.38,-157.81,44.17,-25.93,38643.9,9.17
20.333333333333332,Khabarovsk,34,1063.75125,0.0,156.93,34.38,-158.31,43.66,-26.43,38643.9,8.66
20.333333333333332,Vladivostok,149,1140.77225,0.0,157.54,34.38,-158.92,43.06,-27.04,38643.9,8.06
20.333333333333332,Minsk,254,1235.952125,0.0,158.24,34.38,-159.61,42.36,-27.74,38643.9,7.36
20.333333333333332,Almaty,109,1361.023375,0.0,159.07,34.38,-160.45,41.52,-28.57,38643.9,6.52
20.333333333333332,Tehran,255,1125.078375,0.0,157.42,34.38,-158.8,43.18,-26.92,38643.9,8.18
20.333333333333332,Urumqi,109,1199.7925,0.0,157.98,34.38,-159.36,42.62,-27.48,38643.9,7.62
20.333333333333332,Delhi,275,1035.4254375,0.0,156.7,34.38,-158.08,43.9,-26.2,38643.9,8.9
20.333333333333332,Yangon,128,1209.889125,0.0,158.05,34.38,-159.43,42.55,-27.55,38643.9,7.55
20.333333333333332,Jakarta,298,1413.806875,0.0,159.4,34.38,-160.78,41.19,-28.91,38643.9,6.19
20.333333333333332,Luanda,218,1149.9045,0.0,157.61,34.38,-158.99,42.99,-27.11,38643.9,7.99
20.333333333333332,Nairobi,237,1046.4784375,0.0,156.79,34.38,-158.17,43.81,-26.29,38643.9,8.81
20.333333333333332,Johannesburg,219,1281.423625,0.0,158.55,34.38,-159.93,42.05,-28.05,38643.9,7.05
20.333333333333332,Havana,136,1258.60125,0.0,158.39,34.38,-159.77,42.2,-27.9,38643.9,7.2
20.333333333333332,Caracas,288,1020.087375,0.0,156.57,34.38,-157.95,44.03,-26.07,38643.9,9.03
20.333333333333332,Buenos_Aires,5,1170.81025,0.0,157.77,34.38,-159.14,42.83,-27.27,38643.9,7.83
20.5,Vladimir,68,1060.79025,0.0,156.91,34.38,-158.29,43.69,-26.41,38643.9,8.69
20.5,Murmansk,29,1216.82125,0.0,158.1,34.38,-159.48,42.5,-27.6,38643.9,7.5
20.5,Novosibirsk,292,1040.9543125,0.0,156.74,34.38,-158.12,43.85,-26.25,38643.9,8.85
20.5,Zheleznogorsk,108,1051.100625,0.0,156.83,34.38,-158.21,43.77,-26.33,38643.9,8.77
20.5,Yakutsk,129,1053.022125,0.0,156.84,34.38,-158.22,43.75,-26.35,38643.9,8.75
20.5,Khabarovsk,32,1002.6544375,0.0,156.42,34.38,-157.8,44.18,-25.92,38643.9,9.18
20.5,Vladivostok,147,1251.31575,0.0,158.34,34.38,-159.72,42.25,-27.84,38643.9,7.25
20.5,Minsk,252,1157.39325,0.0,157.67,34.38,-159.04,42.93,-27.17,38643.9,7.93
20.5,Almaty,107,1327.544375,0.0,158.86,34.38,-160.24,41.74,-28.36,38643.9,6.74
20.5,Tehran,253,1318.967875,0.0,158.8,34.38,-160.18,41.8,-28.3,38643.9,6.8
20.5,Urumqi,293,1148.804,0.0,157.6,34.38,-158.98,43.0,-27.1,38643.9,8.0
20.5,Delhi,273,1187.568125,0.0,157.89,34.38,-159.27,42.71,-27.39,38643.9,7.71
20.5,Yangon,126,1222.09,0.0,158.14,34.38,-159.52,42.46,-27.64,38643.9,7.46
20.5,Jakarta,296,1186.96,0.0,157.88,34.38,-159.26,42.71,-27.39,38643.9,7.71
20.5,Luanda,216,1026.3381875,0.0,156.62,34.38,-158.0,43.98,-26.12,38643.9,8.98
20.5,Nairobi,235,1018.6700625,0.0,156.56,34.38,-157.94,44.04,-26.06,38643.9,9.04
20.5,Johannesburg,217,1432.858625,0.0,159.52,34.38,-160.9,41.08,-29.02,38643.9,6.08
20.5,Havana,134,1480.071125,0.0,159.8,34.38,-161.18,40.8,-29.3,38643.9,5.8
20.5,Caracas,286,1083.469375,0.0,157.09,34.38,-158.47,43.5,-26.59,38643.9,8.5
20.5,Buenos_Aires,157,1319.33725,0.0,158.8,34.38,-160.18,41.79,-28.3,38643.9,6.79
20.666666666666668,Vladimir,66,1104.185375,0.0,157.26,34.38,-158.64,43.34,-26.76,38643.9,8.34
20.666666666666668,Murmansk,269,1129.11075,0.0,157.45,34.38,-158.83,43.15,-26.95,38643.9,8.15
20.666666666666668,Novosibirsk,106,1108.426125,0.0,157.29,34.38,-158.67,43.31,-26.79,38643.9,8.31
20.666666666666668,Zheleznogorsk,10,1165.916375,0.0,157.73,34.38,-159.11,42.87,-27.23,38643.9,7.87
20.666666666666668,Yakutsk,127,1182.76425,0.0,157.85,34.38,-159.23,42.74,-27.36,38643.9,7.74
20.666666666666668,Khabarovsk,30,1049.915125,0.0,156.82,34.38,-158.2,43.78,-26.32,38643.9,8.78
20.666666666666668,Vladivostok,30,1360.291625,0.0,159.07,34.38,-160.45,41.53,-28.57,38643.9,6.53
20.666666666666668,Minsk,250,1168.99775,0.0,157.75,34.38,-159.13,42.84,-27.25,38643.9,7.84
20.666666666666668,Almaty,105,1379.945,0.0,159.19,34.38,-160.57,41.4,-28.69,38643.9,6.4
20.666666666666668,Tehran,85,1456.539625,0.0,159.66,34.38,-161.04,40.93,-29.16,38643.9,5.93
20.666666666666668,Urumqi,291,1018.224375,0.0,156.55,34.38,-157.93,44.04,-26.05,38643.9,9.04
20.666666666666668,Delhi,105,1280.022875,0.0,158.54,34.38,-159.92,42.06,-28.04,38643.9,7.06
20.666666666666668,Yangon,124,1353.56475,0.0,159.03,34.38,-160.4,41.57,-28.53,38643.9,6.57
20.666666666666668,Jakarta,294,1065.55625,0.0,156.95,34.38,-158.33,43.65,-26.45,38643.9,8.65
20.666666666666668,Luanda,214,1049.7305,0.0,156.82,34.38,-158.2,43.78,-26.32,38643.9,8.78
20.666666666666668,Nairobi,233,1141.4755,0.0,157.55,34.38,-158.92,43.05,-27.05,38643.9,8.05
20.666666666666668,Johannesburg,82,1349.06225,0.0,159.0,34.38,-160.38,41.6,-28.5,38643.9,6.6
20.666666666666668,Havana,132,1752.838625,0.0,161.27,34.38,-162.65,39.33,-30.77,38643.9,4.33
20.666666666666668,Caracas,152,1251.798375,0.0,158.35,34.38,-159.73,42.25,-27.85,38643.9,7.25
20.666666666666668,Buenos_Aires,155,1124.8105,0.0,157.42,34.38,-158.8,43.18,-26.92,38643.9,8.18
20.833333333333332,Vladimir,64,1229.537625,0.0,158.19,34.38,-159.57,42.41,-27.69,38643.9,7.41
20.833333333333332,Murmansk,267,1026.46325,0.0,156.62,34.38,-158.0,43.97,-26.12,38643.9,8.97
20.833333333333332,Novosibirsk,104,1127.501875,0.0,157.44,34.38,-158.82,43.16,-26.94,38643.9,8.16
20.833333333333332,Zheleznogorsk,8,1135.400875,0.0,157.5,34.38,-158.88,43.1,-27.0,38643.9,8.1
20.833333333333332,Yakutsk,48,1361.568875,0.0,159.08,34.38,-160.46,41.52,-28.58,38643.9,6.52
20.833333333333332,Khabarovsk,144,1047.7314375,0.0,156.8,34.38,-158.18,43.8,-26.3,38643.9,8.8
20.833333333333332,Vladivostok,144,1335.541,0.0,158.91,34.38,-160.29,41.69,-28.41,38643.9,6.69
20.833333333333332,Minsk,64,1244.291375,0.0,158.29,34.38,-159.67,42.3,-27.8,38643.9,7.3
20.833333333333332,Almaty,289,1287.467,0.0,158.59,34.38,-159.97,42.01,-28.09,38643.9,7.01
20.833333333333332,Tehran,84,1313.680875,0.0,158.77,34.38,-160.14,41.83,-28.27,38643.9,6.83
20.833333333333332,Urumqi,289,997.1849375,0.0,156.37,34.38,-157.75,44.23,-25.87,38643.9,9.23
20.833333333333332,Delhi,103,1173.382375,0.0,157.78,34.38,-159.16,42.81,-27.29,38643.9,7.81
20.833333333333332,Yangon,291,1344.839125,0.0,158.97,34.38,-160.35,41.63,-28.47,38643.9,6.63
20.833333333333332,Jakarta,292,1087.07225,0.0,157.12,34.38,-158.5,43.48,-26.62,38643.9,8.48
20.833333333333332,Luanda,212,1212.498125,0.0,158.07,34.38,-159.45,42.53,-27.57,38643.9,7.53
20.833333333333332,Nairobi,231,1374.78625,0.0,159.16,34.38,-160.54,41.44,-28.66,38643.9,6.44
20.833333333333332,Johannesburg,80,1155.3895,0.0,157.65,34.38,-159.03,42.95,-27.15,38643.9,7.95
20.833333333333332,Havana,283,1560.539125,0.0,160.26,34.38,-161.64,40.34,-29.76,38643.9,5.34
20.833333333333332,Caracas,150,1467.468375,0.0,159.73,34.38,-161.11,40.87,-29.23,38643.9,5.87
20.833333333333332,Buenos_Aires,153,1021.0873125,0.0,156.58,34.38,-157.96,44.02,-26.08,38643.9,9.02
21.0,Vladimir,266,1359.56625,0.0,159.06,34.38,-160.44,41.53,-28.57,38643.9,6.53
21.0,Murmansk,265,999.3833125,0.0,156.39,34.38,-157.77,44.21,-25.89,38643.9,9.21
21.0,Novosibirsk,102,1230.064875,0.0,158.19,34.38,-159.57,42.4,-27.7,38643.9,7.4
21.0,Zheleznogorsk,6,1193.328125,0.0,157.93,34.38,-159.31,42.67,-27.43,38643.9,7.67
21.0,Yakutsk,46,1185.612625,0.0,157.87,34.38,-159.25,42.72,-27.38,38643.9,7.72
21.0,Khabarovsk,142,1114.766375,0.0,157.34,34.38,-158.72,43.26,-26.84,38643.9,8.26
21.0,Vladivostok,142,1248.79525,0.0,158.33,34.38,-159.7,42.27,-27.83,38643.9,7.27
21.0,Minsk,62,1210.9305,0.0,158.06,34.38,-159.44,42.54,-27.56,38643.9,7.54
21.0,Almaty,287,1154.083875,0.0,157.64,34.38,-159.02,42.96,-27.14,38643.9,7.96
21.0,Tehran,82,1156.535,0.0,157.66,34.38,-159.04,42.94,-27.16,38643.9,7.94
21.0,Urumqi,287,1088.735625,0.0,157.13,34.38,-158.51,43.46,-26.64,38643.9,8.46
21.0,Delhi,101,1181.265125,0.0,157.84,34.38,-159.22,42.75,-27.34,38643.9,7.75
21.0,Yangon,289,1195.292375,0.0,157.95,34.38,-159.32,42.65,-27.45,38643.9,7.65
21.0,Jakarta,159,1140.709375,0.0,157.54,34.38,-158.92,43.06,-27.04,38643.9,8.06
21.0,Luanda,79,1232.89325,0.0,158.21,34.38,-159.59,42.38,-27.72,38643.9,7.38
21.0,Nairobi,80,1385.127,0.0,159.23,34.38,-160.6,41.37,-28.73,38643.9,6.37
21.0,Johannesburg,98,1069.68275,0.0,156.98,34.38,-158.36,43.62,-26.48,38643.9,8.62
21.0,Havana,281,1310.18425,0.0,158.74,34.38,-160.12,41.85,-28.24,38643.9,6.85
21.0,Caracas,149,1414.714375,0.0,159.41,34.38,-160.79,41.19,-28.91,38643.9,6.19
21.0,Buenos_Aires,151,1039.70525,0.0,156.73,34.38,-158.11,43.86,-26.24,38643.9,8.86
21.166666666666668,Vladimir,264,1173.586625,0.0,157.79,34.38,-159.17,42.81,-27.29,38643.9,7.81
21.166666666666668,Murmansk,42,1013.27225,0.0,156.51,34.38,-157.89,44.09,-26.01,38643.9,9.09
21.166666666666668,Novosibirsk,285,1383.8155,0.0,159.22,34.38,-160.6,41.38,-28.72,38643.9,6.38
21.166666666666668,Zheleznogorsk,101,1316.008375,0.0,158.78,34.38,-160.16,41.82,-28.28,38643.9,6.82
21.166666666666668,Yakutsk,44,1073.63225,0.0,157.01,34.38,-158.39,43.58,-26.51,38643.9,8.58
21.166666666666668,Khabarovsk,140,1272.755,0.0,158.49,34.38,-159.87,42.11,-27.99,38643.9,7.11
21.166666666666668,Vladivostok,25,1118.392875,0.0,157.37,34.38,-158.75,43.23,-26.87,38643.9,8.23
21.166666666666668,Minsk,60,1257.0045,0.0,158.38,34.38,-159.76,42.21,-27.88,38643.9,7.21
21.166666666666668,Almaty,100,1115.671625,0.0,157.35,34.38,-158.73,43.25,-26.85,38643.9,8.25
21.166666666666668,Tehran,80,1097.933125,0.0,157.21,34.38,-158.59,43.39,-26.71,38643.9,8.39
21.166666666666668,Urumqi,285,1265.475875,0.0,158.44,34.38,-159.82,42.16,-27.94,38643.9,7.16
21.166666666666668,Delhi,119,1304.004,0.0,158.7,34.38,-160.08,41.9,-28.2,38643.9,6.9
21.166666666666668,Yangon,287,1165.45775,0.0,157.73,34.38,-159.1,42.87,-27.23,38643.9,7.87
21.166666666666668,Jakarta,157,1014.677625,0.0,156.52,34.38,-157.9,44.07,-26.02,38643.9,9.07
21.166666666666668,Luanda,77,1154.515875,0.0,157.64,34.38,-159.02,42.95,-27.15,38643.9,7.95
21.166666666666668,Nairobi,98,1200.714375,0.0,157.98,34.38,-159.36,42.61,-27.49,38643.9,7.61
21.166666666666668,Johannesburg,96,1114.79725,0.0,157.34,34.38,-158.72,43.26,-26.84,38643.9,8.26
21.166666666666668,Havana,146,1127.658875,0.0,157.44,34.38,-158.82,43.16,-26.94,38643.9,8.16
21.166666666666668,Caracas,147,1427.793,0.0,159.49,34.38,-160.87,41.11,-28.99,38643.9,6.11
21.166666666666668,Buenos_Aires,149,1177.761125,0.0,157.82,34.38,-159.2,42.78,-27.32,38643.9,7.78
21.333333333333332,Vladimir,262,1057.237875,0.0,156.88,34.38,-158.26,43.72,-26.38,38643.9,8.72
21.333333333333332,Murmansk,40,1006.955375,0.0,156.46,34.38,-157.84,44.14,-25.96,38643.9,9.14
21.333333333333332,Novosibirsk,283,1341.260625,0.0,158.95,34.38,-160.33,41.65,-28.45,38643.9,6.65
21.333333333333332,Zheleznogorsk,139,1227.768375,0.0,158.18,34.38,-159.56,42.42,-27.68,38643.9,7.42
21.333333333333332,Yakutsk,42,1044.456375,0.0,156.77,34.38,-158.15,43.82,-26.28,38643.9,8.82
21.333333333333332,Khabarovsk,43,1430.28225,0.0,159.5,34.38,-160.88,41.09,-29.01,38643.9,6.09
21.333333333333332,Vladivostok,23,1083.2555,0.0,157.09,34.38,-158.47,43.51,-26.59,38643.9,8.51
21.333333333333332,Minsk,243,1169.849125,0.0,157.76,34.38,-159.14,42.84,-27.26,38643.9,7.84
21.333333333333332,Almaty,118,1077.3485,0.0,157.04,34.38,-158.42,43.55,-26.54,38643.9,8.55
21.333333333333332,Tehran,98,1156.304125,0.0,157.66,34.38,-159.04,42.94,-27.16,38643.9,7.94
21.333333333333332,Urumqi,138,1354.601,0.0,159.03,34.38,-160.41,41.56,-28.53,38643.9,6.56
21.333333333333332,Delhi,284,1285.426125,0.0,158.58,34.38,-159.96,42.02,-28.08,38643.9,7.02
21.333333333333332,Yangon,285,1262.429125,0.0,158.42,34.38,-159.8,42.18,-27.92,38643.9,7.18
21.333333333333332,Jakarta,155,1038.6891875,0.0,156.73,34.38,-158.1,43.87,-26.23,38643.9,8.87
21.333333333333332,Luanda,75,1210.018625,0.0,158.05,34.38,-159.43,42.55,-27.55,38643.9,7.55
21.333333333333332,Nairobi,96,1134.27775,0.0,157.49,34.38,-158.87,43.11,-26.99,38643.9,8.11
21.333333333333332,Johannesburg,227,1080.669,0.0,157.07,34.38,-158.45,43.53,-26.57,38643.9,8.53
21.333333333333332,Havana,144,1003.196625,0.0,156.42,34.38,-157.8,44.17,-25.93,38643.9,9.17
21.333333333333332,Caracas,16,1488.377875,0.0,159.85,34.38,-161.23,40.75,-29.35,38643.9,5.75
21.333333333333332,Buenos_Aires,33,1390.94575,0.0,159.26,34.38,-160.64,41.33,-28.76,38643.9,6.33
21.5,Vladimir,260,1031.812125,0.0,156.67,34.38,-158.05,43.93,-26.17,38643.9,8.93
21.5,Murmansk,58,1081.229625,0.0,157.07,34.38,-158.45,43.52,-26.58,38643.9,8.52
21.5,Novosibirsk,117,1204.428,0.0,158.01,34.38,-159.39,42.59,-27.51,38643.9,7.59
21.5,Zheleznogorsk,137,1162.605,0.0,157.7,34.38,-159.08,42.89,-27.21,38643.9,7.89
21.5,Yakutsk,157,1014.704125,0.0,156.52,34.38,-157.9,44.07,-26.02,38643.9,9.07
21.5,Khabarovsk,41,1255.9315,0.0,158.38,34.38,-159.75,42.22,-27.88,38643.9,7.22
21.5,Vladivostok,21,1153.094625,0.0,157.63,34.38,-159.01,42.96,-27.13,38643.9,7.96
21.5,Minsk,241,1106.50825,0.0,157.27,34.38,-158.65,43.32,-26.78,38643.9,8.32
21.5,Almaty,116,1148.491625,0.0,157.6,34.38,-158.98,43.0,-27.1,38643.9,8.0
21.5,Tehran,261,1251.02675,0.0,158.34,34.38,-159.72,42.26,-27.84,38643.9,7.26
21.5,Urumqi,136,1387.25475,0.0,159.24,34.38,-160.62,41.36,-28.74,38643.9,6.36
21.5,Delhi,282,1209.382625,0.0,158.05,34.38,-159.43,42.55,-27.55,38643.9,7.55
21.5,Yangon,283,1459.4145,0.0,159.68,34.38,-161.06,40.92,-29.18,38643.9,5.92
21.5,Jakarta,153,1203.063625,0.0,158.0,34.38,-159.38,42.6,-27.5,38643.9,7.6
21.5,Luanda,73,1382.430125,0.0,159.21,34.38,-160.59,41.39,-28.71,38643.9,6.39
21.5,Nairobi,94,1205.82525,0.0,158.02,34.38,-159.4,42.58,-27.52,38643.9,7.58
21.5,Johannesburg,225,1009.7535625,0.0,156.48,34.38,-157.86,44.12,-25.98,38643.9,9.12
21.5,Havana,142,1018.9688125,0.0,156.56,34.38,-157.94,44.04,-26.06,38643.9,9.04
21.5,Caracas,14,1507.910125,0.0,159.96,34.38,-161.34,40.63,-29.47,38643.9,5.63
21.5,Buenos_Aires,31,1383.669,0.0,159.22,34.38,-160.6,41.38,-28.72,38643.9,6.38
21.666666666666668,Vladimir,278,1100.901125,0.0,157.23,34.38,-158.61,43.37,-26.73,38643.9,8.37
21.666666666666668,Murmansk,56,1222.698625,0.0,158.14,34.38,-159.52,42.45,-27.64,38643.9,7.45
21.666666666666668,Novosibirsk,115,1140.91275,0.0,157.54,34.38,-158.92,43.06,-27.04,38643.9,8.06
21.666666666666668,Zheleznogorsk,19,1128.625,0.0,157.45,34.38,-158.83,43.15,-26.95,38643.9,8.15
21.666666666666668,Yakutsk,155,1059.41375,0.0,156.9,34.38,-158.28,43.7,-26.4,38643.9,8.7
21.666666666666668,Khabarovsk,59,1160.0645,0.0,157.69,34.38,-159.06,42.91,-27.19,38643.9,7.91
21.666666666666668,Vladivostok,39,1308.088625,0.0,158.73,34.38,-160.11,41.87,-28.23,38643.9,6.87
21.666666666666668,Minsk,259,1131.192375,0.0,157.47,34.38,-158.85,43.13,-26.97,38643.9,8.13
21.666666666666668,Almaty,114,1313.857625,0.0,158.77,34.38,-160.15,41.83,-28.27,38643.9,6.83
21.666666666666668,Tehran,279,1361.878375,0.0,159.08,34.38,-160.46,41.52,-28.58,38643.9,6.52
21.666666666666668,Urumqi,19,1438.777375,0.0,159.56,34.38,-160.93,41.04,-29.06,38643.9,6.04
21.666666666666668,Delhi,280,1247.906375,0.0,158.32,34.38,-159.7,42.28,-27.82,38643.9,7.28
21.666666666666668,Yangon,152,1620.09125,0.0,160.59,34.38,-161.97,40.01,-30.09,38643.9,5.01
21.666666666666668,Jakarta,2,1427.95625,0.0,159.49,34.38,-160.87,41.11,-28.99,38643.9,6.11
21.666666666666668,Luanda,222,1200.433125,0.0,157.98,34.38,-159.36,42.61,-27.48,38643.9,7.61
21.666666666666668,Nairobi,242,1103.2425,0.0,157.25,34.38,-158.63,43.35,-26.75,38643.9,8.35
21.666666666666668,Johannesburg,223,1076.62575,0.0,157.04,34.38,-158.42,43.56,-26.54,38643.9,8.56
21.666666666666668,Havana,140,1166.895375,0.0,157.74,34.38,-159.12,42.86,-27.24,38643.9,7.86
21.666666666666668,Caracas,13,1355.409,0.0,159.04,34.38,-160.42,41.56,-28.54,38643.9,6.56
21.666666666666668,Buenos_Aires,29,1469.729875,0.0,159.74,34.38,-161.12,40.86,-29.24,38643.9,5.86
21.833333333333332,Vladimir,276,1246.193875,0.0,158.31,34.38,-159.69,42.29,-27.81,38643.9,7.29
21.833333333333332,Murmansk,296,1112.433625,0.0,157.32,34.38,-158.7,43.28,-26.82,38643.9,8.28
21.833333333333332,Novosibirsk,17,1107.49575,0.0,157.28,34.38,-158.66,43.31,-26.78,38643.9,8.31
21.833333333333332,Zheleznogorsk,17,1095.015875,0.0,157.18,34.38,-158.56,43.41,-26.69,38643.9,8.41
21.833333333333332,Yakutsk,153,1182.4235,0.0,157.85,34.38,-159.23,42.75,-27.35,38643.9,7.75
21.833333333333332,Khabarovsk,173,1090.984,0.0,157.15,34.38,-158.53,43.44,-26.65,38643.9,8.44
21.833333333333332,Vladivostok,173,1451.962875,0.0,159.63,34.38,-161.01,40.96,-29.14,38643.9,5.96
21.833333333333332,Minsk,73,1097.381,0.0,157.2,34.38,-158.58,43.39,-26.7,38643.9,8.39
21.833333333333332,Almaty,298,1287.198125,0.0,158.59,34.38,-159.97,42.01,-28.09,38643.9,7.01
21.833333333333332,Tehran,278,1378.567,0.0,159.18,34.38,-160.56,41.41,-28.69,38643.9,6.41
21.833333333333332,Urumqi,133,1279.572125,0.0,158.54,34.38,-159.92,42.06,-28.04,38643.9,7.06
21.833333333333332,Delhi,132,1314.264,0.0,158.77,34.38,-160.15,41.83,-28.27,38643.9,6.83
21.833333333333332,Yangon,19,1424.273,0.0,159.47,34.38,-160.85,41.13,-28.97,38643.9,6.13
21.833333333333332,Jakarta,0,1414.696125,0.0,159.41,34.38,-160.79,41.19,-28.91,38643.9,6.19
21.833333333333332,Luanda,220,1067.022,0.0,156.96,34.38,-158.34,43.64,-26.46,38643.9,8.64
21.833333333333332,Nairobi,240,1058.311,0.0,156.89,34.38,-158.27,43.71,-26.39,38643.9,8.71
21.833333333333332,Johannesburg,221,1261.631,0.0,158.41,34.38,-159.79,42.18,-27.92,38643.9,7.18
21.833333333333332,Havana,158,1403.328,0.0,159.34,34.38,-160.72,41.26,-28.84,38643.9,6.26
21.833333333333332,Caracas,11,1160.291125,0.0,157.69,34.38,-159.07,42.91,-27.19,38643.9,7.91
21.833333333333332,Buenos_Aires,28,1336.96825,0.0,158.92,34.38,-160.3,41.68,-28.42,38643.9,6.68
22.0,Vladimir,91,1376.10525,0.0,159.17,34.38,-160.55,41.43,-28.67,38643.9,6.43
22.0,Murmansk,294,1024.1885,0.0,156.6,34.38,-157.98,43.99,-26.11,38643.9,8.99
22.0,Novosibirsk,15,1009.940625,0.0,156.48,34.38,-157.86,44.12,-25.98,38643.9,9.12
22.0,Zheleznogorsk,15,1146.326625,0.0,157.58,34.38,-158.96,43.01,-27.08,38643.9,8.01
22.0,Yakutsk,55,1341.2095,0.0,158.95,34.38,-160.32,41.65,-28.45,38643.9,6.65
22.0,Khabarovsk,171,1005.218,0.0,156.44,34.38,-157.82,44.16,-25.94,38643.9,9.16
22.0,Vladivostok,171,1237.714875,0.0,158.25,34.38,-159.63,42.35,-27.75,38643.9,7.35
22.0,Minsk,71,1076.018125,0.0,157.03,34.38,-158.41,43.56,-26.53,38643.9,8.56
22.0,Almaty,296,1259.194125,0.0,158.4,34.38,-159.78,42.2,-27.9,38643.9,7.2
22.0,Tehran,276,1230.084375,0.0,158.19,34.38,-159.57,42.4,-27.7,38643.9,7.4
22.0,Urumqi,131,1124.849625,0.0,157.42,34.38,-158.8,43.18,-26.92,38643.9,8.18
22.0,Delhi,130,1107.07225,0.0,157.28,34.38,-158.66,43.32,-26.78,38643.9,8.32
22.0,Yangon,17,1270.575875,0.0,158.48,34.38,-159.85,42.12,-27.98,38643.9,7.12
22.0,Jakarta,19,1466.84925,0.0,159.72,34.38,-161.1,40.87,-29.23,38643.9,5.87
22.0,Luanda,238,1073.87875,0.0,157.01,34.38,-158.39,43.58,-26.52,38643.9,8.58
22.0,Nairobi,258,1159.958875,0.0,157.68,34.38,-159.06,42.91,-27.19,38643.9,7.91
22.0,Johannesburg,239,1523.5525,0.0,160.05,34.38,-161.43,40.54,-29.55,38643.9,5.54
22.0,Havana,290,1464.793875,0.0,159.71,34.38,-161.09,40.89,-29.21,38643.9,5.89
22.0,Caracas,9,1080.833625,0.0,157.07,34.38,-158.45,43.53,-26.57,38643.9,8.53
22.0,Buenos_Aires,26,1161.113,0.0,157.69,34.38,-159.07,42.9,-27.2,38643.9,7.9
22.166666666666668,Vladimir,273,1380.39375,0.0,159.2,34.38,-160.57,41.4,-28.7,38643.9,6.4
22.166666666666668,Murmansk,292,1015.22125,0.0,156.53,34.38,-157.91,44.07,-26.03,38643.9,9.07
22.166666666666668,Novosibirsk,13,1009.4653125,0.0,156.48,34.38,-157.86,44.12,-25.98,38643.9,9.12
22.166666666666668,Zheleznogorsk,13,1269.415875,0.0,158.47,34.38,-159.85,42.13,-27.97,38643.9,7.13
22.166666666666668,Yakutsk,53,1210.91625,0.0,158.06,34.38,-159.44,42.54,-27.56,38643.9,7.54
22.166666666666668,Khabarovsk,169,1023.8470625,0.0,156.6,34.38,-157.98,44.0,-26.1,38643.9,9.0
22.166666666666668,Vladivostok,169,1086.081,0.0,157.11,34.38,-158.49,43.48,-26.61,38643.9,8.48
22.166666666666668,Minsk,69,1150.35975,0.0,157.61,34.38,-158.99,42.98,-27.11,38643.9,7.98
22.166666666666668,Almaty,129,1296.04675,0.0,158.65,34.38,-160.03,41.95,-28.15,38643.9,6.95
22.166666666666668,Tehran,108,1176.564,0.0,157.81,34.38,-159.19,42.79,-27.31,38643.9,7.79
22.166666666666668,Urumqi,129,1060.204125,0.0,156.9,34.38,-158.28,43.69,-26.41,38643.9,8.69
22.166666666666668,Delhi,128,997.916375,0.0,156.38,34.38,-157.76,44.22,-25.88,38643.9,9.22
22.166666666666668,Yangon,147,1145.824,0.0,157.58,34.38,-158.96,43.02,-27.08,38643.9,8.02
22.166666666666668,Jakarta,17,1252.61975,0.0,158.35,34.38,-159.73,42.24,-27.85,38643.9,7.24
22.166666666666668,Luanda,236,1219.46125,0.0,158.12,34.38,-159.5,42.48,-27.62,38643.9,7.48
22.166666666666668,Nairobi,256,1375.684375,0.0,159.17,34.38,-160.55,41.43,-28.67,38643.9,6.43
22.166666666666668,Johannesburg,104,1424.7645,0.0,159.47,34.38,-160.85,41.13,-28.97,38643.9,6.13
22.166666666666668,Havana,288,1502.99,0.0,159.93,34.38,-161.31,40.66,-29.44,38643.9,5.66
22.166666666666668,Caracas,7,1143.150375,0.0,157.56,34.38,-158.94,43.04,-27.06,38643.9,8.04
22.166666666666668,Buenos_Aires,24,1085.584875,0.0,157.11,34.38,-158.49,43.49,-26.61,38643.9,8.49
22.333333333333332,Vladimir,88,1252.028,0.0,158.35,34.38,-159.73,42.25,-27.85,38643.9,7.25
22.333333333333332,Murmansk,68,1012.54475,0.0,156.5,34.38,-157.88,44.09,-26.01,38643.9,9.09
22.333333333333332,Novosibirsk,11,1103.228,0.0,157.25,34.38,-158.63,43.35,-26.75,38643.9,8.35
22.333333333333332,Zheleznogorsk,128,1167.401375,0.0,157.74,34.38,-159.12,42.86,-27.24,38643.9,7.86
22.333333333333332,Yakutsk,51,1145.616,0.0,157.58,34.38,-158.96,43.02,-27.08,38643.9,8.02
22.333333333333332,Khabarovsk,167,1144.895125,0.0,157.57,34.38,-158.95,43.03,-27.07,38643.9,8.03
22.333333333333332,Vladivostok,167,1029.529,0.0,156.65,34.38,-158.03,43.95,-26.15,38643.9,8.95
22.333333333333332,Minsk,271,1293.04625,0.0,158.63,34.38,-160.01,41.97,-28.13,38643.9,6.97
22.333333333333332,Almaty,127,1109.833,0.0,157.3,34.38,-158.68,43.3,-26.8,38643.9,8.3
22.333333333333332,Tehran,106,1028.2535,0.0,156.64,34.38,-158.02,43.96,-26.14,38643.9,8.96
22.333333333333332,Urumqi,12,1044.8929375,0.0,156.78,34.38,-158.16,43.82,-26.28,38643.9,8.82
22.333333333333332,Delhi,126,1022.47475,0.0,156.59,34.38,-157.97,44.01,-26.09,38643.9,9.01
22.333333333333332,Yangon,145,1030.062625,0.0,156.65,34.38,-158.03,43.94,-26.15,38643.9,8.94
22.333333333333332,Jakarta,15,1141.4455,0.0,157.54,34.38,-158.92,43.05,-27.05,38643.9,8.05
22.333333333333332,Luanda,84,1099.083,0.0,157.22,34.38,-158.6,43.38,-26.72,38643.9,8.38
22.333333333333332,Nairobi,104,1299.145125,0.0,158.67,34.38,-160.05,41.93,-28.17,38643.9,6.93
22.333333333333332,Johannesburg,102,1366.052625,0.0,159.11,34.38,-160.48,41.49,-28.61,38643.9,6.49
22.333333333333332,Havana,173,1494.757,0.0,159.89,34.38,-161.27,40.71,-29.39,38643.9,5.71
22.333333333333332,Caracas,174,1086.2305,0.0,157.11,34.38,-158.49,43.48,-26.62,38643.9,8.48
22.333333333333332,Buenos_Aires,22,1127.930875,0.0,157.44,34.38,-158.82,43.16,-26.94,38643.9,8.16
22.5,Vladimir,86,1104.7135,0.0,157.26,34.38,-158.64,43.34,-26.76,38643.9,8.34
22.5,Murmansk,66,1024.3874375,0.0,156.6,34.38,-157.98,43.99,-26.11,38643.9,8.99
22.5,Novosibirsk,9,1267.627875,0.0,158.46,34.38,-159.83,42.14,-27.96,38643.9,7.14
22.5,Zheleznogorsk,126,1090.447625,0.0,157.15,34.38,-158.53,43.45,-26.65,38643.9,8.45
22.5,Yakutsk,49,1153.94825,0.0,157.64,34.38,-159.02,42.96,-27.14,38643.9,7.96
22.5,Khabarovsk,50,1203.671375,0.0,158.01,34.38,-159.39,42.59,-27.51,38643.9,7.59
22.5,Vladivostok,50,1006.554375,0.0,156.45,34.38,-157.83,44.14,-25.95,38643.9,9.14
22.5,Minsk,269,1113.63525,0.0,157.33,34.38,-158.71,43.27,-26.83,38643.9,8.27
22.5,Almaty,125,1004.589625,0.0,156.44,34.38,-157.81,44.16,-25.94,38643.9,9.16
22.5,Tehran,104,992.727875,0.0,156.33,34.38,-157.71,44.26,-25.83,38643.9,9.26
22.5,Urumqi,10,1009.442375,0.0,156.48,34.38,-157.86,44.12,-25.98,38643.9,9.12
22.5,Delhi,124,1174.973625,0.0,157.8,34.38,-159.18,42.8,-27.3,38643.9,7.8
22.5,Yangon,143,1056.1175,0.0,156.87,34.38,-158.25,43.73,-26.37,38643.9,8.73
22.5,Jakarta,162,1086.687875,0.0,157.12,34.38,-158.5,43.48,-26.62,38643.9,8.48
22.5,Luanda,82,992.555125,0.0,156.33,34.38,-157.71,44.27,-25.83,38643.9,9.27
22.5,Nairobi,102,1082.02725,0.0,157.08,34.38,-158.46,43.52,-26.58,38643.9,8.52
22.5,Johannesburg,254,1297.00675,0.0,158.65,34.38,-160.03,41.94,-28.16,38643.9,6.94
22.5,Havana,171,1294.621375,0.0,158.64,34.38,-160.02,41.96,-28.14,38643.9,6.96
22.5,Caracas,172,1086.935,0.0,157.12,34.38,-158.5,43.48,-26.62,38643.9,8.48
22.5,Buenos_Aires,20,1273.544375,0.0,158.5,34.38,-159.88,42.1,-28.0,38643.9,7.1
22.666666666666668,Vladimir,84,1032.7919375,0.0,156.68,34.38,-158.06,43.92,-26.18,38643.9,8.92
22.666666666666668,Murmansk,64,1112.283625,0.0,157.32,34.38,-158.7,43.28,-26.82,38643.9,8.28
22.666666666666668,Novosibirsk,124,1111.1815,0.0,157.31,34.38,-158.69,43.29,-26.81,38643.9,8.29
22.666666666666668,Zheleznogorsk,124,1103.35125,0.0,157.25,34.38,-158.63,43.35,-26.75,38643.9,8.35
22.666666666666668,Yakutsk,164,1137.074375,0.0,157.51,34.38,-158.89,43.09,-27.01,38643.9,8.09
22.666666666666668,Khabarovsk,48,1168.047875,0.0,157.74,34.38,-159.12,42.85,-27.25,38643.9,7.85
22.666666666666668,Vladivostok,48,1010.0855625,0.0,156.48,34.38,-157.86,44.11,-25.98,38643.9,9.11
22.666666666666668,Minsk,267,1010.7775625,0.0,156.49,34.38,-157.87,44.11,-25.99,38643.9,9.11
22.666666666666668,Almaty,123,1010.22975,0.0,156.48,34.38,-157.86,44.11,-25.99,38643.9,9.11
22.666666666666668,Tehran,102,1084.600375,0.0,157.1,34.38,-158.48,43.5,-26.6,38643.9,8.5
22.666666666666668,Urumqi,8,1085.925875,0.0,157.11,34.38,-158.49,43.49,-26.61,38643.9,8.49
22.666666666666668,Delhi,122,1416.279875,0.0,159.42,34.38,-160.8,41.18,-28.92,38643.9,6.18
22.666666666666668,Yangon,141,1216.565125,0.0,158.1,34.38,-159.48,42.5,-27.6,38643.9,7.5
22.666666666666668,Jakarta,160,1092.7835,0.0,157.17,34.38,-158.55,43.43,-26.67,38643.9,8.43
22.666666666666668,Luanda,80,1039.792,0.0,156.73,34.38,-158.11,43.86,-26.24,38643.9,8.86
22.666666666666668,Nairobi,100,987.833,0.0,156.29,34.38,-157.67,44.31,-25.79,38643.9,9.31
22.666666666666668,Johannesburg,252,1125.045,0.0,157.42,34.38,-158.8,43.18,-26.92,38643.9,8.18
22.666666666666668,Havana,169,1191.6495,0.0,157.92,34.38,-159.3,42.68,-27.42,38643.9,7.68
22.666666666666668,Caracas,170,1223.96525,0.0,158.15,34.38,-159.53,42.45,-27.65,38643.9,7.45
22.666666666666668,Buenos_Aires,173,1355.897,0.0,159.04,34.38,-160.42,41.56,-28.54,38643.9,6.56
22.833333333333332,Vladimir,82,1055.079625,0.0,156.86,34.38,-158.24,43.74,-26.36,38643.9,8.74
22.833333333333332,Murmansk,4,1182.123125,0.0,157.85,34.38,-159.23,42.75,-27.35,38643.9,7.75
22.833333333333332,Novosibirsk,122,1020.9184375,0.0,156.58,34.38,-157.95,44.02,-26.08,38643.9,9.02
22.833333333333332,Zheleznogorsk,25,1058.624375,0.0,156.89,34.38,-158.27,43.71,-26.39,38643.9,8.71
22.833333333333332,Yakutsk,162,1172.18575,0.0,157.78,34.38,-159.15,42.82,-27.28,38643.9,7.82
22.833333333333332,Khabarovsk,46,1222.234125,0.0,158.14,34.38,-159.52,42.46,-27.64,38643.9,7.46
22.833333333333332,Vladivostok,46,1123.43875,0.0,157.41,34.38,-158.79,43.19,-26.91,38643.9,8.19
22.833333333333332,Minsk,265,1005.2485,0.0,156.44,34.38,-157.82,44.16,-25.94,38643.9,9.16
22.833333333333332,Almaty,6,1058.26525,0.0,156.89,34.38,-158.27,43.71,-26.39,38643.9,8.71
22.833333333333332,Tehran,100,1279.076625,0.0,158.53,34.38,-159.91,42.06,-28.04,38643.9,7.06
22.833333333333332,Urumqi,6,1250.759875,0.0,158.34,34.38,-159.72,42.26,-27.84,38643.9,7.26
22.833333333333332,Delhi,7,1399.4715,0.0,159.31,34.38,-160.69,41.28,-28.82,38643.9,6.28
22.833333333333332,Yangon,8,1271.419125,0.0,158.48,34.38,-159.86,42.12,-27.98,38643.9,7.12
22.833333333333332,Jakarta,178,1235.612625,0.0,158.23,34.38,-159.61,42.36,-27.74,38643.9,7.36
22.833333333333332,Luanda,98,1221.965,0.0,158.14,34.38,-159.52,42.46,-27.64,38643.9,7.46
22.833333333333332,Nairobi,118,1050.492375,0.0,156.82,34.38,-158.2,43.77,-26.33,38643.9,8.77
22.833333333333332,Johannesburg,250,1062.766375,0.0,156.92,34.38,-158.3,43.67,-26.43,38643.9,8.67
22.833333333333332,Havana,0,1083.094125,0.0,157.09,34.38,-158.47,43.51,-26.59,38643.9,8.51
22.833333333333332,Caracas,168,1457.997,0.0,159.67,34.38,-161.05,40.93,-29.17,38643.9,5.93
22.833333333333332,Buenos_Aires,171,1232.97875,0.0,158.21,34.38,-159.59,42.38,-27.72,38643.9,7.38
23.0,Vladimir,80,1168.75775,0.0,157.75,34.38,-159.13,42.85,-27.25,38643.9,7.85
23.0,Murmansk,283,1210.92575,0.0,158.06,34.38,-159.44,42.54,-27.56,38643.9,7.54
23.0,Novosibirsk,120,1025.0271875,0.0,156.61,34.38,-157.99,43.99,-26.11,38643.9,8.99
23.0,Zheleznogorsk,23,996.438,0.0,156.36,34.38,-157.74,44.23,-25.87,38643.9,9.23
23.0,Yakutsk,160,1277.34175,0.0,158.52,34.38,-159.9,42.07,-28.02,38643.9,7.07
23.0,Khabarovsk,199,1299.225875,0.0,158.67,34.38,-160.05,41.93,-28.17,38643.9,6.93
23.0,Vladivostok,44,1315.382875,0.0,158.78,34.38,-160.16,41.82,-28.28,38643.9,6.82
23.0,Minsk,80,1044.5566875,0.0,156.77,34.38,-158.15,43.82,-26.28,38643.9,8.82
23.0,Almaty,4,1117.21825,0.0,157.36,34.38,-158.74,43.24,-26.86,38643.9,8.24
23.0,Tehran,285,1424.93075,0.0,159.47,34.38,-160.85,41.13,-28.97,38643.9,6.13
23.0,Urumqi,159,1347.689625,0.0,158.99,34.38,-160.37,41.61,-28.49,38643.9,6.61
23.0,Delhi,5,1210.30775,0.0,158.05,34.38,-159.43,42.54,-27.56,38643.9,7.54
23.0,Yangon,6,1362.50375,0.0,159.08,34.38,-160.46,41.51,-28.58,38643.9,6.51
23.0,Jakarta,176,1474.782125,0.0,159.77,34.38,-161.15,40.83,-29.27,38643.9,5.83
23.0,Luanda,96,1488.901875,0.0,159.85,34.38,-161.23,40.74,-29.35,38643.9,5.74
23.0,Nairobi,116,1246.1635,0.0,158.31,34.38,-159.69,42.29,-27.81,38643.9,7.29
23.0,Johannesburg,115,1123.632875,0.0,157.41,34.38,-158.79,43.19,-26.91,38643.9,8.19
23.0,Havana,18,1010.2693125,0.0,156.48,34.38,-157.86,44.11,-25.99,38643.9,9.11
23.0,Caracas,37,1313.212625,0.0,158.76,34.38,-160.14,41.83,-28.26,38643.9,6.83
23.0,Buenos_Aires,169,1210.055125,0.0,158.05,34.38,-159.43,42.54,-27.55,38643.9,7.54
23.166666666666668,Vladimir,98,1352.854,0.0,159.02,34.38,-160.4,41.58,-28.52,38643.9,6.58
23.166666666666668,Murmansk,281,1120.258125,0.0,157.38,34.38,-158.76,43.21,-26.88,38643.9,8.21
23.166666666666668,Novosibirsk,21,1122.528125,0.0,157.4,34.38,-158.78,43.2,-26.9,38643.9,8.2
23.166666666666668,Zheleznogorsk,21,1030.8670625,0.0,156.66,34.38,-158.04,43.94,-26.16,38643.9,8.94
23.166666666666668,Yakutsk,61,1253.152875,0.0,158.36,34.38,-159.74,42.24,-27.86,38643.9,7.24
23.166666666666668,Khabarovsk,197,1185.86375,0.0,157.88,34.38,-159.26,42.72,-27.38,38643.9,7.72
23.166666666666668,Vladivostok,197,1347.776,0.0,158.99,34.38,-160.37,41.61,-28.49,38643.9,6.61
23.166666666666668,Minsk,98,993.59825,0.0,156.34,34.38,-157.72,44.26,-25.84,38643.9,9.26
23.166666666666668,Almaty,2,1268.588625,0.0,158.46,34.38,-159.84,42.13,-27.96,38643.9,7.13
23.166666666666668,Tehran,283,1189.595375,0.0,157.9,34.38,-159.28,42.69,-27.41,38643.9,7.69
23.166666666666668,Urumqi,157,1149.4555,0.0,157.61,34.38,-158.98,42.99,-27.11,38643.9,7.99
23.166666666666668,Delhi,3,1122.821,0.0,157.4,34.38,-158.78,43.19,-26.9,38643.9,8.19
23.166666666666668,Yangon,4,1548.19025,0.0,160.19,34.38,-161.57,40.4,-29.69,38643.9,5.4
23.166666666666668,Jakarta,175,1513.32075,0.0,159.99,34.38,-161.37,40.6,-29.5,38643.9,5.6
23.166666666666668,Luanda,245,1389.695875,0.0,159.25,34.38,-160.63,41.34,-28.76,38643.9,6.34
23.166666666666668,Nairobi,264,1382.515625,0.0,159.21,34.38,-160.59,41.39,-28.71,38643.9,6.39
23.166666666666668,Johannesburg,113,1155.327125,0.0,157.65,34.38,-159.03,42.95,-27.15,38643.9,7.95
23.166666666666668,Havana,16,1078.267125,0.0,157.05,34.38,-158.43,43.55,-26.55,38643.9,8.55
23.166666666666668,Caracas,35,1097.695625,0.0,157.21,34.38,-158.58,43.39,-26.71,38643.9,8.39
23.166666666666668,Buenos_Aires,53,1237.141,0.0,158.24,34.38,-159.62,42.35,-27.75,38643.9,7.35
23.333333333333332,Vladimir,280,1234.953,0.0,158.23,34.38,-159.61,42.37,-27.73,38643.9,7.37
23.333333333333332,Murmansk,299,1095.99,0.0,157.19,34.38,-158.57,43.4,-26.69,38643.9,8.4
23.333333333333332,Novosibirsk,39,1098.648625,0.0,157.21,34.38,-158.59,43.38,-26.71,38643.9,8.38
23.333333333333332,Zheleznogorsk,39,1150.331375,0.0,157.61,34.38,-158.99,42.98,-27.11,38643.9,7.98
23.333333333333332,Yakutsk,79,1103.193125,0.0,157.25,34.38,-158.63,43.35,-26.75,38643.9,8.35
23.333333333333332,Khabarovsk,195,1154.536625,0.0,157.64,34.38,-159.02,42.95,-27.15,38643.9,7.95
23.333333333333332,Vladivostok,195,1154.533625,0.0,157.64,34.38,-159.02,42.95,-27.15,38643.9,7.95
23.333333333333332,Minsk,96,1043.0108125,0.0,156.76,34.38,-158.14,43.84,-26.26,38643.9,8.84
23.333333333333332,Almaty,0,1481.39325,0.0,159.81,34.38,-161.19,40.79,-29.31,38643.9,5.79
23.333333333333332,Tehran,281,1035.059625,0.0,156.7,34.38,-158.07,43.9,-26.2,38643.9,8.9
23.333333333333332,Urumqi,155,1023.4255,0.0,156.6,34.38,-157.98,44.0,-26.1,38643.9,9.0
23.333333333333332,Delhi,1,1157.928875,0.0,157.67,34.38,-159.05,42.93,-27.17,38643.9,7.93
23.333333333333332,Yangon,174,1390.23625,0.0,159.26,34.38,-160.64,41.34,-28.76,38643.9,6.34
23.333333333333332,Jakarta,23,1389.144875,0.0,159.25,34.38,-160.63,41.35,-28.75,38643.9,6.35
23.333333333333332,Luanda,243,1381.553,0.0,159.2,34.38,-160.58,41.39,-28.71,38643.9,6.39
23.333333333333332,Nairobi,262,1448.199125,0.0,159.61,34.38,-160.99,40.98,-29.11,38643.9,5.98
23.333333333333332,Johannesburg,111,1299.45975,0.0,158.67,34.38,-160.05,41.93,-28.17,38643.9,6.93
23.333333333333332,Havana,14,1266.424125,0.0,158.45,34.38,-159.83,42.15,-27.95,38643.9,7.15
23.333333333333332,Caracas,33,998.959375,0.0,156.39,34.38,-157.77,44.21,-25.89,38643.9,9.21
23.333333333333332,Buenos_Aires,51,1064.903625,0.0,156.94,34.38,-158.32,43.65,-26.44,38643.9,8.65
23.5,Vladimir,298,1107.287,0.0,157.28,34.38,-158.66,43.32,-26.78,38643.9,8.32
23.5,Murmansk,95,1073.356625,0.0,157.01,34.38,-158.39,43.59,-26.51,38643.9,8.59
23.5,Novosibirsk,37,1166.425375,0.0,157.73,34.38,-159.11,42.86,-27.23,38643.9,7.86
23.5,Zheleznogorsk,154,1110.517375,0.0,157.31,34.38,-158.69,43.29,-26.81,38643.9,8.29
23.5,Yakutsk,77,1024.03925,0.0,156.6,34.38,-157.98,43.99,-26.1,38643.9,8.99
23.5,Khabarovsk,193,1214.883875,0.0,158.09,34.38,-159.47,42.51,-27.59,38643.9,7.51
23.5,Vladivostok,193,1035.603625,0.0,156.7,34.38,-158.08,43.9,-26.2,38643.9,8.9
23.5,Minsk,94,1182.94075,0.0,157.85,34.38,-159.23,42.74,-27.36,38643.9,7.74
23.5,Almaty,153,1342.348625,0.0,158.95,34.38,-160.33,41.64,-28.45,38643.9,6.64
23.5,Tehran,299,996.798875,0.0,156.37,34.38,-157.75,44.23,-25.87,38643.9,9.23
23.5,Urumqi,153,1001.68875,0.0,156.41,34.38,-157.79,44.19,-25.91,38643.9,9.19
23.5,Delhi,152,1108.11175,0.0,157.29,34.38,-158.67,43.31,-26.79,38643.9,8.31
23.5,Yangon,172,1168.134,0.0,157.75,34.38,-159.12,42.85,-27.25,38643.9,7.85
23.5,Jakarta,21,1145.385125,0.0,157.57,34.38,-158.95,43.02,-27.08,38643.9,8.02
23.5,Luanda,110,1471.6665,0.0,159.75,34.38,-161.13,40.84,-29.25,38643.9,5.84
23.5,Nairobi,261,1320.646125,0.0,158.81,34.38,-160.19,41.79,-28.31,38643.9,6.79
23.5,Johannesburg,243,1460.381875,0.0,159.69,34.38,-161.06,40.91,-29.19,38643.9,5.91
23.5,Havana,160,1317.80025,0.0,158.79,34.38,-160.17,41.8,-28.29,38643.9,6.8
23.5,Caracas,31,1052.2335,0.0,156.84,34.38,-158.22,43.76,-26.34,38643.9,8.76
23.5,Buenos_Aires,49,1004.22375,0.0,156.43,34.38,-157.81,44.16,-25.93,38643.9,9.16
23.666666666666668,Vladimir,296,1061.052625,0.0,156.91,34.38,-158.29,43.69,-26.41,38643.9,8.69
23.666666666666668,Murmansk,15,1042.307,0.0,156.76,34.38,-158.13,43.84,-26.26,38643.9,8.84
23.666666666666668,Novosibirsk,35,1309.144875,0.0,158.74,34.38,-160.11,41.86,-28.24,38643.9,6.86
23.666666666666668,Zheleznogorsk,152,1012.1415,0.0,156.5,34.38,-157.88,44.1,-26.0,38643.9,9.1
23.666666666666668,Yakutsk,75,1029.632375,0.0,156.65,34.38,-158.03,43.95,-26.15,38643.9,8.95
23.666666666666668,Khabarovsk,76,1107.145125,0.0,157.28,34.38,-158.66,43.32,-26.78,38643.9,8.32
23.666666666666668,Vladivostok,191,1021.6325,0.0,156.58,34.38,-157.96,44.02,-26.08,38643.9,9.02
23.666666666666668,Minsk,296,1212.786875,0.0,158.07,34.38,-159.45,42.53,-27.57,38643.9,7.53
23.666666666666668,Almaty,151,1199.111875,0.0,157.97,34.38,-159.35,42.62,-27.47,38643.9,7.62
23.666666666666668,Tehran,297,1084.05775,0.0,157.1,34.38,-158.48,43.5,-26.6,38643.9,8.5
23.666666666666668,Urumqi,36,1044.7306875,0.0,156.78,34.38,-158.16,43.82,-26.28,38643.9,8.82
23.666666666666668,Delhi,150,1138.695875,0.0,157.52,34.38,-158.9,43.07,-27.03,38643.9,8.07
23.666666666666668,Yangon,170,1047.131375,0.0,156.8,34.38,-158.17,43.8,-26.3,38643.9,8.8
23.666666666666668,Jakarta,39,1005.28775,0.0,156.44,34.38,-157.82,44.16,-25.94,38643.9,9.16
23.666666666666668,Luanda,108,1261.429375,0.0,158.41,34.38,-159.79,42.18,-27.91,38643.9,7.18
23.666666666666668,Nairobi,279,1175.826,0.0,157.8,34.38,-159.18,42.79,-27.3,38643.9,7.79
23.666666666666668,Johannesburg,241,1491.1895,0.0,159.87,34.38,-161.25,40.73,-29.37,38643.9,5.73
23.666666666666668,Havana,178,1434.544375,0.0,159.53,34.38,-160.91,41.07,-29.03,38643.9,6.07
23.666666666666668,Caracas,198,1029.9920625,0.0,156.65,34.38,-158.03,43.94,-26.15,38643.9,8.94
23.666666666666668,Buenos_Aires,47,1071.20475,0.0,156.99,34.38,-158.37,43.6,-26.5,38643.9,8.6
23.833333333333332,Vladimir,110,1013.1683125,0.0,156.51,34.38,-157.89,44.09,-26.01,38643.9,9.09
23.833333333333332,Murmansk,13,1001.194625,0.0,156.41,34.38,-157.79,44.19,-25.91,38643.9,9.19
23.833333333333332,Novosibirsk,150,1152.49825,0.0,157.63,34.38,-159.01,42.97,-27.13,38643.9,7.97
23.833333333333332,Zheleznogorsk,150,1005.1323125,0.0,156.44,34.38,-157.82,44.16,-25.94,38643.9,9.16
23.833333333333332,Yakutsk,171,1052.12675,0.0,156.84,34.38,-158.22,43.76,-26.34,38643.9,8.76
23.833333333333332,Khabarovsk,74,1011.649,0.0,156.5,34.38,-157.88,44.1,-26.0,38643.9,9.1
23.833333333333332,Vladivostok,189,1119.962875,0.0,157.38,34.38,-158.76,43.22,-26.88,38643.9,8.22
23.833333333333332,Minsk,294,1087.42625,0.0,157.12,34.38,-158.5,43.47,-26.63,38643.9,8.47
23.833333333333332,Almaty,149,1139.40975,0.0,157.53,34.38,-158.91,43.07,-27.03,38643.9,8.07
23.833333333333332,Tehran,129,1154.724625,0.0,157.65,34.38,-159.02,42.95,-27.15,38643.9,7.95
23.833333333333332,Urumqi,34,1055.074,0.0,156.86,34.38,-158.24,43.74,-26.36,38643.9,8.74
23.833333333333332,Delhi,148,1284.37625,0.0,158.57,34.38,-159.95,42.03,-28.07,38643.9,7.03
23.833333333333332,Yangon,168,1064.916,0.0,156.94,34.38,-158.32,43.65,-26.44,38643.9,8.65
23.833333333333332,Jakarta,37,1014.385,0.0,156.52,34.38,-157.9,44.08,-26.02,38643.9,9.08
23.833333333333332,Luanda,106,1156.29275,0.0,157.66,34.38,-159.04,42.94,-27.16,38643.9,7.94
23.833333333333332,Nairobi,277,1158.791125,0.0,157.68,34.38,-159.06,42.92,-27.18,38643.9,7.92
23.833333333333332,Johannesburg,278,1561.194875,0.0,160.26,34.38,-161.64,40.33,-29.77,38643.9,5.33
23.833333333333332,Havana,9,1625.5955,0.0,160.62,34.38,-162.0,39.98,-30.12,38643.9,4.98
23.833333333333332,Caracas,196,1015.342125,0.0,156.53,34.38,-157.91,44.07,-26.03,38643.9,9.07
23.833333333333332,Buenos_Aires,45,1242.3435,0.0,158.28,34.38,-159.66,42.32,-27.78,38643.9,7.32
