time_h,gs_name,sat_id,elevation_deg,distance_km,cn0_dbhz,pseudorange_noise_m,clock_sync_error_m,tropo_error_m,iono_error_m,uere_m,pos_error_3d_m,time_error_ns,propagation_delay_ms
0.0,Vladimir,103.0,0.0,1150.93075,42.98,0.1655,1.7988,28.684,0.05,28.747,144.771,144.871,3.839
0.0,Murmansk,84.0,0.0,1030.981625,43.94,0.1482,1.7988,28.684,0.05,28.747,144.77,144.87,3.439
0.0,Novosibirsk,26.0,0.0,1192.059125,42.68,0.1713,1.7988,28.684,0.05,28.747,144.771,144.871,3.976
0.0,Zheleznogorsk,143.0,0.0,1071.397,43.6,0.1541,1.7988,28.684,0.05,28.747,144.77,144.87,3.574
0.0,Yakutsk,66.0,0.0,1073.948875,43.58,0.1544,1.7988,28.684,0.05,28.747,144.77,144.87,3.582
0.0,Khabarovsk,67.0,0.0,1194.548125,42.66,0.1717,1.7988,28.684,0.05,28.747,144.771,144.871,3.985
0.0,Vladivostok,182.0,0.0,998.5378125,44.21,0.1436,1.7988,28.684,0.05,28.747,144.77,144.87,3.331
0.0,Minsk,287.0,0.0,1218.737875,42.48,0.1753,1.7988,28.684,0.05,28.747,144.771,144.871,4.065
0.0,Almaty,142.0,0.0,1104.159125,43.34,0.1588,1.7988,28.684,0.05,28.747,144.77,144.871,3.683
0.0,Tehran,122.0,0.0,1045.90625,43.81,0.1504,1.7988,28.684,0.05,28.747,144.77,144.87,3.489
0.0,Urumqi,27.0,0.0,1007.6233125,44.14,0.1448,1.7988,28.684,0.05,28.747,144.77,144.87,3.361
0.0,Delhi,141.0,0.0,1049.5955,43.78,0.1509,1.7988,28.684,0.05,28.747,144.77,144.87,3.501
0.0,Yangon,161.0,0.0,991.499125,44.28,0.1425,1.7988,28.684,0.05,28.747,144.77,144.87,3.307
0.0,Jakarta,30.0,0.0,1039.323875,43.87,0.1494,1.7988,28.684,0.05,28.747,144.77,144.87,3.467
0.0,Luanda,119.0,0.0,1115.826625,43.25,0.1604,1.7988,28.684,0.05,28.747,144.77,144.871,3.722
0.0,Nairobi,120.0,0.0,1315.099125,41.82,0.1891,1.7988,28.684,0.05,28.747,144.771,144.871,4.387
0.0,Johannesburg,138.0,0.0,1532.09925,40.5,0.2202,1.7988,28.684,0.05,28.747,144.772,144.873,5.111
0.0,Havana,188.0,0.0,1582.389,40.21,0.2276,1.7988,28.684,0.05,28.748,144.773,144.873,5.278
0.0,Caracas,189.0,0.0,1012.9929375,44.09,0.1456,1.7988,28.684,0.05,28.747,144.77,144.87,3.379
0.0,Buenos_Aires,58.0,0.0,1083.68625,43.5,0.1559,1.7988,28.684,0.05,28.747,144.77,144.87,3.615
0.16666666666666666,Vladimir,101.0,0.0,1032.7521875,43.92,0.1485,1.7988,28.684,0.05,28.747,144.77,144.87,3.445
0.16666666666666666,Murmansk,4.0,0.0,1011.3800625,44.1,0.1455,1.7988,28.684,0.05,28.747,144.77,144.87,3.374
0.16666666666666666,Novosibirsk,141.0,0.0,1180.795375,42.76,0.1697,1.7988,28.684,0.05,28.747,144.771,144.871,3.939
0.16666666666666666,Zheleznogorsk,141.0,0.0,1032.65825,43.92,0.1485,1.7988,28.684,0.05,28.747,144.77,144.87,3.445
0.16666666666666666,Yakutsk,162.0,0.0,1104.631,43.34,0.1588,1.7988,28.684,0.05,28.747,144.77,144.871,3.685
0.16666666666666666,Khabarovsk,65.0,0.0,1090.511625,43.45,0.1568,1.7988,28.684,0.05,28.747,144.77,144.871,3.638
0.16666666666666666,Vladivostok,65.0,0.0,1029.7110625,43.95,0.148,1.7988,28.684,0.05,28.747,144.77,144.87,3.435
0.16666666666666666,Minsk,285.0,0.0,1066.677625,43.64,0.1534,1.7988,28.684,0.05,28.747,144.77,144.87,3.558
0.16666666666666666,Almaty,140.0,0.0,1029.4551875,43.95,0.148,1.7988,28.684,0.05,28.747,144.77,144.87,3.434
0.16666666666666666,Tehran,120.0,0.0,1035.960875,43.89,0.149,1.7988,28.684,0.05,28.747,144.77,144.87,3.456
0.16666666666666666,Urumqi,25.0,0.0,1004.0245,44.17,0.1443,1.7988,28.684,0.05,28.747,144.77,144.87,3.349
0.16666666666666666,Delhi,159.0,0.0,1215.902,42.5,0.1749,1.7988,28.684,0.05,28.747,144.771,144.871,4.056
0.16666666666666666,Yangon,179.0,0.0,1032.5210625,43.92,0.1485,1.7988,28.684,0.05,28.747,144.77,144.87,3.444
0.16666666666666666,Jakarta,28.0,0.0,1074.924125,43.57,0.1546,1.7988,28.684,0.05,28.747,144.77,144.87,3.586
0.16666666666666666,Luanda,117.0,0.0,1021.950875,44.01,0.147,1.7988,28.684,0.05,28.747,144.77,144.87,3.409
0.16666666666666666,Nairobi,138.0,0.0,1109.89275,43.3,0.1595,1.7988,28.684,0.05,28.747,144.77,144.871,3.702
0.16666666666666666,Johannesburg,269.0,0.0,1364.296875,41.5,0.1962,1.7988,28.684,0.05,28.747,144.772,144.872,4.551
0.16666666666666666,Havana,186.0,0.0,1409.66,41.22,0.2026,1.7988,28.684,0.05,28.747,144.772,144.872,4.702
0.16666666666666666,Caracas,187.0,0.0,1024.42325,43.99,0.1473,1.7988,28.684,0.05,28.747,144.77,144.87,3.417
0.16666666666666666,Buenos_Aires,56.0,0.0,1253.322,42.24,0.1802,1.7988,28.684,0.05,28.747,144.771,144.871,4.181
0.3333333333333333,Vladimir,119.0,0.0,1001.228,44.19,0.144,1.7988,28.684,0.05,28.747,144.77,144.87,3.34
0.3333333333333333,Murmansk,2.0,0.0,1004.1449375,44.17,0.1443,1.7988,28.684,0.05,28.747,144.77,144.87,3.349
0.3333333333333333,Novosibirsk,159.0,0.0,1045.99125,43.81,0.1504,1.7988,28.684,0.05,28.747,144.77,144.87,3.489
0.3333333333333333,Zheleznogorsk,159.0,0.0,1089.62125,43.46,0.1566,1.7988,28.684,0.05,28.747,144.77,144.871,3.635
0.3333333333333333,Yakutsk,160.0,0.0,1143.323375,43.04,0.1643,1.7988,28.684,0.05,28.747,144.771,144.871,3.814
0.3333333333333333,Khabarovsk,63.0,0.0,1082.86225,43.51,0.1557,1.7988,28.684,0.05,28.747,144.77,144.87,3.612
0.3333333333333333,Vladivostok,63.0,0.0,1065.26325,43.65,0.1532,1.7988,28.684,0.05,28.747,144.77,144.87,3.553
0.3333333333333333,Minsk,283.0,0.0,1001.7435,44.19,0.144,1.7988,28.684,0.05,28.747,144.77,144.87,3.341
0.3333333333333333,Almaty,158.0,0.0,1065.2045,43.65,0.1532,1.7988,28.684,0.05,28.747,144.77,144.87,3.553
0.3333333333333333,Tehran,138.0,0.0,1146.9015,43.01,0.1649,1.7988,28.684,0.05,28.747,144.771,144.871,3.826
0.3333333333333333,Urumqi,23.0,0.0,1110.639875,43.29,0.1597,1.7988,28.684,0.05,28.747,144.77,144.871,3.705
0.3333333333333333,Delhi,157.0,0.0,1464.65925,40.89,0.2105,1.7988,28.684,0.05,28.747,144.772,144.872,4.886
0.3333333333333333,Yangon,25.0,0.0,1153.397375,42.96,0.1659,1.7988,28.684,0.05,28.747,144.771,144.871,3.847
0.3333333333333333,Jakarta,195.0,0.0,1215.7125,42.5,0.1749,1.7988,28.684,0.05,28.747,144.771,144.871,4.055
0.3333333333333333,Luanda,115.0,0.0,1078.155,43.55,0.155,1.7988,28.684,0.05,28.747,144.77,144.87,3.596
0.3333333333333333,Nairobi,136.0,0.0,1027.85575,43.96,0.1478,1.7988,28.684,0.05,28.747,144.77,144.87,3.429
0.3333333333333333,Johannesburg,267.0,0.0,1215.903375,42.5,0.1749,1.7988,28.684,0.05,28.747,144.771,144.871,4.056
0.3333333333333333,Havana,37.0,0.0,1309.983875,41.86,0.1883,1.7988,28.684,0.05,28.747,144.771,144.871,4.37
0.3333333333333333,Caracas,185.0,0.0,1177.993125,42.78,0.1693,1.7988,28.684,0.05,28.747,144.771,144.871,3.929
0.3333333333333333,Buenos_Aires,188.0,0.0,1224.34,42.44,0.1761,1.7988,28.684,0.05,28.747,144.771,144.871,4.084
0.5,Vladimir,117.0,0.0,1067.2035,43.64,0.1534,1.7988,28.684,0.05,28.747,144.77,144.87,3.56
0.5,Murmansk,0.0,0.0,1075.246875,43.57,0.1546,1.7988,28.684,0.05,28.747,144.77,144.87,3.587
0.5,Novosibirsk,157.0,0.0,994.0131875,44.25,0.143,1.7988,28.684,0.05,28.747,144.77,144.87,3.316
0.5,Zheleznogorsk,41.0,0.0,1024.482875,43.99,0.1473,1.7988,28.684,0.05,28.747,144.77,144.87,3.417
0.5,Yakutsk,178.0,0.0,1260.496,42.19,0.1812,1.7988,28.684,0.05,28.747,144.771,144.871,4.205
0.5,Khabarovsk,61.0,0.0,1170.32325,42.83,0.1684,1.7988,28.684,0.05,28.747,144.771,144.871,3.904
0.5,Vladivostok,61.0,0.0,1201.45375,42.61,0.1727,1.7988,28.684,0.05,28.747,144.771,144.871,4.008
0.5,Minsk,281.0,0.0,1037.4466875,43.88,0.1492,1.7988,28.684,0.05,28.747,144.77,144.87,3.461
0.5,Almaty,21.0,0.0,1149.943,42.99,0.1653,1.7988,28.684,0.05,28.747,144.771,144.871,3.836
0.5,Tehran,2.0,0.0,1347.47675,41.61,0.1937,1.7988,28.684,0.05,28.747,144.771,144.872,4.495
0.5,Urumqi,21.0,0.0,1297.41675,41.94,0.1865,1.7988,28.684,0.05,28.747,144.771,144.871,4.328
0.5,Delhi,22.0,0.0,1466.262125,40.88,0.2107,1.7988,28.684,0.05,28.747,144.772,144.872,4.891
0.5,Yangon,23.0,0.0,1135.2425,43.1,0.1632,1.7988,28.684,0.05,28.747,144.77,144.871,3.787
0.5,Jakarta,193.0,0.0,1353.56,41.57,0.1946,1.7988,28.684,0.05,28.747,144.771,144.872,4.515
0.5,Luanda,113.0,0.0,1263.3795,42.17,0.1816,1.7988,28.684,0.05,28.747,144.771,144.871,4.214
0.5,Nairobi,134.0,0.0,1097.162,43.4,0.1577,1.7988,28.684,0.05,28.747,144.77,144.871,3.66
0.5,Johannesburg,133.0,0.0,1115.397,43.25,0.1604,1.7988,28.684,0.05,28.747,144.77,144.871,3.721
0.5,Havana,35.0,0.0,1143.181375,43.04,0.1643,1.7988,28.684,0.05,28.747,144.771,144.871,3.813
0.5,Caracas,183.0,0.0,1427.0395,41.11,0.2052,1.7988,28.684,0.05,28.747,144.772,144.872,4.76
0.5,Buenos_Aires,186.0,0.0,1112.281375,43.28,0.1599,1.7988,28.684,0.05,28.747,144.77,144.871,3.71
0.6666666666666666,Vladimir,19.0,0.0,1056.473125,43.72,0.152,1.7988,28.684,0.05,28.747,144.77,144.87,3.524
0.6666666666666666,Murmansk,18.0,0.0,1209.199,42.55,0.1739,1.7988,28.684,0.05,28.747,144.771,144.871,4.033
0.6666666666666666,Novosibirsk,155.0,0.0,1040.7875625,43.85,0.1497,1.7988,28.684,0.05,28.747,144.77,144.87,3.472
0.6666666666666666,Zheleznogorsk,59.0,0.0,1004.807625,44.16,0.1445,1.7988,28.684,0.05,28.747,144.77,144.87,3.352
0.6666666666666666,Yakutsk,99.0,0.0,1332.9635,41.7,0.1917,1.7988,28.684,0.05,28.747,144.771,144.872,4.446
0.6666666666666666,Khabarovsk,195.0,0.0,1310.362375,41.85,0.1885,1.7988,28.684,0.05,28.747,144.771,144.871,4.371
0.6666666666666666,Vladivostok,79.0,0.0,1406.3345,41.24,0.2022,1.7988,28.684,0.05,28.747,144.772,144.872,4.691
0.6666666666666666,Minsk,115.0,0.0,1026.530375,43.97,0.1477,1.7988,28.684,0.05,28.747,144.77,144.87,3.424
0.6666666666666666,Almaty,39.0,0.0,1233.665125,42.38,0.1773,1.7988,28.684,0.05,28.747,144.771,144.871,4.115
0.6666666666666666,Tehran,0.0,0.0,1270.178625,42.12,0.1827,1.7988,28.684,0.05,28.747,144.771,144.871,4.237
0.6666666666666666,Urumqi,175.0,0.0,1320.281875,41.79,0.1898,1.7988,28.684,0.05,28.747,144.771,144.872,4.404
0.6666666666666666,Delhi,20.0,0.0,1305.72075,41.88,0.1878,1.7988,28.684,0.05,28.747,144.771,144.871,4.355
0.6666666666666666,Yangon,21.0,0.0,1246.086625,42.29,0.1792,1.7988,28.684,0.05,28.747,144.771,144.871,4.156
0.6666666666666666,Jakarta,192.0,0.0,1402.42975,41.26,0.2017,1.7988,28.684,0.05,28.747,144.772,144.872,4.678
0.6666666666666666,Luanda,111.0,0.0,1529.97525,40.51,0.2199,1.7988,28.684,0.05,28.747,144.772,144.873,5.103
0.6666666666666666,Nairobi,132.0,0.0,1293.216625,41.97,0.1859,1.7988,28.684,0.05,28.747,144.771,144.871,4.314
0.6666666666666666,Johannesburg,131.0,0.0,1031.3031875,43.93,0.1483,1.7988,28.684,0.05,28.747,144.77,144.87,3.44
0.6666666666666666,Havana,33.0,0.0,1089.209875,43.46,0.1566,1.7988,28.684,0.05,28.747,144.77,144.871,3.633
0.6666666666666666,Caracas,53.0,0.0,1347.979,41.61,0.1937,1.7988,28.684,0.05,28.747,144.771,144.872,4.496
0.6666666666666666,Buenos_Aires,184.0,0.0,1112.697,43.27,0.16,1.7988,28.684,0.05,28.747,144.77,144.871,3.712
0.8333333333333334,Vladimir,17.0,0.0,1050.00575,43.78,0.1509,1.7988,28.684,0.05,28.747,144.77,144.87,3.502
0.8333333333333334,Murmansk,95.0,0.0,1185.3155,42.72,0.1705,1.7988,28.684,0.05,28.747,144.771,144.871,3.954
0.8333333333333334,Novosibirsk,57.0,0.0,1173.522375,42.81,0.1687,1.7988,28.684,0.05,28.747,144.771,144.871,3.914
0.8333333333333334,Zheleznogorsk,57.0,0.0,1080.2755,43.53,0.1553,1.7988,28.684,0.05,28.747,144.77,144.87,3.603
0.8333333333333334,Yakutsk,97.0,0.0,1152.5205,42.97,0.1657,1.7988,28.684,0.05,28.747,144.771,144.871,3.844
0.8333333333333334,Khabarovsk,213.0,0.0,1284.003125,42.03,0.1846,1.7988,28.684,0.05,28.747,144.771,144.871,4.283
0.8333333333333334,Vladivostok,213.0,0.0,1342.2095,41.64,0.1931,1.7988,28.684,0.05,28.747,144.771,144.872,4.477
0.8333333333333334,Minsk,113.0,0.0,1015.97675,44.06,0.1461,1.7988,28.684,0.05,28.747,144.77,144.87,3.389
0.8333333333333334,Almaty,37.0,0.0,1397.7645,41.29,0.201,1.7988,28.684,0.05,28.747,144.772,144.872,4.662
0.8333333333333334,Tehran,18.0,0.0,1295.438375,41.95,0.1863,1.7988,28.684,0.05,28.747,144.771,144.871,4.321
0.8333333333333334,Urumqi,173.0,0.0,1144.979875,43.03,0.1645,1.7988,28.684,0.05,28.747,144.771,144.871,3.819
0.8333333333333334,Delhi,38.0,0.0,1244.7175,42.3,0.179,1.7988,28.684,0.05,28.747,144.771,144.871,4.152
0.8333333333333334,Yangon,39.0,0.0,1454.948625,40.94,0.2093,1.7988,28.684,0.05,28.747,144.772,144.872,4.853
0.8333333333333334,Jakarta,190.0,0.0,1331.00675,41.72,0.1913,1.7988,28.684,0.05,28.747,144.771,144.872,4.44
0.8333333333333334,Luanda,260.0,0.0,1570.497375,40.28,0.2258,1.7988,28.684,0.05,28.748,144.773,144.873,5.239
0.8333333333333334,Nairobi,130.0,0.0,1568.271125,40.29,0.2255,1.7988,28.684,0.05,28.748,144.773,144.873,5.231
0.8333333333333334,Johannesburg,129.0,0.0,1081.98525,43.52,0.1555,1.7988,28.684,0.05,28.747,144.77,144.87,3.609
0.8333333333333334,Havana,31.0,0.0,1166.417375,42.86,0.1678,1.7988,28.684,0.05,28.747,144.771,144.871,3.891
0.8333333333333334,Caracas,51.0,0.0,1148.396625,43.0,0.1651,1.7988,28.684,0.05,28.747,144.771,144.871,3.831
0.8333333333333334,Buenos_Aires,182.0,0.0,1228.29325,42.42,0.1765,1.7988,28.684,0.05,28.747,144.771,144.871,4.097
1.0,Vladimir,15.0,0.0,1135.24575,43.1,0.1632,1.7988,28.684,0.05,28.747,144.77,144.871,3.787
1.0,Murmansk,93.0,0.0,1076.761,43.56,0.1548,1.7988,28.684,0.05,28.747,144.77,144.87,3.592
1.0,Novosibirsk,55.0,0.0,1190.473375,42.69,0.1711,1.7988,28.684,0.05,28.747,144.771,144.871,3.971
1.0,Zheleznogorsk,172.0,0.0,1196.893125,42.64,0.1721,1.7988,28.684,0.05,28.747,144.771,144.871,3.992
1.0,Yakutsk,95.0,0.0,1034.077375,43.91,0.1487,1.7988,28.684,0.05,28.747,144.77,144.87,3.449
1.0,Khabarovsk,211.0,0.0,1280.957125,42.05,0.1842,1.7988,28.684,0.05,28.747,144.771,144.871,4.273
1.0,Vladivostok,211.0,0.0,1174.044,42.81,0.1687,1.7988,28.684,0.05,28.747,144.771,144.871,3.916
1.0,Minsk,111.0,0.0,1102.459125,43.35,0.1586,1.7988,28.684,0.05,28.747,144.77,144.871,3.677
1.0,Almaty,36.0,0.0,1349.02625,41.6,0.194,1.7988,28.684,0.05,28.747,144.771,144.872,4.5
1.0,Tehran,16.0,0.0,1415.234875,41.18,0.2036,1.7988,28.684,0.05,28.747,144.772,144.872,4.721
1.0,Urumqi,171.0,0.0,1049.092,43.78,0.1509,1.7988,28.684,0.05,28.747,144.77,144.87,3.499
1.0,Delhi,36.0,0.0,1295.205625,41.95,0.1863,1.7988,28.684,0.05,28.747,144.771,144.871,4.32
1.0,Yangon,189.0,0.0,1447.641375,40.99,0.2081,1.7988,28.684,0.05,28.747,144.772,144.872,4.829
1.0,Jakarta,188.0,0.0,1377.197125,41.42,0.198,1.7988,28.684,0.05,28.747,144.772,144.872,4.594
1.0,Luanda,278.0,0.0,1569.467,40.29,0.2255,1.7988,28.684,0.05,28.748,144.773,144.873,5.235
1.0,Nairobi,299.0,0.0,1462.792125,40.9,0.2102,1.7988,28.684,0.05,28.747,144.772,144.872,4.879
1.0,Johannesburg,127.0,0.0,1248.591875,42.27,0.1796,1.7988,28.684,0.05,28.747,144.771,144.871,4.165
1.0,Havana,197.0,0.0,1157.63325,42.93,0.1664,1.7988,28.684,0.05,28.747,144.771,144.871,3.861
1.0,Caracas,49.0,0.0,1064.6635,43.66,0.153,1.7988,28.684,0.05,28.747,144.77,144.87,3.551
1.0,Buenos_Aires,66.0,0.0,1090.08175,43.45,0.1568,1.7988,28.684,0.05,28.747,144.77,144.871,3.636
1.1666666666666667,Vladimir,130.0,0.0,1214.6875,42.51,0.1747,1.7988,28.684,0.05,28.747,144.771,144.871,4.052
1.1666666666666667,Murmansk,91.0,0.0,1040.448,43.86,0.1495,1.7988,28.684,0.05,28.747,144.77,144.87,3.471
1.1666666666666667,Novosibirsk,53.0,0.0,1289.74075,41.99,0.1855,1.7988,28.684,0.05,28.747,144.771,144.871,4.302
1.1666666666666667,Zheleznogorsk,170.0,0.0,1059.491625,43.7,0.1523,1.7988,28.684,0.05,28.747,144.77,144.87,3.534
1.1666666666666667,Yakutsk,93.0,0.0,997.6248125,44.22,0.1435,1.7988,28.684,0.05,28.747,144.77,144.87,3.328
1.1666666666666667,Khabarovsk,94.0,0.0,1214.060375,42.52,0.1745,1.7988,28.684,0.05,28.747,144.771,144.871,4.05
1.1666666666666667,Vladivostok,209.0,0.0,1085.771875,43.49,0.156,1.7988,28.684,0.05,28.747,144.77,144.87,3.622
1.1666666666666667,Minsk,109.0,0.0,1268.680375,42.13,0.1825,1.7988,28.684,0.05,28.747,144.771,144.871,4.232
1.1666666666666667,Almaty,34.0,0.0,1242.436,42.32,0.1785,1.7988,28.684,0.05,28.747,144.771,144.871,4.144
1.1666666666666667,Tehran,15.0,0.0,1327.592,41.74,0.1909,1.7988,28.684,0.05,28.747,144.771,144.872,4.428
1.1666666666666667,Urumqi,169.0,0.0,1058.516875,43.71,0.1521,1.7988,28.684,0.05,28.747,144.77,144.87,3.531
1.1666666666666667,Delhi,168.0,0.0,1231.9485,42.39,0.1771,1.7988,28.684,0.05,28.747,144.771,144.871,4.109
1.1666666666666667,Yangon,187.0,0.0,1245.857625,42.29,0.1792,1.7988,28.684,0.05,28.747,144.771,144.871,4.156
1.1666666666666667,Jakarta,57.0,0.0,1169.04925,42.84,0.1682,1.7988,28.684,0.05,28.747,144.771,144.871,3.9
1.1666666666666667,Luanda,277.0,0.0,1375.304125,41.43,0.1978,1.7988,28.684,0.05,28.747,144.772,144.872,4.588
1.1666666666666667,Nairobi,297.0,0.0,1215.7645,42.5,0.1749,1.7988,28.684,0.05,28.747,144.771,144.871,4.055
1.1666666666666667,Johannesburg,278.0,0.0,1299.93625,41.92,0.187,1.7988,28.684,0.05,28.747,144.771,144.871,4.336
1.1666666666666667,Havana,195.0,0.0,1183.50225,42.74,0.1701,1.7988,28.684,0.05,28.747,144.771,144.871,3.948
1.1666666666666667,Caracas,47.0,0.0,1124.53825,43.18,0.1617,1.7988,28.684,0.05,28.747,144.77,144.871,3.751
1.1666666666666667,Buenos_Aires,64.0,0.0,1056.3785,43.72,0.152,1.7988,28.684,0.05,28.747,144.77,144.87,3.524
1.3333333333333333,Vladimir,128.0,0.0,1086.8515,43.48,0.1562,1.7988,28.684,0.05,28.747,144.77,144.87,3.625
1.3333333333333333,Murmansk,30.0,0.0,1017.9761875,44.05,0.1463,1.7988,28.684,0.05,28.747,144.77,144.87,3.396
1.3333333333333333,Novosibirsk,168.0,0.0,1288.305125,42.0,0.1852,1.7988,28.684,0.05,28.747,144.771,144.871,4.297
1.3333333333333333,Zheleznogorsk,168.0,0.0,1000.22375,44.2,0.1438,1.7988,28.684,0.05,28.747,144.77,144.87,3.336
1.3333333333333333,Yakutsk,188.0,0.0,1013.3441875,44.09,0.1456,1.7988,28.684,0.05,28.747,144.77,144.87,3.38
1.3333333333333333,Khabarovsk,92.0,0.0,1056.724875,43.72,0.152,1.7988,28.684,0.05,28.747,144.77,144.87,3.525
1.3333333333333333,Vladivostok,207.0,0.0,1100.70175,43.37,0.1582,1.7988,28.684,0.05,28.747,144.77,144.871,3.672
1.3333333333333333,Minsk,292.0,0.0,1425.773625,41.12,0.205,1.7988,28.684,0.05,28.747,144.772,144.872,4.756
1.3333333333333333,Almaty,32.0,0.0,1226.616375,42.43,0.1763,1.7988,28.684,0.05,28.747,144.771,144.871,4.092
1.3333333333333333,Tehran,13.0,0.0,1186.192625,42.72,0.1705,1.7988,28.684,0.05,28.747,144.771,144.871,3.957
1.3333333333333333,Urumqi,52.0,0.0,1110.5015,43.29,0.1597,1.7988,28.684,0.05,28.747,144.77,144.871,3.704
1.3333333333333333,Delhi,166.0,0.0,1273.953,42.1,0.1831,1.7988,28.684,0.05,28.747,144.771,144.871,4.249
1.3333333333333333,Yangon,185.0,0.0,1144.22675,43.03,0.1645,1.7988,28.684,0.05,28.747,144.771,144.871,3.817
1.3333333333333333,Jakarta,55.0,0.0,1041.8489375,43.85,0.1497,1.7988,28.684,0.05,28.747,144.77,144.87,3.475
1.3333333333333333,Luanda,275.0,0.0,1159.216875,42.92,0.1666,1.7988,28.684,0.05,28.747,144.771,144.871,3.867
1.3333333333333333,Nairobi,295.0,0.0,1065.89775,43.65,0.1532,1.7988,28.684,0.05,28.747,144.77,144.87,3.555
1.3333333333333333,Johannesburg,276.0,0.0,1352.07975,41.58,0.1944,1.7988,28.684,0.05,28.747,144.771,144.872,4.51
1.3333333333333333,Havana,193.0,0.0,1323.287375,41.77,0.1902,1.7988,28.684,0.05,28.747,144.771,144.872,4.414
1.3333333333333333,Caracas,214.0,0.0,1095.846,43.41,0.1575,1.7988,28.684,0.05,28.747,144.77,144.871,3.655
1.3333333333333333,Buenos_Aires,62.0,0.0,1143.576,43.04,0.1643,1.7988,28.684,0.05,28.747,144.771,144.871,3.815
1.5,Vladimir,126.0,0.0,1035.7479375,43.9,0.1488,1.7988,28.684,0.05,28.747,144.77,144.87,3.455
1.5,Murmansk,28.0,0.0,1029.2678125,43.95,0.148,1.7988,28.684,0.05,28.747,144.77,144.87,3.433
1.5,Novosibirsk,166.0,0.0,1147.120625,43.01,0.1649,1.7988,28.684,0.05,28.747,144.771,144.871,3.826
1.5,Zheleznogorsk,166.0,0.0,1036.054375,43.89,0.149,1.7988,28.684,0.05,28.747,144.77,144.87,3.456
1.5,Yakutsk,186.0,0.0,1053.579625,43.75,0.1514,1.7988,28.684,0.05,28.747,144.77,144.87,3.514
1.5,Khabarovsk,90.0,0.0,994.1840625,44.25,0.143,1.7988,28.684,0.05,28.747,144.77,144.87,3.316
1.5,Vladivostok,205.0,0.0,1218.073125,42.49,0.1751,1.7988,28.684,0.05,28.747,144.771,144.871,4.063
1.5,Minsk,106.0,0.0,1393.422125,41.32,0.2003,1.7988,28.684,0.05,28.747,144.772,144.872,4.648
1.5,Almaty,165.0,0.0,1262.8435,42.17,0.1816,1.7988,28.684,0.05,28.747,144.771,144.871,4.212
1.5,Tehran,11.0,0.0,1147.07375,43.01,0.1649,1.7988,28.684,0.05,28.747,144.771,144.871,3.826
1.5,Urumqi,50.0,0.0,1151.750625,42.97,0.1657,1.7988,28.684,0.05,28.747,144.771,144.871,3.842
1.5,Delhi,31.0,0.0,1210.802375,42.54,0.1741,1.7988,28.684,0.05,28.747,144.771,144.871,4.039
1.5,Yangon,183.0,0.0,1171.386125,42.83,0.1684,1.7988,28.684,0.05,28.747,144.771,144.871,3.907
1.5,Jakarta,53.0,0.0,1060.2135,43.69,0.1525,1.7988,28.684,0.05,28.747,144.77,144.87,3.536
1.5,Luanda,273.0,0.0,1053.653875,43.75,0.1514,1.7988,28.684,0.05,28.747,144.77,144.87,3.515
1.5,Nairobi,293.0,0.0,1056.522625,43.72,0.152,1.7988,28.684,0.05,28.747,144.77,144.87,3.524
1.5,Johannesburg,274.0,0.0,1503.653625,40.66,0.2161,1.7988,28.684,0.05,28.747,144.772,144.872,5.016
1.5,Havana,24.0,0.0,1468.760125,40.86,0.2112,1.7988,28.684,0.05,28.747,144.772,144.872,4.899
1.5,Caracas,212.0,0.0,1093.127125,43.43,0.1571,1.7988,28.684,0.05,28.747,144.77,144.871,3.646
1.5,Buenos_Aires,215.0,0.0,1296.814625,41.94,0.1865,1.7988,28.684,0.05,28.747,144.771,144.871,4.326
1.6666666666666667,Vladimir,124.0,0.0,1075.766,43.57,0.1546,1.7988,28.684,0.05,28.747,144.77,144.87,3.588
1.6666666666666667,Murmansk,26.0,0.0,1117.670125,43.23,0.1608,1.7988,28.684,0.05,28.747,144.77,144.871,3.728
1.6666666666666667,Novosibirsk,164.0,0.0,1075.88375,43.57,0.1546,1.7988,28.684,0.05,28.747,144.77,144.87,3.589
1.6666666666666667,Zheleznogorsk,67.0,0.0,1140.697,43.06,0.164,1.7988,28.684,0.05,28.747,144.77,144.871,3.805
1.6666666666666667,Yakutsk,184.0,0.0,1175.893,42.79,0.1691,1.7988,28.684,0.05,28.747,144.771,144.871,3.922
1.6666666666666667,Khabarovsk,88.0,0.0,1040.442125,43.86,0.1495,1.7988,28.684,0.05,28.747,144.77,144.87,3.471
1.6666666666666667,Vladivostok,88.0,0.0,1308.68325,41.86,0.1883,1.7988,28.684,0.05,28.747,144.771,144.871,4.365
1.6666666666666667,Minsk,8.0,0.0,1255.225375,42.23,0.1804,1.7988,28.684,0.05,28.747,144.771,144.871,4.187
1.6666666666666667,Almaty,163.0,0.0,1321.099625,41.78,0.19,1.7988,28.684,0.05,28.747,144.771,144.872,4.407
1.6666666666666667,Tehran,9.0,0.0,1217.36475,42.49,0.1751,1.7988,28.684,0.05,28.747,144.771,144.871,4.061
1.6666666666666667,Urumqi,48.0,0.0,1285.8685,42.02,0.1848,1.7988,28.684,0.05,28.747,144.771,144.871,4.289
1.6666666666666667,Delhi,29.0,0.0,1233.917375,42.38,0.1773,1.7988,28.684,0.05,28.747,144.771,144.871,4.116
1.6666666666666667,Yangon,50.0,0.0,1025.474,43.98,0.1475,1.7988,28.684,0.05,28.747,144.77,144.87,3.421
1.6666666666666667,Jakarta,51.0,0.0,1218.0865,42.49,0.1751,1.7988,28.684,0.05,28.747,144.771,144.871,4.063
1.6666666666666667,Luanda,271.0,0.0,1092.875375,43.43,0.1571,1.7988,28.684,0.05,28.747,144.77,144.871,3.645
1.6666666666666667,Nairobi,291.0,0.0,1191.233125,42.68,0.1713,1.7988,28.684,0.05,28.747,144.771,144.871,3.974
1.6666666666666667,Johannesburg,159.0,0.0,1302.739125,41.9,0.1874,1.7988,28.684,0.05,28.747,144.771,144.871,4.345
1.6666666666666667,Havana,42.0,0.0,1611.6465,40.06,0.2316,1.7988,28.684,0.05,28.748,144.773,144.873,5.376
1.6666666666666667,Caracas,210.0,0.0,1226.466,42.43,0.1763,1.7988,28.684,0.05,28.747,144.771,144.871,4.091
1.6666666666666667,Buenos_Aires,213.0,0.0,1104.5715,43.34,0.1588,1.7988,28.684,0.05,28.747,144.77,144.871,3.684
1.8333333333333333,Vladimir,122.0,0.0,1200.492875,42.61,0.1727,1.7988,28.684,0.05,28.747,144.771,144.871,4.004
1.8333333333333333,Murmansk,24.0,0.0,1265.59825,42.16,0.1819,1.7988,28.684,0.05,28.747,144.771,144.871,4.222
1.8333333333333333,Novosibirsk,46.0,0.0,1078.498125,43.54,0.1551,1.7988,28.684,0.05,28.747,144.77,144.87,3.597
1.8333333333333333,Zheleznogorsk,65.0,0.0,1103.458875,43.35,0.1586,1.7988,28.684,0.05,28.747,144.77,144.871,3.681
1.8333333333333333,Yakutsk,182.0,0.0,1359.810375,41.53,0.1955,1.7988,28.684,0.05,28.747,144.771,144.872,4.536
1.8333333333333333,Khabarovsk,202.0,0.0,1077.4335,43.55,0.155,1.7988,28.684,0.05,28.747,144.77,144.87,3.594
1.8333333333333333,Vladivostok,202.0,0.0,1386.568625,41.36,0.1994,1.7988,28.684,0.05,28.747,144.772,144.872,4.625
1.8333333333333333,Minsk,6.0,0.0,1087.210375,43.47,0.1564,1.7988,28.684,0.05,28.747,144.77,144.87,3.627
1.8333333333333333,Almaty,46.0,0.0,1450.82475,40.97,0.2086,1.7988,28.684,0.05,28.747,144.772,144.872,4.839
1.8333333333333333,Tehran,141.0,0.0,1345.44,41.62,0.1935,1.7988,28.684,0.05,28.747,144.771,144.872,4.488
1.8333333333333333,Urumqi,162.0,0.0,1365.26575,41.5,0.1962,1.7988,28.684,0.05,28.747,144.772,144.872,4.554
1.8333333333333333,Delhi,161.0,0.0,1228.10275,42.42,0.1765,1.7988,28.684,0.05,28.747,144.771,144.871,4.097
1.8333333333333333,Yangon,48.0,0.0,995.127125,44.24,0.1431,1.7988,28.684,0.05,28.747,144.77,144.87,3.319
1.8333333333333333,Jakarta,219.0,0.0,1365.312,41.5,0.1962,1.7988,28.684,0.05,28.747,144.772,144.872,4.554
1.8333333333333333,Luanda,269.0,0.0,1264.281875,42.16,0.1819,1.7988,28.684,0.05,28.747,144.771,144.871,4.217
1.8333333333333333,Nairobi,158.0,0.0,1364.606125,41.5,0.1962,1.7988,28.684,0.05,28.747,144.772,144.872,4.552
1.8333333333333333,Johannesburg,157.0,0.0,1111.68,43.28,0.1599,1.7988,28.684,0.05,28.747,144.77,144.871,3.708
1.8333333333333333,Havana,40.0,0.0,1476.562625,40.82,0.2122,1.7988,28.684,0.05,28.747,144.772,144.872,4.925
1.8333333333333333,Caracas,208.0,0.0,1457.462625,40.93,0.2095,1.7988,28.684,0.05,28.747,144.772,144.872,4.862
1.8333333333333333,Buenos_Aires,211.0,0.0,1006.11825,44.15,0.1446,1.7988,28.684,0.05,28.747,144.77,144.87,3.356
2.0,Vladimir,23.0,0.0,1196.19475,42.65,0.1719,1.7988,28.684,0.05,28.747,144.771,144.871,3.99
2.0,Murmansk,101.0,0.0,1119.0155,43.22,0.161,1.7988,28.684,0.05,28.747,144.77,144.871,3.733
2.0,Novosibirsk,44.0,0.0,1099.73625,43.38,0.158,1.7988,28.684,0.05,28.747,144.77,144.871,3.668
2.0,Zheleznogorsk,63.0,0.0,1156.92475,42.93,0.1664,1.7988,28.684,0.05,28.747,144.771,144.871,3.859
2.0,Yakutsk,103.0,0.0,1186.298,42.72,0.1705,1.7988,28.684,0.05,28.747,144.771,144.871,3.957
2.0,Khabarovsk,200.0,0.0,1141.292625,43.05,0.1641,1.7988,28.684,0.05,28.747,144.77,144.871,3.807
2.0,Vladivostok,85.0,0.0,1284.873875,42.02,0.1848,1.7988,28.684,0.05,28.747,144.771,144.871,4.286
2.0,Minsk,4.0,0.0,1000.66325,44.2,0.1438,1.7988,28.684,0.05,28.747,144.77,144.87,3.338
2.0,Almaty,160.0,0.0,1283.048375,42.04,0.1844,1.7988,28.684,0.05,28.747,144.771,144.871,4.28
2.0,Tehran,159.0,0.0,1196.623125,42.64,0.1721,1.7988,28.684,0.05,28.747,144.771,144.871,3.992
2.0,Urumqi,45.0,0.0,1321.338,41.78,0.19,1.7988,28.684,0.05,28.747,144.771,144.872,4.408
2.0,Delhi,179.0,0.0,1243.20775,42.31,0.1787,1.7988,28.684,0.05,28.747,144.771,144.871,4.147
2.0,Yangon,46.0,0.0,1111.383375,43.28,0.1599,1.7988,28.684,0.05,28.747,144.77,144.871,3.707
2.0,Jakarta,217.0,0.0,1143.93525,43.03,0.1645,1.7988,28.684,0.05,28.747,144.771,144.871,3.816
2.0,Luanda,137.0,0.0,1277.888375,42.07,0.1838,1.7988,28.684,0.05,28.747,144.771,144.871,4.263
2.0,Nairobi,157.0,0.0,1410.526375,41.21,0.2029,1.7988,28.684,0.05,28.747,144.772,144.872,4.705
2.0,Johannesburg,155.0,0.0,1033.574625,43.91,0.1487,1.7988,28.684,0.05,28.747,144.77,144.87,3.448
2.0,Havana,206.0,0.0,1328.96,41.73,0.1911,1.7988,28.684,0.05,28.747,144.771,144.872,4.433
2.0,Caracas,207.0,0.0,1494.95375,40.71,0.2149,1.7988,28.684,0.05,28.747,144.772,144.872,4.987
2.0,Buenos_Aires,209.0,0.0,1032.6239375,43.92,0.1485,1.7988,28.684,0.05,28.747,144.77,144.87,3.444
2.1666666666666665,Vladimir,21.0,0.0,1258.296875,42.21,0.1808,1.7988,28.684,0.05,28.747,144.771,144.871,4.197
2.1666666666666665,Murmansk,119.0,0.0,1024.77025,43.99,0.1473,1.7988,28.684,0.05,28.747,144.77,144.87,3.418
2.1666666666666665,Novosibirsk,42.0,0.0,1202.318625,42.6,0.1729,1.7988,28.684,0.05,28.747,144.771,144.871,4.011
2.1666666666666665,Zheleznogorsk,61.0,0.0,1287.38175,42.01,0.185,1.7988,28.684,0.05,28.747,144.771,144.871,4.294
2.1666666666666665,Yakutsk,101.0,0.0,1065.982875,43.65,0.1532,1.7988,28.684,0.05,28.747,144.77,144.87,3.556
2.1666666666666665,Khabarovsk,218.0,0.0,1295.0855,41.96,0.1861,1.7988,28.684,0.05,28.747,144.771,144.871,4.32
2.1666666666666665,Vladivostok,83.0,0.0,1157.90125,42.93,0.1664,1.7988,28.684,0.05,28.747,144.771,144.871,3.862
2.1666666666666665,Minsk,2.0,0.0,1013.642375,44.08,0.1458,1.7988,28.684,0.05,28.747,144.77,144.87,3.381
2.1666666666666665,Almaty,178.0,0.0,1152.535875,42.97,0.1657,1.7988,28.684,0.05,28.747,144.771,144.871,3.844
2.1666666666666665,Tehran,157.0,0.0,1144.80175,43.03,0.1645,1.7988,28.684,0.05,28.747,144.771,144.871,3.819
2.1666666666666665,Urumqi,43.0,0.0,1264.872,42.16,0.1819,1.7988,28.684,0.05,28.747,144.771,144.871,4.219
2.1666666666666665,Delhi,177.0,0.0,1367.49875,41.48,0.1967,1.7988,28.684,0.05,28.747,144.772,144.872,4.561
2.1666666666666665,Yangon,44.0,0.0,1334.464,41.69,0.192,1.7988,28.684,0.05,28.747,144.771,144.872,4.451
2.1666666666666665,Jakarta,215.0,0.0,1036.3933125,43.89,0.149,1.7988,28.684,0.05,28.747,144.77,144.87,3.457
2.1666666666666665,Luanda,135.0,0.0,1217.684375,42.49,0.1751,1.7988,28.684,0.05,28.747,144.771,144.871,4.062
2.1666666666666665,Nairobi,155.0,0.0,1245.083,42.3,0.179,1.7988,28.684,0.05,28.747,144.771,144.871,4.153
2.1666666666666665,Johannesburg,153.0,0.0,1090.540875,43.45,0.1568,1.7988,28.684,0.05,28.747,144.77,144.871,3.638
2.1666666666666665,Havana,204.0,0.0,1107.8555,43.31,0.1593,1.7988,28.684,0.05,28.747,144.77,144.871,3.695
2.1666666666666665,Caracas,75.0,0.0,1477.675,40.81,0.2124,1.7988,28.684,0.05,28.747,144.772,144.872,4.929
2.1666666666666665,Buenos_Aires,207.0,0.0,1178.52775,42.77,0.1695,1.7988,28.684,0.05,28.747,144.771,144.871,3.931
2.3333333333333335,Vladimir,137.0,0.0,1263.405875,42.17,0.1816,1.7988,28.684,0.05,28.747,144.771,144.871,4.214
2.3333333333333335,Murmansk,117.0,0.0,1006.39625,44.15,0.1446,1.7988,28.684,0.05,28.747,144.77,144.87,3.357
2.3333333333333335,Novosibirsk,40.0,0.0,1365.146,41.5,0.1962,1.7988,28.684,0.05,28.747,144.772,144.872,4.554
2.3333333333333335,Zheleznogorsk,196.0,0.0,1195.614375,42.65,0.1719,1.7988,28.684,0.05,28.747,144.771,144.871,3.988
2.3333333333333335,Yakutsk,119.0,0.0,1027.591,43.96,0.1478,1.7988,28.684,0.05,28.747,144.77,144.87,3.428
2.3333333333333335,Khabarovsk,100.0,0.0,1402.155375,41.27,0.2015,1.7988,28.684,0.05,28.747,144.772,144.872,4.677
2.3333333333333335,Vladivostok,81.0,0.0,1127.115875,43.16,0.1621,1.7988,28.684,0.05,28.747,144.77,144.871,3.76
2.3333333333333335,Minsk,0.0,0.0,1119.62875,43.22,0.161,1.7988,28.684,0.05,28.747,144.77,144.871,3.735
2.3333333333333335,Almaty,41.0,0.0,1112.316125,43.28,0.1599,1.7988,28.684,0.05,28.747,144.77,144.871,3.71
2.3333333333333335,Tehran,155.0,0.0,1205.718875,42.58,0.1733,1.7988,28.684,0.05,28.747,144.771,144.871,4.022
2.3333333333333335,Urumqi,195.0,0.0,1287.626875,42.01,0.185,1.7988,28.684,0.05,28.747,144.771,144.871,4.295
2.3333333333333335,Delhi,175.0,0.0,1576.856125,40.25,0.2266,1.7988,28.684,0.05,28.748,144.773,144.873,5.26
2.3333333333333335,Yangon,194.0,0.0,1541.450875,40.44,0.2217,1.7988,28.684,0.05,28.748,144.772,144.873,5.142
2.3333333333333335,Jakarta,213.0,0.0,1077.22775,43.55,0.155,1.7988,28.684,0.05,28.747,144.77,144.87,3.593
2.3333333333333335,Luanda,133.0,0.0,1284.74975,42.02,0.1848,1.7988,28.684,0.05,28.747,144.771,144.871,4.285
2.3333333333333335,Nairobi,153.0,0.0,1196.944625,42.64,0.1721,1.7988,28.684,0.05,28.747,144.771,144.871,3.993
2.3333333333333335,Johannesburg,285.0,0.0,1094.116875,43.42,0.1573,1.7988,28.684,0.05,28.747,144.77,144.871,3.65
2.3333333333333335,Havana,202.0,0.0,994.6245625,44.25,0.143,1.7988,28.684,0.05,28.747,144.77,144.87,3.318
2.3333333333333335,Caracas,73.0,0.0,1401.071125,41.27,0.2015,1.7988,28.684,0.05,28.747,144.772,144.872,4.673
2.3333333333333335,Buenos_Aires,91.0,0.0,1324.16275,41.76,0.1904,1.7988,28.684,0.05,28.747,144.771,144.872,4.417
2.5,Vladimir,135.0,0.0,1209.755,42.55,0.1739,1.7988,28.684,0.05,28.747,144.771,144.871,4.035
2.5,Murmansk,57.0,0.0,1057.86625,43.71,0.1521,1.7988,28.684,0.05,28.747,144.77,144.87,3.529
2.5,Novosibirsk,175.0,0.0,1244.638,42.3,0.179,1.7988,28.684,0.05,28.747,144.771,144.871,4.152
2.5,Zheleznogorsk,194.0,0.0,1124.213125,43.18,0.1617,1.7988,28.684,0.05,28.747,144.77,144.871,3.75
2.5,Yakutsk,215.0,0.0,1004.3084375,44.16,0.1445,1.7988,28.684,0.05,28.747,144.77,144.87,3.35
2.5,Khabarovsk,118.0,0.0,1222.56475,42.46,0.1757,1.7988,28.684,0.05,28.747,144.771,144.871,4.078
2.5,Vladivostok,99.0,0.0,1196.917,42.64,0.1721,1.7988,28.684,0.05,28.747,144.771,144.871,3.992
2.5,Minsk,18.0,0.0,1293.021625,41.97,0.1859,1.7988,28.684,0.05,28.747,144.771,144.871,4.313
2.5,Almaty,59.0,0.0,1018.6340625,44.04,0.1465,1.7988,28.684,0.05,28.747,144.77,144.87,3.398
2.5,Tehran,39.0,0.0,1161.088875,42.9,0.167,1.7988,28.684,0.05,28.747,144.771,144.871,3.873
2.5,Urumqi,193.0,0.0,1324.927125,41.76,0.1904,1.7988,28.684,0.05,28.747,144.771,144.872,4.419
2.5,Delhi,40.0,0.0,1307.64325,41.87,0.188,1.7988,28.684,0.05,28.747,144.771,144.871,4.362
2.5,Yangon,212.0,0.0,1612.32425,40.05,0.2319,1.7988,28.684,0.05,28.748,144.773,144.873,5.378
2.5,Jakarta,211.0,0.0,1251.24975,42.25,0.18,1.7988,28.684,0.05,28.747,144.771,144.871,4.174
2.5,Luanda,282.0,0.0,1379.11225,41.41,0.1983,1.7988,28.684,0.05,28.747,144.772,144.872,4.6
2.5,Nairobi,151.0,0.0,1279.700375,42.06,0.184,1.7988,28.684,0.05,28.747,144.771,144.871,4.269
2.5,Johannesburg,283.0,0.0,1035.187125,43.9,0.1488,1.7988,28.684,0.05,28.747,144.77,144.87,3.453
2.5,Havana,200.0,0.0,1023.562,44.0,0.1471,1.7988,28.684,0.05,28.747,144.77,144.87,3.414
2.5,Caracas,71.0,0.0,1434.642125,41.07,0.2062,1.7988,28.684,0.05,28.747,144.772,144.872,4.785
2.5,Buenos_Aires,89.0,0.0,1320.685125,41.79,0.1898,1.7988,28.684,0.05,28.747,144.771,144.872,4.405
2.6666666666666665,Vladimir,36.0,0.0,1192.16425,42.67,0.1715,1.7988,28.684,0.05,28.747,144.771,144.871,3.977
2.6666666666666665,Murmansk,55.0,0.0,1087.073125,43.48,0.1562,1.7988,28.684,0.05,28.747,144.77,144.87,3.626
2.6666666666666665,Novosibirsk,173.0,0.0,1177.748875,42.78,0.1693,1.7988,28.684,0.05,28.747,144.771,144.871,3.929
2.6666666666666665,Zheleznogorsk,192.0,0.0,1133.649875,43.11,0.163,1.7988,28.684,0.05,28.747,144.77,144.871,3.781
2.6666666666666665,Yakutsk,213.0,0.0,1041.4635625,43.85,0.1497,1.7988,28.684,0.05,28.747,144.77,144.87,3.474
2.6666666666666665,Khabarovsk,116.0,0.0,1122.18225,43.2,0.1613,1.7988,28.684,0.05,28.747,144.77,144.871,3.743
2.6666666666666665,Vladivostok,97.0,0.0,1348.73075,41.6,0.194,1.7988,28.684,0.05,28.747,144.771,144.872,4.499
2.6666666666666665,Minsk,133.0,0.0,1241.434,42.32,0.1785,1.7988,28.684,0.05,28.747,144.771,144.871,4.141
2.6666666666666665,Almaty,57.0,0.0,1037.5931875,43.88,0.1492,1.7988,28.684,0.05,28.747,144.77,144.87,3.461
2.6666666666666665,Tehran,37.0,0.0,1018.785625,44.04,0.1465,1.7988,28.684,0.05,28.747,144.77,144.87,3.398
2.6666666666666665,Urumqi,76.0,0.0,1378.761125,41.41,0.1983,1.7988,28.684,0.05,28.747,144.772,144.872,4.599
2.6666666666666665,Delhi,58.0,0.0,1100.8325,43.37,0.1582,1.7988,28.684,0.05,28.747,144.77,144.871,3.672
2.6666666666666665,Yangon,210.0,0.0,1526.68325,40.53,0.2194,1.7988,28.684,0.05,28.747,144.772,144.873,5.092
2.6666666666666665,Jakarta,79.0,0.0,1341.651375,41.65,0.1929,1.7988,28.684,0.05,28.747,144.771,144.872,4.475
2.6666666666666665,Luanda,280.0,0.0,1149.588875,42.99,0.1653,1.7988,28.684,0.05,28.747,144.771,144.871,3.835
2.6666666666666665,Nairobi,149.0,0.0,1471.09625,40.85,0.2115,1.7988,28.684,0.05,28.747,144.772,144.872,4.907
2.6666666666666665,Johannesburg,281.0,0.0,1111.130875,43.29,0.1597,1.7988,28.684,0.05,28.747,144.77,144.871,3.706
2.6666666666666665,Havana,51.0,0.0,1091.575625,43.44,0.1569,1.7988,28.684,0.05,28.747,144.77,144.871,3.641
2.6666666666666665,Caracas,70.0,0.0,1372.14625,41.45,0.1973,1.7988,28.684,0.05,28.747,144.772,144.872,4.577
2.6666666666666665,Buenos_Aires,87.0,0.0,1414.198875,41.19,0.2033,1.7988,28.684,0.05,28.747,144.772,144.872,4.717
2.8333333333333335,Vladimir,34.0,0.0,1076.658625,43.56,0.1548,1.7988,28.684,0.05,28.747,144.77,144.87,3.591
2.8333333333333335,Murmansk,33.0,0.0,1149.538375,42.99,0.1653,1.7988,28.684,0.05,28.747,144.771,144.871,3.834
2.8333333333333335,Novosibirsk,74.0,0.0,1111.135875,43.29,0.1597,1.7988,28.684,0.05,28.747,144.77,144.871,3.706
2.8333333333333335,Zheleznogorsk,74.0,0.0,1131.36375,43.13,0.1626,1.7988,28.684,0.05,28.747,144.77,144.871,3.774
2.8333333333333335,Yakutsk,211.0,0.0,1159.47375,42.92,0.1666,1.7988,28.684,0.05,28.747,144.771,144.871,3.868
2.8333333333333335,Khabarovsk,230.0,0.0,1086.542,43.48,0.1562,1.7988,28.684,0.05,28.747,144.77,144.87,3.624
2.8333333333333335,Vladivostok,230.0,0.0,1470.862625,40.85,0.2115,1.7988,28.684,0.05,28.747,144.772,144.872,4.906
2.8333333333333335,Minsk,131.0,0.0,1130.38425,43.14,0.1625,1.7988,28.684,0.05,28.747,144.77,144.871,3.771
2.8333333333333335,Almaty,55.0,0.0,1160.4125,42.91,0.1668,1.7988,28.684,0.05,28.747,144.771,144.871,3.871
2.8333333333333335,Tehran,35.0,0.0,996.6368125,44.23,0.1433,1.7988,28.684,0.05,28.747,144.77,144.87,3.324
2.8333333333333335,Urumqi,190.0,0.0,1308.609,41.86,0.1883,1.7988,28.684,0.05,28.747,144.771,144.871,4.365
2.8333333333333335,Delhi,56.0,0.0,1000.7441875,44.19,0.144,1.7988,28.684,0.05,28.747,144.77,144.87,3.338
2.8333333333333335,Yangon,76.0,0.0,1350.74475,41.59,0.1942,1.7988,28.684,0.05,28.747,144.771,144.872,4.506
2.8333333333333335,Jakarta,77.0,0.0,1341.53075,41.65,0.1929,1.7988,28.684,0.05,28.747,144.771,144.872,4.475
2.8333333333333335,Luanda,298.0,0.0,1027.19875,43.97,0.1477,1.7988,28.684,0.05,28.747,144.77,144.87,3.426
2.8333333333333335,Nairobi,18.0,0.0,1273.772375,42.1,0.1831,1.7988,28.684,0.05,28.747,144.771,144.871,4.249
2.8333333333333335,Johannesburg,299.0,0.0,1300.49825,41.92,0.187,1.7988,28.684,0.05,28.747,144.771,144.871,4.338
2.8333333333333335,Havana,49.0,0.0,1164.182125,42.88,0.1674,1.7988,28.684,0.05,28.747,144.771,144.871,3.883
2.8333333333333335,Caracas,68.0,0.0,1194.003625,42.66,0.1717,1.7988,28.684,0.05,28.747,144.771,144.871,3.983
2.8333333333333335,Buenos_Aires,86.0,0.0,1360.614125,41.53,0.1955,1.7988,28.684,0.05,28.747,144.771,144.872,4.539
3.0,Vladimir,32.0,0.0,1046.630625,43.81,0.1504,1.7988,28.684,0.05,28.747,144.77,144.87,3.491
3.0,Murmansk,130.0,0.0,1224.564875,42.44,0.1761,1.7988,28.684,0.05,28.747,144.771,144.871,4.085
3.0,Novosibirsk,72.0,0.0,1009.3533125,44.12,0.1451,1.7988,28.684,0.05,28.747,144.77,144.87,3.367
3.0,Zheleznogorsk,72.0,0.0,1176.92925,42.79,0.1691,1.7988,28.684,0.05,28.747,144.771,144.871,3.926
3.0,Yakutsk,209.0,0.0,1338.841875,41.67,0.1924,1.7988,28.684,0.05,28.747,144.771,144.872,4.466
3.0,Khabarovsk,228.0,0.0,999.1425625,44.21,0.1436,1.7988,28.684,0.05,28.747,144.77,144.87,3.333
3.0,Vladivostok,228.0,0.0,1260.115875,42.19,0.1812,1.7988,28.684,0.05,28.747,144.771,144.871,4.203
3.0,Minsk,129.0,0.0,1104.78975,43.34,0.1588,1.7988,28.684,0.05,28.747,144.77,144.871,3.685
3.0,Almaty,53.0,0.0,1356.0215,41.56,0.1949,1.7988,28.684,0.05,28.747,144.771,144.872,4.523
3.0,Tehran,33.0,0.0,1098.78225,43.38,0.158,1.7988,28.684,0.05,28.747,144.77,144.871,3.665
3.0,Urumqi,188.0,0.0,1157.90125,42.93,0.1664,1.7988,28.684,0.05,28.747,144.771,144.871,3.862
3.0,Delhi,54.0,0.0,1036.1554375,43.89,0.149,1.7988,28.684,0.05,28.747,144.77,144.87,3.456
3.0,Yangon,74.0,0.0,1200.25825,42.62,0.1725,1.7988,28.684,0.05,28.747,144.771,144.871,4.004
3.0,Jakarta,75.0,0.0,1455.996375,40.94,0.2093,1.7988,28.684,0.05,28.747,144.772,144.872,4.857
3.0,Luanda,296.0,0.0,1051.775875,43.76,0.1513,1.7988,28.684,0.05,28.747,144.77,144.87,3.508
3.0,Nairobi,16.0,0.0,1135.536125,43.1,0.1632,1.7988,28.684,0.05,28.747,144.77,144.871,3.788
3.0,Johannesburg,164.0,0.0,1503.354125,40.66,0.2161,1.7988,28.684,0.05,28.747,144.772,144.872,5.015
3.0,Havana,47.0,0.0,1349.00675,41.6,0.194,1.7988,28.684,0.05,28.747,144.771,144.872,4.5
3.0,Caracas,66.0,0.0,1132.137375,43.12,0.1628,1.7988,28.684,0.05,28.747,144.77,144.871,3.776
3.0,Buenos_Aires,84.0,0.0,1195.944375,42.65,0.1719,1.7988,28.684,0.05,28.747,144.771,144.871,3.989
3.1666666666666665,Vladimir,30.0,0.0,1106.0845,43.33,0.1589,1.7988,28.684,0.05,28.747,144.77,144.871,3.69
3.1666666666666665,Murmansk,128.0,0.0,1088.091625,43.47,0.1564,1.7988,28.684,0.05,28.747,144.77,144.87,3.629
3.1666666666666665,Novosibirsk,70.0,0.0,1003.883875,44.17,0.1443,1.7988,28.684,0.05,28.747,144.77,144.87,3.349
3.1666666666666665,Zheleznogorsk,70.0,0.0,1292.968375,41.97,0.1859,1.7988,28.684,0.05,28.747,144.771,144.871,4.313
3.1666666666666665,Yakutsk,110.0,0.0,1254.14675,42.23,0.1804,1.7988,28.684,0.05,28.747,144.771,144.871,4.183
3.1666666666666665,Khabarovsk,226.0,0.0,1017.10275,44.05,0.1463,1.7988,28.684,0.05,28.747,144.77,144.87,3.393
3.1666666666666665,Vladivostok,226.0,0.0,1112.305875,43.28,0.1599,1.7988,28.684,0.05,28.747,144.77,144.871,3.71
3.1666666666666665,Minsk,30.0,0.0,1088.88825,43.46,0.1566,1.7988,28.684,0.05,28.747,144.77,144.871,3.632
3.1666666666666665,Almaty,186.0,0.0,1291.985375,41.98,0.1857,1.7988,28.684,0.05,28.747,144.771,144.871,4.31
3.1666666666666665,Tehran,166.0,0.0,1167.842625,42.85,0.168,1.7988,28.684,0.05,28.747,144.771,144.871,3.896
3.1666666666666665,Urumqi,186.0,0.0,1095.762125,43.41,0.1575,1.7988,28.684,0.05,28.747,144.77,144.871,3.655
3.1666666666666665,Delhi,185.0,0.0,1007.7625,44.13,0.145,1.7988,28.684,0.05,28.747,144.77,144.87,3.362
3.1666666666666665,Yangon,205.0,0.0,1160.39475,42.91,0.1668,1.7988,28.684,0.05,28.747,144.771,144.871,3.871
3.1666666666666665,Jakarta,74.0,0.0,1289.862625,41.99,0.1855,1.7988,28.684,0.05,28.747,144.771,144.871,4.303
3.1666666666666665,Luanda,294.0,0.0,1215.20875,42.51,0.1747,1.7988,28.684,0.05,28.747,144.771,144.871,4.054
3.1666666666666665,Nairobi,14.0,0.0,1130.644,43.13,0.1626,1.7988,28.684,0.05,28.747,144.77,144.871,3.771
3.1666666666666665,Johannesburg,162.0,0.0,1349.9825,41.59,0.1942,1.7988,28.684,0.05,28.747,144.771,144.872,4.503
3.1666666666666665,Havana,45.0,0.0,1608.81225,40.07,0.2313,1.7988,28.684,0.05,28.748,144.773,144.873,5.366
3.1666666666666665,Caracas,64.0,0.0,1206.15925,42.57,0.1735,1.7988,28.684,0.05,28.747,144.771,144.871,4.023
3.1666666666666665,Buenos_Aires,82.0,0.0,1130.53425,43.14,0.1625,1.7988,28.684,0.05,28.747,144.77,144.871,3.771
3.3333333333333335,Vladimir,28.0,0.0,1239.28275,42.34,0.1781,1.7988,28.684,0.05,28.747,144.771,144.871,4.134
3.3333333333333335,Murmansk,126.0,0.0,1011.9779375,44.1,0.1455,1.7988,28.684,0.05,28.747,144.77,144.87,3.376
3.3333333333333335,Novosibirsk,68.0,0.0,1093.157375,43.43,0.1571,1.7988,28.684,0.05,28.747,144.77,144.871,3.646
3.3333333333333335,Zheleznogorsk,185.0,0.0,1202.743375,42.6,0.1729,1.7988,28.684,0.05,28.747,144.771,144.871,4.012
3.3333333333333335,Yakutsk,128.0,0.0,1167.580125,42.86,0.1678,1.7988,28.684,0.05,28.747,144.771,144.871,3.895
3.3333333333333335,Khabarovsk,224.0,0.0,1138.551625,43.07,0.1638,1.7988,28.684,0.05,28.747,144.77,144.871,3.798
3.3333333333333335,Vladivostok,224.0,0.0,1058.39875,43.71,0.1521,1.7988,28.684,0.05,28.747,144.77,144.87,3.53
3.3333333333333335,Minsk,28.0,0.0,1072.958625,43.59,0.1543,1.7988,28.684,0.05,28.747,144.77,144.87,3.579
3.3333333333333335,Almaty,184.0,0.0,1106.25075,43.32,0.1591,1.7988,28.684,0.05,28.747,144.77,144.871,3.69
3.3333333333333335,Tehran,164.0,0.0,1024.3175,43.99,0.1473,1.7988,28.684,0.05,28.747,144.77,144.87,3.417
3.3333333333333335,Urumqi,69.0,0.0,1064.130375,43.66,0.153,1.7988,28.684,0.05,28.747,144.77,144.87,3.55
3.3333333333333335,Delhi,183.0,0.0,1042.261625,43.84,0.1499,1.7988,28.684,0.05,28.747,144.77,144.87,3.477
3.3333333333333335,Yangon,203.0,0.0,1060.66025,43.69,0.1525,1.7988,28.684,0.05,28.747,144.77,144.87,3.538
3.3333333333333335,Jakarta,221.0,0.0,1164.472,42.88,0.1674,1.7988,28.684,0.05,28.747,144.771,144.871,3.884
3.3333333333333335,Luanda,141.0,0.0,1086.45425,43.48,0.1562,1.7988,28.684,0.05,28.747,144.77,144.87,3.624
3.3333333333333335,Nairobi,12.0,0.0,1260.93475,42.19,0.1812,1.7988,28.684,0.05,28.747,144.771,144.871,4.206
3.3333333333333335,Johannesburg,160.0,0.0,1295.941125,41.95,0.1863,1.7988,28.684,0.05,28.747,144.771,144.871,4.323
3.3333333333333335,Havana,230.0,0.0,1430.33175,41.09,0.2057,1.7988,28.684,0.05,28.747,144.772,144.872,4.771
3.3333333333333335,Caracas,231.0,0.0,1127.976,43.16,0.1621,1.7988,28.684,0.05,28.747,144.77,144.871,3.763
3.3333333333333335,Buenos_Aires,80.0,0.0,1178.331875,42.78,0.1693,1.7988,28.684,0.05,28.747,144.771,144.871,3.93
3.5,Vladimir,143.0,0.0,1131.676625,43.13,0.1626,1.7988,28.684,0.05,28.747,144.77,144.871,3.775
3.5,Murmansk,124.0,0.0,1012.17625,44.1,0.1455,1.7988,28.684,0.05,28.747,144.77,144.87,3.376
3.5,Novosibirsk,66.0,0.0,1254.198875,42.23,0.1804,1.7988,28.684,0.05,28.747,144.771,144.871,4.184
3.5,Zheleznogorsk,183.0,0.0,1121.96125,43.2,0.1613,1.7988,28.684,0.05,28.747,144.77,144.871,3.742
3.5,Yakutsk,126.0,0.0,1131.321125,43.13,0.1626,1.7988,28.684,0.05,28.747,144.77,144.871,3.774
3.5,Khabarovsk,107.0,0.0,1254.1915,42.23,0.1804,1.7988,28.684,0.05,28.747,144.771,144.871,4.184
3.5,Vladivostok,107.0,0.0,1003.9040625,44.17,0.1443,1.7988,28.684,0.05,28.747,144.77,144.87,3.349
3.5,Minsk,26.0,0.0,1150.9245,42.98,0.1655,1.7988,28.684,0.05,28.747,144.771,144.871,3.839
3.5,Almaty,182.0,0.0,1002.4139375,44.18,0.1441,1.7988,28.684,0.05,28.747,144.77,144.87,3.344
3.5,Tehran,162.0,0.0,995.35525,44.24,0.1431,1.7988,28.684,0.05,28.747,144.77,144.87,3.32
3.5,Urumqi,67.0,0.0,1031.77675,43.93,0.1483,1.7988,28.684,0.05,28.747,144.77,144.87,3.442
3.5,Delhi,181.0,0.0,1201.345625,42.61,0.1727,1.7988,28.684,0.05,28.747,144.771,144.871,4.007
3.5,Yangon,201.0,0.0,1100.121,43.37,0.1582,1.7988,28.684,0.05,28.747,144.77,144.871,3.67
3.5,Jakarta,239.0,0.0,1041.457375,43.85,0.1497,1.7988,28.684,0.05,28.747,144.77,144.87,3.474
3.5,Luanda,159.0,0.0,996.9015625,44.23,0.1433,1.7988,28.684,0.05,28.747,144.77,144.87,3.325
3.5,Nairobi,160.0,0.0,1066.2785,43.64,0.1534,1.7988,28.684,0.05,28.747,144.77,144.87,3.557
3.5,Johannesburg,178.0,0.0,1351.200125,41.59,0.1942,1.7988,28.684,0.05,28.747,144.771,144.872,4.507
3.5,Havana,228.0,0.0,1230.121625,42.4,0.1769,1.7988,28.684,0.05,28.747,144.771,144.871,4.103
3.5,Caracas,229.0,0.0,1144.47525,43.03,0.1645,1.7988,28.684,0.05,28.747,144.771,144.871,3.818
3.5,Buenos_Aires,98.0,0.0,1324.31425,41.76,0.1904,1.7988,28.684,0.05,28.747,144.771,144.872,4.417
3.6666666666666665,Vladimir,141.0,0.0,1055.37925,43.73,0.1518,1.7988,28.684,0.05,28.747,144.77,144.87,3.52
3.6666666666666665,Murmansk,44.0,0.0,1016.783375,44.06,0.1461,1.7988,28.684,0.05,28.747,144.77,144.87,3.392
3.6666666666666665,Novosibirsk,181.0,0.0,1133.464375,43.11,0.163,1.7988,28.684,0.05,28.747,144.77,144.871,3.781
3.6666666666666665,Zheleznogorsk,181.0,0.0,1128.618875,43.15,0.1623,1.7988,28.684,0.05,28.747,144.77,144.871,3.765
3.6666666666666665,Yakutsk,221.0,0.0,1105.07975,43.33,0.1589,1.7988,28.684,0.05,28.747,144.77,144.871,3.686
3.6666666666666665,Khabarovsk,105.0,0.0,1220.545,42.47,0.1755,1.7988,28.684,0.05,28.747,144.771,144.871,4.071
3.6666666666666665,Vladivostok,105.0,0.0,1009.6545625,44.12,0.1451,1.7988,28.684,0.05,28.747,144.77,144.87,3.368
3.6666666666666665,Minsk,24.0,0.0,1303.36175,41.9,0.1874,1.7988,28.684,0.05,28.747,144.771,144.871,4.348
3.6666666666666665,Almaty,180.0,0.0,1010.301375,44.11,0.1453,1.7988,28.684,0.05,28.747,144.77,144.87,3.37
3.6666666666666665,Tehran,160.0,0.0,1093.498125,43.42,0.1573,1.7988,28.684,0.05,28.747,144.77,144.871,3.648
3.6666666666666665,Urumqi,65.0,0.0,1108.55325,43.31,0.1593,1.7988,28.684,0.05,28.747,144.77,144.871,3.698
3.6666666666666665,Delhi,199.0,0.0,1446.008375,41.0,0.2078,1.7988,28.684,0.05,28.747,144.772,144.872,4.823
3.6666666666666665,Yangon,219.0,0.0,1267.38075,42.14,0.1823,1.7988,28.684,0.05,28.747,144.771,144.871,4.228
3.6666666666666665,Jakarta,237.0,0.0,1065.055125,43.65,0.1532,1.7988,28.684,0.05,28.747,144.77,144.87,3.553
3.6666666666666665,Luanda,157.0,0.0,1061.037,43.69,0.1525,1.7988,28.684,0.05,28.747,144.77,144.87,3.539
3.6666666666666665,Nairobi,178.0,0.0,989.7515625,44.29,0.1423,1.7988,28.684,0.05,28.747,144.77,144.87,3.301
3.6666666666666665,Johannesburg,177.0,0.0,1433.542875,41.07,0.2062,1.7988,28.684,0.05,28.747,144.772,144.872,4.782
3.6666666666666665,Havana,226.0,0.0,1132.37625,43.12,0.1628,1.7988,28.684,0.05,28.747,144.77,144.871,3.777
3.6666666666666665,Caracas,227.0,0.0,1289.200875,41.99,0.1855,1.7988,28.684,0.05,28.747,144.771,144.871,4.3
3.6666666666666665,Buenos_Aires,230.0,0.0,1401.220125,41.27,0.2015,1.7988,28.684,0.05,28.747,144.772,144.872,4.674
3.8333333333333335,Vladimir,159.0,0.0,1071.437125,43.6,0.1541,1.7988,28.684,0.05,28.747,144.77,144.87,3.574
3.8333333333333335,Murmansk,42.0,0.0,1026.6955,43.97,0.1477,1.7988,28.684,0.05,28.747,144.77,144.87,3.425
3.8333333333333335,Novosibirsk,199.0,0.0,1039.544125,43.86,0.1495,1.7988,28.684,0.05,28.747,144.77,144.87,3.468
3.8333333333333335,Zheleznogorsk,83.0,0.0,1071.030625,43.61,0.1539,1.7988,28.684,0.05,28.747,144.77,144.87,3.573
3.8333333333333335,Yakutsk,239.0,0.0,1134.397,43.11,0.163,1.7988,28.684,0.05,28.747,144.77,144.871,3.784
3.8333333333333335,Khabarovsk,103.0,0.0,1272.588625,42.11,0.1829,1.7988,28.684,0.05,28.747,144.771,144.871,4.245
3.8333333333333335,Vladivostok,103.0,0.0,1124.61575,43.18,0.1617,1.7988,28.684,0.05,28.747,144.77,144.871,3.751
3.8333333333333335,Minsk,159.0,0.0,1191.350875,42.68,0.1713,1.7988,28.684,0.05,28.747,144.771,144.871,3.974
3.8333333333333335,Almaty,63.0,0.0,1029.38975,43.95,0.148,1.7988,28.684,0.05,28.747,144.77,144.87,3.434
3.8333333333333335,Tehran,44.0,0.0,1217.462125,42.49,0.1751,1.7988,28.684,0.05,28.747,144.771,144.871,4.061
3.8333333333333335,Urumqi,63.0,0.0,1271.656875,42.11,0.1829,1.7988,28.684,0.05,28.747,144.771,144.871,4.242
3.8333333333333335,Delhi,64.0,0.0,1346.9,41.61,0.1937,1.7988,28.684,0.05,28.747,144.771,144.872,4.493
3.8333333333333335,Yangon,65.0,0.0,1350.30125,41.59,0.1942,1.7988,28.684,0.05,28.747,144.771,144.872,4.504
3.8333333333333335,Jakarta,235.0,0.0,1225.994125,42.43,0.1763,1.7988,28.684,0.05,28.747,144.771,144.871,4.089
3.8333333333333335,Luanda,155.0,0.0,1254.365125,42.23,0.1804,1.7988,28.684,0.05,28.747,144.771,144.871,4.184
3.8333333333333335,Nairobi,176.0,0.0,1070.010875,43.61,0.1539,1.7988,28.684,0.05,28.747,144.77,144.87,3.569
3.8333333333333335,Johannesburg,175.0,0.0,1254.61,42.23,0.1804,1.7988,28.684,0.05,28.747,144.771,144.871,4.185
3.8333333333333335,Havana,77.0,0.0,1054.4935,43.74,0.1516,1.7988,28.684,0.05,28.747,144.77,144.87,3.517
3.8333333333333335,Caracas,225.0,0.0,1524.705,40.54,0.2191,1.7988,28.684,0.05,28.747,144.772,144.873,5.086
3.8333333333333335,Buenos_Aires,228.0,0.0,1286.843125,42.01,0.185,1.7988,28.684,0.05,28.747,144.771,144.871,4.292
4.0,Vladimir,41.0,0.0,1053.457875,43.75,0.1514,1.7988,28.684,0.05,28.747,144.77,144.87,3.514
4.0,Murmansk,40.0,0.0,1110.1105,43.29,0.1597,1.7988,28.684,0.05,28.747,144.77,144.871,3.703
4.0,Novosibirsk,197.0,0.0,1038.371,43.87,0.1494,1.7988,28.684,0.05,28.747,144.77,144.87,3.464
4.0,Zheleznogorsk,81.0,0.0,1004.4285,44.16,0.1445,1.7988,28.684,0.05,28.747,144.77,144.87,3.35
4.0,Yakutsk,237.0,0.0,1236.842,42.35,0.1779,1.7988,28.684,0.05,28.747,144.771,144.871,4.126
4.0,Khabarovsk,257.0,0.0,1260.068375,42.19,0.1812,1.7988,28.684,0.05,28.747,144.771,144.871,4.203
4.0,Vladivostok,101.0,0.0,1317.343125,41.81,0.1893,1.7988,28.684,0.05,28.747,144.771,144.871,4.394
4.0,Minsk,157.0,0.0,1052.624,43.76,0.1513,1.7988,28.684,0.05,28.747,144.77,144.87,3.511
4.0,Almaty,61.0,0.0,1091.009625,43.44,0.1569,1.7988,28.684,0.05,28.747,144.77,144.871,3.639
4.0,Tehran,42.0,0.0,1109.38475,43.3,0.1595,1.7988,28.684,0.05,28.747,144.77,144.871,3.701
4.0,Urumqi,217.0,0.0,1341.098875,41.65,0.1929,1.7988,28.684,0.05,28.747,144.771,144.872,4.473
4.0,Delhi,62.0,0.0,1158.0555,42.93,0.1664,1.7988,28.684,0.05,28.747,144.771,144.871,3.863
4.0,Yangon,63.0,0.0,1447.868375,40.99,0.2081,1.7988,28.684,0.05,28.747,144.772,144.872,4.83
4.0,Jakarta,233.0,0.0,1478.87975,40.8,0.2127,1.7988,28.684,0.05,28.747,144.772,144.872,4.933
4.0,Luanda,153.0,0.0,1527.14425,40.52,0.2197,1.7988,28.684,0.05,28.747,144.772,144.873,5.094
4.0,Nairobi,174.0,0.0,1277.40225,42.07,0.1838,1.7988,28.684,0.05,28.747,144.771,144.871,4.261
4.0,Johannesburg,6.0,0.0,1155.963375,42.94,0.1662,1.7988,28.684,0.05,28.747,144.771,144.871,3.856
4.0,Havana,75.0,0.0,993.1869375,44.26,0.1428,1.7988,28.684,0.05,28.747,144.77,144.87,3.313
4.0,Caracas,95.0,0.0,1276.919875,42.08,0.1835,1.7988,28.684,0.05,28.747,144.771,144.871,4.259
4.0,Buenos_Aires,226.0,0.0,1269.477,42.13,0.1825,1.7988,28.684,0.05,28.747,144.771,144.871,4.235
4.166666666666667,Vladimir,59.0,0.0,997.17425,44.23,0.1433,1.7988,28.684,0.05,28.747,144.77,144.87,3.326
4.166666666666667,Murmansk,156.0,0.0,1227.9025,42.42,0.1765,1.7988,28.684,0.05,28.747,144.771,144.871,4.096
4.166666666666667,Novosibirsk,99.0,0.0,1098.904125,43.38,0.158,1.7988,28.684,0.05,28.747,144.77,144.871,3.666
4.166666666666667,Zheleznogorsk,99.0,0.0,1033.1661875,43.92,0.1485,1.7988,28.684,0.05,28.747,144.77,144.87,3.446
4.166666666666667,Yakutsk,139.0,0.0,1281.16225,42.05,0.1842,1.7988,28.684,0.05,28.747,144.771,144.871,4.273
4.166666666666667,Khabarovsk,255.0,0.0,1142.382375,43.04,0.1643,1.7988,28.684,0.05,28.747,144.771,144.871,3.811
4.166666666666667,Vladivostok,255.0,0.0,1332.153,41.71,0.1915,1.7988,28.684,0.05,28.747,144.771,144.872,4.444
4.166666666666667,Minsk,155.0,0.0,997.4385625,44.22,0.1435,1.7988,28.684,0.05,28.747,144.77,144.87,3.327
4.166666666666667,Almaty,79.0,0.0,1246.161125,42.29,0.1792,1.7988,28.684,0.05,28.747,144.771,144.871,4.157
4.166666666666667,Tehran,40.0,0.0,1116.223375,43.25,0.1604,1.7988,28.684,0.05,28.747,144.77,144.871,3.723
4.166666666666667,Urumqi,215.0,0.0,1142.515625,43.04,0.1643,1.7988,28.684,0.05,28.747,144.771,144.871,3.811
4.166666666666667,Delhi,60.0,0.0,1075.623,43.57,0.1546,1.7988,28.684,0.05,28.747,144.77,144.87,3.588
4.166666666666667,Yangon,233.0,0.0,1622.093625,40.0,0.2332,1.7988,28.684,0.05,28.748,144.773,144.873,5.411
4.166666666666667,Jakarta,232.0,0.0,1601.123125,40.11,0.2303,1.7988,28.684,0.05,28.748,144.773,144.873,5.341
4.166666666666667,Luanda,3.0,0.0,1352.77175,41.58,0.1944,1.7988,28.684,0.05,28.747,144.771,144.872,4.512
4.166666666666667,Nairobi,22.0,0.0,1191.791875,42.68,0.1713,1.7988,28.684,0.05,28.747,144.771,144.871,3.975
4.166666666666667,Johannesburg,4.0,0.0,1095.98025,43.41,0.1575,1.7988,28.684,0.05,28.747,144.77,144.871,3.656
4.166666666666667,Havana,73.0,0.0,1075.18875,43.57,0.1546,1.7988,28.684,0.05,28.747,144.77,144.87,3.586
4.166666666666667,Caracas,93.0,0.0,1070.36075,43.61,0.1539,1.7988,28.684,0.05,28.747,144.77,144.87,3.57
4.166666666666667,Buenos_Aires,110.0,0.0,1219.824625,42.48,0.1753,1.7988,28.684,0.05,28.747,144.771,144.871,4.069
4.333333333333333,Vladimir,57.0,0.0,1038.464625,43.87,0.1494,1.7988,28.684,0.05,28.747,144.77,144.87,3.464
4.333333333333333,Murmansk,154.0,0.0,1112.692375,43.27,0.16,1.7988,28.684,0.05,28.747,144.77,144.871,3.712
4.333333333333333,Novosibirsk,97.0,0.0,1069.103875,43.62,0.1537,1.7988,28.684,0.05,28.747,144.77,144.87,3.566
4.333333333333333,Zheleznogorsk,97.0,0.0,1147.13725,43.01,0.1649,1.7988,28.684,0.05,28.747,144.771,144.871,3.826
4.333333333333333,Yakutsk,137.0,0.0,1128.10825,43.15,0.1623,1.7988,28.684,0.05,28.747,144.77,144.871,3.763
4.333333333333333,Khabarovsk,253.0,0.0,1109.8245,43.3,0.1595,1.7988,28.684,0.05,28.747,144.77,144.871,3.702
4.333333333333333,Vladivostok,253.0,0.0,1137.665,43.08,0.1636,1.7988,28.684,0.05,28.747,144.77,144.871,3.795
4.333333333333333,Minsk,153.0,0.0,1042.62825,43.84,0.1499,1.7988,28.684,0.05,28.747,144.77,144.87,3.478
4.333333333333333,Almaty,77.0,0.0,1462.400875,40.9,0.2102,1.7988,28.684,0.05,28.747,144.772,144.872,4.878
4.333333333333333,Tehran,58.0,0.0,1233.207375,42.38,0.1773,1.7988,28.684,0.05,28.747,144.771,144.871,4.114
4.333333333333333,Urumqi,213.0,0.0,1017.015375,44.05,0.1463,1.7988,28.684,0.05,28.747,144.77,144.87,3.392
4.333333333333333,Delhi,78.0,0.0,1120.844875,43.21,0.1612,1.7988,28.684,0.05,28.747,144.77,144.871,3.739
4.333333333333333,Yangon,231.0,0.0,1341.701375,41.65,0.1929,1.7988,28.684,0.05,28.747,144.771,144.872,4.475
4.333333333333333,Jakarta,81.0,0.0,1359.255625,41.54,0.1953,1.7988,28.684,0.05,28.747,144.771,144.872,4.534
4.333333333333333,Luanda,1.0,0.0,1121.163125,43.21,0.1612,1.7988,28.684,0.05,28.747,144.77,144.871,3.74
4.333333333333333,Nairobi,20.0,0.0,1023.6395,44.0,0.1471,1.7988,28.684,0.05,28.747,144.77,144.87,3.414
4.333333333333333,Johannesburg,2.0,0.0,1163.939125,42.88,0.1674,1.7988,28.684,0.05,28.747,144.771,144.871,3.882
4.333333333333333,Havana,71.0,0.0,1274.898125,42.09,0.1833,1.7988,28.684,0.05,28.747,144.771,144.871,4.253
4.333333333333333,Caracas,91.0,0.0,986.8459375,44.32,0.1418,1.7988,28.684,0.05,28.747,144.77,144.87,3.292
4.333333333333333,Buenos_Aires,108.0,0.0,1052.315,43.76,0.1513,1.7988,28.684,0.05,28.747,144.77,144.87,3.51
4.5,Vladimir,55.0,0.0,1164.118875,42.88,0.1674,1.7988,28.684,0.05,28.747,144.771,144.871,3.883
4.5,Murmansk,152.0,0.0,1057.775125,43.71,0.1521,1.7988,28.684,0.05,28.747,144.77,144.87,3.528
4.5,Novosibirsk,95.0,0.0,1133.21925,43.11,0.163,1.7988,28.684,0.05,28.747,144.77,144.871,3.78
4.5,Zheleznogorsk,212.0,0.0,1126.107875,43.17,0.1619,1.7988,28.684,0.05,28.747,144.77,144.871,3.756
4.5,Yakutsk,135.0,0.0,1043.155625,43.83,0.15,1.7988,28.684,0.05,28.747,144.77,144.87,3.48
4.5,Khabarovsk,251.0,0.0,1172.880875,42.82,0.1686,1.7988,28.684,0.05,28.747,144.771,144.871,3.912
4.5,Vladivostok,251.0,0.0,1018.8415625,44.04,0.1465,1.7988,28.684,0.05,28.747,144.77,144.87,3.398
4.5,Minsk,151.0,0.0,1179.360125,42.77,0.1695,1.7988,28.684,0.05,28.747,144.771,144.871,3.934
4.5,Almaty,211.0,0.0,1299.399875,41.93,0.1867,1.7988,28.684,0.05,28.747,144.771,144.871,4.334
4.5,Tehran,190.0,0.0,1225.489375,42.43,0.1763,1.7988,28.684,0.05,28.747,144.771,144.871,4.088
4.5,Urumqi,211.0,0.0,997.038,44.23,0.1433,1.7988,28.684,0.05,28.747,144.77,144.87,3.326
4.5,Delhi,210.0,0.0,1061.591875,43.68,0.1527,1.7988,28.684,0.05,28.747,144.77,144.87,3.541
4.5,Yangon,229.0,0.0,1123.880375,43.19,0.1615,1.7988,28.684,0.05,28.747,144.77,144.871,3.749
4.5,Jakarta,99.0,0.0,1125.165,43.18,0.1617,1.7988,28.684,0.05,28.747,144.77,144.871,3.753
4.5,Luanda,19.0,0.0,999.0035625,44.21,0.1436,1.7988,28.684,0.05,28.747,144.77,144.87,3.332
4.5,Nairobi,38.0,0.0,998.7093125,44.21,0.1436,1.7988,28.684,0.05,28.747,144.77,144.87,3.331
4.5,Johannesburg,0.0,0.0,1342.487625,41.64,0.1931,1.7988,28.684,0.05,28.747,144.771,144.872,4.478
4.5,Havana,237.0,0.0,1399.71125,41.28,0.2012,1.7988,28.684,0.05,28.747,144.772,144.872,4.669
4.5,Caracas,89.0,0.0,1057.687375,43.71,0.1521,1.7988,28.684,0.05,28.747,144.77,144.87,3.528
4.5,Buenos_Aires,106.0,0.0,998.4644375,44.21,0.1436,1.7988,28.684,0.05,28.747,144.77,144.87,3.331
4.666666666666667,Vladimir,170.0,0.0,1106.539875,43.32,0.1591,1.7988,28.684,0.05,28.747,144.77,144.871,3.691
4.666666666666667,Murmansk,72.0,0.0,1051.890875,43.76,0.1513,1.7988,28.684,0.05,28.747,144.77,144.87,3.509
4.666666666666667,Novosibirsk,93.0,0.0,1274.51925,42.09,0.1833,1.7988,28.684,0.05,28.747,144.771,144.871,4.251
4.666666666666667,Zheleznogorsk,210.0,0.0,1023.0500625,44.0,0.1471,1.7988,28.684,0.05,28.747,144.77,144.87,3.413
4.666666666666667,Yakutsk,133.0,0.0,1040.608375,43.86,0.1495,1.7988,28.684,0.05,28.747,144.77,144.87,3.471
4.666666666666667,Khabarovsk,134.0,0.0,1122.754375,43.2,0.1613,1.7988,28.684,0.05,28.747,144.77,144.871,3.745
4.666666666666667,Vladivostok,249.0,0.0,1007.221125,44.14,0.1448,1.7988,28.684,0.05,28.747,144.77,144.87,3.36
4.666666666666667,Minsk,53.0,0.0,1299.65375,41.92,0.187,1.7988,28.684,0.05,28.747,144.771,144.871,4.335
4.666666666666667,Almaty,209.0,0.0,1153.0235,42.96,0.1659,1.7988,28.684,0.05,28.747,144.771,144.871,3.846
4.666666666666667,Tehran,188.0,0.0,1112.613375,43.27,0.16,1.7988,28.684,0.05,28.747,144.77,144.871,3.711
4.666666666666667,Urumqi,94.0,0.0,1021.421375,44.02,0.1468,1.7988,28.684,0.05,28.747,144.77,144.87,3.407
4.666666666666667,Delhi,208.0,0.0,1104.071125,43.34,0.1588,1.7988,28.684,0.05,28.747,144.77,144.871,3.683
4.666666666666667,Yangon,227.0,0.0,1013.359,44.09,0.1456,1.7988,28.684,0.05,28.747,144.77,144.87,3.38
4.666666666666667,Jakarta,97.0,0.0,1000.6454375,44.2,0.1438,1.7988,28.684,0.05,28.747,144.77,144.87,3.338
4.666666666666667,Luanda,17.0,0.0,1027.910375,43.96,0.1478,1.7988,28.684,0.05,28.747,144.77,144.87,3.429
4.666666666666667,Nairobi,36.0,0.0,1126.792375,43.16,0.1621,1.7988,28.684,0.05,28.747,144.77,144.871,3.759
4.666666666666667,Johannesburg,18.0,0.0,1596.10175,40.14,0.2295,1.7988,28.684,0.05,28.748,144.773,144.873,5.324
4.666666666666667,Havana,235.0,0.0,1519.5645,40.57,0.2184,1.7988,28.684,0.05,28.747,144.772,144.873,5.069
4.666666666666667,Caracas,256.0,0.0,1006.9025625,44.14,0.1448,1.7988,28.684,0.05,28.747,144.77,144.87,3.359
4.666666666666667,Buenos_Aires,104.0,0.0,1072.4775,43.59,0.1543,1.7988,28.684,0.05,28.747,144.77,144.87,3.577
4.833333333333333,Vladimir,168.0,0.0,1010.05125,44.11,0.1453,1.7988,28.684,0.05,28.747,144.77,144.87,3.369
4.833333333333333,Murmansk,70.0,0.0,999.1405625,44.21,0.1436,1.7988,28.684,0.05,28.747,144.77,144.87,3.333
4.833333333333333,Novosibirsk,208.0,0.0,1147.511125,43.01,0.1649,1.7988,28.684,0.05,28.747,144.771,144.871,3.828
4.833333333333333,Zheleznogorsk,208.0,0.0,1010.2589375,44.11,0.1453,1.7988,28.684,0.05,28.747,144.77,144.87,3.37
4.833333333333333,Yakutsk,228.0,0.0,1067.280375,43.64,0.1534,1.7988,28.684,0.05,28.747,144.77,144.87,3.56
4.833333333333333,Khabarovsk,132.0,0.0,1028.513375,43.96,0.1478,1.7988,28.684,0.05,28.747,144.77,144.87,3.431
4.833333333333333,Vladivostok,132.0,0.0,1088.606125,43.46,0.1566,1.7988,28.684,0.05,28.747,144.77,144.871,3.631
4.833333333333333,Minsk,51.0,0.0,1421.8505,41.14,0.2045,1.7988,28.684,0.05,28.747,144.772,144.872,4.743
4.833333333333333,Almaty,207.0,0.0,1093.591125,43.42,0.1573,1.7988,28.684,0.05,28.747,144.77,144.871,3.648
4.833333333333333,Tehran,186.0,0.0,1108.619125,43.31,0.1593,1.7988,28.684,0.05,28.747,144.77,144.871,3.698
4.833333333333333,Urumqi,92.0,0.0,1033.1776875,43.92,0.1485,1.7988,28.684,0.05,28.747,144.77,144.87,3.446
4.833333333333333,Delhi,206.0,0.0,1263.321625,42.17,0.1816,1.7988,28.684,0.05,28.747,144.771,144.871,4.214
4.833333333333333,Yangon,225.0,0.0,1047.314,43.8,0.1506,1.7988,28.684,0.05,28.747,144.77,144.87,3.493
4.833333333333333,Jakarta,95.0,0.0,1027.865125,43.96,0.1478,1.7988,28.684,0.05,28.747,144.77,144.87,3.429
4.833333333333333,Luanda,164.0,0.0,1098.7905,43.38,0.158,1.7988,28.684,0.05,28.747,144.77,144.871,3.665
4.833333333333333,Nairobi,184.0,0.0,1197.421375,42.64,0.1721,1.7988,28.684,0.05,28.747,144.771,144.871,3.994
4.833333333333333,Johannesburg,183.0,0.0,1556.970875,40.36,0.2237,1.7988,28.684,0.05,28.748,144.773,144.873,5.193
4.833333333333333,Havana,253.0,0.0,1546.865125,40.41,0.2225,1.7988,28.684,0.05,28.748,144.772,144.873,5.16
4.833333333333333,Caracas,254.0,0.0,1009.4449375,44.12,0.1451,1.7988,28.684,0.05,28.747,144.77,144.87,3.367
4.833333333333333,Buenos_Aires,102.0,0.0,1248.78825,42.27,0.1796,1.7988,28.684,0.05,28.747,144.771,144.871,4.166
5.0,Vladimir,166.0,0.0,1004.7141875,44.16,0.1445,1.7988,28.684,0.05,28.747,144.77,144.87,3.351
5.0,Murmansk,68.0,0.0,1027.886125,43.96,0.1478,1.7988,28.684,0.05,28.747,144.77,144.87,3.429
5.0,Novosibirsk,206.0,0.0,1033.2208125,43.92,0.1485,1.7988,28.684,0.05,28.747,144.77,144.87,3.446
5.0,Zheleznogorsk,206.0,0.0,1093.8575,43.42,0.1573,1.7988,28.684,0.05,28.747,144.77,144.871,3.649
5.0,Yakutsk,226.0,0.0,1137.195,43.08,0.1636,1.7988,28.684,0.05,28.747,144.77,144.871,3.793
5.0,Khabarovsk,130.0,0.0,1037.721375,43.88,0.1492,1.7988,28.684,0.05,28.747,144.77,144.87,3.461
5.0,Vladivostok,130.0,0.0,1136.786,43.09,0.1634,1.7988,28.684,0.05,28.747,144.77,144.871,3.792
5.0,Minsk,166.0,0.0,1282.895875,42.04,0.1844,1.7988,28.684,0.05,28.747,144.771,144.871,4.279
5.0,Almaty,205.0,0.0,1138.439625,43.07,0.1638,1.7988,28.684,0.05,28.747,144.77,144.871,3.797
5.0,Tehran,184.0,0.0,1217.535875,42.49,0.1751,1.7988,28.684,0.05,28.747,144.771,144.871,4.061
5.0,Urumqi,90.0,0.0,1151.020375,42.98,0.1655,1.7988,28.684,0.05,28.747,144.771,144.871,3.839
5.0,Delhi,71.0,0.0,1460.013625,40.91,0.21,1.7988,28.684,0.05,28.747,144.772,144.872,4.87
5.0,Yangon,92.0,0.0,1072.187125,43.6,0.1541,1.7988,28.684,0.05,28.747,144.77,144.87,3.576
5.0,Jakarta,93.0,0.0,1197.089125,42.64,0.1721,1.7988,28.684,0.05,28.747,144.771,144.871,3.993
5.0,Luanda,162.0,0.0,1143.387875,43.04,0.1643,1.7988,28.684,0.05,28.747,144.771,144.871,3.814
5.0,Nairobi,182.0,0.0,1112.26375,43.28,0.1599,1.7988,28.684,0.05,28.747,144.77,144.871,3.71
5.0,Johannesburg,181.0,0.0,1285.0395,42.02,0.1848,1.7988,28.684,0.05,28.747,144.771,144.871,4.286
5.0,Havana,84.0,0.0,1406.380875,41.24,0.2022,1.7988,28.684,0.05,28.747,144.772,144.872,4.691
5.0,Caracas,252.0,0.0,1157.260875,42.93,0.1664,1.7988,28.684,0.05,28.747,144.771,144.871,3.86
5.0,Buenos_Aires,255.0,0.0,1155.13025,42.95,0.166,1.7988,28.684,0.05,28.747,144.771,144.871,3.853
5.166666666666667,Vladimir,164.0,0.0,1094.875375,43.41,0.1575,1.7988,28.684,0.05,28.747,144.77,144.871,3.652
5.166666666666667,Murmansk,66.0,0.0,1130.26425,43.14,0.1625,1.7988,28.684,0.05,28.747,144.77,144.871,3.77
5.166666666666667,Novosibirsk,204.0,0.0,1005.9643125,44.15,0.1446,1.7988,28.684,0.05,28.747,144.77,144.87,3.356
5.166666666666667,Zheleznogorsk,107.0,0.0,1034.5765,43.91,0.1487,1.7988,28.684,0.05,28.747,144.77,144.87,3.451
5.166666666666667,Yakutsk,224.0,0.0,1281.248625,42.05,0.1842,1.7988,28.684,0.05,28.747,144.771,144.871,4.274
5.166666666666667,Khabarovsk,128.0,0.0,1144.63625,43.03,0.1645,1.7988,28.684,0.05,28.747,144.771,144.871,3.818
5.166666666666667,Vladivostok,128.0,0.0,1278.362125,42.07,0.1838,1.7988,28.684,0.05,28.747,144.771,144.871,4.264
5.166666666666667,Minsk,164.0,0.0,1133.137125,43.12,0.1628,1.7988,28.684,0.05,28.747,144.77,144.871,3.78
5.166666666666667,Almaty,88.0,0.0,1250.7955,42.26,0.1798,1.7988,28.684,0.05,28.747,144.771,144.871,4.172
5.166666666666667,Tehran,182.0,0.0,1415.590125,41.18,0.2036,1.7988,28.684,0.05,28.747,144.772,144.872,4.722
5.166666666666667,Urumqi,88.0,0.0,1344.264125,41.63,0.1933,1.7988,28.684,0.05,28.747,144.771,144.872,4.484
5.166666666666667,Delhi,203.0,0.0,1450.318875,40.97,0.2086,1.7988,28.684,0.05,28.747,144.772,144.872,4.838
5.166666666666667,Yangon,90.0,0.0,1045.6529375,43.81,0.1504,1.7988,28.684,0.05,28.747,144.77,144.87,3.488
5.166666666666667,Jakarta,91.0,0.0,1459.642125,40.92,0.2098,1.7988,28.684,0.05,28.747,144.772,144.872,4.869
5.166666666666667,Luanda,160.0,0.0,1312.67325,41.84,0.1887,1.7988,28.684,0.05,28.747,144.771,144.871,4.379
5.166666666666667,Nairobi,180.0,0.0,1167.5055,42.86,0.1678,1.7988,28.684,0.05,28.747,144.771,144.871,3.894
5.166666666666667,Johannesburg,199.0,0.0,1084.081625,43.5,0.1559,1.7988,28.684,0.05,28.747,144.77,144.87,3.616
5.166666666666667,Havana,82.0,0.0,1249.341375,42.27,0.1796,1.7988,28.684,0.05,28.747,144.771,144.871,4.167
5.166666666666667,Caracas,250.0,0.0,1403.65875,41.26,0.2017,1.7988,28.684,0.05,28.747,144.772,144.872,4.682
5.166666666666667,Buenos_Aires,253.0,0.0,1043.5725625,43.83,0.15,1.7988,28.684,0.05,28.747,144.77,144.87,3.481
5.333333333333333,Vladimir,65.0,0.0,1092.911625,43.43,0.1571,1.7988,28.684,0.05,28.747,144.77,144.871,3.646
5.333333333333333,Murmansk,143.0,0.0,1254.56725,42.23,0.1804,1.7988,28.684,0.05,28.747,144.771,144.871,4.185
5.333333333333333,Novosibirsk,202.0,0.0,1075.6615,43.57,0.1546,1.7988,28.684,0.05,28.747,144.77,144.87,3.588
5.333333333333333,Zheleznogorsk,105.0,0.0,1041.8689375,43.84,0.1499,1.7988,28.684,0.05,28.747,144.77,144.87,3.475
5.333333333333333,Yakutsk,145.0,0.0,1267.794875,42.14,0.1823,1.7988,28.684,0.05,28.747,144.771,144.871,4.229
5.333333333333333,Khabarovsk,242.0,0.0,1229.82275,42.4,0.1769,1.7988,28.684,0.05,28.747,144.771,144.871,4.102
5.333333333333333,Vladivostok,127.0,0.0,1479.119125,40.8,0.2127,1.7988,28.684,0.05,28.747,144.772,144.872,4.934
5.333333333333333,Minsk,162.0,0.0,1054.315125,43.74,0.1516,1.7988,28.684,0.05,28.747,144.77,144.87,3.517
5.333333333333333,Almaty,86.0,0.0,1341.806875,41.65,0.1929,1.7988,28.684,0.05,28.747,144.771,144.872,4.476
5.333333333333333,Tehran,66.0,0.0,1392.356125,41.33,0.2001,1.7988,28.684,0.05,28.747,144.772,144.872,4.644
5.333333333333333,Urumqi,221.0,0.0,1354.460625,41.57,0.1946,1.7988,28.684,0.05,28.747,144.771,144.872,4.518
5.333333333333333,Delhi,87.0,0.0,1427.043375,41.11,0.2052,1.7988,28.684,0.05,28.747,144.772,144.872,4.76
5.333333333333333,Yangon,88.0,0.0,1158.915625,42.92,0.1666,1.7988,28.684,0.05,28.747,144.771,144.871,3.866
5.333333333333333,Jakarta,259.0,0.0,1282.00625,42.04,0.1844,1.7988,28.684,0.05,28.747,144.771,144.871,4.276
5.333333333333333,Luanda,179.0,0.0,1509.144,40.63,0.2169,1.7988,28.684,0.05,28.747,144.772,144.872,5.034
5.333333333333333,Nairobi,198.0,0.0,1345.4835,41.62,0.1935,1.7988,28.684,0.05,28.747,144.771,144.872,4.488
5.333333333333333,Johannesburg,197.0,0.0,996.144375,44.23,0.1433,1.7988,28.684,0.05,28.747,144.77,144.87,3.323
5.333333333333333,Havana,80.0,0.0,1196.672125,42.64,0.1721,1.7988,28.684,0.05,28.747,144.771,144.871,3.992
5.333333333333333,Caracas,119.0,0.0,1444.231875,41.01,0.2076,1.7988,28.684,0.05,28.747,144.772,144.872,4.817
5.333333333333333,Buenos_Aires,251.0,0.0,1051.69,43.76,0.1513,1.7988,28.684,0.05,28.747,144.77,144.87,3.508
5.5,Vladimir,63.0,0.0,1112.597375,43.27,0.16,1.7988,28.684,0.05,28.747,144.77,144.871,3.711
5.5,Murmansk,141.0,0.0,1113.220375,43.27,0.16,1.7988,28.684,0.05,28.747,144.77,144.871,3.713
5.5,Novosibirsk,200.0,0.0,1228.402875,42.41,0.1767,1.7988,28.684,0.05,28.747,144.771,144.871,4.098
5.5,Zheleznogorsk,103.0,0.0,1139.46075,43.07,0.1638,1.7988,28.684,0.05,28.747,144.77,144.871,3.801
5.5,Yakutsk,143.0,0.0,1104.752875,43.34,0.1588,1.7988,28.684,0.05,28.747,144.77,144.871,3.685
5.5,Khabarovsk,240.0,0.0,1342.1155,41.65,0.1929,1.7988,28.684,0.05,28.747,144.771,144.872,4.477
5.5,Vladivostok,125.0,0.0,1352.589375,41.58,0.1944,1.7988,28.684,0.05,28.747,144.771,144.872,4.512
5.5,Minsk,44.0,0.0,1031.0050625,43.94,0.1482,1.7988,28.684,0.05,28.747,144.77,144.87,3.439
5.5,Almaty,200.0,0.0,1332.191625,41.71,0.1915,1.7988,28.684,0.05,28.747,144.771,144.872,4.444
5.5,Tehran,199.0,0.0,1331.176,41.72,0.1913,1.7988,28.684,0.05,28.747,144.771,144.872,4.44
5.5,Urumqi,239.0,0.0,1195.683375,42.65,0.1719,1.7988,28.684,0.05,28.747,144.771,144.871,3.988
5.5,Delhi,85.0,0.0,1375.16325,41.43,0.1978,1.7988,28.684,0.05,28.747,144.772,144.872,4.587
5.5,Yangon,86.0,0.0,1375.980125,41.43,0.1978,1.7988,28.684,0.05,28.747,144.772,144.872,4.59
5.5,Jakarta,257.0,0.0,1194.46175,42.66,0.1717,1.7988,28.684,0.05,28.747,144.771,144.871,3.984
5.5,Luanda,177.0,0.0,1464.49875,40.89,0.2105,1.7988,28.684,0.05,28.747,144.772,144.872,4.885
5.5,Nairobi,47.0,0.0,1388.9555,41.35,0.1996,1.7988,28.684,0.05,28.747,144.772,144.872,4.633
5.5,Johannesburg,28.0,0.0,997.7970625,44.22,0.1435,1.7988,28.684,0.05,28.747,144.77,144.87,3.328
5.5,Havana,246.0,0.0,1172.86825,42.82,0.1686,1.7988,28.684,0.05,28.747,144.771,144.871,3.912
5.5,Caracas,117.0,0.0,1252.39175,42.25,0.18,1.7988,28.684,0.05,28.747,144.771,144.871,4.178
5.5,Buenos_Aires,249.0,0.0,1179.927625,42.76,0.1697,1.7988,28.684,0.05,28.747,144.771,144.871,3.936
5.666666666666667,Vladimir,61.0,0.0,1217.208375,42.49,0.1751,1.7988,28.684,0.05,28.747,144.771,144.871,4.06
5.666666666666667,Murmansk,159.0,0.0,1034.107375,43.91,0.1487,1.7988,28.684,0.05,28.747,144.77,144.87,3.449
5.666666666666667,Novosibirsk,101.0,0.0,1282.605375,42.04,0.1844,1.7988,28.684,0.05,28.747,144.771,144.871,4.278
5.666666666666667,Zheleznogorsk,238.0,0.0,1175.968375,42.79,0.1691,1.7988,28.684,0.05,28.747,144.771,144.871,3.923
5.666666666666667,Yakutsk,141.0,0.0,1011.7793125,44.1,0.1455,1.7988,28.684,0.05,28.747,144.77,144.87,3.375
5.666666666666667,Khabarovsk,277.0,0.0,1409.60175,41.22,0.2026,1.7988,28.684,0.05,28.747,144.772,144.872,4.702
5.666666666666667,Vladivostok,277.0,0.0,1243.68075,42.31,0.1787,1.7988,28.684,0.05,28.747,144.771,144.871,4.148
5.666666666666667,Minsk,42.0,0.0,1094.963125,43.41,0.1575,1.7988,28.684,0.05,28.747,144.77,144.871,3.652
5.666666666666667,Almaty,83.0,0.0,1243.018,42.31,0.1787,1.7988,28.684,0.05,28.747,144.771,144.871,4.146
5.666666666666667,Tehran,197.0,0.0,1365.358625,41.5,0.1962,1.7988,28.684,0.05,28.747,144.772,144.872,4.554
5.666666666666667,Urumqi,237.0,0.0,1116.217,43.25,0.1604,1.7988,28.684,0.05,28.747,144.77,144.871,3.723
5.666666666666667,Delhi,83.0,0.0,1424.747875,41.13,0.2048,1.7988,28.684,0.05,28.747,144.772,144.872,4.752
5.666666666666667,Yangon,256.0,0.0,1559.040125,40.34,0.2243,1.7988,28.684,0.05,28.748,144.773,144.873,5.2
5.666666666666667,Jakarta,255.0,0.0,1237.12575,42.35,0.1779,1.7988,28.684,0.05,28.747,144.771,144.871,4.127
5.666666666666667,Luanda,25.0,0.0,1312.595375,41.84,0.1887,1.7988,28.684,0.05,28.747,144.771,144.871,4.378
5.666666666666667,Nairobi,45.0,0.0,1231.676125,42.39,0.1771,1.7988,28.684,0.05,28.747,144.771,144.871,4.108
5.666666666666667,Johannesburg,26.0,0.0,1079.735125,43.53,0.1553,1.7988,28.684,0.05,28.747,144.77,144.87,3.602
5.666666666666667,Havana,244.0,0.0,1064.07875,43.66,0.153,1.7988,28.684,0.05,28.747,144.77,144.87,3.549
5.666666666666667,Caracas,115.0,0.0,1167.835,42.85,0.168,1.7988,28.684,0.05,28.747,144.771,144.871,3.895
5.666666666666667,Buenos_Aires,133.0,0.0,1159.81625,42.91,0.1668,1.7988,28.684,0.05,28.747,144.771,144.871,3.869
5.833333333333333,Vladimir,196.0,0.0,1222.1165,42.46,0.1757,1.7988,28.684,0.05,28.747,144.771,144.871,4.077
5.833333333333333,Murmansk,157.0,0.0,1033.439625,43.92,0.1485,1.7988,28.684,0.05,28.747,144.77,144.87,3.447
5.833333333333333,Novosibirsk,119.0,0.0,1396.483875,41.3,0.2008,1.7988,28.684,0.05,28.747,144.772,144.872,4.658
5.833333333333333,Zheleznogorsk,236.0,0.0,1060.6065,43.69,0.1525,1.7988,28.684,0.05,28.747,144.77,144.87,3.538
5.833333333333333,Yakutsk,159.0,0.0,1006.1446875,44.15,0.1446,1.7988,28.684,0.05,28.747,144.77,144.87,3.356
5.833333333333333,Khabarovsk,140.0,0.0,1200.61975,42.61,0.1727,1.7988,28.684,0.05,28.747,144.771,144.871,4.005
5.833333333333333,Vladivostok,275.0,0.0,1171.12475,42.83,0.1684,1.7988,28.684,0.05,28.747,144.771,144.871,3.906
5.833333333333333,Minsk,40.0,0.0,1235.632875,42.36,0.1777,1.7988,28.684,0.05,28.747,144.771,144.871,4.122
5.833333333333333,Almaty,81.0,0.0,1136.282125,43.09,0.1634,1.7988,28.684,0.05,28.747,144.77,144.871,3.79
5.833333333333333,Tehran,61.0,0.0,1244.657375,42.3,0.179,1.7988,28.684,0.05,28.747,144.771,144.871,4.152
5.833333333333333,Urumqi,235.0,0.0,1136.585375,43.09,0.1634,1.7988,28.684,0.05,28.747,144.77,144.871,3.791
5.833333333333333,Delhi,234.0,0.0,1370.642875,41.46,0.1971,1.7988,28.684,0.05,28.747,144.772,144.872,4.572
5.833333333333333,Yangon,254.0,0.0,1368.276625,41.48,0.1967,1.7988,28.684,0.05,28.747,144.772,144.872,4.564
5.833333333333333,Jakarta,103.0,0.0,1255.515125,42.22,0.1806,1.7988,28.684,0.05,28.747,144.771,144.871,4.188
5.833333333333333,Luanda,23.0,0.0,1195.217,42.65,0.1719,1.7988,28.684,0.05,28.747,144.771,144.871,3.987
5.833333333333333,Nairobi,43.0,0.0,1194.5415,42.66,0.1717,1.7988,28.684,0.05,28.747,144.771,144.871,3.985
5.833333333333333,Johannesburg,24.0,0.0,1276.30875,42.08,0.1835,1.7988,28.684,0.05,28.747,144.771,144.871,4.257
5.833333333333333,Havana,242.0,0.0,1088.51025,43.46,0.1566,1.7988,28.684,0.05,28.747,144.77,144.871,3.631
5.833333333333333,Caracas,113.0,0.0,1214.618875,42.51,0.1747,1.7988,28.684,0.05,28.747,144.771,144.871,4.052
5.833333333333333,Buenos_Aires,131.0,0.0,1135.571625,43.1,0.1632,1.7988,28.684,0.05,28.747,144.77,144.871,3.788
6.0,Vladimir,194.0,0.0,1117.686375,43.23,0.1608,1.7988,28.684,0.05,28.747,144.77,144.871,3.728
6.0,Murmansk,97.0,0.0,1027.19725,43.97,0.1477,1.7988,28.684,0.05,28.747,144.77,144.87,3.426
6.0,Novosibirsk,234.0,0.0,1308.5585,41.87,0.188,1.7988,28.684,0.05,28.747,144.771,144.871,4.365
6.0,Zheleznogorsk,234.0,0.0,1026.807,43.97,0.1477,1.7988,28.684,0.05,28.747,144.77,144.87,3.425
6.0,Yakutsk,255.0,0.0,1002.0298125,44.18,0.1441,1.7988,28.684,0.05,28.747,144.77,144.87,3.342
6.0,Khabarovsk,158.0,0.0,1060.06375,43.69,0.1525,1.7988,28.684,0.05,28.747,144.77,144.87,3.536
6.0,Vladivostok,273.0,0.0,1194.899375,42.65,0.1719,1.7988,28.684,0.05,28.747,144.771,144.871,3.986
6.0,Minsk,175.0,0.0,1422.058625,41.14,0.2045,1.7988,28.684,0.05,28.747,144.772,144.872,4.743
6.0,Almaty,99.0,0.0,1129.1885,43.15,0.1623,1.7988,28.684,0.05,28.747,144.77,144.871,3.767
6.0,Tehran,79.0,0.0,1097.136625,43.4,0.1577,1.7988,28.684,0.05,28.747,144.77,144.871,3.66
6.0,Urumqi,118.0,0.0,1197.69325,42.63,0.1723,1.7988,28.684,0.05,28.747,144.771,144.871,3.995
6.0,Delhi,80.0,0.0,1201.769125,42.6,0.1729,1.7988,28.684,0.05,28.747,144.771,144.871,4.009
6.0,Yangon,252.0,0.0,1270.42025,42.12,0.1827,1.7988,28.684,0.05,28.747,144.771,144.871,4.238
6.0,Jakarta,101.0,0.0,1128.793375,43.15,0.1623,1.7988,28.684,0.05,28.747,144.77,144.871,3.765
6.0,Luanda,21.0,0.0,1204.729125,42.58,0.1733,1.7988,28.684,0.05,28.747,144.771,144.871,4.019
6.0,Nairobi,41.0,0.0,1288.13325,42.0,0.1852,1.7988,28.684,0.05,28.747,144.771,144.871,4.297
6.0,Johannesburg,22.0,0.0,1545.52125,40.42,0.2222,1.7988,28.684,0.05,28.748,144.772,144.873,5.155
6.0,Havana,240.0,0.0,1236.032875,42.36,0.1777,1.7988,28.684,0.05,28.747,144.771,144.871,4.123
6.0,Caracas,260.0,0.0,1203.226375,42.59,0.1731,1.7988,28.684,0.05,28.747,144.771,144.871,4.014
6.0,Buenos_Aires,129.0,0.0,1224.138875,42.44,0.1761,1.7988,28.684,0.05,28.747,144.771,144.871,4.083
6.166666666666667,Vladimir,192.0,0.0,1090.91175,43.45,0.1568,1.7988,28.684,0.05,28.747,144.77,144.871,3.639
6.166666666666667,Murmansk,95.0,0.0,1073.883,43.58,0.1544,1.7988,28.684,0.05,28.747,144.77,144.87,3.582
6.166666666666667,Novosibirsk,232.0,0.0,1189.698875,42.69,0.1711,1.7988,28.684,0.05,28.747,144.771,144.871,3.968
6.166666666666667,Zheleznogorsk,232.0,0.0,1085.47875,43.49,0.156,1.7988,28.684,0.05,28.747,144.77,144.87,3.621
6.166666666666667,Yakutsk,253.0,0.0,1072.904875,43.59,0.1543,1.7988,28.684,0.05,28.747,144.77,144.87,3.579
6.166666666666667,Khabarovsk,156.0,0.0,1017.644125,44.05,0.1463,1.7988,28.684,0.05,28.747,144.77,144.87,3.394
6.166666666666667,Vladivostok,271.0,0.0,1312.56875,41.84,0.1887,1.7988,28.684,0.05,28.747,144.771,144.871,4.378
6.166666666666667,Minsk,173.0,0.0,1286.503375,42.01,0.185,1.7988,28.684,0.05,28.747,144.771,144.871,4.291
6.166666666666667,Almaty,97.0,0.0,1220.400125,42.47,0.1755,1.7988,28.684,0.05,28.747,144.771,144.871,4.071
6.166666666666667,Tehran,77.0,0.0,1059.762875,43.7,0.1523,1.7988,28.684,0.05,28.747,144.77,144.87,3.535
6.166666666666667,Urumqi,116.0,0.0,1250.72625,42.26,0.1798,1.7988,28.684,0.05,28.747,144.771,144.871,4.172
6.166666666666667,Delhi,98.0,0.0,1103.510875,43.35,0.1586,1.7988,28.684,0.05,28.747,144.77,144.871,3.681
6.166666666666667,Yangon,118.0,0.0,1228.616,42.41,0.1767,1.7988,28.684,0.05,28.747,144.771,144.871,4.098
6.166666666666667,Jakarta,119.0,0.0,1136.53225,43.09,0.1634,1.7988,28.684,0.05,28.747,144.77,144.871,3.791
6.166666666666667,Luanda,39.0,0.0,1339.097625,41.66,0.1926,1.7988,28.684,0.05,28.747,144.771,144.872,4.467
6.166666666666667,Nairobi,40.0,0.0,1454.727,40.95,0.209,1.7988,28.684,0.05,28.747,144.772,144.872,4.852
6.166666666666667,Johannesburg,208.0,0.0,1616.616375,40.03,0.2324,1.7988,28.684,0.05,28.748,144.773,144.873,5.392
6.166666666666667,Havana,91.0,0.0,1334.570875,41.69,0.192,1.7988,28.684,0.05,28.747,144.771,144.872,4.452
6.166666666666667,Caracas,278.0,0.0,1194.059875,42.66,0.1717,1.7988,28.684,0.05,28.747,144.771,144.871,3.983
6.166666666666667,Buenos_Aires,261.0,0.0,1312.740625,41.84,0.1887,1.7988,28.684,0.05,28.747,144.771,144.871,4.379
6.333333333333333,Vladimir,190.0,0.0,1150.362125,42.98,0.1655,1.7988,28.684,0.05,28.747,144.771,144.871,3.837
6.333333333333333,Murmansk,93.0,0.0,1190.871625,42.68,0.1713,1.7988,28.684,0.05,28.747,144.771,144.871,3.972
6.333333333333333,Novosibirsk,114.0,0.0,1074.809125,43.57,0.1546,1.7988,28.684,0.05,28.747,144.77,144.87,3.585
6.333333333333333,Zheleznogorsk,134.0,0.0,1182.392,42.75,0.1699,1.7988,28.684,0.05,28.747,144.771,144.871,3.944
6.333333333333333,Yakutsk,251.0,0.0,1219.52275,42.48,0.1753,1.7988,28.684,0.05,28.747,144.771,144.871,4.068
6.333333333333333,Khabarovsk,270.0,0.0,1049.797625,43.78,0.1509,1.7988,28.684,0.05,28.747,144.77,144.87,3.502
6.333333333333333,Vladivostok,270.0,0.0,1427.508125,41.11,0.2052,1.7988,28.684,0.05,28.747,144.772,144.872,4.762
6.333333333333333,Minsk,74.0,0.0,1219.130875,42.48,0.1753,1.7988,28.684,0.05,28.747,144.771,144.871,4.067
6.333333333333333,Almaty,95.0,0.0,1387.627,41.36,0.1994,1.7988,28.684,0.05,28.747,144.772,144.872,4.629
6.333333333333333,Tehran,75.0,0.0,1140.43625,43.06,0.164,1.7988,28.684,0.05,28.747,144.77,144.871,3.804
6.333333333333333,Urumqi,230.0,0.0,1334.03225,41.7,0.1917,1.7988,28.684,0.05,28.747,144.771,144.872,4.45
6.333333333333333,Delhi,96.0,0.0,1128.313125,43.15,0.1623,1.7988,28.684,0.05,28.747,144.77,144.871,3.764
6.333333333333333,Yangon,116.0,0.0,1061.090625,43.69,0.1525,1.7988,28.684,0.05,28.747,144.77,144.87,3.539
6.333333333333333,Jakarta,117.0,0.0,1276.765875,42.08,0.1835,1.7988,28.684,0.05,28.747,144.771,144.871,4.259
6.333333333333333,Luanda,38.0,0.0,1416.320875,41.18,0.2036,1.7988,28.684,0.05,28.747,144.772,144.872,4.724
6.333333333333333,Nairobi,58.0,0.0,1341.80325,41.65,0.1929,1.7988,28.684,0.05,28.747,144.771,144.872,4.476
6.333333333333333,Johannesburg,206.0,0.0,1362.2045,41.52,0.1958,1.7988,28.684,0.05,28.747,144.771,144.872,4.544
6.333333333333333,Havana,89.0,0.0,1493.539625,40.72,0.2147,1.7988,28.684,0.05,28.747,144.772,144.872,4.982
6.333333333333333,Caracas,276.0,0.0,1311.178375,41.85,0.1885,1.7988,28.684,0.05,28.747,144.771,144.871,4.374
6.333333333333333,Buenos_Aires,279.0,0.0,1128.67425,43.15,0.1623,1.7988,28.684,0.05,28.747,144.77,144.871,3.765
6.5,Vladimir,72.0,0.0,1172.449,42.82,0.1686,1.7988,28.684,0.05,28.747,144.771,144.871,3.911
6.5,Murmansk,170.0,0.0,1191.079625,42.68,0.1713,1.7988,28.684,0.05,28.747,144.771,144.871,3.973
6.5,Novosibirsk,112.0,0.0,1025.3890625,43.98,0.1475,1.7988,28.684,0.05,28.747,144.77,144.87,3.42
6.5,Zheleznogorsk,132.0,0.0,1171.94325,42.82,0.1686,1.7988,28.684,0.05,28.747,144.771,144.871,3.909
6.5,Yakutsk,172.0,0.0,1326.99125,41.74,0.1909,1.7988,28.684,0.05,28.747,144.771,144.872,4.426
6.5,Khabarovsk,268.0,0.0,1029.4186875,43.95,0.148,1.7988,28.684,0.05,28.747,144.77,144.87,3.434
6.5,Vladivostok,268.0,0.0,1271.519875,42.11,0.1829,1.7988,28.684,0.05,28.747,144.771,144.871,4.241
6.5,Minsk,72.0,0.0,1068.364625,43.63,0.1535,1.7988,28.684,0.05,28.747,144.77,144.87,3.564
6.5,Almaty,228.0,0.0,1395.257875,41.31,0.2006,1.7988,28.684,0.05,28.747,144.772,144.872,4.654
6.5,Tehran,208.0,0.0,1259.443375,42.2,0.181,1.7988,28.684,0.05,28.747,144.771,144.871,4.201
6.5,Urumqi,228.0,0.0,1251.261,42.25,0.18,1.7988,28.684,0.05,28.747,144.771,144.871,4.174
6.5,Delhi,227.0,0.0,1120.888375,43.21,0.1612,1.7988,28.684,0.05,28.747,144.77,144.871,3.739
6.5,Yangon,114.0,0.0,1026.0656875,43.98,0.1475,1.7988,28.684,0.05,28.747,144.77,144.87,3.423
6.5,Jakarta,265.0,0.0,1352.3865,41.58,0.1944,1.7988,28.684,0.05,28.747,144.771,144.872,4.511
6.5,Luanda,36.0,0.0,1337.500375,41.68,0.1922,1.7988,28.684,0.05,28.747,144.771,144.872,4.461
6.5,Nairobi,56.0,0.0,1344.02425,41.63,0.1933,1.7988,28.684,0.05,28.747,144.771,144.872,4.483
6.5,Johannesburg,204.0,0.0,1181.3975,42.75,0.1699,1.7988,28.684,0.05,28.747,144.771,144.871,3.941
6.5,Havana,274.0,0.0,1631.727375,39.95,0.2345,1.7988,28.684,0.05,28.748,144.773,144.873,5.443
6.5,Caracas,106.0,0.0,1413.386,41.2,0.2031,1.7988,28.684,0.05,28.747,144.772,144.872,4.715
6.5,Buenos_Aires,277.0,0.0,1038.19475,43.88,0.1492,1.7988,28.684,0.05,28.747,144.77,144.87,3.463
6.666666666666667,Vladimir,70.0,0.0,1263.358,42.17,0.1816,1.7988,28.684,0.05,28.747,144.771,144.871,4.214
6.666666666666667,Murmansk,168.0,0.0,1062.9705,43.67,0.1528,1.7988,28.684,0.05,28.747,144.77,144.87,3.546
6.666666666666667,Novosibirsk,110.0,0.0,1070.20325,43.61,0.1539,1.7988,28.684,0.05,28.747,144.77,144.87,3.57
6.666666666666667,Zheleznogorsk,130.0,0.0,1246.463,42.29,0.1792,1.7988,28.684,0.05,28.747,144.771,144.871,4.158
6.666666666666667,Yakutsk,170.0,0.0,1166.34925,42.86,0.1678,1.7988,28.684,0.05,28.747,144.771,144.871,3.891
6.666666666666667,Khabarovsk,266.0,0.0,1115.13225,43.25,0.1604,1.7988,28.684,0.05,28.747,144.77,144.871,3.72
6.666666666666667,Vladivostok,266.0,0.0,1195.69225,42.65,0.1719,1.7988,28.684,0.05,28.747,144.771,144.871,3.988
6.666666666666667,Minsk,70.0,0.0,1004.9831875,44.16,0.1445,1.7988,28.684,0.05,28.747,144.77,144.87,3.352
6.666666666666667,Almaty,226.0,0.0,1198.4065,42.63,0.1723,1.7988,28.684,0.05,28.747,144.771,144.871,3.997
6.666666666666667,Tehran,206.0,0.0,1108.257125,43.31,0.1593,1.7988,28.684,0.05,28.747,144.77,144.871,3.697
6.666666666666667,Urumqi,111.0,0.0,1206.48375,42.57,0.1735,1.7988,28.684,0.05,28.747,144.771,144.871,4.024
6.666666666666667,Delhi,225.0,0.0,1141.02025,43.06,0.164,1.7988,28.684,0.05,28.747,144.77,144.871,3.806
6.666666666666667,Yangon,112.0,0.0,1134.123125,43.11,0.163,1.7988,28.684,0.05,28.747,144.77,144.871,3.783
6.666666666666667,Jakarta,263.0,0.0,1119.116625,43.22,0.161,1.7988,28.684,0.05,28.747,144.77,144.871,3.733
6.666666666666667,Luanda,183.0,0.0,1177.518625,42.78,0.1693,1.7988,28.684,0.05,28.747,144.771,144.871,3.928
6.666666666666667,Nairobi,204.0,0.0,1333.553,41.7,0.1917,1.7988,28.684,0.05,28.747,144.771,144.872,4.448
6.666666666666667,Johannesburg,202.0,0.0,1109.0505,43.3,0.1595,1.7988,28.684,0.05,28.747,144.77,144.871,3.699
6.666666666666667,Havana,272.0,0.0,1347.057875,41.61,0.1937,1.7988,28.684,0.05,28.747,144.771,144.872,4.493
6.666666666666667,Caracas,273.0,0.0,1338.48725,41.67,0.1924,1.7988,28.684,0.05,28.747,144.771,144.872,4.465
6.666666666666667,Buenos_Aires,275.0,0.0,1069.143625,43.62,0.1537,1.7988,28.684,0.05,28.747,144.77,144.87,3.566
6.833333333333333,Vladimir,185.0,0.0,1284.660625,42.03,0.1846,1.7988,28.684,0.05,28.747,144.771,144.871,4.285
6.833333333333333,Murmansk,166.0,0.0,1000.7779375,44.19,0.144,1.7988,28.684,0.05,28.747,144.77,144.87,3.338
6.833333333333333,Novosibirsk,108.0,0.0,1195.692875,42.65,0.1719,1.7988,28.684,0.05,28.747,144.771,144.871,3.988
6.833333333333333,Zheleznogorsk,225.0,0.0,1262.318125,42.18,0.1814,1.7988,28.684,0.05,28.747,144.771,144.871,4.211
6.833333333333333,Yakutsk,168.0,0.0,1074.693625,43.58,0.1544,1.7988,28.684,0.05,28.747,144.77,144.87,3.585
6.833333333333333,Khabarovsk,264.0,0.0,1288.318375,42.0,0.1852,1.7988,28.684,0.05,28.747,144.771,144.871,4.297
6.833333333333333,Vladivostok,149.0,0.0,1075.185375,43.57,0.1546,1.7988,28.684,0.05,28.747,144.77,144.87,3.586
6.833333333333333,Minsk,68.0,0.0,1042.09625,43.84,0.1499,1.7988,28.684,0.05,28.747,144.77,144.87,3.476
6.833333333333333,Almaty,224.0,0.0,1073.494375,43.59,0.1543,1.7988,28.684,0.05,28.747,144.77,144.87,3.581
6.833333333333333,Tehran,204.0,0.0,1061.502875,43.68,0.1527,1.7988,28.684,0.05,28.747,144.77,144.87,3.541
6.833333333333333,Urumqi,109.0,0.0,1154.380875,42.95,0.166,1.7988,28.684,0.05,28.747,144.771,144.871,3.851
6.833333333333333,Delhi,223.0,0.0,1278.348875,42.07,0.1838,1.7988,28.684,0.05,28.747,144.771,144.871,4.264
6.833333333333333,Yangon,243.0,0.0,1267.573875,42.14,0.1823,1.7988,28.684,0.05,28.747,144.771,144.871,4.228
6.833333333333333,Jakarta,261.0,0.0,998.5405,44.21,0.1436,1.7988,28.684,0.05,28.747,144.77,144.87,3.331
6.833333333333333,Luanda,181.0,0.0,1102.576375,43.35,0.1586,1.7988,28.684,0.05,28.747,144.77,144.871,3.678
6.833333333333333,Nairobi,202.0,0.0,1147.745125,43.0,0.1651,1.7988,28.684,0.05,28.747,144.771,144.871,3.828
6.833333333333333,Johannesburg,200.0,0.0,1163.296625,42.89,0.1672,1.7988,28.684,0.05,28.747,144.771,144.871,3.88
6.833333333333333,Havana,270.0,0.0,1127.1945,43.16,0.1621,1.7988,28.684,0.05,28.747,144.77,144.871,3.76
6.833333333333333,Caracas,271.0,0.0,1358.220625,41.54,0.1953,1.7988,28.684,0.05,28.747,144.771,144.872,4.531
6.833333333333333,Buenos_Aires,273.0,0.0,1215.015875,42.51,0.1747,1.7988,28.684,0.05,28.747,144.771,144.871,4.053
7.0,Vladimir,183.0,0.0,1173.160375,42.81,0.1687,1.7988,28.684,0.05,28.747,144.771,144.871,3.913
7.0,Murmansk,164.0,0.0,1018.6685625,44.04,0.1465,1.7988,28.684,0.05,28.747,144.77,144.87,3.398
7.0,Novosibirsk,223.0,0.0,1280.3775,42.05,0.1842,1.7988,28.684,0.05,28.747,144.771,144.871,4.271
7.0,Zheleznogorsk,223.0,0.0,1223.966375,42.45,0.1759,1.7988,28.684,0.05,28.747,144.771,144.871,4.083
7.0,Yakutsk,263.0,0.0,1051.360875,43.77,0.1511,1.7988,28.684,0.05,28.747,144.77,144.87,3.507
7.0,Khabarovsk,147.0,0.0,1421.651625,41.15,0.2043,1.7988,28.684,0.05,28.747,144.772,144.872,4.742
7.0,Vladivostok,147.0,0.0,1053.593625,43.75,0.1514,1.7988,28.684,0.05,28.747,144.77,144.87,3.514
7.0,Minsk,66.0,0.0,1167.207875,42.86,0.1678,1.7988,28.684,0.05,28.747,144.771,144.871,3.893
7.0,Almaty,222.0,0.0,1050.657,43.77,0.1511,1.7988,28.684,0.05,28.747,144.77,144.87,3.505
7.0,Tehran,202.0,0.0,1135.503125,43.1,0.1632,1.7988,28.684,0.05,28.747,144.77,144.871,3.788
7.0,Urumqi,107.0,0.0,1200.43775,42.61,0.1727,1.7988,28.684,0.05,28.747,144.771,144.871,4.004
7.0,Delhi,221.0,0.0,1502.621125,40.66,0.2161,1.7988,28.684,0.05,28.747,144.772,144.872,5.012
7.0,Yangon,241.0,0.0,1414.87925,41.19,0.2033,1.7988,28.684,0.05,28.747,144.772,144.872,4.72
7.0,Jakarta,279.0,0.0,1030.8643125,43.94,0.1482,1.7988,28.684,0.05,28.747,144.77,144.87,3.439
7.0,Luanda,199.0,0.0,1167.52525,42.86,0.1678,1.7988,28.684,0.05,28.747,144.771,144.871,3.894
7.0,Nairobi,200.0,0.0,1085.442375,43.49,0.156,1.7988,28.684,0.05,28.747,144.77,144.87,3.621
7.0,Johannesburg,51.0,0.0,1264.363375,42.16,0.1819,1.7988,28.684,0.05,28.747,144.771,144.871,4.217
7.0,Havana,268.0,0.0,1013.790125,44.08,0.1458,1.7988,28.684,0.05,28.747,144.77,144.87,3.382
7.0,Caracas,269.0,0.0,1487.4155,40.75,0.2139,1.7988,28.684,0.05,28.747,144.772,144.872,4.961
7.0,Buenos_Aires,271.0,0.0,1443.1995,41.01,0.2076,1.7988,28.684,0.05,28.747,144.772,144.872,4.814
7.166666666666667,Vladimir,181.0,0.0,1141.744,43.05,0.1641,1.7988,28.684,0.05,28.747,144.77,144.871,3.808
7.166666666666667,Murmansk,84.0,0.0,1049.148875,43.78,0.1509,1.7988,28.684,0.05,28.747,144.77,144.87,3.5
7.166666666666667,Novosibirsk,221.0,0.0,1154.400125,42.95,0.166,1.7988,28.684,0.05,28.747,144.771,144.871,3.851
7.166666666666667,Zheleznogorsk,125.0,0.0,1187.988375,42.7,0.1709,1.7988,28.684,0.05,28.747,144.771,144.871,3.963
7.166666666666667,Yakutsk,261.0,0.0,1031.48575,43.93,0.1483,1.7988,28.684,0.05,28.747,144.77,144.87,3.441
7.166666666666667,Khabarovsk,165.0,0.0,1270.1445,42.12,0.1827,1.7988,28.684,0.05,28.747,144.771,144.871,4.237
7.166666666666667,Vladivostok,145.0,0.0,1138.9965,43.07,0.1638,1.7988,28.684,0.05,28.747,144.77,144.871,3.799
7.166666666666667,Minsk,181.0,0.0,1320.519125,41.79,0.1898,1.7988,28.684,0.05,28.747,144.771,144.872,4.405
7.166666666666667,Almaty,105.0,0.0,993.587875,44.26,0.1428,1.7988,28.684,0.05,28.747,144.77,144.87,3.314
7.166666666666667,Tehran,86.0,0.0,1159.916875,42.91,0.1668,1.7988,28.684,0.05,28.747,144.771,144.871,3.869
7.166666666666667,Urumqi,105.0,0.0,1331.488125,41.71,0.1915,1.7988,28.684,0.05,28.747,144.771,144.872,4.441
7.166666666666667,Delhi,106.0,0.0,1301.699,41.91,0.1872,1.7988,28.684,0.05,28.747,144.771,144.871,4.342
7.166666666666667,Yangon,107.0,0.0,1621.632375,40.0,0.2332,1.7988,28.684,0.05,28.748,144.773,144.873,5.409
7.166666666666667,Jakarta,277.0,0.0,1203.037625,42.6,0.1729,1.7988,28.684,0.05,28.747,144.771,144.871,4.013
7.166666666666667,Luanda,197.0,0.0,1351.33275,41.59,0.1942,1.7988,28.684,0.05,28.747,144.771,144.872,4.508
7.166666666666667,Nairobi,218.0,0.0,1166.893875,42.86,0.1678,1.7988,28.684,0.05,28.747,144.771,144.871,3.892
7.166666666666667,Johannesburg,49.0,0.0,1437.407375,41.05,0.2066,1.7988,28.684,0.05,28.747,144.772,144.872,4.795
7.166666666666667,Havana,266.0,0.0,1040.1336875,43.86,0.1495,1.7988,28.684,0.05,28.747,144.77,144.87,3.47
7.166666666666667,Caracas,139.0,0.0,1581.002375,40.22,0.2274,1.7988,28.684,0.05,28.748,144.773,144.873,5.274
7.166666666666667,Buenos_Aires,155.0,0.0,1452.200625,40.96,0.2088,1.7988,28.684,0.05,28.747,144.772,144.872,4.844
7.333333333333333,Vladimir,83.0,0.0,1123.102,43.19,0.1615,1.7988,28.684,0.05,28.747,144.77,144.871,3.746
7.333333333333333,Murmansk,82.0,0.0,1074.217625,43.58,0.1544,1.7988,28.684,0.05,28.747,144.77,144.87,3.583
7.333333333333333,Novosibirsk,239.0,0.0,1108.094625,43.31,0.1593,1.7988,28.684,0.05,28.747,144.77,144.871,3.696
7.333333333333333,Zheleznogorsk,123.0,0.0,1086.113875,43.48,0.1562,1.7988,28.684,0.05,28.747,144.77,144.87,3.623
7.333333333333333,Yakutsk,279.0,0.0,1095.640375,43.41,0.1575,1.7988,28.684,0.05,28.747,144.77,144.871,3.655
7.333333333333333,Khabarovsk,163.0,0.0,1192.705125,42.67,0.1715,1.7988,28.684,0.05,28.747,144.771,144.871,3.978
7.333333333333333,Vladivostok,143.0,0.0,1307.44625,41.87,0.188,1.7988,28.684,0.05,28.747,144.771,144.871,4.361
7.333333333333333,Minsk,199.0,0.0,1155.76175,42.94,0.1662,1.7988,28.684,0.05,28.747,144.771,144.871,3.855
7.333333333333333,Almaty,103.0,0.0,1026.7859375,43.97,0.1477,1.7988,28.684,0.05,28.747,144.77,144.87,3.425
7.333333333333333,Tehran,84.0,0.0,1024.7861875,43.99,0.1473,1.7988,28.684,0.05,28.747,144.77,144.87,3.418
7.333333333333333,Urumqi,259.0,0.0,1438.112,41.05,0.2066,1.7988,28.684,0.05,28.747,144.772,144.872,4.797
7.333333333333333,Delhi,104.0,0.0,1094.682125,43.42,0.1573,1.7988,28.684,0.05,28.747,144.77,144.871,3.651
7.333333333333333,Yangon,125.0,0.0,1690.41875,39.64,0.2431,1.7988,28.684,0.05,28.748,144.773,144.874,5.639
7.333333333333333,Jakarta,275.0,0.0,1465.38725,40.88,0.2107,1.7988,28.684,0.05,28.747,144.772,144.872,4.888
7.333333333333333,Luanda,46.0,0.0,1597.35675,40.13,0.2297,1.7988,28.684,0.05,28.748,144.773,144.873,5.328
7.333333333333333,Nairobi,216.0,0.0,1366.26675,41.49,0.1964,1.7988,28.684,0.05,28.747,144.772,144.872,4.557
7.333333333333333,Johannesburg,48.0,0.0,1337.925,41.67,0.1924,1.7988,28.684,0.05,28.747,144.771,144.872,4.463
7.333333333333333,Havana,117.0,0.0,1019.6316875,44.03,0.1466,1.7988,28.684,0.05,28.747,144.77,144.87,3.401
7.333333333333333,Caracas,137.0,0.0,1310.916625,41.85,0.1885,1.7988,28.684,0.05,28.747,144.771,144.871,4.373
7.333333333333333,Buenos_Aires,268.0,0.0,1475.78175,40.82,0.2122,1.7988,28.684,0.05,28.747,144.772,144.872,4.923
7.5,Vladimir,81.0,0.0,1024.1645,43.99,0.1473,1.7988,28.684,0.05,28.747,144.77,144.87,3.416
7.5,Murmansk,80.0,0.0,1166.320125,42.86,0.1678,1.7988,28.684,0.05,28.747,144.771,144.871,3.89
7.5,Novosibirsk,121.0,0.0,1088.267875,43.47,0.1564,1.7988,28.684,0.05,28.747,144.77,144.87,3.63
7.5,Zheleznogorsk,121.0,0.0,1069.63825,43.62,0.1537,1.7988,28.684,0.05,28.747,144.77,144.87,3.568
7.5,Yakutsk,277.0,0.0,1232.911875,42.38,0.1773,1.7988,28.684,0.05,28.747,144.771,144.871,4.113
7.5,Khabarovsk,297.0,0.0,1082.68225,43.51,0.1557,1.7988,28.684,0.05,28.747,144.77,144.87,3.611
7.5,Vladivostok,297.0,0.0,1402.671125,41.26,0.2017,1.7988,28.684,0.05,28.747,144.772,144.872,4.679
7.5,Minsk,197.0,0.0,1061.248375,43.68,0.1527,1.7988,28.684,0.05,28.747,144.77,144.87,3.54
7.5,Almaty,101.0,0.0,1163.146125,42.89,0.1672,1.7988,28.684,0.05,28.747,144.771,144.871,3.88
7.5,Tehran,82.0,0.0,1010.5029375,44.11,0.1453,1.7988,28.684,0.05,28.747,144.77,144.87,3.371
7.5,Urumqi,257.0,0.0,1228.335375,42.41,0.1767,1.7988,28.684,0.05,28.747,144.771,144.871,4.097
7.5,Delhi,102.0,0.0,995.2654375,44.24,0.1431,1.7988,28.684,0.05,28.747,144.77,144.87,3.32
7.5,Yangon,123.0,0.0,1466.712,40.87,0.211,1.7988,28.684,0.05,28.747,144.772,144.872,4.892
7.5,Jakarta,124.0,0.0,1494.814125,40.71,0.2149,1.7988,28.684,0.05,28.747,144.772,144.872,4.986
7.5,Luanda,45.0,0.0,1375.691125,41.43,0.1978,1.7988,28.684,0.05,28.747,144.772,144.872,4.589
7.5,Nairobi,64.0,0.0,1213.841375,42.52,0.1745,1.7988,28.684,0.05,28.747,144.771,144.871,4.049
7.5,Johannesburg,46.0,0.0,1277.631125,42.07,0.1838,1.7988,28.684,0.05,28.747,144.771,144.871,4.262
7.5,Havana,115.0,0.0,1095.786375,43.41,0.1575,1.7988,28.684,0.05,28.747,144.77,144.871,3.655
7.5,Caracas,135.0,0.0,1115.875875,43.25,0.1604,1.7988,28.684,0.05,28.747,144.77,144.871,3.722
7.5,Buenos_Aires,152.0,0.0,1287.904625,42.0,0.1852,1.7988,28.684,0.05,28.747,144.771,144.871,4.296
7.666666666666667,Vladimir,99.0,0.0,1017.5340625,44.05,0.1463,1.7988,28.684,0.05,28.747,144.77,144.87,3.394
7.666666666666667,Murmansk,196.0,0.0,1167.25875,42.86,0.1678,1.7988,28.684,0.05,28.747,144.771,144.871,3.894
7.666666666666667,Novosibirsk,139.0,0.0,1009.8135625,44.12,0.1451,1.7988,28.684,0.05,28.747,144.77,144.87,3.368
7.666666666666667,Zheleznogorsk,139.0,0.0,1139.320375,43.07,0.1638,1.7988,28.684,0.05,28.747,144.77,144.871,3.8
7.666666666666667,Yakutsk,179.0,0.0,1278.631,42.07,0.1838,1.7988,28.684,0.05,28.747,144.771,144.871,4.265
7.666666666666667,Khabarovsk,295.0,0.0,1013.9635,44.08,0.1458,1.7988,28.684,0.05,28.747,144.77,144.87,3.382
7.666666666666667,Vladivostok,295.0,0.0,1193.659625,42.66,0.1717,1.7988,28.684,0.05,28.747,144.771,144.871,3.982
7.666666666666667,Minsk,195.0,0.0,1059.465125,43.7,0.1523,1.7988,28.684,0.05,28.747,144.77,144.87,3.534
7.666666666666667,Almaty,119.0,0.0,1369.06325,41.47,0.1969,1.7988,28.684,0.05,28.747,144.772,144.872,4.567
7.666666666666667,Tehran,80.0,0.0,1118.59975,43.23,0.1608,1.7988,28.684,0.05,28.747,144.77,144.871,3.731
7.666666666666667,Urumqi,255.0,0.0,1082.55325,43.51,0.1557,1.7988,28.684,0.05,28.747,144.77,144.87,3.611
7.666666666666667,Delhi,100.0,0.0,1032.3624375,43.92,0.1485,1.7988,28.684,0.05,28.747,144.77,144.87,3.444
7.666666666666667,Yangon,121.0,0.0,1326.12575,41.75,0.1906,1.7988,28.684,0.05,28.747,144.771,144.872,4.423
7.666666666666667,Jakarta,123.0,0.0,1416.32425,41.18,0.2036,1.7988,28.684,0.05,28.747,144.772,144.872,4.724
7.666666666666667,Luanda,43.0,0.0,1154.656625,42.95,0.166,1.7988,28.684,0.05,28.747,144.771,144.871,3.852
7.666666666666667,Nairobi,62.0,0.0,1057.825125,43.71,0.1521,1.7988,28.684,0.05,28.747,144.77,144.87,3.529
7.666666666666667,Johannesburg,44.0,0.0,1328.003875,41.74,0.1909,1.7988,28.684,0.05,28.747,144.771,144.872,4.43
7.666666666666667,Havana,113.0,0.0,1289.237875,41.99,0.1855,1.7988,28.684,0.05,28.747,144.771,144.871,4.3
7.666666666666667,Caracas,133.0,0.0,1041.6063125,43.85,0.1497,1.7988,28.684,0.05,28.747,144.77,144.87,3.474
7.666666666666667,Buenos_Aires,150.0,0.0,1116.153375,43.25,0.1604,1.7988,28.684,0.05,28.747,144.77,144.871,3.723
7.833333333333333,Vladimir,97.0,0.0,1101.876875,43.36,0.1584,1.7988,28.684,0.05,28.747,144.77,144.871,3.675
7.833333333333333,Murmansk,194.0,0.0,1057.614875,43.71,0.1521,1.7988,28.684,0.05,28.747,144.77,144.87,3.528
7.833333333333333,Novosibirsk,137.0,0.0,1029.7954375,43.95,0.148,1.7988,28.684,0.05,28.747,144.77,144.87,3.435
7.833333333333333,Zheleznogorsk,254.0,0.0,1257.2675,42.21,0.1808,1.7988,28.684,0.05,28.747,144.771,144.871,4.194
7.833333333333333,Yakutsk,177.0,0.0,1159.46675,42.92,0.1666,1.7988,28.684,0.05,28.747,144.771,144.871,3.868
7.833333333333333,Khabarovsk,293.0,0.0,1049.741375,43.78,0.1509,1.7988,28.684,0.05,28.747,144.77,144.87,3.502
7.833333333333333,Vladivostok,293.0,0.0,1051.945625,43.76,0.1513,1.7988,28.684,0.05,28.747,144.77,144.87,3.509
7.833333333333333,Minsk,97.0,0.0,1135.149,43.1,0.1632,1.7988,28.684,0.05,28.747,144.77,144.871,3.786
7.833333333333333,Almaty,253.0,0.0,1273.29625,42.1,0.1831,1.7988,28.684,0.05,28.747,144.771,144.871,4.247
7.833333333333333,Tehran,232.0,0.0,1163.448125,42.89,0.1672,1.7988,28.684,0.05,28.747,144.771,144.871,3.881
7.833333333333333,Urumqi,253.0,0.0,1032.5901875,43.92,0.1485,1.7988,28.684,0.05,28.747,144.77,144.87,3.444
7.833333333333333,Delhi,252.0,0.0,992.852,44.26,0.1428,1.7988,28.684,0.05,28.747,144.77,144.87,3.312
7.833333333333333,Yangon,271.0,0.0,1114.897125,43.26,0.1602,1.7988,28.684,0.05,28.747,144.77,144.871,3.719
7.833333333333333,Jakarta,121.0,0.0,1199.94975,42.62,0.1725,1.7988,28.684,0.05,28.747,144.771,144.871,4.003
7.833333333333333,Luanda,41.0,0.0,1043.0151875,43.84,0.1499,1.7988,28.684,0.05,28.747,144.77,144.87,3.479
7.833333333333333,Nairobi,60.0,0.0,1042.39675,43.84,0.1499,1.7988,28.684,0.05,28.747,144.77,144.87,3.477
7.833333333333333,Johannesburg,42.0,0.0,1479.60225,40.8,0.2127,1.7988,28.684,0.05,28.747,144.772,144.872,4.935
7.833333333333333,Havana,111.0,0.0,1557.886625,40.35,0.224,1.7988,28.684,0.05,28.748,144.773,144.873,5.197
7.833333333333333,Caracas,131.0,0.0,1114.241,43.26,0.1602,1.7988,28.684,0.05,28.747,144.77,144.871,3.717
7.833333333333333,Buenos_Aires,148.0,0.0,1049.936875,43.78,0.1509,1.7988,28.684,0.05,28.747,144.77,144.87,3.502
8.0,Vladimir,212.0,0.0,1201.4225,42.61,0.1727,1.7988,28.684,0.05,28.747,144.771,144.871,4.008
8.0,Murmansk,192.0,0.0,1014.9550625,44.07,0.146,1.7988,28.684,0.05,28.747,144.77,144.87,3.386
8.0,Novosibirsk,135.0,0.0,1140.14725,43.06,0.164,1.7988,28.684,0.05,28.747,144.77,144.871,3.803
8.0,Zheleznogorsk,252.0,0.0,1120.415875,43.21,0.1612,1.7988,28.684,0.05,28.747,144.77,144.871,3.737
8.0,Yakutsk,175.0,0.0,1110.10925,43.29,0.1597,1.7988,28.684,0.05,28.747,144.77,144.871,3.703
8.0,Khabarovsk,291.0,0.0,1183.531125,42.74,0.1701,1.7988,28.684,0.05,28.747,144.771,144.871,3.948
8.0,Vladivostok,291.0,0.0,1010.69925,44.11,0.1453,1.7988,28.684,0.05,28.747,144.77,144.87,3.371
8.0,Minsk,95.0,0.0,1143.717375,43.03,0.1645,1.7988,28.684,0.05,28.747,144.771,144.871,3.815
8.0,Almaty,251.0,0.0,1097.910875,43.39,0.1578,1.7988,28.684,0.05,28.747,144.77,144.871,3.662
8.0,Tehran,230.0,0.0,1026.845125,43.97,0.1477,1.7988,28.684,0.05,28.747,144.77,144.87,3.425
8.0,Urumqi,136.0,0.0,1021.1236875,44.02,0.1468,1.7988,28.684,0.05,28.747,144.77,144.87,3.406
8.0,Delhi,250.0,0.0,1029.5900625,43.95,0.148,1.7988,28.684,0.05,28.747,144.77,144.87,3.434
8.0,Yangon,269.0,0.0,1005.299375,44.16,0.1445,1.7988,28.684,0.05,28.747,144.77,144.87,3.353
8.0,Jakarta,139.0,0.0,1091.115875,43.44,0.1569,1.7988,28.684,0.05,28.747,144.77,144.871,3.64
8.0,Luanda,59.0,0.0,1077.132125,43.56,0.1548,1.7988,28.684,0.05,28.747,144.77,144.87,3.593
8.0,Nairobi,78.0,0.0,1173.408875,42.81,0.1687,1.7988,28.684,0.05,28.747,144.771,144.871,3.914
8.0,Johannesburg,226.0,0.0,1434.348625,41.07,0.2062,1.7988,28.684,0.05,28.747,144.772,144.872,4.784
8.0,Havana,297.0,0.0,1522.758875,40.55,0.2189,1.7988,28.684,0.05,28.747,144.772,144.873,5.079
8.0,Caracas,298.0,0.0,1046.632125,43.81,0.1504,1.7988,28.684,0.05,28.747,144.77,144.87,3.491
8.0,Buenos_Aires,146.0,0.0,1105.48025,43.33,0.1589,1.7988,28.684,0.05,28.747,144.77,144.871,3.687
8.166666666666666,Vladimir,210.0,0.0,1067.16225,43.64,0.1534,1.7988,28.684,0.05,28.747,144.77,144.87,3.56
8.166666666666666,Murmansk,112.0,0.0,1035.1688125,43.9,0.1488,1.7988,28.684,0.05,28.747,144.77,144.87,3.453
8.166666666666666,Novosibirsk,250.0,0.0,1225.6445,42.43,0.1763,1.7988,28.684,0.05,28.747,144.771,144.871,4.088
8.166666666666666,Zheleznogorsk,250.0,0.0,1061.003,43.69,0.1525,1.7988,28.684,0.05,28.747,144.77,144.87,3.539
8.166666666666666,Yakutsk,173.0,0.0,1137.163375,43.08,0.1636,1.7988,28.684,0.05,28.747,144.77,144.871,3.793
8.166666666666666,Khabarovsk,174.0,0.0,1149.6755,42.99,0.1653,1.7988,28.684,0.05,28.747,144.771,144.871,3.835
8.166666666666666,Vladivostok,174.0,0.0,1009.3028125,44.12,0.1451,1.7988,28.684,0.05,28.747,144.77,144.87,3.367
8.166666666666666,Minsk,93.0,0.0,1239.30075,42.34,0.1781,1.7988,28.684,0.05,28.747,144.771,144.871,4.134
8.166666666666666,Almaty,249.0,0.0,1007.7104375,44.13,0.145,1.7988,28.684,0.05,28.747,144.77,144.87,3.361
8.166666666666666,Tehran,228.0,0.0,1005.386625,44.15,0.1446,1.7988,28.684,0.05,28.747,144.77,144.87,3.354
8.166666666666666,Urumqi,134.0,0.0,1001.522625,44.19,0.144,1.7988,28.684,0.05,28.747,144.77,144.87,3.341
8.166666666666666,Delhi,248.0,0.0,1191.6485,42.68,0.1713,1.7988,28.684,0.05,28.747,144.771,144.871,3.975
8.166666666666666,Yangon,267.0,0.0,1041.5088125,43.85,0.1497,1.7988,28.684,0.05,28.747,144.77,144.87,3.474
8.166666666666666,Jakarta,137.0,0.0,1122.995375,43.19,0.1615,1.7988,28.684,0.05,28.747,144.77,144.871,3.746
8.166666666666666,Luanda,206.0,0.0,996.668625,44.23,0.1433,1.7988,28.684,0.05,28.747,144.77,144.87,3.325
8.166666666666666,Nairobi,226.0,0.0,1082.821875,43.51,0.1557,1.7988,28.684,0.05,28.747,144.77,144.87,3.612
8.166666666666666,Johannesburg,224.0,0.0,1486.7325,40.76,0.2137,1.7988,28.684,0.05,28.747,144.772,144.872,4.959
8.166666666666666,Havana,295.0,0.0,1336.091875,41.68,0.1922,1.7988,28.684,0.05,28.747,144.771,144.872,4.457
8.166666666666666,Caracas,296.0,0.0,1055.319375,43.73,0.1518,1.7988,28.684,0.05,28.747,144.77,144.87,3.52
8.166666666666666,Buenos_Aires,144.0,0.0,1263.869625,42.17,0.1816,1.7988,28.684,0.05,28.747,144.771,144.871,4.216
8.333333333333334,Vladimir,208.0,0.0,1013.951,44.08,0.1458,1.7988,28.684,0.05,28.747,144.77,144.87,3.382
8.333333333333334,Murmansk,110.0,0.0,1000.436,44.2,0.1438,1.7988,28.684,0.05,28.747,144.77,144.87,3.337
8.333333333333334,Novosibirsk,248.0,0.0,1075.81525,43.57,0.1546,1.7988,28.684,0.05,28.747,144.77,144.87,3.589
8.333333333333334,Zheleznogorsk,248.0,0.0,1094.7535,43.41,0.1575,1.7988,28.684,0.05,28.747,144.77,144.871,3.652
8.333333333333334,Yakutsk,268.0,0.0,1153.620375,42.96,0.1659,1.7988,28.684,0.05,28.747,144.771,144.871,3.848
8.333333333333334,Khabarovsk,172.0,0.0,1127.36775,43.16,0.1621,1.7988,28.684,0.05,28.747,144.77,144.871,3.76
8.333333333333334,Vladivostok,172.0,0.0,1029.46125,43.95,0.148,1.7988,28.684,0.05,28.747,144.77,144.87,3.434
8.333333333333334,Minsk,208.0,0.0,1331.15125,41.72,0.1913,1.7988,28.684,0.05,28.747,144.771,144.872,4.44
8.333333333333334,Almaty,247.0,0.0,1029.46775,43.95,0.148,1.7988,28.684,0.05,28.747,144.77,144.87,3.434
8.333333333333334,Tehran,226.0,0.0,1109.101,43.3,0.1595,1.7988,28.684,0.05,28.747,144.77,144.871,3.7
8.333333333333334,Urumqi,132.0,0.0,1093.685,43.42,0.1573,1.7988,28.684,0.05,28.747,144.77,144.871,3.648
8.333333333333334,Delhi,246.0,0.0,1438.824875,41.04,0.2069,1.7988,28.684,0.05,28.747,144.772,144.872,4.799
8.333333333333334,Yangon,265.0,0.0,1212.123875,42.53,0.1743,1.7988,28.684,0.05,28.747,144.771,144.871,4.043
8.333333333333334,Jakarta,284.0,0.0,1141.632625,43.05,0.1641,1.7988,28.684,0.05,28.747,144.77,144.871,3.808
8.333333333333334,Luanda,204.0,0.0,1051.77175,43.76,0.1513,1.7988,28.684,0.05,28.747,144.77,144.87,3.508
8.333333333333334,Nairobi,224.0,0.0,996.7795,44.23,0.1433,1.7988,28.684,0.05,28.747,144.77,144.87,3.325
8.333333333333334,Johannesburg,223.0,0.0,1357.319,41.55,0.1951,1.7988,28.684,0.05,28.747,144.771,144.872,4.528
8.333333333333334,Havana,293.0,0.0,1246.440875,42.29,0.1792,1.7988,28.684,0.05,28.747,144.771,144.871,4.158
8.333333333333334,Caracas,294.0,0.0,1202.886125,42.6,0.1729,1.7988,28.684,0.05,28.747,144.771,144.871,4.012
8.333333333333334,Buenos_Aires,297.0,0.0,1292.7525,41.97,0.1859,1.7988,28.684,0.05,28.747,144.771,144.871,4.312
8.5,Vladimir,206.0,0.0,1057.318625,43.72,0.152,1.7988,28.684,0.05,28.747,144.77,144.87,3.527
8.5,Murmansk,108.0,0.0,1045.287625,43.82,0.1502,1.7988,28.684,0.05,28.747,144.77,144.87,3.487
8.5,Novosibirsk,246.0,0.0,1003.2864375,44.17,0.1443,1.7988,28.684,0.05,28.747,144.77,144.87,3.347
8.5,Zheleznogorsk,149.0,0.0,1036.74875,43.89,0.149,1.7988,28.684,0.05,28.747,144.77,144.87,3.458
8.5,Yakutsk,286.0,0.0,1223.572125,42.45,0.1759,1.7988,28.684,0.05,28.747,144.771,144.871,4.081
8.5,Khabarovsk,170.0,0.0,1197.43825,42.64,0.1721,1.7988,28.684,0.05,28.747,144.771,144.871,3.994
8.5,Vladivostok,170.0,0.0,1155.515875,42.95,0.166,1.7988,28.684,0.05,28.747,144.771,144.871,3.854
8.5,Minsk,206.0,0.0,1149.207125,42.99,0.1653,1.7988,28.684,0.05,28.747,144.771,144.871,3.833
8.5,Almaty,130.0,0.0,1093.074125,43.43,0.1571,1.7988,28.684,0.05,28.747,144.77,144.871,3.646
8.5,Tehran,110.0,0.0,1293.44625,41.97,0.1859,1.7988,28.684,0.05,28.747,144.771,144.871,4.314
8.5,Urumqi,130.0,0.0,1270.31475,42.12,0.1827,1.7988,28.684,0.05,28.747,144.771,144.871,4.237
8.5,Delhi,131.0,0.0,1418.46675,41.16,0.204,1.7988,28.684,0.05,28.747,144.772,144.872,4.731
8.5,Yangon,132.0,0.0,1210.031,42.55,0.1739,1.7988,28.684,0.05,28.747,144.771,144.871,4.036
8.5,Jakarta,282.0,0.0,1285.5315,42.02,0.1848,1.7988,28.684,0.05,28.747,144.771,144.871,4.288
8.5,Luanda,202.0,0.0,1238.90925,42.34,0.1781,1.7988,28.684,0.05,28.747,144.771,144.871,4.133
8.5,Nairobi,222.0,0.0,1066.446875,43.64,0.1534,1.7988,28.684,0.05,28.747,144.77,144.87,3.557
8.5,Johannesburg,221.0,0.0,1164.4055,42.88,0.1674,1.7988,28.684,0.05,28.747,144.771,144.871,3.884
8.5,Havana,124.0,0.0,1098.9005,43.38,0.158,1.7988,28.684,0.05,28.747,144.77,144.871,3.666
8.5,Caracas,292.0,0.0,1445.98275,41.0,0.2078,1.7988,28.684,0.05,28.747,144.772,144.872,4.823
8.5,Buenos_Aires,295.0,0.0,1176.18,42.79,0.1691,1.7988,28.684,0.05,28.747,144.771,144.871,3.923
8.666666666666666,Vladimir,107.0,0.0,1049.0955,43.78,0.1509,1.7988,28.684,0.05,28.747,144.77,144.87,3.499
8.666666666666666,Murmansk,106.0,0.0,1158.720875,42.92,0.1666,1.7988,28.684,0.05,28.747,144.771,144.871,3.865
8.666666666666666,Novosibirsk,244.0,0.0,1028.0899375,43.96,0.1478,1.7988,28.684,0.05,28.747,144.77,144.87,3.429
8.666666666666666,Zheleznogorsk,147.0,0.0,994.4091875,44.25,0.143,1.7988,28.684,0.05,28.747,144.77,144.87,3.317
8.666666666666666,Yakutsk,284.0,0.0,1340.263625,41.66,0.1926,1.7988,28.684,0.05,28.747,144.771,144.872,4.471
8.666666666666666,Khabarovsk,168.0,0.0,1342.457625,41.64,0.1931,1.7988,28.684,0.05,28.747,144.771,144.872,4.478
8.666666666666666,Vladivostok,168.0,0.0,1355.144875,41.56,0.1949,1.7988,28.684,0.05,28.747,144.771,144.872,4.52
8.666666666666666,Minsk,204.0,0.0,1029.151125,43.95,0.148,1.7988,28.684,0.05,28.747,144.77,144.87,3.433
8.666666666666666,Almaty,128.0,0.0,1165.624375,42.87,0.1676,1.7988,28.684,0.05,28.747,144.771,144.871,3.888
8.666666666666666,Tehran,108.0,0.0,1200.69075,42.61,0.1727,1.7988,28.684,0.05,28.747,144.771,144.871,4.005
8.666666666666666,Urumqi,263.0,0.0,1325.708625,41.75,0.1906,1.7988,28.684,0.05,28.747,144.771,144.872,4.422
8.666666666666666,Delhi,129.0,0.0,1243.267125,42.31,0.1787,1.7988,28.684,0.05,28.747,144.771,144.871,4.147
8.666666666666666,Yangon,130.0,0.0,1312.03,41.84,0.1887,1.7988,28.684,0.05,28.747,144.771,144.871,4.376
8.666666666666666,Jakarta,281.0,0.0,1500.687375,40.68,0.2156,1.7988,28.684,0.05,28.747,144.772,144.872,5.006
8.666666666666666,Luanda,200.0,0.0,1508.241125,40.63,0.2169,1.7988,28.684,0.05,28.747,144.772,144.872,5.031
8.666666666666666,Nairobi,220.0,0.0,1265.92,42.15,0.1821,1.7988,28.684,0.05,28.747,144.771,144.871,4.223
8.666666666666666,Johannesburg,239.0,0.0,1077.899625,43.55,0.155,1.7988,28.684,0.05,28.747,144.77,144.87,3.595
8.666666666666666,Havana,122.0,0.0,1037.26075,43.88,0.1492,1.7988,28.684,0.05,28.747,144.77,144.87,3.46
8.666666666666666,Caracas,141.0,0.0,1315.982625,41.82,0.1891,1.7988,28.684,0.05,28.747,144.771,144.871,4.39
8.666666666666666,Buenos_Aires,293.0,0.0,1165.431125,42.87,0.1676,1.7988,28.684,0.05,28.747,144.771,144.871,3.887
8.833333333333334,Vladimir,105.0,0.0,1019.5353125,44.03,0.1466,1.7988,28.684,0.05,28.747,144.77,144.87,3.401
8.833333333333334,Murmansk,203.0,0.0,1201.84375,42.6,0.1729,1.7988,28.684,0.05,28.747,144.771,144.871,4.009
8.833333333333334,Novosibirsk,145.0,0.0,1138.800875,43.07,0.1638,1.7988,28.684,0.05,28.747,144.77,144.871,3.799
8.833333333333334,Zheleznogorsk,145.0,0.0,1048.88925,43.79,0.1507,1.7988,28.684,0.05,28.747,144.77,144.87,3.499
8.833333333333334,Yakutsk,185.0,0.0,1203.0525,42.6,0.1729,1.7988,28.684,0.05,28.747,144.771,144.871,4.013
8.833333333333334,Khabarovsk,282.0,0.0,1438.9535,41.04,0.2069,1.7988,28.684,0.05,28.747,144.772,144.872,4.8
8.833333333333334,Vladivostok,1.0,0.0,1389.823375,41.34,0.1999,1.7988,28.684,0.05,28.747,144.772,144.872,4.636
8.833333333333334,Minsk,202.0,0.0,997.6499375,44.22,0.1435,1.7988,28.684,0.05,28.747,144.77,144.87,3.328
8.833333333333334,Almaty,126.0,0.0,1324.75525,41.76,0.1904,1.7988,28.684,0.05,28.747,144.771,144.872,4.419
8.833333333333334,Tehran,106.0,0.0,1215.52775,42.51,0.1747,1.7988,28.684,0.05,28.747,144.771,144.871,4.055
8.833333333333334,Urumqi,261.0,0.0,1137.819875,43.08,0.1636,1.7988,28.684,0.05,28.747,144.77,144.871,3.795
8.833333333333334,Delhi,127.0,0.0,1169.948,42.84,0.1682,1.7988,28.684,0.05,28.747,144.771,144.871,3.903
8.833333333333334,Yangon,128.0,0.0,1509.616375,40.62,0.2171,1.7988,28.684,0.05,28.747,144.772,144.872,5.036
8.833333333333334,Jakarta,299.0,0.0,1433.01075,41.08,0.2059,1.7988,28.684,0.05,28.747,144.772,144.872,4.78
8.833333333333334,Luanda,69.0,0.0,1396.49475,41.3,0.2008,1.7988,28.684,0.05,28.747,144.772,144.872,4.658
8.833333333333334,Nairobi,89.0,0.0,1241.013,42.33,0.1783,1.7988,28.684,0.05,28.747,144.771,144.871,4.14
8.833333333333334,Johannesburg,70.0,0.0,1025.420125,43.98,0.1475,1.7988,28.684,0.05,28.747,144.77,144.87,3.42
8.833333333333334,Havana,120.0,0.0,1113.065125,43.27,0.16,1.7988,28.684,0.05,28.747,144.77,144.871,3.713
8.833333333333334,Caracas,159.0,0.0,1108.52225,43.31,0.1593,1.7988,28.684,0.05,28.747,144.77,144.871,3.698
8.833333333333334,Buenos_Aires,177.0,0.0,1227.1065,42.42,0.1765,1.7988,28.684,0.05,28.747,144.771,144.871,4.093
9.0,Vladimir,103.0,0.0,1085.476,43.49,0.156,1.7988,28.684,0.05,28.747,144.77,144.87,3.621
9.0,Murmansk,201.0,0.0,1115.351375,43.25,0.1604,1.7988,28.684,0.05,28.747,144.77,144.871,3.72
9.0,Novosibirsk,143.0,0.0,1134.934375,43.1,0.1632,1.7988,28.684,0.05,28.747,144.77,144.871,3.786
9.0,Zheleznogorsk,143.0,0.0,1184.0165,42.73,0.1703,1.7988,28.684,0.05,28.747,144.771,144.871,3.949
9.0,Yakutsk,183.0,0.0,1066.879875,43.64,0.1534,1.7988,28.684,0.05,28.747,144.77,144.87,3.559
9.0,Khabarovsk,0.0,0.0,1254.388,42.23,0.1804,1.7988,28.684,0.05,28.747,144.771,144.871,4.184
9.0,Vladivostok,19.0,0.0,1425.655375,41.12,0.205,1.7988,28.684,0.05,28.747,144.772,144.872,4.755
9.0,Minsk,200.0,0.0,1065.945625,43.65,0.1532,1.7988,28.684,0.05,28.747,144.77,144.87,3.556
9.0,Almaty,125.0,0.0,1436.77575,41.05,0.2066,1.7988,28.684,0.05,28.747,144.772,144.872,4.793
9.0,Tehran,104.0,0.0,1331.703875,41.71,0.1915,1.7988,28.684,0.05,28.747,144.771,144.872,4.442
9.0,Urumqi,279.0,0.0,1026.3633125,43.98,0.1475,1.7988,28.684,0.05,28.747,144.77,144.87,3.424
9.0,Delhi,125.0,0.0,1214.7995,42.51,0.1747,1.7988,28.684,0.05,28.747,144.771,144.871,4.052
9.0,Yangon,298.0,0.0,1403.183625,41.26,0.2017,1.7988,28.684,0.05,28.747,144.772,144.872,4.681
9.0,Jakarta,147.0,0.0,1382.120625,41.39,0.1987,1.7988,28.684,0.05,28.747,144.772,144.872,4.61
9.0,Luanda,67.0,0.0,1165.302875,42.87,0.1676,1.7988,28.684,0.05,28.747,144.771,144.871,3.887
9.0,Nairobi,87.0,0.0,1070.504875,43.61,0.1539,1.7988,28.684,0.05,28.747,144.77,144.87,3.571
9.0,Johannesburg,68.0,0.0,1098.49925,43.39,0.1578,1.7988,28.684,0.05,28.747,144.77,144.871,3.664
9.0,Havana,286.0,0.0,1238.003,42.35,0.1779,1.7988,28.684,0.05,28.747,144.771,144.871,4.13
9.0,Caracas,157.0,0.0,1019.1524375,44.04,0.1465,1.7988,28.684,0.05,28.747,144.77,144.87,3.4
9.0,Buenos_Aires,175.0,0.0,1066.861375,43.64,0.1534,1.7988,28.684,0.05,28.747,144.77,144.87,3.559
9.166666666666666,Vladimir,101.0,0.0,1228.9035,42.41,0.1767,1.7988,28.684,0.05,28.747,144.771,144.871,4.099
9.166666666666666,Murmansk,199.0,0.0,1056.2515,43.73,0.1518,1.7988,28.684,0.05,28.747,144.77,144.87,3.523
9.166666666666666,Novosibirsk,141.0,0.0,1218.81875,42.48,0.1753,1.7988,28.684,0.05,28.747,144.771,144.871,4.066
9.166666666666666,Zheleznogorsk,278.0,0.0,1080.7815,43.53,0.1553,1.7988,28.684,0.05,28.747,144.77,144.87,3.605
9.166666666666666,Yakutsk,181.0,0.0,1006.9673125,44.14,0.1448,1.7988,28.684,0.05,28.747,144.77,144.87,3.359
9.166666666666666,Khabarovsk,18.0,0.0,1087.173,43.48,0.1562,1.7988,28.684,0.05,28.747,144.77,144.87,3.626
9.166666666666666,Vladivostok,182.0,0.0,1351.07175,41.59,0.1942,1.7988,28.684,0.05,28.747,144.771,144.872,4.507
9.166666666666666,Minsk,218.0,0.0,1219.91925,42.47,0.1755,1.7988,28.684,0.05,28.747,144.771,144.871,4.069
9.166666666666666,Almaty,123.0,0.0,1327.19925,41.74,0.1909,1.7988,28.684,0.05,28.747,144.771,144.872,4.427
9.166666666666666,Tehran,257.0,0.0,1311.984375,41.84,0.1887,1.7988,28.684,0.05,28.747,144.771,144.871,4.376
9.166666666666666,Urumqi,277.0,0.0,1020.98975,44.02,0.1468,1.7988,28.684,0.05,28.747,144.77,144.87,3.406
9.166666666666666,Delhi,276.0,0.0,1155.1325,42.95,0.166,1.7988,28.684,0.05,28.747,144.771,144.871,3.853
9.166666666666666,Yangon,296.0,0.0,1190.994375,42.68,0.1713,1.7988,28.684,0.05,28.747,144.771,144.871,3.973
9.166666666666666,Jakarta,145.0,0.0,1143.844125,43.03,0.1645,1.7988,28.684,0.05,28.747,144.771,144.871,3.815
9.166666666666666,Luanda,65.0,0.0,1038.987375,43.87,0.1494,1.7988,28.684,0.05,28.747,144.77,144.87,3.466
9.166666666666666,Nairobi,85.0,0.0,1036.3104375,43.89,0.149,1.7988,28.684,0.05,28.747,144.77,144.87,3.457
9.166666666666666,Johannesburg,66.0,0.0,1286.6215,42.01,0.185,1.7988,28.684,0.05,28.747,144.771,144.871,4.292
9.166666666666666,Havana,284.0,0.0,1258.228625,42.21,0.1808,1.7988,28.684,0.05,28.747,144.771,144.871,4.197
9.166666666666666,Caracas,155.0,0.0,1079.318,43.54,0.1551,1.7988,28.684,0.05,28.747,144.77,144.87,3.6
9.166666666666666,Buenos_Aires,173.0,0.0,1020.4575625,44.03,0.1466,1.7988,28.684,0.05,28.747,144.77,144.87,3.404
9.333333333333334,Vladimir,236.0,0.0,1088.45525,43.46,0.1566,1.7988,28.684,0.05,28.747,144.77,144.871,3.631
9.333333333333334,Murmansk,139.0,0.0,1025.8903125,43.98,0.1475,1.7988,28.684,0.05,28.747,144.77,144.87,3.422
9.333333333333334,Novosibirsk,276.0,0.0,1299.44425,41.93,0.1867,1.7988,28.684,0.05,28.747,144.771,144.871,4.334
9.333333333333334,Zheleznogorsk,276.0,0.0,1000.455625,44.2,0.1438,1.7988,28.684,0.05,28.747,144.77,144.87,3.337
9.333333333333334,Yakutsk,199.0,0.0,1034.1095,43.91,0.1487,1.7988,28.684,0.05,28.747,144.77,144.87,3.449
9.333333333333334,Khabarovsk,16.0,0.0,1000.268875,44.2,0.1438,1.7988,28.684,0.05,28.747,144.77,144.87,3.337
9.333333333333334,Vladivostok,180.0,0.0,1214.501375,42.51,0.1747,1.7988,28.684,0.05,28.747,144.771,144.871,4.051
9.333333333333334,Minsk,119.0,0.0,1406.11325,41.24,0.2022,1.7988,28.684,0.05,28.747,144.772,144.872,4.69
9.333333333333334,Almaty,275.0,0.0,1232.70325,42.38,0.1773,1.7988,28.684,0.05,28.747,144.771,144.871,4.112
9.333333333333334,Tehran,255.0,0.0,1211.639875,42.53,0.1743,1.7988,28.684,0.05,28.747,144.771,144.871,4.042
9.333333333333334,Urumqi,140.0,0.0,1066.813375,43.64,0.1534,1.7988,28.684,0.05,28.747,144.77,144.87,3.559
9.333333333333334,Delhi,274.0,0.0,1193.9685,42.66,0.1717,1.7988,28.684,0.05,28.747,144.771,144.871,3.983
9.333333333333334,Yangon,294.0,0.0,1080.979375,43.52,0.1555,1.7988,28.684,0.05,28.747,144.77,144.87,3.606
9.333333333333334,Jakarta,143.0,0.0,1011.5784375,44.1,0.1455,1.7988,28.684,0.05,28.747,144.77,144.87,3.374
9.333333333333334,Luanda,63.0,0.0,1057.574625,43.71,0.1521,1.7988,28.684,0.05,28.747,144.77,144.87,3.528
9.333333333333334,Nairobi,83.0,0.0,1150.873,42.98,0.1655,1.7988,28.684,0.05,28.747,144.771,144.871,3.839
9.333333333333334,Johannesburg,64.0,0.0,1549.6275,40.4,0.2227,1.7988,28.684,0.05,28.748,144.772,144.873,5.169
9.333333333333334,Havana,282.0,0.0,1386.899,41.36,0.1994,1.7988,28.684,0.05,28.747,144.772,144.872,4.626
9.333333333333334,Caracas,153.0,0.0,1268.66875,42.13,0.1825,1.7988,28.684,0.05,28.747,144.771,144.871,4.232
9.333333333333334,Buenos_Aires,171.0,0.0,1099.41575,43.38,0.158,1.7988,28.684,0.05,28.747,144.77,144.871,3.667
9.5,Vladimir,234.0,0.0,1016.2123125,44.06,0.1461,1.7988,28.684,0.05,28.747,144.77,144.87,3.39
9.5,Murmansk,137.0,0.0,1008.842125,44.12,0.1451,1.7988,28.684,0.05,28.747,144.77,144.87,3.365
9.5,Novosibirsk,274.0,0.0,1141.57,43.05,0.1641,1.7988,28.684,0.05,28.747,144.77,144.871,3.808
9.5,Zheleznogorsk,274.0,0.0,1014.26725,44.08,0.1458,1.7988,28.684,0.05,28.747,144.77,144.87,3.383
9.5,Yakutsk,295.0,0.0,1049.368875,43.78,0.1509,1.7988,28.684,0.05,28.747,144.77,144.87,3.5
9.5,Khabarovsk,198.0,0.0,997.44075,44.22,0.1435,1.7988,28.684,0.05,28.747,144.77,144.87,3.327
9.5,Vladivostok,14.0,0.0,1102.770125,43.35,0.1586,1.7988,28.684,0.05,28.747,144.77,144.871,3.678
9.5,Minsk,215.0,0.0,1474.3835,40.83,0.212,1.7988,28.684,0.05,28.747,144.772,144.872,4.918
9.5,Almaty,273.0,0.0,1187.444125,42.71,0.1707,1.7988,28.684,0.05,28.747,144.771,144.871,3.961
9.5,Tehran,253.0,0.0,1212.124375,42.53,0.1743,1.7988,28.684,0.05,28.747,144.771,144.871,4.043
9.5,Urumqi,158.0,0.0,1093.42175,43.43,0.1571,1.7988,28.684,0.05,28.747,144.77,144.871,3.647
9.5,Delhi,120.0,0.0,1297.449875,41.94,0.1865,1.7988,28.684,0.05,28.747,144.771,144.871,4.328
9.5,Yangon,292.0,0.0,1106.514375,43.32,0.1591,1.7988,28.684,0.05,28.747,144.77,144.871,3.691
9.5,Jakarta,141.0,0.0,1028.594625,43.96,0.1478,1.7988,28.684,0.05,28.747,144.77,144.87,3.431
9.5,Luanda,230.0,0.0,1211.65925,42.53,0.1743,1.7988,28.684,0.05,28.747,144.771,144.871,4.042
9.5,Nairobi,251.0,0.0,1317.6445,41.81,0.1893,1.7988,28.684,0.05,28.747,144.771,144.871,4.395
9.5,Johannesburg,250.0,0.0,1564.12375,40.32,0.2248,1.7988,28.684,0.05,28.748,144.773,144.873,5.217
9.5,Havana,133.0,0.0,1559.002125,40.34,0.2243,1.7988,28.684,0.05,28.748,144.773,144.873,5.2
9.5,Caracas,1.0,0.0,1236.94775,42.35,0.1779,1.7988,28.684,0.05,28.747,144.771,144.871,4.126
9.5,Buenos_Aires,3.0,0.0,1189.91525,42.69,0.1711,1.7988,28.684,0.05,28.747,144.771,144.871,3.969
9.666666666666666,Vladimir,232.0,0.0,1036.146375,43.89,0.149,1.7988,28.684,0.05,28.747,144.77,144.87,3.456
9.666666666666666,Murmansk,135.0,0.0,1072.288,43.59,0.1543,1.7988,28.684,0.05,28.747,144.77,144.87,3.577
9.666666666666666,Novosibirsk,272.0,0.0,1050.329125,43.77,0.1511,1.7988,28.684,0.05,28.747,144.77,144.87,3.504
9.666666666666666,Zheleznogorsk,272.0,0.0,1121.57925,43.2,0.1613,1.7988,28.684,0.05,28.747,144.77,144.871,3.741
9.666666666666666,Yakutsk,293.0,0.0,1149.390125,42.99,0.1653,1.7988,28.684,0.05,28.747,144.771,144.871,3.834
9.666666666666666,Khabarovsk,196.0,0.0,1025.40625,43.98,0.1475,1.7988,28.684,0.05,28.747,144.77,144.87,3.42
9.666666666666666,Vladivostok,12.0,0.0,1047.9785625,43.79,0.1507,1.7988,28.684,0.05,28.747,144.77,144.87,3.496
9.666666666666666,Minsk,232.0,0.0,1295.62775,41.95,0.1863,1.7988,28.684,0.05,28.747,144.771,144.871,4.322
9.666666666666666,Almaty,271.0,0.0,1238.31675,42.34,0.1781,1.7988,28.684,0.05,28.747,144.771,144.871,4.131
9.666666666666666,Tehran,117.0,0.0,1277.94625,42.07,0.1838,1.7988,28.684,0.05,28.747,144.771,144.871,4.263
9.666666666666666,Urumqi,156.0,0.0,1219.34,42.48,0.1753,1.7988,28.684,0.05,28.747,144.771,144.871,4.067
9.666666666666666,Delhi,138.0,0.0,1313.879125,41.83,0.1889,1.7988,28.684,0.05,28.747,144.771,144.871,4.383
9.666666666666666,Yangon,158.0,0.0,1032.588375,43.92,0.1485,1.7988,28.684,0.05,28.747,144.77,144.87,3.444
9.666666666666666,Jakarta,9.0,0.0,1181.8995,42.75,0.1699,1.7988,28.684,0.05,28.747,144.771,144.871,3.942
9.666666666666666,Luanda,228.0,0.0,1245.317875,42.3,0.179,1.7988,28.684,0.05,28.747,144.771,144.871,4.154
9.666666666666666,Nairobi,249.0,0.0,1232.25875,42.39,0.1771,1.7988,28.684,0.05,28.747,144.771,144.871,4.11
9.666666666666666,Johannesburg,248.0,0.0,1292.964375,41.97,0.1859,1.7988,28.684,0.05,28.747,144.771,144.871,4.313
9.666666666666666,Havana,18.0,0.0,1451.19675,40.97,0.2086,1.7988,28.684,0.05,28.747,144.772,144.872,4.841
9.666666666666666,Caracas,19.0,0.0,1112.696875,43.27,0.16,1.7988,28.684,0.05,28.747,144.77,144.871,3.712
9.666666666666666,Buenos_Aires,1.0,0.0,1226.446375,42.43,0.1763,1.7988,28.684,0.05,28.747,144.771,144.871,4.091
9.833333333333334,Vladimir,230.0,0.0,1146.29475,43.02,0.1647,1.7988,28.684,0.05,28.747,144.771,144.871,3.824
9.833333333333334,Murmansk,133.0,0.0,1201.964875,42.6,0.1729,1.7988,28.684,0.05,28.747,144.771,144.871,4.009
9.833333333333334,Novosibirsk,270.0,0.0,1047.0540625,43.8,0.1506,1.7988,28.684,0.05,28.747,144.77,144.87,3.493
9.833333333333334,Zheleznogorsk,174.0,0.0,1068.965625,43.62,0.1537,1.7988,28.684,0.05,28.747,144.77,144.87,3.566
9.833333333333334,Yakutsk,11.0,0.0,1159.3255,42.92,0.1666,1.7988,28.684,0.05,28.747,144.771,144.871,3.867
9.833333333333334,Khabarovsk,194.0,0.0,1150.173,42.99,0.1653,1.7988,28.684,0.05,28.747,144.771,144.871,3.837
9.833333333333334,Vladivostok,10.0,0.0,1105.216625,43.33,0.1589,1.7988,28.684,0.05,28.747,144.77,144.871,3.687
9.833333333333334,Minsk,114.0,0.0,1121.203625,43.21,0.1612,1.7988,28.684,0.05,28.747,144.77,144.871,3.74
9.833333333333334,Almaty,154.0,0.0,1366.118375,41.49,0.1964,1.7988,28.684,0.05,28.747,144.772,144.872,4.557
9.833333333333334,Tehran,250.0,0.0,1423.526375,41.13,0.2048,1.7988,28.684,0.05,28.747,144.772,144.872,4.748
9.833333333333334,Urumqi,154.0,0.0,1415.370125,41.18,0.2036,1.7988,28.684,0.05,28.747,144.772,144.872,4.721
9.833333333333334,Delhi,269.0,0.0,1312.377,41.84,0.1887,1.7988,28.684,0.05,28.747,144.771,144.871,4.378
9.833333333333334,Yangon,156.0,0.0,998.205,44.22,0.1435,1.7988,28.684,0.05,28.747,144.77,144.87,3.33
9.833333333333334,Jakarta,7.0,0.0,1055.140625,43.73,0.1518,1.7988,28.684,0.05,28.747,144.77,144.87,3.52
9.833333333333334,Luanda,226.0,0.0,1396.20025,41.3,0.2008,1.7988,28.684,0.05,28.747,144.772,144.872,4.657
9.833333333333334,Nairobi,247.0,0.0,1274.0935,42.1,0.1831,1.7988,28.684,0.05,28.747,144.771,144.871,4.25
9.833333333333334,Johannesburg,246.0,0.0,1092.84425,43.43,0.1571,1.7988,28.684,0.05,28.747,144.77,144.871,3.645
9.833333333333334,Havana,16.0,0.0,1250.898,42.26,0.1798,1.7988,28.684,0.05,28.747,144.771,144.871,4.173
9.833333333333334,Caracas,17.0,0.0,1124.094375,43.19,0.1615,1.7988,28.684,0.05,28.747,144.77,144.871,3.75
9.833333333333334,Buenos_Aires,19.0,0.0,1363.594875,41.51,0.196,1.7988,28.684,0.05,28.747,144.771,144.872,4.548
10.0,Vladimir,132.0,0.0,1149.276,42.99,0.1653,1.7988,28.684,0.05,28.747,144.771,144.871,3.834
10.0,Murmansk,210.0,0.0,1172.49225,42.82,0.1686,1.7988,28.684,0.05,28.747,144.771,144.871,3.911
10.0,Novosibirsk,152.0,0.0,1132.013875,43.12,0.1628,1.7988,28.684,0.05,28.747,144.77,144.871,3.776
10.0,Zheleznogorsk,172.0,0.0,1102.0635,43.36,0.1584,1.7988,28.684,0.05,28.747,144.77,144.871,3.676
10.0,Yakutsk,9.0,0.0,1115.222125,43.25,0.1604,1.7988,28.684,0.05,28.747,144.77,144.871,3.72
10.0,Khabarovsk,192.0,0.0,1341.9225,41.65,0.1929,1.7988,28.684,0.05,28.747,144.771,144.872,4.476
10.0,Vladivostok,8.0,0.0,1261.935625,42.18,0.1814,1.7988,28.684,0.05,28.747,144.771,144.871,4.209
10.0,Minsk,112.0,0.0,1016.693125,44.06,0.1461,1.7988,28.684,0.05,28.747,144.77,144.87,3.391
10.0,Almaty,268.0,0.0,1358.3705,41.54,0.1953,1.7988,28.684,0.05,28.747,144.771,144.872,4.531
10.0,Tehran,248.0,0.0,1272.791,42.11,0.1829,1.7988,28.684,0.05,28.747,144.771,144.871,4.246
10.0,Urumqi,153.0,0.0,1412.0955,41.2,0.2031,1.7988,28.684,0.05,28.747,144.772,144.872,4.71
10.0,Delhi,267.0,0.0,1318.253,41.8,0.1896,1.7988,28.684,0.05,28.747,144.771,144.872,4.397
10.0,Yangon,154.0,0.0,1110.331625,43.29,0.1597,1.7988,28.684,0.05,28.747,144.77,144.871,3.704
10.0,Jakarta,5.0,0.0,1072.7885,43.59,0.1543,1.7988,28.684,0.05,28.747,144.77,144.87,3.578
10.0,Luanda,225.0,0.0,1365.844,41.49,0.1964,1.7988,28.684,0.05,28.747,144.772,144.872,4.556
10.0,Nairobi,245.0,0.0,1431.575125,41.08,0.2059,1.7988,28.684,0.05,28.747,144.772,144.872,4.775
10.0,Johannesburg,244.0,0.0,1005.250125,44.16,0.1445,1.7988,28.684,0.05,28.747,144.77,144.87,3.353
10.0,Havana,14.0,0.0,1151.2685,42.98,0.1655,1.7988,28.684,0.05,28.747,144.771,144.871,3.84
10.0,Caracas,15.0,0.0,1266.468875,42.15,0.1821,1.7988,28.684,0.05,28.747,144.771,144.871,4.224
10.0,Buenos_Aires,18.0,0.0,1385.487,41.37,0.1992,1.7988,28.684,0.05,28.747,144.772,144.872,4.621
10.166666666666666,Vladimir,130.0,0.0,1192.852375,42.67,0.1715,1.7988,28.684,0.05,28.747,144.771,144.871,3.979
10.166666666666666,Murmansk,208.0,0.0,1055.99075,43.73,0.1518,1.7988,28.684,0.05,28.747,144.77,144.87,3.522
10.166666666666666,Novosibirsk,150.0,0.0,1215.2555,42.51,0.1747,1.7988,28.684,0.05,28.747,144.771,144.871,4.054
10.166666666666666,Zheleznogorsk,170.0,0.0,1218.421,42.49,0.1751,1.7988,28.684,0.05,28.747,144.771,144.871,4.064
10.166666666666666,Yakutsk,210.0,0.0,1077.23775,43.55,0.155,1.7988,28.684,0.05,28.747,144.77,144.87,3.593
10.166666666666666,Khabarovsk,26.0,0.0,1449.725875,40.98,0.2083,1.7988,28.684,0.05,28.747,144.772,144.872,4.836
10.166666666666666,Vladivostok,191.0,0.0,1230.769875,42.4,0.1769,1.7988,28.684,0.05,28.747,144.771,144.871,4.105
10.166666666666666,Minsk,110.0,0.0,1008.4875,44.13,0.145,1.7988,28.684,0.05,28.747,144.77,144.87,3.364
10.166666666666666,Almaty,266.0,0.0,1221.194625,42.47,0.1755,1.7988,28.684,0.05,28.747,144.771,144.871,4.073
10.166666666666666,Tehran,246.0,0.0,1212.5845,42.53,0.1743,1.7988,28.684,0.05,28.747,144.771,144.871,4.045
10.166666666666666,Urumqi,286.0,0.0,1276.12725,42.08,0.1835,1.7988,28.684,0.05,28.747,144.771,144.871,4.257
10.166666666666666,Delhi,265.0,0.0,1428.418875,41.1,0.2055,1.7988,28.684,0.05,28.747,144.772,144.872,4.765
10.166666666666666,Yangon,152.0,0.0,1330.460875,41.72,0.1913,1.7988,28.684,0.05,28.747,144.771,144.872,4.438
10.166666666666666,Jakarta,3.0,0.0,1227.81575,42.42,0.1765,1.7988,28.684,0.05,28.747,144.771,144.871,4.096
10.166666666666666,Luanda,223.0,0.0,1308.27425,41.87,0.188,1.7988,28.684,0.05,28.747,144.771,144.871,4.364
10.166666666666666,Nairobi,244.0,0.0,1331.267625,41.72,0.1913,1.7988,28.684,0.05,28.747,144.771,144.872,4.441
10.166666666666666,Johannesburg,95.0,0.0,1039.178625,43.87,0.1494,1.7988,28.684,0.05,28.747,144.77,144.87,3.466
10.166666666666666,Havana,12.0,0.0,1176.25925,42.79,0.1691,1.7988,28.684,0.05,28.747,144.771,144.871,3.924
10.166666666666666,Caracas,164.0,0.0,1385.545375,41.37,0.1992,1.7988,28.684,0.05,28.747,144.772,144.872,4.622
10.166666666666666,Buenos_Aires,16.0,0.0,1268.29875,42.14,0.1823,1.7988,28.684,0.05,28.747,144.771,144.871,4.231
10.333333333333334,Vladimir,128.0,0.0,1313.63325,41.83,0.1889,1.7988,28.684,0.05,28.747,144.771,144.871,4.382
10.333333333333334,Murmansk,206.0,0.0,1010.017375,44.11,0.1453,1.7988,28.684,0.05,28.747,144.77,144.87,3.369
10.333333333333334,Novosibirsk,148.0,0.0,1361.70775,41.52,0.1958,1.7988,28.684,0.05,28.747,144.771,144.872,4.542
10.333333333333334,Zheleznogorsk,285.0,0.0,1182.334,42.75,0.1699,1.7988,28.684,0.05,28.747,144.771,144.871,3.944
10.333333333333334,Yakutsk,208.0,0.0,1013.5738125,44.08,0.1458,1.7988,28.684,0.05,28.747,144.77,144.87,3.381
10.333333333333334,Khabarovsk,24.0,0.0,1272.4225,42.11,0.1829,1.7988,28.684,0.05,28.747,144.771,144.871,4.244
10.333333333333334,Vladivostok,189.0,0.0,1190.224375,42.69,0.1711,1.7988,28.684,0.05,28.747,144.771,144.871,3.97
10.333333333333334,Minsk,108.0,0.0,1095.645125,43.41,0.1575,1.7988,28.684,0.05,28.747,144.77,144.871,3.655
10.333333333333334,Almaty,149.0,0.0,1160.08,42.91,0.1668,1.7988,28.684,0.05,28.747,144.771,144.871,3.87
10.333333333333334,Tehran,244.0,0.0,1259.035625,42.2,0.181,1.7988,28.684,0.05,28.747,144.771,144.871,4.2
10.333333333333334,Urumqi,284.0,0.0,1212.26075,42.53,0.1743,1.7988,28.684,0.05,28.747,144.771,144.871,4.044
10.333333333333334,Delhi,149.0,0.0,1567.937,40.29,0.2255,1.7988,28.684,0.05,28.748,144.773,144.873,5.23
10.333333333333334,Yangon,150.0,0.0,1612.874625,40.05,0.2319,1.7988,28.684,0.05,28.748,144.773,144.873,5.38
10.333333333333334,Jakarta,1.0,0.0,1476.352875,40.82,0.2122,1.7988,28.684,0.05,28.747,144.772,144.872,4.925
10.333333333333334,Luanda,221.0,0.0,1369.53775,41.47,0.1969,1.7988,28.684,0.05,28.747,144.772,144.872,4.568
10.333333333333334,Nairobi,242.0,0.0,1284.97725,42.02,0.1848,1.7988,28.684,0.05,28.747,144.771,144.871,4.286
10.333333333333334,Johannesburg,93.0,0.0,1116.924,43.24,0.1606,1.7988,28.684,0.05,28.747,144.77,144.871,3.726
10.333333333333334,Havana,10.0,0.0,1316.568125,41.81,0.1893,1.7988,28.684,0.05,28.747,144.771,144.871,4.392
10.333333333333334,Caracas,162.0,0.0,1302.021375,41.91,0.1872,1.7988,28.684,0.05,28.747,144.771,144.871,4.343
10.333333333333334,Buenos_Aires,14.0,0.0,1249.145,42.27,0.1796,1.7988,28.684,0.05,28.747,144.771,144.871,4.167
10.5,Vladimir,243.0,0.0,1256.78525,42.22,0.1806,1.7988,28.684,0.05,28.747,144.771,144.871,4.192
10.5,Murmansk,204.0,0.0,1045.671875,43.81,0.1504,1.7988,28.684,0.05,28.747,144.77,144.87,3.488
10.5,Novosibirsk,263.0,0.0,1316.754875,41.81,0.1893,1.7988,28.684,0.05,28.747,144.771,144.871,4.392
10.5,Zheleznogorsk,283.0,0.0,1090.9835,43.44,0.1569,1.7988,28.684,0.05,28.747,144.77,144.871,3.639
10.5,Yakutsk,206.0,0.0,1039.264875,43.87,0.1494,1.7988,28.684,0.05,28.747,144.77,144.87,3.467
10.5,Khabarovsk,22.0,0.0,1156.160375,42.94,0.1662,1.7988,28.684,0.05,28.747,144.771,144.871,3.857
10.5,Vladivostok,187.0,0.0,1245.397,42.29,0.1792,1.7988,28.684,0.05,28.747,144.771,144.871,4.154
10.5,Minsk,106.0,0.0,1255.468875,42.22,0.1806,1.7988,28.684,0.05,28.747,144.771,144.871,4.188
10.5,Almaty,147.0,0.0,1056.423875,43.72,0.152,1.7988,28.684,0.05,28.747,144.77,144.87,3.524
10.5,Tehran,128.0,0.0,1190.272125,42.69,0.1711,1.7988,28.684,0.05,28.747,144.771,144.871,3.97
10.5,Urumqi,282.0,0.0,1240.7965,42.33,0.1783,1.7988,28.684,0.05,28.747,144.771,144.871,4.139
10.5,Delhi,148.0,0.0,1342.128125,41.65,0.1929,1.7988,28.684,0.05,28.747,144.771,144.872,4.477
10.5,Yangon,1.0,0.0,1637.73175,39.92,0.2354,1.7988,28.684,0.05,28.748,144.773,144.873,5.463
10.5,Jakarta,170.0,0.0,1373.938375,41.44,0.1976,1.7988,28.684,0.05,28.747,144.772,144.872,4.583
10.5,Luanda,90.0,0.0,1333.296875,41.7,0.1917,1.7988,28.684,0.05,28.747,144.771,144.872,4.447
10.5,Nairobi,109.0,0.0,1330.798375,41.72,0.1913,1.7988,28.684,0.05,28.747,144.771,144.872,4.439
10.5,Johannesburg,91.0,0.0,1306.72175,41.88,0.1878,1.7988,28.684,0.05,28.747,144.771,144.871,4.359
10.5,Havana,141.0,0.0,1218.76525,42.48,0.1753,1.7988,28.684,0.05,28.747,144.771,144.871,4.065
10.5,Caracas,160.0,0.0,1336.631375,41.68,0.1922,1.7988,28.684,0.05,28.747,144.771,144.872,4.459
10.5,Buenos_Aires,197.0,0.0,1239.799125,42.33,0.1783,1.7988,28.684,0.05,28.747,144.771,144.871,4.136
10.666666666666666,Vladimir,241.0,0.0,1176.156625,42.79,0.1691,1.7988,28.684,0.05,28.747,144.771,144.871,3.923
10.666666666666666,Murmansk,143.0,0.0,1055.511125,43.73,0.1518,1.7988,28.684,0.05,28.747,144.77,144.87,3.521
10.666666666666666,Novosibirsk,261.0,0.0,1233.7875,42.38,0.1773,1.7988,28.684,0.05,28.747,144.771,144.871,4.115
10.666666666666666,Zheleznogorsk,281.0,0.0,1081.43425,43.52,0.1555,1.7988,28.684,0.05,28.747,144.77,144.87,3.607
10.666666666666666,Yakutsk,204.0,0.0,1145.971375,43.02,0.1647,1.7988,28.684,0.05,28.747,144.771,144.871,3.823
10.666666666666666,Khabarovsk,205.0,0.0,1091.283375,43.44,0.1569,1.7988,28.684,0.05,28.747,144.77,144.871,3.64
10.666666666666666,Vladivostok,20.0,0.0,1142.354,43.05,0.1641,1.7988,28.684,0.05,28.747,144.77,144.871,3.81
10.666666666666666,Minsk,221.0,0.0,1314.0795,41.83,0.1889,1.7988,28.684,0.05,28.747,144.771,144.871,4.383
10.666666666666666,Almaty,145.0,0.0,1060.589625,43.69,0.1525,1.7988,28.684,0.05,28.747,144.77,144.87,3.538
10.666666666666666,Tehran,126.0,0.0,1040.7281875,43.85,0.1497,1.7988,28.684,0.05,28.747,144.77,144.87,3.471
10.666666666666666,Urumqi,165.0,0.0,1301.986,41.91,0.1872,1.7988,28.684,0.05,28.747,144.771,144.871,4.343
10.666666666666666,Delhi,146.0,0.0,1134.460125,43.11,0.163,1.7988,28.684,0.05,28.747,144.77,144.871,3.784
10.666666666666666,Yangon,19.0,0.0,1356.846125,41.55,0.1951,1.7988,28.684,0.05,28.747,144.771,144.872,4.526
10.666666666666666,Jakarta,168.0,0.0,1250.7735,42.26,0.1798,1.7988,28.684,0.05,28.747,144.771,144.871,4.172
10.666666666666666,Luanda,88.0,0.0,1334.063625,41.7,0.1917,1.7988,28.684,0.05,28.747,144.771,144.872,4.45
10.666666666666666,Nairobi,107.0,0.0,1407.801875,41.23,0.2024,1.7988,28.684,0.05,28.747,144.772,144.872,4.696
10.666666666666666,Johannesburg,89.0,0.0,1569.55125,40.29,0.2255,1.7988,28.684,0.05,28.748,144.773,144.873,5.235
10.666666666666666,Havana,159.0,0.0,1156.667375,42.94,0.1662,1.7988,28.684,0.05,28.747,144.771,144.871,3.858
10.666666666666666,Caracas,27.0,0.0,1412.2835,41.2,0.2031,1.7988,28.684,0.05,28.747,144.772,144.872,4.711
10.666666666666666,Buenos_Aires,195.0,0.0,1328.576,41.73,0.1911,1.7988,28.684,0.05,28.747,144.771,144.872,4.432
10.833333333333334,Vladimir,123.0,0.0,1129.296875,43.14,0.1625,1.7988,28.684,0.05,28.747,144.77,144.871,3.767
10.833333333333334,Murmansk,141.0,0.0,1134.881375,43.1,0.1632,1.7988,28.684,0.05,28.747,144.77,144.871,3.786
10.833333333333334,Novosibirsk,163.0,0.0,1147.638375,43.0,0.1651,1.7988,28.684,0.05,28.747,144.771,144.871,3.828
10.833333333333334,Zheleznogorsk,299.0,0.0,1158.725,42.92,0.1666,1.7988,28.684,0.05,28.747,144.771,144.871,3.865
10.833333333333334,Yakutsk,0.0,0.0,1170.976625,42.83,0.1684,1.7988,28.684,0.05,28.747,144.771,144.871,3.906
10.833333333333334,Khabarovsk,203.0,0.0,1069.949125,43.61,0.1539,1.7988,28.684,0.05,28.747,144.77,144.87,3.569
10.833333333333334,Vladivostok,38.0,0.0,1023.4084375,44.0,0.1471,1.7988,28.684,0.05,28.747,144.77,144.87,3.414
10.833333333333334,Minsk,239.0,0.0,1190.0475,42.69,0.1711,1.7988,28.684,0.05,28.747,144.771,144.871,3.97
10.833333333333334,Almaty,143.0,0.0,1168.199375,42.85,0.168,1.7988,28.684,0.05,28.747,144.771,144.871,3.897
10.833333333333334,Tehran,124.0,0.0,1007.4625,44.14,0.1448,1.7988,28.684,0.05,28.747,144.77,144.87,3.361
10.833333333333334,Urumqi,163.0,0.0,1365.085125,41.5,0.1962,1.7988,28.684,0.05,28.747,144.772,144.872,4.553
10.833333333333334,Delhi,144.0,0.0,1029.7118125,43.95,0.148,1.7988,28.684,0.05,28.747,144.77,144.87,3.435
10.833333333333334,Yangon,17.0,0.0,1137.369,43.08,0.1636,1.7988,28.684,0.05,28.747,144.77,144.871,3.794
10.833333333333334,Jakarta,166.0,0.0,1249.263,42.27,0.1796,1.7988,28.684,0.05,28.747,144.771,144.871,4.167
10.833333333333334,Luanda,86.0,0.0,1449.301625,40.98,0.2083,1.7988,28.684,0.05,28.747,144.772,144.872,4.834
10.833333333333334,Nairobi,106.0,0.0,1342.19975,41.64,0.1931,1.7988,28.684,0.05,28.747,144.771,144.872,4.477
10.833333333333334,Johannesburg,88.0,0.0,1511.021625,40.62,0.2171,1.7988,28.684,0.05,28.747,144.772,144.872,5.04
10.833333333333334,Havana,157.0,0.0,1219.124625,42.48,0.1753,1.7988,28.684,0.05,28.747,144.771,144.871,4.067
10.833333333333334,Caracas,25.0,0.0,1162.23725,42.9,0.167,1.7988,28.684,0.05,28.747,144.771,144.871,3.877
10.833333333333334,Buenos_Aires,194.0,0.0,1432.87975,41.08,0.2059,1.7988,28.684,0.05,28.747,144.772,144.872,4.78
11.0,Vladimir,121.0,0.0,1081.19775,43.52,0.1555,1.7988,28.684,0.05,28.747,144.77,144.87,3.606
11.0,Murmansk,120.0,0.0,1244.519,42.3,0.179,1.7988,28.684,0.05,28.747,144.771,144.871,4.151
11.0,Novosibirsk,161.0,0.0,1028.2735,43.96,0.1478,1.7988,28.684,0.05,28.747,144.77,144.87,3.43
11.0,Zheleznogorsk,161.0,0.0,1212.450875,42.53,0.1743,1.7988,28.684,0.05,28.747,144.771,144.871,4.044
11.0,Yakutsk,18.0,0.0,1075.6385,43.57,0.1546,1.7988,28.684,0.05,28.747,144.77,144.87,3.588
11.0,Khabarovsk,201.0,0.0,1149.839,42.99,0.1653,1.7988,28.684,0.05,28.747,144.771,144.871,3.835
11.0,Vladivostok,36.0,0.0,1011.006375,44.11,0.1453,1.7988,28.684,0.05,28.747,144.77,144.87,3.372
11.0,Minsk,237.0,0.0,1145.28225,43.02,0.1647,1.7988,28.684,0.05,28.747,144.771,144.871,3.82
11.0,Almaty,141.0,0.0,1351.644875,41.58,0.1944,1.7988,28.684,0.05,28.747,144.771,144.872,4.509
11.0,Tehran,122.0,0.0,1097.977875,43.39,0.1578,1.7988,28.684,0.05,28.747,144.77,144.871,3.662
11.0,Urumqi,297.0,0.0,1225.726375,42.43,0.1763,1.7988,28.684,0.05,28.747,144.771,144.871,4.089
11.0,Delhi,142.0,0.0,1056.43425,43.72,0.152,1.7988,28.684,0.05,28.747,144.77,144.87,3.524
11.0,Yangon,15.0,0.0,1023.136125,44.0,0.1471,1.7988,28.684,0.05,28.747,144.77,144.87,3.413
11.0,Jakarta,164.0,0.0,1370.2425,41.47,0.1969,1.7988,28.684,0.05,28.747,144.772,144.872,4.571
11.0,Luanda,85.0,0.0,1296.153875,41.95,0.1863,1.7988,28.684,0.05,28.747,144.771,144.871,4.324
11.0,Nairobi,104.0,0.0,1210.279625,42.54,0.1741,1.7988,28.684,0.05,28.747,144.771,144.871,4.037
11.0,Johannesburg,272.0,0.0,1447.1495,40.99,0.2081,1.7988,28.684,0.05,28.747,144.772,144.872,4.827
11.0,Havana,155.0,0.0,1391.191,41.33,0.2001,1.7988,28.684,0.05,28.747,144.772,144.872,4.641
11.0,Caracas,23.0,0.0,1013.0045,44.09,0.1456,1.7988,28.684,0.05,28.747,144.77,144.87,3.379
11.0,Buenos_Aires,192.0,0.0,1270.0485,42.12,0.1827,1.7988,28.684,0.05,28.747,144.771,144.871,4.236
11.166666666666666,Vladimir,139.0,0.0,1120.001875,43.22,0.161,1.7988,28.684,0.05,28.747,144.77,144.871,3.736
11.166666666666666,Murmansk,236.0,0.0,1126.563875,43.17,0.1619,1.7988,28.684,0.05,28.747,144.77,144.871,3.758
11.166666666666666,Novosibirsk,179.0,0.0,1001.1958125,44.19,0.144,1.7988,28.684,0.05,28.747,144.77,144.87,3.34
11.166666666666666,Zheleznogorsk,198.0,0.0,1254.903125,42.23,0.1804,1.7988,28.684,0.05,28.747,144.771,144.871,4.186
11.166666666666666,Yakutsk,16.0,0.0,1061.867875,43.68,0.1527,1.7988,28.684,0.05,28.747,144.77,144.87,3.542
11.166666666666666,Khabarovsk,219.0,0.0,1309.656875,41.86,0.1883,1.7988,28.684,0.05,28.747,144.771,144.871,4.369
11.166666666666666,Vladivostok,34.0,0.0,1112.130625,43.28,0.1599,1.7988,28.684,0.05,28.747,144.77,144.871,3.71
11.166666666666666,Minsk,139.0,0.0,1075.036,43.57,0.1546,1.7988,28.684,0.05,28.747,144.77,144.87,3.586
11.166666666666666,Almaty,295.0,0.0,1331.7065,41.71,0.1915,1.7988,28.684,0.05,28.747,144.771,144.872,4.442
11.166666666666666,Tehran,274.0,0.0,1200.099875,42.62,0.1725,1.7988,28.684,0.05,28.747,144.771,144.871,4.003
11.166666666666666,Urumqi,295.0,0.0,1151.504625,42.98,0.1655,1.7988,28.684,0.05,28.747,144.771,144.871,3.841
11.166666666666666,Delhi,294.0,0.0,1042.1196875,43.84,0.1499,1.7988,28.684,0.05,28.747,144.77,144.87,3.476
11.166666666666666,Yangon,13.0,0.0,1051.664875,43.76,0.1513,1.7988,28.684,0.05,28.747,144.77,144.87,3.508
11.166666666666666,Jakarta,31.0,0.0,1366.455625,41.49,0.1964,1.7988,28.684,0.05,28.747,144.772,144.872,4.558
11.166666666666666,Luanda,83.0,0.0,1202.683,42.6,0.1729,1.7988,28.684,0.05,28.747,144.771,144.871,4.012
11.166666666666666,Nairobi,102.0,0.0,1204.1165,42.59,0.1731,1.7988,28.684,0.05,28.747,144.771,144.871,4.017
11.166666666666666,Johannesburg,270.0,0.0,1279.62475,42.06,0.184,1.7988,28.684,0.05,28.747,144.771,144.871,4.268
11.166666666666666,Havana,20.0,0.0,1575.04175,40.26,0.2263,1.7988,28.684,0.05,28.748,144.773,144.873,5.254
11.166666666666666,Caracas,21.0,0.0,1009.7473125,44.12,0.1451,1.7988,28.684,0.05,28.747,144.77,144.87,3.368
11.166666666666666,Buenos_Aires,190.0,0.0,1200.654875,42.61,0.1727,1.7988,28.684,0.05,28.747,144.771,144.871,4.005
11.333333333333334,Vladimir,137.0,0.0,1234.627,42.37,0.1775,1.7988,28.684,0.05,28.747,144.771,144.871,4.118
11.333333333333334,Murmansk,234.0,0.0,1026.3469375,43.98,0.1475,1.7988,28.684,0.05,28.747,144.77,144.87,3.424
11.333333333333334,Novosibirsk,177.0,0.0,1070.374875,43.61,0.1539,1.7988,28.684,0.05,28.747,144.77,144.87,3.57
11.333333333333334,Zheleznogorsk,294.0,0.0,1271.524875,42.11,0.1829,1.7988,28.684,0.05,28.747,144.771,144.871,4.241
11.333333333333334,Yakutsk,14.0,0.0,1134.860875,43.1,0.1632,1.7988,28.684,0.05,28.747,144.77,144.871,3.785
11.333333333333334,Khabarovsk,33.0,0.0,1261.165625,42.19,0.1812,1.7988,28.684,0.05,28.747,144.771,144.871,4.207
11.333333333333334,Vladivostok,218.0,0.0,1143.324375,43.04,0.1643,1.7988,28.684,0.05,28.747,144.771,144.871,3.814
11.333333333333334,Minsk,137.0,0.0,1036.9946875,43.89,0.149,1.7988,28.684,0.05,28.747,144.77,144.87,3.459
11.333333333333334,Almaty,293.0,0.0,1138.215125,43.08,0.1636,1.7988,28.684,0.05,28.747,144.77,144.871,3.797
11.333333333333334,Tehran,272.0,0.0,1049.171,43.78,0.1509,1.7988,28.684,0.05,28.747,144.77,144.87,3.5
11.333333333333334,Urumqi,178.0,0.0,1114.488125,43.26,0.1602,1.7988,28.684,0.05,28.747,144.77,144.871,3.718
11.333333333333334,Delhi,292.0,0.0,1066.76775,43.64,0.1534,1.7988,28.684,0.05,28.747,144.77,144.87,3.558
11.333333333333334,Yangon,179.0,0.0,1197.19075,42.64,0.1721,1.7988,28.684,0.05,28.747,144.771,144.871,3.993
11.333333333333334,Jakarta,161.0,0.0,1284.310375,42.03,0.1846,1.7988,28.684,0.05,28.747,144.771,144.871,4.284
11.333333333333334,Luanda,250.0,0.0,1113.916375,43.26,0.1602,1.7988,28.684,0.05,28.747,144.77,144.871,3.716
11.333333333333334,Nairobi,270.0,0.0,1291.7495,41.98,0.1857,1.7988,28.684,0.05,28.747,144.771,144.871,4.309
11.333333333333334,Johannesburg,268.0,0.0,1214.601375,42.51,0.1747,1.7988,28.684,0.05,28.747,144.771,144.871,4.051
11.333333333333334,Havana,38.0,0.0,1503.527125,40.66,0.2161,1.7988,28.684,0.05,28.747,144.772,144.872,5.015
11.333333333333334,Caracas,39.0,0.0,1152.51075,42.97,0.1657,1.7988,28.684,0.05,28.747,144.771,144.871,3.844
11.333333333333334,Buenos_Aires,22.0,0.0,1150.711625,42.98,0.1655,1.7988,28.684,0.05,28.747,144.771,144.871,3.838
11.5,Vladimir,252.0,0.0,1191.27275,42.68,0.1713,1.7988,28.684,0.05,28.747,144.771,144.871,3.974
11.5,Murmansk,232.0,0.0,998.91,44.21,0.1436,1.7988,28.684,0.05,28.747,144.77,144.87,3.332
11.5,Novosibirsk,175.0,0.0,1216.529625,42.5,0.1749,1.7988,28.684,0.05,28.747,144.771,144.871,4.058
11.5,Zheleznogorsk,292.0,0.0,1174.37325,42.8,0.1689,1.7988,28.684,0.05,28.747,144.771,144.871,3.917
11.5,Yakutsk,234.0,0.0,1103.020625,43.35,0.1586,1.7988,28.684,0.05,28.747,144.77,144.871,3.679
11.5,Khabarovsk,31.0,0.0,1191.8815,42.68,0.1713,1.7988,28.684,0.05,28.747,144.771,144.871,3.976
11.5,Vladivostok,216.0,0.0,1022.9100625,44.0,0.1471,1.7988,28.684,0.05,28.747,144.77,144.87,3.412
11.5,Minsk,135.0,0.0,1096.76675,43.4,0.1577,1.7988,28.684,0.05,28.747,144.77,144.871,3.658
11.5,Almaty,291.0,0.0,1021.7334375,44.01,0.147,1.7988,28.684,0.05,28.747,144.77,144.87,3.408
11.5,Tehran,270.0,0.0,1008.61975,44.13,0.145,1.7988,28.684,0.05,28.747,144.77,144.87,3.364
11.5,Urumqi,176.0,0.0,1069.587625,43.62,0.1537,1.7988,28.684,0.05,28.747,144.77,144.87,3.568
11.5,Delhi,290.0,0.0,1214.99275,42.51,0.1747,1.7988,28.684,0.05,28.747,144.771,144.871,4.053
11.5,Yangon,177.0,0.0,1399.159125,41.28,0.2012,1.7988,28.684,0.05,28.747,144.772,144.872,4.667
11.5,Jakarta,179.0,0.0,1316.747625,41.81,0.1893,1.7988,28.684,0.05,28.747,144.771,144.871,4.392
11.5,Luanda,248.0,0.0,1024.567625,43.99,0.1473,1.7988,28.684,0.05,28.747,144.77,144.87,3.418
11.5,Nairobi,268.0,0.0,1088.96025,43.46,0.1566,1.7988,28.684,0.05,28.747,144.77,144.871,3.632
11.5,Johannesburg,266.0,0.0,1265.871625,42.15,0.1821,1.7988,28.684,0.05,28.747,144.771,144.871,4.222
11.5,Havana,170.0,0.0,1500.4,40.68,0.2156,1.7988,28.684,0.05,28.747,144.772,144.872,5.005
11.5,Caracas,37.0,0.0,1395.66375,41.31,0.2006,1.7988,28.684,0.05,28.747,144.772,144.872,4.655
11.5,Buenos_Aires,20.0,0.0,1036.5710625,43.89,0.149,1.7988,28.684,0.05,28.747,144.77,144.87,3.458
11.666666666666666,Vladimir,250.0,0.0,1097.20375,43.4,0.1577,1.7988,28.684,0.05,28.747,144.77,144.871,3.66
11.666666666666666,Murmansk,152.0,0.0,1042.881125,43.84,0.1499,1.7988,28.684,0.05,28.747,144.77,144.87,3.479
11.666666666666666,Novosibirsk,290.0,0.0,1190.549625,42.69,0.1711,1.7988,28.684,0.05,28.747,144.771,144.871,3.971
11.666666666666666,Zheleznogorsk,290.0,0.0,1159.40075,42.92,0.1666,1.7988,28.684,0.05,28.747,144.771,144.871,3.867
11.666666666666666,Yakutsk,232.0,0.0,1126.76625,43.16,0.1621,1.7988,28.684,0.05,28.747,144.77,144.871,3.758
11.666666666666666,Khabarovsk,29.0,0.0,1215.518875,42.51,0.1747,1.7988,28.684,0.05,28.747,144.771,144.871,4.055
11.666666666666666,Vladivostok,214.0,0.0,1013.252125,44.09,0.1456,1.7988,28.684,0.05,28.747,144.77,144.87,3.38
11.666666666666666,Minsk,133.0,0.0,1237.46275,42.35,0.1779,1.7988,28.684,0.05,28.747,144.771,144.871,4.128
11.666666666666666,Almaty,289.0,0.0,1013.46325,44.08,0.1458,1.7988,28.684,0.05,28.747,144.77,144.87,3.381
11.666666666666666,Tehran,268.0,0.0,1094.24075,43.42,0.1573,1.7988,28.684,0.05,28.747,144.77,144.871,3.65
11.666666666666666,Urumqi,174.0,0.0,1130.525125,43.14,0.1625,1.7988,28.684,0.05,28.747,144.77,144.871,3.771
11.666666666666666,Delhi,288.0,0.0,1450.9825,40.97,0.2086,1.7988,28.684,0.05,28.747,144.772,144.872,4.84
11.666666666666666,Yangon,176.0,0.0,1464.088625,40.89,0.2105,1.7988,28.684,0.05,28.747,144.772,144.872,4.884
11.666666666666666,Jakarta,26.0,0.0,1268.245875,42.14,0.1823,1.7988,28.684,0.05,28.747,144.771,144.871,4.23
11.666666666666666,Luanda,246.0,0.0,1084.99075,43.49,0.156,1.7988,28.684,0.05,28.747,144.77,144.87,3.619
11.666666666666666,Nairobi,266.0,0.0,1012.44725,44.09,0.1456,1.7988,28.684,0.05,28.747,144.77,144.87,3.377
11.666666666666666,Johannesburg,117.0,0.0,1386.661375,41.36,0.1994,1.7988,28.684,0.05,28.747,144.772,144.872,4.625
11.666666666666666,Havana,168.0,0.0,1242.030375,42.32,0.1785,1.7988,28.684,0.05,28.747,144.771,144.871,4.143
11.666666666666666,Caracas,35.0,0.0,1694.812,39.62,0.2436,1.7988,28.684,0.05,28.748,144.773,144.874,5.653
11.666666666666666,Buenos_Aires,38.0,0.0,1042.5085,43.84,0.1499,1.7988,28.684,0.05,28.747,144.77,144.87,3.477
11.833333333333334,Vladimir,248.0,0.0,1090.652625,43.45,0.1568,1.7988,28.684,0.05,28.747,144.77,144.871,3.638
11.833333333333334,Murmansk,150.0,0.0,1026.1013125,43.98,0.1475,1.7988,28.684,0.05,28.747,144.77,144.87,3.423
11.833333333333334,Novosibirsk,288.0,0.0,1080.145125,43.53,0.1553,1.7988,28.684,0.05,28.747,144.77,144.87,3.603
11.833333333333334,Zheleznogorsk,191.0,0.0,1113.748375,43.27,0.16,1.7988,28.684,0.05,28.747,144.77,144.871,3.715
11.833333333333334,Yakutsk,230.0,0.0,1228.43375,42.41,0.1767,1.7988,28.684,0.05,28.747,144.771,144.871,4.098
11.833333333333334,Khabarovsk,27.0,0.0,1329.554,41.73,0.1911,1.7988,28.684,0.05,28.747,144.771,144.872,4.435
11.833333333333334,Vladivostok,212.0,0.0,1113.932875,43.26,0.1602,1.7988,28.684,0.05,28.747,144.77,144.871,3.716
11.833333333333334,Minsk,248.0,0.0,1241.6675,42.32,0.1785,1.7988,28.684,0.05,28.747,144.771,144.871,4.142
11.833333333333334,Almaty,172.0,0.0,1004.089125,44.17,0.1443,1.7988,28.684,0.05,28.747,144.77,144.87,3.349
11.833333333333334,Tehran,152.0,0.0,1190.55475,42.69,0.1711,1.7988,28.684,0.05,28.747,144.771,144.871,3.971
11.833333333333334,Urumqi,7.0,0.0,1210.890375,42.54,0.1741,1.7988,28.684,0.05,28.747,144.771,144.871,4.039
11.833333333333334,Delhi,173.0,0.0,1327.114375,41.74,0.1909,1.7988,28.684,0.05,28.747,144.771,144.872,4.427
11.833333333333334,Yangon,174.0,0.0,1451.136,40.97,0.2086,1.7988,28.684,0.05,28.747,144.772,144.872,4.84
11.833333333333334,Jakarta,24.0,0.0,1174.38475,42.8,0.1689,1.7988,28.684,0.05,28.747,144.771,144.871,3.917
11.833333333333334,Luanda,244.0,0.0,1272.952125,42.1,0.1831,1.7988,28.684,0.05,28.747,144.771,144.871,4.246
11.833333333333334,Nairobi,264.0,0.0,1089.453875,43.46,0.1566,1.7988,28.684,0.05,28.747,144.77,144.871,3.634
11.833333333333334,Johannesburg,263.0,0.0,1336.148,41.68,0.1922,1.7988,28.684,0.05,28.747,144.771,144.872,4.457
11.833333333333334,Havana,166.0,0.0,1056.137875,43.73,0.1518,1.7988,28.684,0.05,28.747,144.77,144.87,3.523
11.833333333333334,Caracas,185.0,0.0,1565.79675,40.31,0.225,1.7988,28.684,0.05,28.748,144.773,144.873,5.223
11.833333333333334,Buenos_Aires,36.0,0.0,1169.646375,42.84,0.1682,1.7988,28.684,0.05,28.747,144.771,144.871,3.902
12.0,Vladimir,149.0,0.0,1076.526375,43.56,0.1548,1.7988,28.684,0.05,28.747,144.77,144.87,3.591
12.0,Murmansk,148.0,0.0,1084.521875,43.5,0.1559,1.7988,28.684,0.05,28.747,144.77,144.87,3.618
12.0,Novosibirsk,286.0,0.0,1057.1575,43.72,0.152,1.7988,28.684,0.05,28.747,144.77,144.87,3.526
12.0,Zheleznogorsk,189.0,0.0,1028.6190625,43.96,0.1478,1.7988,28.684,0.05,28.747,144.77,144.87,3.431
12.0,Yakutsk,26.0,0.0,1115.433,43.25,0.1604,1.7988,28.684,0.05,28.747,144.77,144.871,3.721
12.0,Khabarovsk,229.0,0.0,1280.18425,42.06,0.184,1.7988,28.684,0.05,28.747,144.771,144.871,4.27
12.0,Vladivostok,45.0,0.0,1261.71425,42.18,0.1814,1.7988,28.684,0.05,28.747,144.771,144.871,4.209
12.0,Minsk,246.0,0.0,1089.1885,43.46,0.1566,1.7988,28.684,0.05,28.747,144.77,144.871,3.633
12.0,Almaty,170.0,0.0,1051.320125,43.77,0.1511,1.7988,28.684,0.05,28.747,144.77,144.87,3.507
12.0,Tehran,150.0,0.0,1067.28475,43.64,0.1534,1.7988,28.684,0.05,28.747,144.77,144.87,3.56
12.0,Urumqi,5.0,0.0,1131.725125,43.13,0.1626,1.7988,28.684,0.05,28.747,144.77,144.871,3.775
12.0,Delhi,171.0,0.0,1126.444875,43.17,0.1619,1.7988,28.684,0.05,28.747,144.77,144.871,3.757
12.0,Yangon,172.0,0.0,1540.467125,40.45,0.2214,1.7988,28.684,0.05,28.748,144.772,144.873,5.138
12.0,Jakarta,22.0,0.0,1212.64625,42.53,0.1743,1.7988,28.684,0.05,28.747,144.771,144.871,4.045
12.0,Luanda,242.0,0.0,1541.073625,40.44,0.2217,1.7988,28.684,0.05,28.748,144.772,144.873,5.14
12.0,Nairobi,262.0,0.0,1292.434375,41.97,0.1859,1.7988,28.684,0.05,28.747,144.771,144.871,4.311
12.0,Johannesburg,114.0,0.0,1223.8335,42.45,0.1759,1.7988,28.684,0.05,28.747,144.771,144.871,4.082
12.0,Havana,164.0,0.0,988.52725,44.3,0.1421,1.7988,28.684,0.05,28.747,144.77,144.87,3.297
12.0,Caracas,183.0,0.0,1286.0065,42.02,0.1848,1.7988,28.684,0.05,28.747,144.771,144.871,4.29
12.0,Buenos_Aires,34.0,0.0,1387.02425,41.36,0.1994,1.7988,28.684,0.05,28.747,144.772,144.872,4.627
12.166666666666666,Vladimir,147.0,0.0,998.923625,44.21,0.1436,1.7988,28.684,0.05,28.747,144.77,144.87,3.332
12.166666666666666,Murmansk,146.0,0.0,1205.366625,42.58,0.1733,1.7988,28.684,0.05,28.747,144.771,144.871,4.021
12.166666666666666,Novosibirsk,187.0,0.0,1089.67,43.46,0.1566,1.7988,28.684,0.05,28.747,144.77,144.871,3.635
12.166666666666666,Zheleznogorsk,187.0,0.0,1035.587875,43.9,0.1488,1.7988,28.684,0.05,28.747,144.77,144.87,3.454
12.166666666666666,Yakutsk,24.0,0.0,1017.12075,44.05,0.1463,1.7988,28.684,0.05,28.747,144.77,144.87,3.393
12.166666666666666,Khabarovsk,227.0,0.0,1313.707,41.83,0.1889,1.7988,28.684,0.05,28.747,144.771,144.871,4.382
12.166666666666666,Vladivostok,43.0,0.0,1189.3345,42.7,0.1709,1.7988,28.684,0.05,28.747,144.771,144.871,3.967
12.166666666666666,Minsk,244.0,0.0,1014.3795,44.08,0.1458,1.7988,28.684,0.05,28.747,144.77,144.87,3.384
12.166666666666666,Almaty,168.0,0.0,1197.6795,42.63,0.1723,1.7988,28.684,0.05,28.747,144.771,144.871,3.995
12.166666666666666,Tehran,148.0,0.0,1061.82725,43.68,0.1527,1.7988,28.684,0.05,28.747,144.77,144.87,3.542
12.166666666666666,Urumqi,3.0,0.0,1150.922625,42.98,0.1655,1.7988,28.684,0.05,28.747,144.771,144.871,3.839
12.166666666666666,Delhi,169.0,0.0,1032.1678125,43.93,0.1483,1.7988,28.684,0.05,28.747,144.77,144.87,3.443
12.166666666666666,Yangon,21.0,0.0,1396.070125,41.3,0.2008,1.7988,28.684,0.05,28.747,144.772,144.872,4.657
12.166666666666666,Jakarta,20.0,0.0,1371.396625,41.46,0.1971,1.7988,28.684,0.05,28.747,144.772,144.872,4.574
12.166666666666666,Luanda,111.0,0.0,1358.652125,41.54,0.1953,1.7988,28.684,0.05,28.747,144.771,144.872,4.532
12.166666666666666,Nairobi,131.0,0.0,1194.115,42.66,0.1717,1.7988,28.684,0.05,28.747,144.771,144.871,3.983
12.166666666666666,Johannesburg,112.0,0.0,1159.685375,42.91,0.1668,1.7988,28.684,0.05,28.747,144.771,144.871,3.868
12.166666666666666,Havana,162.0,0.0,1064.936125,43.65,0.1532,1.7988,28.684,0.05,28.747,144.77,144.87,3.552
12.166666666666666,Caracas,181.0,0.0,1078.660875,43.54,0.1551,1.7988,28.684,0.05,28.747,144.77,144.87,3.598
12.166666666666666,Buenos_Aires,219.0,0.0,1243.789375,42.31,0.1787,1.7988,28.684,0.05,28.747,144.771,144.871,4.149
12.333333333333334,Vladimir,145.0,0.0,1017.967375,44.05,0.1463,1.7988,28.684,0.05,28.747,144.77,144.87,3.396
12.333333333333334,Murmansk,243.0,0.0,1129.905625,43.14,0.1625,1.7988,28.684,0.05,28.747,144.77,144.871,3.769
12.333333333333334,Novosibirsk,185.0,0.0,1037.1850625,43.88,0.1492,1.7988,28.684,0.05,28.747,144.77,144.87,3.46
12.333333333333334,Zheleznogorsk,2.0,0.0,1033.889,43.91,0.1487,1.7988,28.684,0.05,28.747,144.77,144.87,3.449
12.333333333333334,Yakutsk,22.0,0.0,1001.6860625,44.19,0.144,1.7988,28.684,0.05,28.747,144.77,144.87,3.341
12.333333333333334,Khabarovsk,42.0,0.0,1348.28725,41.61,0.1937,1.7988,28.684,0.05,28.747,144.771,144.872,4.497
12.333333333333334,Vladivostok,41.0,0.0,1211.707125,42.53,0.1743,1.7988,28.684,0.05,28.747,144.771,144.871,4.042
12.333333333333334,Minsk,242.0,0.0,1037.7305625,43.88,0.1492,1.7988,28.684,0.05,28.747,144.77,144.87,3.461
12.333333333333334,Almaty,166.0,0.0,1409.571375,41.22,0.2026,1.7988,28.684,0.05,28.747,144.772,144.872,4.702
12.333333333333334,Tehran,146.0,0.0,1172.853,42.82,0.1686,1.7988,28.684,0.05,28.747,144.771,144.871,3.912
12.333333333333334,Urumqi,1.0,0.0,1266.930625,42.15,0.1821,1.7988,28.684,0.05,28.747,144.771,144.871,4.226
12.333333333333334,Delhi,167.0,0.0,1070.20975,43.61,0.1539,1.7988,28.684,0.05,28.747,144.77,144.87,3.57
12.333333333333334,Yangon,39.0,0.0,1296.070625,41.95,0.1863,1.7988,28.684,0.05,28.747,144.771,144.871,4.323
12.333333333333334,Jakarta,189.0,0.0,1379.03575,41.41,0.1983,1.7988,28.684,0.05,28.747,144.772,144.872,4.6
12.333333333333334,Luanda,109.0,0.0,1126.178875,43.17,0.1619,1.7988,28.684,0.05,28.747,144.77,144.871,3.757
12.333333333333334,Nairobi,129.0,0.0,1024.6825,43.99,0.1473,1.7988,28.684,0.05,28.747,144.77,144.87,3.418
12.333333333333334,Johannesburg,110.0,0.0,1216.782125,42.5,0.1749,1.7988,28.684,0.05,28.747,144.771,144.871,4.059
12.333333333333334,Havana,27.0,0.0,1218.9855,42.48,0.1753,1.7988,28.684,0.05,28.747,144.771,144.871,4.066
12.333333333333334,Caracas,199.0,0.0,993.04125,44.26,0.1428,1.7988,28.684,0.05,28.747,144.77,144.87,3.312
12.333333333333334,Buenos_Aires,217.0,0.0,1069.58575,43.62,0.1537,1.7988,28.684,0.05,28.747,144.77,144.87,3.568
12.5,Vladimir,143.0,0.0,1125.817125,43.17,0.1619,1.7988,28.684,0.05,28.747,144.77,144.871,3.755
12.5,Murmansk,241.0,0.0,1050.446125,43.77,0.1511,1.7988,28.684,0.05,28.747,144.77,144.87,3.504
12.5,Novosibirsk,183.0,0.0,1081.656625,43.52,0.1555,1.7988,28.684,0.05,28.747,144.77,144.87,3.608
12.5,Zheleznogorsk,0.0,0.0,1093.66025,43.42,0.1573,1.7988,28.684,0.05,28.747,144.77,144.871,3.648
12.5,Yakutsk,20.0,0.0,1075.283875,43.57,0.1546,1.7988,28.684,0.05,28.747,144.77,144.87,3.587
12.5,Khabarovsk,40.0,0.0,1160.8125,42.91,0.1668,1.7988,28.684,0.05,28.747,144.771,144.871,3.872
12.5,Vladivostok,224.0,0.0,1298.723,41.93,0.1867,1.7988,28.684,0.05,28.747,144.771,144.871,4.332
12.5,Minsk,240.0,0.0,1156.061625,42.94,0.1662,1.7988,28.684,0.05,28.747,144.771,144.871,3.856
12.5,Almaty,19.0,0.0,1417.908625,41.17,0.2038,1.7988,28.684,0.05,28.747,144.772,144.872,4.73
12.5,Tehran,299.0,0.0,1194.964,42.65,0.1719,1.7988,28.684,0.05,28.747,144.771,144.871,3.986
12.5,Urumqi,184.0,0.0,1128.7515,43.15,0.1623,1.7988,28.684,0.05,28.747,144.77,144.871,3.765
12.5,Delhi,165.0,0.0,1225.582625,42.43,0.1763,1.7988,28.684,0.05,28.747,144.771,144.871,4.088
12.5,Yangon,37.0,0.0,1309.876375,41.86,0.1883,1.7988,28.684,0.05,28.747,144.771,144.871,4.369
12.5,Jakarta,187.0,0.0,1147.19275,43.01,0.1649,1.7988,28.684,0.05,28.747,144.771,144.871,3.827
12.5,Luanda,107.0,0.0,1002.2235,44.18,0.1441,1.7988,28.684,0.05,28.747,144.77,144.87,3.343
12.5,Nairobi,127.0,0.0,998.034,44.22,0.1435,1.7988,28.684,0.05,28.747,144.77,144.87,3.329
12.5,Johannesburg,108.0,0.0,1382.105625,41.39,0.1987,1.7988,28.684,0.05,28.747,144.772,144.872,4.61
12.5,Havana,25.0,0.0,1450.304625,40.97,0.2086,1.7988,28.684,0.05,28.747,144.772,144.872,4.838
12.5,Caracas,197.0,0.0,1060.84075,43.69,0.1525,1.7988,28.684,0.05,28.747,144.77,144.87,3.539
12.5,Buenos_Aires,215.0,0.0,1005.54025,44.15,0.1446,1.7988,28.684,0.05,28.747,144.77,144.87,3.354
12.666666666666666,Vladimir,278.0,0.0,1140.97325,43.06,0.164,1.7988,28.684,0.05,28.747,144.77,144.871,3.806
12.666666666666666,Murmansk,259.0,0.0,1041.834125,43.85,0.1497,1.7988,28.684,0.05,28.747,144.77,144.87,3.475
12.666666666666666,Novosibirsk,18.0,0.0,1155.72075,42.94,0.1662,1.7988,28.684,0.05,28.747,144.771,144.871,3.855
12.666666666666666,Zheleznogorsk,18.0,0.0,1234.384625,42.37,0.1775,1.7988,28.684,0.05,28.747,144.771,144.871,4.117
12.666666666666666,Yakutsk,221.0,0.0,1058.46225,43.71,0.1521,1.7988,28.684,0.05,28.747,144.77,144.87,3.531
12.666666666666666,Khabarovsk,58.0,0.0,1042.859625,43.84,0.1499,1.7988,28.684,0.05,28.747,144.77,144.87,3.479
12.666666666666666,Vladivostok,222.0,0.0,1126.07025,43.17,0.1619,1.7988,28.684,0.05,28.747,144.77,144.871,3.756
12.666666666666666,Minsk,141.0,0.0,1230.95725,42.4,0.1769,1.7988,28.684,0.05,28.747,144.771,144.871,4.106
12.666666666666666,Almaty,17.0,0.0,1475.79425,40.82,0.2122,1.7988,28.684,0.05,28.747,144.772,144.872,4.923
12.666666666666666,Tehran,297.0,0.0,1068.816375,43.62,0.1537,1.7988,28.684,0.05,28.747,144.77,144.87,3.565
12.666666666666666,Urumqi,182.0,0.0,1011.8945,44.1,0.1455,1.7988,28.684,0.05,28.747,144.77,144.87,3.375
12.666666666666666,Delhi,17.0,0.0,1210.379875,42.54,0.1741,1.7988,28.684,0.05,28.747,144.771,144.871,4.037
12.666666666666666,Yangon,35.0,0.0,1435.469,41.06,0.2064,1.7988,28.684,0.05,28.747,144.772,144.872,4.788
12.666666666666666,Jakarta,185.0,0.0,1023.2629375,44.0,0.1471,1.7988,28.684,0.05,28.747,144.77,144.87,3.413
12.666666666666666,Luanda,105.0,0.0,1028.6723125,43.96,0.1478,1.7988,28.684,0.05,28.747,144.77,144.87,3.431
12.666666666666666,Nairobi,125.0,0.0,1124.66025,43.18,0.1617,1.7988,28.684,0.05,28.747,144.77,144.871,3.751
12.666666666666666,Johannesburg,293.0,0.0,1584.730625,40.2,0.2279,1.7988,28.684,0.05,28.748,144.773,144.873,5.286
12.666666666666666,Havana,23.0,0.0,1730.869875,39.44,0.2487,1.7988,28.684,0.05,28.748,144.774,144.874,5.774
12.666666666666666,Caracas,195.0,0.0,1258.30575,42.21,0.1808,1.7988,28.684,0.05,28.747,144.771,144.871,4.197
12.666666666666666,Buenos_Aires,213.0,0.0,1068.61625,43.62,0.1537,1.7988,28.684,0.05,28.747,144.77,144.87,3.565
12.833333333333334,Vladimir,276.0,0.0,1025.752125,43.98,0.1475,1.7988,28.684,0.05,28.747,144.77,144.87,3.422
12.833333333333334,Murmansk,179.0,0.0,1006.7321875,44.14,0.1448,1.7988,28.684,0.05,28.747,144.77,144.87,3.358
12.833333333333334,Novosibirsk,16.0,0.0,1191.0425,42.68,0.1713,1.7988,28.684,0.05,28.747,144.771,144.871,3.973
12.833333333333334,Zheleznogorsk,200.0,0.0,1318.74575,41.8,0.1896,1.7988,28.684,0.05,28.747,144.771,144.872,4.399
12.833333333333334,Yakutsk,239.0,0.0,1113.47775,43.27,0.16,1.7988,28.684,0.05,28.747,144.77,144.871,3.714
12.833333333333334,Khabarovsk,56.0,0.0,1022.8828125,44.0,0.1471,1.7988,28.684,0.05,28.747,144.77,144.87,3.412
12.833333333333334,Vladivostok,220.0,0.0,1047.951,43.79,0.1507,1.7988,28.684,0.05,28.747,144.77,144.87,3.496
12.833333333333334,Minsk,159.0,0.0,1341.2925,41.65,0.1929,1.7988,28.684,0.05,28.747,144.771,144.872,4.474
12.833333333333334,Almaty,180.0,0.0,1313.6255,41.83,0.1889,1.7988,28.684,0.05,28.747,144.771,144.871,4.382
12.833333333333334,Tehran,295.0,0.0,1054.424625,43.74,0.1516,1.7988,28.684,0.05,28.747,144.77,144.87,3.517
12.833333333333334,Urumqi,180.0,0.0,1007.1655,44.14,0.1448,1.7988,28.684,0.05,28.747,144.77,144.87,3.36
12.833333333333334,Delhi,15.0,0.0,1106.232875,43.32,0.1591,1.7988,28.684,0.05,28.747,144.77,144.871,3.69
12.833333333333334,Yangon,182.0,0.0,1281.144125,42.05,0.1842,1.7988,28.684,0.05,28.747,144.771,144.871,4.273
12.833333333333334,Jakarta,183.0,0.0,1047.8264375,43.8,0.1506,1.7988,28.684,0.05,28.747,144.77,144.87,3.495
12.833333333333334,Luanda,272.0,0.0,1045.2734375,43.82,0.1502,1.7988,28.684,0.05,28.747,144.77,144.87,3.487
12.833333333333334,Nairobi,293.0,0.0,1144.333375,43.03,0.1645,1.7988,28.684,0.05,28.747,144.771,144.871,3.817
12.833333333333334,Johannesburg,292.0,0.0,1583.026375,40.21,0.2276,1.7988,28.684,0.05,28.748,144.773,144.873,5.28
12.833333333333334,Havana,194.0,0.0,1591.89275,40.16,0.2289,1.7988,28.684,0.05,28.748,144.773,144.873,5.31
12.833333333333334,Caracas,43.0,0.0,1415.691,41.18,0.2036,1.7988,28.684,0.05,28.747,144.772,144.872,4.722
12.833333333333334,Buenos_Aires,45.0,0.0,1048.58675,43.79,0.1507,1.7988,28.684,0.05,28.747,144.77,144.87,3.498
13.0,Vladimir,274.0,0.0,997.9561875,44.22,0.1435,1.7988,28.684,0.05,28.747,144.77,144.87,3.329
13.0,Murmansk,177.0,0.0,1007.4729375,44.14,0.1448,1.7988,28.684,0.05,28.747,144.77,144.87,3.361
13.0,Novosibirsk,14.0,0.0,1304.04525,41.9,0.1874,1.7988,28.684,0.05,28.747,144.771,144.871,4.35
13.0,Zheleznogorsk,218.0,0.0,1137.43775,43.08,0.1636,1.7988,28.684,0.05,28.747,144.77,144.871,3.794
13.0,Yakutsk,237.0,0.0,1235.420875,42.36,0.1777,1.7988,28.684,0.05,28.747,144.771,144.871,4.121
13.0,Khabarovsk,238.0,0.0,1061.168875,43.69,0.1525,1.7988,28.684,0.05,28.747,144.77,144.87,3.54
13.0,Vladivostok,238.0,0.0,1082.0115,43.52,0.1555,1.7988,28.684,0.05,28.747,144.77,144.87,3.609
13.0,Minsk,274.0,0.0,1299.507125,41.93,0.1867,1.7988,28.684,0.05,28.747,144.771,144.871,4.335
13.0,Almaty,14.0,0.0,1190.65375,42.69,0.1711,1.7988,28.684,0.05,28.747,144.771,144.871,3.972
13.0,Tehran,293.0,0.0,1159.11375,42.92,0.1666,1.7988,28.684,0.05,28.747,144.771,144.871,3.866
13.0,Urumqi,198.0,0.0,1112.72175,43.27,0.16,1.7988,28.684,0.05,28.747,144.77,144.871,3.712
13.0,Delhi,13.0,0.0,1123.73575,43.19,0.1615,1.7988,28.684,0.05,28.747,144.77,144.871,3.748
13.0,Yangon,180.0,0.0,1126.160125,43.17,0.1619,1.7988,28.684,0.05,28.747,144.77,144.871,3.756
13.0,Jakarta,51.0,0.0,1124.4995,43.18,0.1617,1.7988,28.684,0.05,28.747,144.77,144.871,3.751
13.0,Luanda,270.0,0.0,1089.486,43.46,0.1566,1.7988,28.684,0.05,28.747,144.77,144.871,3.634
13.0,Nairobi,291.0,0.0,1053.145375,43.75,0.1514,1.7988,28.684,0.05,28.747,144.77,144.87,3.513
13.0,Johannesburg,290.0,0.0,1311.106,41.85,0.1885,1.7988,28.684,0.05,28.747,144.771,144.871,4.373
13.0,Havana,192.0,0.0,1351.32325,41.59,0.1942,1.7988,28.684,0.05,28.747,144.771,144.872,4.508
13.0,Caracas,41.0,0.0,1314.6295,41.83,0.1889,1.7988,28.684,0.05,28.747,144.771,144.871,4.385
13.0,Buenos_Aires,43.0,0.0,1076.699,43.56,0.1548,1.7988,28.684,0.05,28.747,144.77,144.87,3.591
13.166666666666666,Vladimir,272.0,0.0,1067.582625,43.63,0.1535,1.7988,28.684,0.05,28.747,144.77,144.87,3.561
13.166666666666666,Murmansk,175.0,0.0,1085.92575,43.49,0.156,1.7988,28.684,0.05,28.747,144.77,144.87,3.622
13.166666666666666,Novosibirsk,196.0,0.0,1300.0415,41.92,0.187,1.7988,28.684,0.05,28.747,144.771,144.871,4.336
13.166666666666666,Zheleznogorsk,216.0,0.0,1028.4639375,43.96,0.1478,1.7988,28.684,0.05,28.747,144.77,144.87,3.431
13.166666666666666,Yakutsk,53.0,0.0,1149.275625,42.99,0.1653,1.7988,28.684,0.05,28.747,144.771,144.871,3.834
13.166666666666666,Khabarovsk,236.0,0.0,1150.648125,42.98,0.1655,1.7988,28.684,0.05,28.747,144.771,144.871,3.838
13.166666666666666,Vladivostok,52.0,0.0,1202.19075,42.6,0.1729,1.7988,28.684,0.05,28.747,144.771,144.871,4.01
13.166666666666666,Minsk,272.0,0.0,1134.000125,43.11,0.163,1.7988,28.684,0.05,28.747,144.77,144.871,3.783
13.166666666666666,Almaty,12.0,0.0,1064.54775,43.66,0.153,1.7988,28.684,0.05,28.747,144.77,144.87,3.551
13.166666666666666,Tehran,291.0,0.0,1357.7885,41.54,0.1953,1.7988,28.684,0.05,28.747,144.771,144.872,4.529
13.166666666666666,Urumqi,196.0,0.0,1298.802625,41.93,0.1867,1.7988,28.684,0.05,28.747,144.771,144.871,4.332
13.166666666666666,Delhi,11.0,0.0,1260.2755,42.19,0.1812,1.7988,28.684,0.05,28.747,144.771,144.871,4.204
13.166666666666666,Yangon,198.0,0.0,1097.591125,43.39,0.1578,1.7988,28.684,0.05,28.747,144.77,144.871,3.661
13.166666666666666,Jakarta,49.0,0.0,998.410375,44.21,0.1436,1.7988,28.684,0.05,28.747,144.77,144.87,3.33
13.166666666666666,Luanda,268.0,0.0,1263.83725,42.17,0.1816,1.7988,28.684,0.05,28.747,144.771,144.871,4.216
13.166666666666666,Nairobi,289.0,0.0,1109.683875,43.3,0.1595,1.7988,28.684,0.05,28.747,144.77,144.871,3.702
13.166666666666666,Johannesburg,288.0,0.0,1108.398625,43.31,0.1593,1.7988,28.684,0.05,28.747,144.77,144.871,3.697
13.166666666666666,Havana,58.0,0.0,1139.24175,43.07,0.1638,1.7988,28.684,0.05,28.747,144.77,144.871,3.8
13.166666666666666,Caracas,59.0,0.0,1330.16325,41.72,0.1913,1.7988,28.684,0.05,28.747,144.771,144.872,4.437
13.166666666666666,Buenos_Aires,41.0,0.0,1219.314375,42.48,0.1753,1.7988,28.684,0.05,28.747,144.771,144.871,4.067
13.333333333333334,Vladimir,174.0,0.0,1069.195,43.62,0.1537,1.7988,28.684,0.05,28.747,144.77,144.87,3.566
13.333333333333334,Murmansk,173.0,0.0,1225.536875,42.43,0.1763,1.7988,28.684,0.05,28.747,144.771,144.871,4.088
13.333333333333334,Novosibirsk,214.0,0.0,1263.8815,42.17,0.1816,1.7988,28.684,0.05,28.747,144.771,144.871,4.216
13.333333333333334,Zheleznogorsk,214.0,0.0,1012.759625,44.09,0.1456,1.7988,28.684,0.05,28.747,144.77,144.87,3.378
13.333333333333334,Yakutsk,51.0,0.0,1055.1865,43.73,0.1518,1.7988,28.684,0.05,28.747,144.77,144.87,3.52
13.333333333333334,Khabarovsk,234.0,0.0,1314.506,41.83,0.1889,1.7988,28.684,0.05,28.747,144.771,144.871,4.385
13.333333333333334,Vladivostok,50.0,0.0,1322.013875,41.78,0.19,1.7988,28.684,0.05,28.747,144.771,144.872,4.41
13.333333333333334,Minsk,270.0,0.0,1035.6074375,43.9,0.1488,1.7988,28.684,0.05,28.747,144.77,144.87,3.454
13.333333333333334,Almaty,10.0,0.0,1041.075625,43.85,0.1497,1.7988,28.684,0.05,28.747,144.77,144.87,3.473
13.333333333333334,Tehran,175.0,0.0,1312.2235,41.84,0.1887,1.7988,28.684,0.05,28.747,144.771,144.871,4.377
13.333333333333334,Urumqi,29.0,0.0,1444.63675,41.01,0.2076,1.7988,28.684,0.05,28.747,144.772,144.872,4.819
13.333333333333334,Delhi,195.0,0.0,1351.91225,41.58,0.1944,1.7988,28.684,0.05,28.747,144.771,144.872,4.509
13.333333333333334,Yangon,196.0,0.0,1202.939875,42.6,0.1729,1.7988,28.684,0.05,28.747,144.771,144.871,4.013
13.333333333333334,Jakarta,47.0,0.0,1024.7623125,43.99,0.1473,1.7988,28.684,0.05,28.747,144.77,144.87,3.418
13.333333333333334,Luanda,266.0,0.0,1522.795375,40.55,0.2189,1.7988,28.684,0.05,28.747,144.772,144.873,5.079
13.333333333333334,Nairobi,287.0,0.0,1294.275875,41.96,0.1861,1.7988,28.684,0.05,28.747,144.771,144.871,4.317
13.333333333333334,Johannesburg,286.0,0.0,1015.4553125,44.07,0.146,1.7988,28.684,0.05,28.747,144.77,144.87,3.387
13.333333333333334,Havana,56.0,0.0,1022.856,44.0,0.1471,1.7988,28.684,0.05,28.747,144.77,144.87,3.412
13.333333333333334,Caracas,208.0,0.0,1390.984,41.33,0.2001,1.7988,28.684,0.05,28.747,144.772,144.872,4.64
13.333333333333334,Buenos_Aires,59.0,0.0,1444.74875,41.01,0.2076,1.7988,28.684,0.05,28.747,144.772,144.872,4.819
13.5,Vladimir,172.0,0.0,1066.757125,43.64,0.1534,1.7988,28.684,0.05,28.747,144.77,144.87,3.558
13.5,Murmansk,250.0,0.0,1166.12925,42.87,0.1676,1.7988,28.684,0.05,28.747,144.771,144.871,3.89
13.5,Novosibirsk,9.0,0.0,1142.695375,43.04,0.1643,1.7988,28.684,0.05,28.747,144.771,144.871,3.812
13.5,Zheleznogorsk,212.0,0.0,1091.52625,43.44,0.1569,1.7988,28.684,0.05,28.747,144.77,144.871,3.641
13.5,Yakutsk,49.0,0.0,1038.088125,43.88,0.1492,1.7988,28.684,0.05,28.747,144.77,144.87,3.463
13.5,Khabarovsk,68.0,0.0,1446.202875,41.0,0.2078,1.7988,28.684,0.05,28.747,144.772,144.872,4.824
13.5,Vladivostok,233.0,0.0,1446.684,40.99,0.2081,1.7988,28.684,0.05,28.747,144.772,144.872,4.826
13.5,Minsk,268.0,0.0,1027.69575,43.96,0.1478,1.7988,28.684,0.05,28.747,144.77,144.87,3.428
13.5,Almaty,8.0,0.0,1129.97275,43.14,0.1625,1.7988,28.684,0.05,28.747,144.77,144.871,3.769
13.5,Tehran,173.0,0.0,1334.291625,41.7,0.1917,1.7988,28.684,0.05,28.747,144.771,144.872,4.451
13.5,Urumqi,27.0,0.0,1484.07,40.77,0.2134,1.7988,28.684,0.05,28.747,144.772,144.872,4.95
13.5,Delhi,193.0,0.0,1288.302625,42.0,0.1852,1.7988,28.684,0.05,28.747,144.771,144.871,4.297
13.5,Yangon,194.0,0.0,1410.696875,41.21,0.2029,1.7988,28.684,0.05,28.747,144.772,144.872,4.706
13.5,Jakarta,45.0,0.0,1192.712875,42.67,0.1715,1.7988,28.684,0.05,28.747,144.771,144.871,3.978
13.5,Luanda,136.0,0.0,1473.91425,40.83,0.212,1.7988,28.684,0.05,28.747,144.772,144.872,4.916
13.5,Nairobi,155.0,0.0,1327.174625,41.74,0.1909,1.7988,28.684,0.05,28.747,144.771,144.872,4.427
13.5,Johannesburg,137.0,0.0,994.0865625,44.25,0.143,1.7988,28.684,0.05,28.747,144.77,144.87,3.316
13.5,Havana,54.0,0.0,1044.851,43.82,0.1502,1.7988,28.684,0.05,28.747,144.77,144.87,3.485
13.5,Caracas,206.0,0.0,1188.746375,42.7,0.1709,1.7988,28.684,0.05,28.747,144.771,144.871,3.965
13.5,Buenos_Aires,223.0,0.0,1264.21825,42.16,0.1819,1.7988,28.684,0.05,28.747,144.771,144.871,4.217
13.666666666666666,Vladimir,170.0,0.0,1154.626125,42.95,0.166,1.7988,28.684,0.05,28.747,144.771,144.871,3.851
13.666666666666666,Murmansk,248.0,0.0,1063.683625,43.66,0.153,1.7988,28.684,0.05,28.747,144.77,144.87,3.548
13.666666666666666,Novosibirsk,7.0,0.0,1097.7765,43.39,0.1578,1.7988,28.684,0.05,28.747,144.77,144.871,3.662
13.666666666666666,Zheleznogorsk,210.0,0.0,1244.19175,42.3,0.179,1.7988,28.684,0.05,28.747,144.771,144.871,4.15
13.666666666666666,Yakutsk,250.0,0.0,1027.6313125,43.96,0.1478,1.7988,28.684,0.05,28.747,144.77,144.87,3.428
13.666666666666666,Khabarovsk,66.0,0.0,1240.04625,42.33,0.1783,1.7988,28.684,0.05,28.747,144.771,144.871,4.136
13.666666666666666,Vladivostok,231.0,0.0,1395.653875,41.31,0.2006,1.7988,28.684,0.05,28.747,144.772,144.872,4.655
13.666666666666666,Minsk,150.0,0.0,1105.84125,43.33,0.1589,1.7988,28.684,0.05,28.747,144.77,144.871,3.689
13.666666666666666,Almaty,6.0,0.0,1310.95575,41.85,0.1885,1.7988,28.684,0.05,28.747,144.771,144.871,4.373
13.666666666666666,Tehran,286.0,0.0,1439.0575,41.04,0.2069,1.7988,28.684,0.05,28.747,144.772,144.872,4.8
13.666666666666666,Urumqi,211.0,0.0,1357.550375,41.55,0.1951,1.7988,28.684,0.05,28.747,144.771,144.872,4.528
13.666666666666666,Delhi,191.0,0.0,1332.69725,41.71,0.1915,1.7988,28.684,0.05,28.747,144.771,144.872,4.445
13.666666666666666,Yangon,192.0,0.0,1681.346875,39.69,0.2417,1.7988,28.684,0.05,28.748,144.773,144.873,5.608
13.666666666666666,Jakarta,214.0,0.0,1440.4825,41.03,0.2071,1.7988,28.684,0.05,28.747,144.772,144.872,4.805
13.666666666666666,Luanda,134.0,0.0,1249.169625,42.27,0.1796,1.7988,28.684,0.05,28.747,144.771,144.871,4.167
13.666666666666666,Nairobi,153.0,0.0,1160.048875,42.91,0.1668,1.7988,28.684,0.05,28.747,144.771,144.871,3.87
13.666666666666666,Johannesburg,135.0,0.0,1069.313,43.62,0.1537,1.7988,28.684,0.05,28.747,144.77,144.87,3.567
13.666666666666666,Havana,52.0,0.0,1195.22,42.65,0.1719,1.7988,28.684,0.05,28.747,144.771,144.871,3.987
13.666666666666666,Caracas,204.0,0.0,1097.271875,43.39,0.1578,1.7988,28.684,0.05,28.747,144.77,144.871,3.66
13.666666666666666,Buenos_Aires,221.0,0.0,1116.041125,43.25,0.1604,1.7988,28.684,0.05,28.747,144.77,144.871,3.723
13.833333333333334,Vladimir,285.0,0.0,1222.49,42.46,0.1757,1.7988,28.684,0.05,28.747,144.771,144.871,4.078
13.833333333333334,Murmansk,246.0,0.0,1035.094875,43.9,0.1488,1.7988,28.684,0.05,28.747,144.77,144.87,3.453
13.833333333333334,Novosibirsk,5.0,0.0,1145.7395,43.02,0.1647,1.7988,28.684,0.05,28.747,144.771,144.871,3.822
13.833333333333334,Zheleznogorsk,24.0,0.0,1346.57375,41.62,0.1935,1.7988,28.684,0.05,28.747,144.771,144.872,4.492
13.833333333333334,Yakutsk,248.0,0.0,996.737,44.23,0.1433,1.7988,28.684,0.05,28.747,144.77,144.87,3.325
13.833333333333334,Khabarovsk,64.0,0.0,1088.397625,43.47,0.1564,1.7988,28.684,0.05,28.747,144.77,144.87,3.631
13.833333333333334,Vladivostok,64.0,0.0,1399.565875,41.28,0.2012,1.7988,28.684,0.05,28.747,144.772,144.872,4.668
13.833333333333334,Minsk,148.0,0.0,1228.84,42.41,0.1767,1.7988,28.684,0.05,28.747,144.771,144.871,4.099
13.833333333333334,Almaty,189.0,0.0,1206.652375,42.57,0.1735,1.7988,28.684,0.05,28.747,144.771,144.871,4.025
13.833333333333334,Tehran,170.0,0.0,1306.322,41.88,0.1878,1.7988,28.684,0.05,28.747,144.771,144.871,4.357
13.833333333333334,Urumqi,209.0,0.0,1202.4605,42.6,0.1729,1.7988,28.684,0.05,28.747,144.771,144.871,4.011
13.833333333333334,Delhi,23.0,0.0,1299.305375,41.93,0.1867,1.7988,28.684,0.05,28.747,144.771,144.871,4.334
13.833333333333334,Yangon,43.0,0.0,1620.537,40.01,0.2329,1.7988,28.684,0.05,28.748,144.773,144.873,5.406
13.833333333333334,Jakarta,212.0,0.0,1205.195125,42.58,0.1733,1.7988,28.684,0.05,28.747,144.771,144.871,4.02
13.833333333333334,Luanda,132.0,0.0,1123.42225,43.19,0.1615,1.7988,28.684,0.05,28.747,144.77,144.871,3.747
13.833333333333334,Nairobi,151.0,0.0,1118.96425,43.22,0.161,1.7988,28.684,0.05,28.747,144.77,144.871,3.732
13.833333333333334,Johannesburg,133.0,0.0,1261.605375,42.18,0.1814,1.7988,28.684,0.05,28.747,144.771,144.871,4.208
13.833333333333334,Havana,183.0,0.0,1426.916625,41.11,0.2052,1.7988,28.684,0.05,28.747,144.772,144.872,4.76
13.833333333333334,Caracas,202.0,0.0,1145.0055,43.02,0.1647,1.7988,28.684,0.05,28.747,144.771,144.871,3.819
13.833333333333334,Buenos_Aires,239.0,0.0,1078.94575,43.54,0.1551,1.7988,28.684,0.05,28.747,144.77,144.87,3.599
14.0,Vladimir,283.0,0.0,1098.987625,43.38,0.158,1.7988,28.684,0.05,28.747,144.77,144.871,3.666
14.0,Murmansk,185.0,0.0,1019.9919375,44.03,0.1466,1.7988,28.684,0.05,28.747,144.77,144.87,3.402
14.0,Novosibirsk,3.0,0.0,1278.376375,42.07,0.1838,1.7988,28.684,0.05,28.747,144.771,144.871,4.264
14.0,Zheleznogorsk,23.0,0.0,1436.325625,41.06,0.2064,1.7988,28.684,0.05,28.747,144.772,144.872,4.791
14.0,Yakutsk,246.0,0.0,1054.062125,43.74,0.1516,1.7988,28.684,0.05,28.747,144.77,144.87,3.516
14.0,Khabarovsk,62.0,0.0,1020.344625,44.03,0.1466,1.7988,28.684,0.05,28.747,144.77,144.87,3.404
14.0,Vladivostok,62.0,0.0,1189.79825,42.69,0.1711,1.7988,28.684,0.05,28.747,144.771,144.871,3.969
14.0,Minsk,146.0,0.0,1407.435625,41.23,0.2024,1.7988,28.684,0.05,28.747,144.772,144.872,4.695
14.0,Almaty,187.0,0.0,1188.233625,42.7,0.1709,1.7988,28.684,0.05,28.747,144.771,144.871,3.964
14.0,Tehran,168.0,0.0,1157.439125,42.93,0.1664,1.7988,28.684,0.05,28.747,144.771,144.871,3.861
14.0,Urumqi,22.0,0.0,1074.9785,43.57,0.1546,1.7988,28.684,0.05,28.747,144.77,144.87,3.586
14.0,Delhi,21.0,0.0,1097.151875,43.4,0.1577,1.7988,28.684,0.05,28.747,144.77,144.871,3.66
14.0,Yangon,41.0,0.0,1337.51725,41.68,0.1922,1.7988,28.684,0.05,28.747,144.771,144.872,4.461
14.0,Jakarta,210.0,0.0,1070.831,43.61,0.1539,1.7988,28.684,0.05,28.747,144.77,144.87,3.572
14.0,Luanda,130.0,0.0,1131.780375,43.13,0.1626,1.7988,28.684,0.05,28.747,144.77,144.871,3.775
14.0,Nairobi,149.0,0.0,1216.957875,42.5,0.1749,1.7988,28.684,0.05,28.747,144.771,144.871,4.059
14.0,Johannesburg,131.0,0.0,1528.595,40.52,0.2197,1.7988,28.684,0.05,28.747,144.772,144.873,5.099
14.0,Havana,181.0,0.0,1367.922375,41.48,0.1967,1.7988,28.684,0.05,28.747,144.772,144.872,4.563
14.0,Caracas,200.0,0.0,1317.61625,41.81,0.1893,1.7988,28.684,0.05,28.747,144.771,144.871,4.395
14.0,Buenos_Aires,237.0,0.0,1160.791125,42.91,0.1668,1.7988,28.684,0.05,28.747,144.771,144.871,3.872
14.166666666666666,Vladimir,281.0,0.0,1051.768625,43.76,0.1513,1.7988,28.684,0.05,28.747,144.77,144.87,3.508
14.166666666666666,Murmansk,183.0,0.0,1039.2800625,43.87,0.1494,1.7988,28.684,0.05,28.747,144.77,144.87,3.467
14.166666666666666,Novosibirsk,205.0,0.0,1270.869,42.12,0.1827,1.7988,28.684,0.05,28.747,144.771,144.871,4.239
14.166666666666666,Zheleznogorsk,21.0,0.0,1246.67325,42.29,0.1792,1.7988,28.684,0.05,28.747,144.771,144.871,4.158
14.166666666666666,Yakutsk,244.0,0.0,1184.382625,42.73,0.1703,1.7988,28.684,0.05,28.747,144.771,144.871,3.951
14.166666666666666,Khabarovsk,245.0,0.0,998.993,44.21,0.1436,1.7988,28.684,0.05,28.747,144.77,144.87,3.332
14.166666666666666,Vladivostok,60.0,0.0,1047.164,43.8,0.1506,1.7988,28.684,0.05,28.747,144.77,144.87,3.493
14.166666666666666,Minsk,261.0,0.0,1361.707875,41.52,0.1958,1.7988,28.684,0.05,28.747,144.771,144.872,4.542
14.166666666666666,Almaty,185.0,0.0,1264.185625,42.16,0.1819,1.7988,28.684,0.05,28.747,144.771,144.871,4.217
14.166666666666666,Tehran,166.0,0.0,1112.474,43.28,0.1599,1.7988,28.684,0.05,28.747,144.77,144.871,3.711
14.166666666666666,Urumqi,20.0,0.0,1024.3168125,43.99,0.1473,1.7988,28.684,0.05,28.747,144.77,144.87,3.417
14.166666666666666,Delhi,39.0,0.0,995.66125,44.24,0.1431,1.7988,28.684,0.05,28.747,144.77,144.87,3.321
14.166666666666666,Yangon,59.0,0.0,1116.02375,43.25,0.1604,1.7988,28.684,0.05,28.747,144.77,144.871,3.723
14.166666666666666,Jakarta,208.0,0.0,1077.278125,43.55,0.155,1.7988,28.684,0.05,28.747,144.77,144.87,3.593
14.166666666666666,Luanda,128.0,0.0,1272.349125,42.11,0.1829,1.7988,28.684,0.05,28.747,144.771,144.871,4.244
14.166666666666666,Nairobi,147.0,0.0,1425.21575,41.12,0.205,1.7988,28.684,0.05,28.747,144.772,144.872,4.754
14.166666666666666,Johannesburg,16.0,0.0,1507.8275,40.63,0.2169,1.7988,28.684,0.05,28.747,144.772,144.872,5.03
14.166666666666666,Havana,199.0,0.0,1415.087,41.19,0.2033,1.7988,28.684,0.05,28.747,144.772,144.872,4.72
14.166666666666666,Caracas,67.0,0.0,1179.179,42.77,0.1695,1.7988,28.684,0.05,28.747,144.771,144.871,3.933
14.166666666666666,Buenos_Aires,69.0,0.0,1313.5455,41.83,0.1889,1.7988,28.684,0.05,28.747,144.771,144.871,4.382
14.333333333333334,Vladimir,299.0,0.0,1094.10175,43.42,0.1573,1.7988,28.684,0.05,28.747,144.77,144.871,3.65
14.333333333333334,Murmansk,181.0,0.0,1134.35825,43.11,0.163,1.7988,28.684,0.05,28.747,144.77,144.871,3.784
14.333333333333334,Novosibirsk,203.0,0.0,1124.852125,43.18,0.1617,1.7988,28.684,0.05,28.747,144.77,144.871,3.752
14.333333333333334,Zheleznogorsk,39.0,0.0,1110.638125,43.29,0.1597,1.7988,28.684,0.05,28.747,144.77,144.871,3.705
14.333333333333334,Yakutsk,40.0,0.0,1195.80275,42.65,0.1719,1.7988,28.684,0.05,28.747,144.771,144.871,3.989
14.333333333333334,Khabarovsk,243.0,0.0,1045.937125,43.81,0.1504,1.7988,28.684,0.05,28.747,144.77,144.87,3.489
14.333333333333334,Vladivostok,78.0,0.0,1005.1520625,44.16,0.1445,1.7988,28.684,0.05,28.747,144.77,144.87,3.353
14.333333333333334,Minsk,163.0,0.0,1251.163125,42.25,0.18,1.7988,28.684,0.05,28.747,144.771,144.871,4.173
14.333333333333334,Almaty,38.0,0.0,1103.693125,43.34,0.1588,1.7988,28.684,0.05,28.747,144.77,144.871,3.682
14.333333333333334,Tehran,18.0,0.0,1033.6203125,43.91,0.1487,1.7988,28.684,0.05,28.747,144.77,144.87,3.448
14.333333333333334,Urumqi,38.0,0.0,1086.964625,43.48,0.1562,1.7988,28.684,0.05,28.747,144.77,144.87,3.626
14.333333333333334,Delhi,37.0,0.0,1028.7724375,43.95,0.148,1.7988,28.684,0.05,28.747,144.77,144.87,3.432
14.333333333333334,Yangon,57.0,0.0,1001.4255625,44.19,0.144,1.7988,28.684,0.05,28.747,144.77,144.87,3.34
14.333333333333334,Jakarta,206.0,0.0,1222.852375,42.45,0.1759,1.7988,28.684,0.05,28.747,144.771,144.871,4.079
14.333333333333334,Luanda,295.0,0.0,1375.279375,41.43,0.1978,1.7988,28.684,0.05,28.747,144.772,144.872,4.587
14.333333333333334,Nairobi,16.0,0.0,1308.44625,41.87,0.188,1.7988,28.684,0.05,28.747,144.771,144.871,4.365
14.333333333333334,Johannesburg,14.0,0.0,1459.538625,40.92,0.2098,1.7988,28.684,0.05,28.747,144.772,144.872,4.868
14.333333333333334,Havana,64.0,0.0,1546.920375,40.41,0.2225,1.7988,28.684,0.05,28.748,144.772,144.873,5.16
14.333333333333334,Caracas,65.0,0.0,1038.7953125,43.87,0.1494,1.7988,28.684,0.05,28.747,144.77,144.87,3.465
14.333333333333334,Buenos_Aires,67.0,0.0,1349.03125,41.6,0.194,1.7988,28.684,0.05,28.747,144.771,144.872,4.5
14.5,Vladimir,161.0,0.0,1218.553125,42.48,0.1753,1.7988,28.684,0.05,28.747,144.771,144.871,4.065
14.5,Murmansk,278.0,0.0,1250.921875,42.26,0.1798,1.7988,28.684,0.05,28.747,144.771,144.871,4.173
14.5,Novosibirsk,201.0,0.0,1058.0815,43.71,0.1521,1.7988,28.684,0.05,28.747,144.77,144.87,3.529
14.5,Zheleznogorsk,37.0,0.0,1052.7915,43.75,0.1514,1.7988,28.684,0.05,28.747,144.77,144.87,3.512
14.5,Yakutsk,58.0,0.0,1130.59175,43.13,0.1626,1.7988,28.684,0.05,28.747,144.77,144.871,3.771
14.5,Khabarovsk,241.0,0.0,1185.486625,42.72,0.1705,1.7988,28.684,0.05,28.747,144.771,144.871,3.954
14.5,Vladivostok,76.0,0.0,1079.188,43.54,0.1551,1.7988,28.684,0.05,28.747,144.77,144.87,3.6
14.5,Minsk,161.0,0.0,1084.74325,43.49,0.156,1.7988,28.684,0.05,28.747,144.77,144.87,3.618
14.5,Almaty,36.0,0.0,1013.2883125,44.09,0.1456,1.7988,28.684,0.05,28.747,144.77,144.87,3.38
14.5,Tehran,16.0,0.0,1009.9849375,44.11,0.1453,1.7988,28.684,0.05,28.747,144.77,144.87,3.369
14.5,Urumqi,36.0,0.0,1248.606,42.27,0.1796,1.7988,28.684,0.05,28.747,144.771,144.871,4.165
14.5,Delhi,35.0,0.0,1187.7855,42.71,0.1707,1.7988,28.684,0.05,28.747,144.771,144.871,3.962
14.5,Yangon,203.0,0.0,998.3420625,44.22,0.1435,1.7988,28.684,0.05,28.747,144.77,144.87,3.33
14.5,Jakarta,73.0,0.0,1148.689375,43.0,0.1651,1.7988,28.684,0.05,28.747,144.771,144.871,3.832
14.5,Luanda,294.0,0.0,1431.2045,41.09,0.2057,1.7988,28.684,0.05,28.747,144.772,144.872,4.774
14.5,Nairobi,14.0,0.0,1094.73275,43.41,0.1575,1.7988,28.684,0.05,28.747,144.77,144.871,3.652
14.5,Johannesburg,145.0,0.0,1335.170875,41.69,0.192,1.7988,28.684,0.05,28.747,144.771,144.872,4.454
14.5,Havana,62.0,0.0,1360.5165,41.53,0.1955,1.7988,28.684,0.05,28.747,144.771,144.872,4.538
14.5,Caracas,63.0,0.0,1041.8490625,43.85,0.1497,1.7988,28.684,0.05,28.747,144.77,144.87,3.475
14.5,Buenos_Aires,232.0,0.0,1422.114375,41.14,0.2045,1.7988,28.684,0.05,28.747,144.772,144.872,4.744
14.666666666666666,Vladimir,198.0,0.0,1221.86225,42.46,0.1757,1.7988,28.684,0.05,28.747,144.771,144.871,4.076
14.666666666666666,Murmansk,276.0,0.0,1104.1525,43.34,0.1588,1.7988,28.684,0.05,28.747,144.77,144.871,3.683
14.666666666666666,Novosibirsk,35.0,0.0,1071.3825,43.6,0.1541,1.7988,28.684,0.05,28.747,144.77,144.87,3.574
14.666666666666666,Zheleznogorsk,35.0,0.0,1088.734,43.46,0.1566,1.7988,28.684,0.05,28.747,144.77,144.871,3.632
14.666666666666666,Yakutsk,56.0,0.0,1147.44425,43.01,0.1649,1.7988,28.684,0.05,28.747,144.771,144.871,3.827
14.666666666666666,Khabarovsk,259.0,0.0,1386.96225,41.36,0.1994,1.7988,28.684,0.05,28.747,144.772,144.872,4.626
14.666666666666666,Vladivostok,74.0,0.0,1251.437625,42.25,0.18,1.7988,28.684,0.05,28.747,144.771,144.871,4.174
14.666666666666666,Minsk,179.0,0.0,1000.6536875,44.2,0.1438,1.7988,28.684,0.05,28.747,144.77,144.87,3.338
14.666666666666666,Almaty,34.0,0.0,1034.0709375,43.91,0.1487,1.7988,28.684,0.05,28.747,144.77,144.87,3.449
14.666666666666666,Tehran,14.0,0.0,1111.033125,43.29,0.1597,1.7988,28.684,0.05,28.747,144.77,144.871,3.706
14.666666666666666,Urumqi,200.0,0.0,1284.975,42.02,0.1848,1.7988,28.684,0.05,28.747,144.771,144.871,4.286
14.666666666666666,Delhi,33.0,0.0,1432.93875,41.08,0.2059,1.7988,28.684,0.05,28.747,144.772,144.872,4.78
14.666666666666666,Yangon,201.0,0.0,1104.94075,43.33,0.1589,1.7988,28.684,0.05,28.747,144.77,144.871,3.686
14.666666666666666,Jakarta,71.0,0.0,1156.55725,42.94,0.1662,1.7988,28.684,0.05,28.747,144.771,144.871,3.858
14.666666666666666,Luanda,292.0,0.0,1246.69225,42.29,0.1792,1.7988,28.684,0.05,28.747,144.771,144.871,4.159
14.666666666666666,Nairobi,12.0,0.0,1003.483875,44.17,0.1443,1.7988,28.684,0.05,28.747,144.77,144.87,3.347
14.666666666666666,Johannesburg,143.0,0.0,1174.357375,42.81,0.1687,1.7988,28.684,0.05,28.747,144.771,144.871,3.917
14.666666666666666,Havana,60.0,0.0,1269.38725,42.13,0.1825,1.7988,28.684,0.05,28.747,144.771,144.871,4.234
14.666666666666666,Caracas,61.0,0.0,1186.134375,42.72,0.1705,1.7988,28.684,0.05,28.747,144.771,144.871,3.957
14.666666666666666,Buenos_Aires,64.0,0.0,1280.50275,42.05,0.1842,1.7988,28.684,0.05,28.747,144.771,144.871,4.271
14.833333333333334,Vladimir,196.0,0.0,1286.54975,42.01,0.185,1.7988,28.684,0.05,28.747,144.771,144.871,4.291
14.833333333333334,Murmansk,274.0,0.0,1016.7555625,44.06,0.1461,1.7988,28.684,0.05,28.747,144.77,144.87,3.392
14.833333333333334,Novosibirsk,33.0,0.0,1000.3541875,44.2,0.1438,1.7988,28.684,0.05,28.747,144.77,144.87,3.337
14.833333333333334,Zheleznogorsk,33.0,0.0,1212.5155,42.53,0.1743,1.7988,28.684,0.05,28.747,144.771,144.871,4.045
14.833333333333334,Yakutsk,276.0,0.0,1070.69375,43.61,0.1539,1.7988,28.684,0.05,28.747,144.77,144.87,3.571
14.833333333333334,Khabarovsk,73.0,0.0,1363.789,41.51,0.196,1.7988,28.684,0.05,28.747,144.771,144.872,4.549
14.833333333333334,Vladivostok,258.0,0.0,1130.72525,43.13,0.1626,1.7988,28.684,0.05,28.747,144.77,144.871,3.772
14.833333333333334,Minsk,177.0,0.0,1016.531375,44.06,0.1461,1.7988,28.684,0.05,28.747,144.77,144.87,3.391
14.833333333333334,Almaty,32.0,0.0,1163.205125,42.89,0.1672,1.7988,28.684,0.05,28.747,144.771,144.871,3.88
14.833333333333334,Tehran,12.0,0.0,1310.5065,41.85,0.1885,1.7988,28.684,0.05,28.747,144.771,144.871,4.371
14.833333333333334,Urumqi,218.0,0.0,1224.76225,42.44,0.1761,1.7988,28.684,0.05,28.747,144.771,144.871,4.085
14.833333333333334,Delhi,218.0,0.0,1671.667375,39.74,0.2403,1.7988,28.684,0.05,28.748,144.773,144.873,5.576
14.833333333333334,Yangon,219.0,0.0,1321.463875,41.78,0.19,1.7988,28.684,0.05,28.747,144.771,144.872,4.408
14.833333333333334,Jakarta,69.0,0.0,1294.186375,41.96,0.1861,1.7988,28.684,0.05,28.747,144.771,144.871,4.317
14.833333333333334,Luanda,290.0,0.0,1174.481125,42.8,0.1689,1.7988,28.684,0.05,28.747,144.771,144.871,3.918
14.833333333333334,Nairobi,10.0,0.0,1066.8655,43.64,0.1534,1.7988,28.684,0.05,28.747,144.77,144.87,3.559
14.833333333333334,Johannesburg,141.0,0.0,1120.65425,43.21,0.1612,1.7988,28.684,0.05,28.747,144.77,144.871,3.738
14.833333333333334,Havana,78.0,0.0,1292.106,41.98,0.1857,1.7988,28.684,0.05,28.747,144.771,144.871,4.31
14.833333333333334,Caracas,79.0,0.0,1428.02325,41.11,0.2052,1.7988,28.684,0.05,28.747,144.772,144.872,4.763
14.833333333333334,Buenos_Aires,62.0,0.0,1161.043875,42.9,0.167,1.7988,28.684,0.05,28.747,144.771,144.871,3.873
15.0,Vladimir,292.0,0.0,1235.70975,42.36,0.1777,1.7988,28.684,0.05,28.747,144.771,144.871,4.122
15.0,Murmansk,272.0,0.0,1006.4125,44.15,0.1446,1.7988,28.684,0.05,28.747,144.77,144.87,3.357
15.0,Novosibirsk,31.0,0.0,1026.8725625,43.97,0.1477,1.7988,28.684,0.05,28.747,144.77,144.87,3.425
15.0,Zheleznogorsk,31.0,0.0,1402.791875,41.26,0.2017,1.7988,28.684,0.05,28.747,144.772,144.872,4.679
15.0,Yakutsk,274.0,0.0,1038.4418125,43.87,0.1494,1.7988,28.684,0.05,28.747,144.77,144.87,3.464
15.0,Khabarovsk,91.0,0.0,1335.789375,41.69,0.192,1.7988,28.684,0.05,28.747,144.771,144.872,4.456
15.0,Vladivostok,256.0,0.0,1097.02925,43.4,0.1577,1.7988,28.684,0.05,28.747,144.77,144.871,3.659
15.0,Minsk,175.0,0.0,1125.116875,43.18,0.1617,1.7988,28.684,0.05,28.747,144.77,144.871,3.753
15.0,Almaty,216.0,0.0,1104.421875,43.34,0.1588,1.7988,28.684,0.05,28.747,144.77,144.871,3.684
15.0,Tehran,196.0,0.0,1398.070625,41.29,0.201,1.7988,28.684,0.05,28.747,144.772,144.872,4.663
15.0,Urumqi,216.0,0.0,1257.115,42.21,0.1808,1.7988,28.684,0.05,28.747,144.771,144.871,4.193
15.0,Delhi,217.0,0.0,1592.508625,40.16,0.2289,1.7988,28.684,0.05,28.748,144.773,144.873,5.312
15.0,Yangon,217.0,0.0,1601.82975,40.11,0.2303,1.7988,28.684,0.05,28.748,144.773,144.873,5.343
15.0,Jakarta,68.0,0.0,1479.1415,40.8,0.2127,1.7988,28.684,0.05,28.747,144.772,144.872,4.934
15.0,Luanda,288.0,0.0,1234.03075,42.37,0.1775,1.7988,28.684,0.05,28.747,144.771,144.871,4.116
15.0,Nairobi,8.0,0.0,1261.34,42.18,0.1814,1.7988,28.684,0.05,28.747,144.771,144.871,4.207
15.0,Johannesburg,7.0,0.0,1064.988,43.65,0.1532,1.7988,28.684,0.05,28.747,144.77,144.87,3.552
15.0,Havana,210.0,0.0,1309.7815,41.86,0.1883,1.7988,28.684,0.05,28.747,144.771,144.871,4.369
15.0,Caracas,228.0,0.0,1458.679125,40.92,0.2098,1.7988,28.684,0.05,28.747,144.772,144.872,4.866
15.0,Buenos_Aires,60.0,0.0,1148.353375,43.0,0.1651,1.7988,28.684,0.05,28.747,144.771,144.871,3.83
15.166666666666666,Vladimir,290.0,0.0,1184.909,42.73,0.1703,1.7988,28.684,0.05,28.747,144.771,144.871,3.952
15.166666666666666,Murmansk,212.0,0.0,1064.124125,43.66,0.153,1.7988,28.684,0.05,28.747,144.77,144.87,3.55
15.166666666666666,Novosibirsk,29.0,0.0,1146.939375,43.01,0.1649,1.7988,28.684,0.05,28.747,144.771,144.871,3.826
15.166666666666666,Zheleznogorsk,233.0,0.0,1255.377625,42.23,0.1804,1.7988,28.684,0.05,28.747,144.771,144.871,4.187
15.166666666666666,Yakutsk,272.0,0.0,1093.88225,43.42,0.1573,1.7988,28.684,0.05,28.747,144.77,144.871,3.649
15.166666666666666,Khabarovsk,89.0,0.0,1239.16175,42.34,0.1781,1.7988,28.684,0.05,28.747,144.771,144.871,4.133
15.166666666666666,Vladivostok,254.0,0.0,1166.886875,42.86,0.1678,1.7988,28.684,0.05,28.747,144.771,144.871,3.892
15.166666666666666,Minsk,173.0,0.0,1300.489,41.92,0.187,1.7988,28.684,0.05,28.747,144.771,144.871,4.338
15.166666666666666,Almaty,214.0,0.0,1008.0393125,44.13,0.145,1.7988,28.684,0.05,28.747,144.77,144.87,3.362
15.166666666666666,Tehran,194.0,0.0,1167.480625,42.86,0.1678,1.7988,28.684,0.05,28.747,144.771,144.871,3.894
15.166666666666666,Urumqi,49.0,0.0,1144.58275,43.03,0.1645,1.7988,28.684,0.05,28.747,144.771,144.871,3.818
15.166666666666666,Delhi,215.0,0.0,1315.546125,41.82,0.1891,1.7988,28.684,0.05,28.747,144.771,144.871,4.388
15.166666666666666,Yangon,67.0,0.0,1697.610375,39.6,0.2442,1.7988,28.684,0.05,28.748,144.773,144.874,5.663
15.166666666666666,Jakarta,66.0,0.0,1405.9945,41.24,0.2022,1.7988,28.684,0.05,28.747,144.772,144.872,4.69
15.166666666666666,Luanda,286.0,0.0,1407.78425,41.23,0.2024,1.7988,28.684,0.05,28.747,144.772,144.872,4.696
15.166666666666666,Nairobi,176.0,0.0,1488.305,40.75,0.2139,1.7988,28.684,0.05,28.747,144.772,144.872,4.964
15.166666666666666,Johannesburg,5.0,0.0,1104.28375,43.34,0.1588,1.7988,28.684,0.05,28.747,144.77,144.871,3.683
15.166666666666666,Havana,208.0,0.0,1130.281,43.14,0.1625,1.7988,28.684,0.05,28.747,144.77,144.871,3.77
15.166666666666666,Caracas,226.0,0.0,1482.732375,40.78,0.2132,1.7988,28.684,0.05,28.747,144.772,144.872,4.946
15.166666666666666,Buenos_Aires,78.0,0.0,1248.522875,42.27,0.1796,1.7988,28.684,0.05,28.747,144.771,144.871,4.165
15.333333333333334,Vladimir,191.0,0.0,1174.139,42.81,0.1687,1.7988,28.684,0.05,28.747,144.771,144.871,3.917
15.333333333333334,Murmansk,190.0,0.0,1078.613875,43.54,0.1551,1.7988,28.684,0.05,28.747,144.77,144.87,3.598
15.333333333333334,Novosibirsk,231.0,0.0,1284.010375,42.03,0.1846,1.7988,28.684,0.05,28.747,144.771,144.871,4.283
15.333333333333334,Zheleznogorsk,231.0,0.0,1141.11575,43.05,0.1641,1.7988,28.684,0.05,28.747,144.77,144.871,3.806
15.333333333333334,Yakutsk,270.0,0.0,1222.93125,42.45,0.1759,1.7988,28.684,0.05,28.747,144.771,144.871,4.079
15.333333333333334,Khabarovsk,271.0,0.0,1146.9695,43.01,0.1649,1.7988,28.684,0.05,28.747,144.771,144.871,3.826
15.333333333333334,Vladivostok,87.0,0.0,1163.335,42.89,0.1672,1.7988,28.684,0.05,28.747,144.771,144.871,3.88
15.333333333333334,Minsk,288.0,0.0,1217.859625,42.49,0.1751,1.7988,28.684,0.05,28.747,144.771,144.871,4.062
15.333333333333334,Almaty,212.0,0.0,1025.5549375,43.98,0.1475,1.7988,28.684,0.05,28.747,144.77,144.87,3.421
15.333333333333334,Tehran,192.0,0.0,1021.31575,44.02,0.1468,1.7988,28.684,0.05,28.747,144.77,144.87,3.407
15.333333333333334,Urumqi,47.0,0.0,1033.271375,43.92,0.1485,1.7988,28.684,0.05,28.747,144.77,144.87,3.447
15.333333333333334,Delhi,213.0,0.0,1103.276625,43.35,0.1586,1.7988,28.684,0.05,28.747,144.77,144.871,3.68
15.333333333333334,Yangon,65.0,0.0,1423.903125,41.13,0.2048,1.7988,28.684,0.05,28.747,144.772,144.872,4.75
15.333333333333334,Jakarta,234.0,0.0,1398.54875,41.29,0.201,1.7988,28.684,0.05,28.747,144.772,144.872,4.665
15.333333333333334,Luanda,154.0,0.0,1486.238,40.76,0.2137,1.7988,28.684,0.05,28.747,144.772,144.872,4.958
15.333333333333334,Nairobi,175.0,0.0,1504.897375,40.65,0.2164,1.7988,28.684,0.05,28.747,144.772,144.872,5.02
15.333333333333334,Johannesburg,3.0,0.0,1259.451125,42.2,0.181,1.7988,28.684,0.05,28.747,144.771,144.871,4.201
15.333333333333334,Havana,206.0,0.0,1062.428125,43.68,0.1527,1.7988,28.684,0.05,28.747,144.77,144.87,3.544
15.333333333333334,Caracas,225.0,0.0,1359.78825,41.53,0.1955,1.7988,28.684,0.05,28.747,144.771,144.872,4.536
15.333333333333334,Buenos_Aires,76.0,0.0,1440.15825,41.03,0.2071,1.7988,28.684,0.05,28.747,144.772,144.872,4.804
15.5,Vladimir,189.0,0.0,1059.466625,43.7,0.1523,1.7988,28.684,0.05,28.747,144.77,144.87,3.534
15.5,Murmansk,188.0,0.0,1147.192875,43.01,0.1649,1.7988,28.684,0.05,28.747,144.771,144.871,3.827
15.5,Novosibirsk,229.0,0.0,1108.116375,43.31,0.1593,1.7988,28.684,0.05,28.747,144.77,144.871,3.696
15.5,Zheleznogorsk,46.0,0.0,1078.771125,43.54,0.1551,1.7988,28.684,0.05,28.747,144.77,144.87,3.598
15.5,Yakutsk,66.0,0.0,1098.555125,43.38,0.158,1.7988,28.684,0.05,28.747,144.77,144.871,3.664
15.5,Khabarovsk,269.0,0.0,1146.009,43.02,0.1647,1.7988,28.684,0.05,28.747,144.771,144.871,3.823
15.5,Vladivostok,85.0,0.0,1059.639625,43.7,0.1523,1.7988,28.684,0.05,28.747,144.77,144.87,3.535
15.5,Minsk,286.0,0.0,1107.944875,43.31,0.1593,1.7988,28.684,0.05,28.747,144.77,144.871,3.696
15.5,Almaty,210.0,0.0,1148.479,43.0,0.1651,1.7988,28.684,0.05,28.747,144.771,144.871,3.831
15.5,Tehran,190.0,0.0,994.6206875,44.25,0.143,1.7988,28.684,0.05,28.747,144.77,144.87,3.318
15.5,Urumqi,45.0,0.0,1027.1889375,43.97,0.1477,1.7988,28.684,0.05,28.747,144.77,144.87,3.426
15.5,Delhi,211.0,0.0,995.97875,44.24,0.1431,1.7988,28.684,0.05,28.747,144.77,144.87,3.322
15.5,Yangon,63.0,0.0,1210.9995,42.54,0.1741,1.7988,28.684,0.05,28.747,144.771,144.871,4.039
15.5,Jakarta,232.0,0.0,1389.49625,41.34,0.1999,1.7988,28.684,0.05,28.747,144.772,144.872,4.635
15.5,Luanda,153.0,0.0,1419.95625,41.16,0.204,1.7988,28.684,0.05,28.747,144.772,144.872,4.736
15.5,Nairobi,173.0,0.0,1259.900625,42.19,0.1812,1.7988,28.684,0.05,28.747,144.771,144.871,4.203
15.5,Johannesburg,154.0,0.0,1365.72275,41.49,0.1964,1.7988,28.684,0.05,28.747,144.772,144.872,4.556
15.5,Havana,204.0,0.0,1129.378125,43.14,0.1625,1.7988,28.684,0.05,28.747,144.77,144.871,3.767
15.5,Caracas,223.0,0.0,1170.225,42.84,0.1682,1.7988,28.684,0.05,28.747,144.771,144.871,3.903
15.5,Buenos_Aires,241.0,0.0,1343.93325,41.63,0.1933,1.7988,28.684,0.05,28.747,144.771,144.872,4.483
15.666666666666666,Vladimir,187.0,0.0,1032.0798125,43.93,0.1483,1.7988,28.684,0.05,28.747,144.77,144.87,3.443
15.666666666666666,Murmansk,285.0,0.0,1211.09825,42.54,0.1741,1.7988,28.684,0.05,28.747,144.771,144.871,4.04
15.666666666666666,Novosibirsk,227.0,0.0,1009.0705625,44.12,0.1451,1.7988,28.684,0.05,28.747,144.77,144.87,3.366
15.666666666666666,Zheleznogorsk,44.0,0.0,1000.2800625,44.2,0.1438,1.7988,28.684,0.05,28.747,144.77,144.87,3.337
15.666666666666666,Yakutsk,64.0,0.0,1029.058,43.95,0.148,1.7988,28.684,0.05,28.747,144.77,144.87,3.433
15.666666666666666,Khabarovsk,267.0,0.0,1238.972375,42.34,0.1781,1.7988,28.684,0.05,28.747,144.771,144.871,4.133
15.666666666666666,Vladivostok,83.0,0.0,1060.234375,43.69,0.1525,1.7988,28.684,0.05,28.747,144.77,144.87,3.537
15.666666666666666,Minsk,284.0,0.0,1085.154,43.49,0.156,1.7988,28.684,0.05,28.747,144.77,144.87,3.62
15.666666666666666,Almaty,43.0,0.0,1251.68,42.25,0.18,1.7988,28.684,0.05,28.747,144.771,144.871,4.175
15.666666666666666,Tehran,188.0,0.0,1093.037875,43.43,0.1571,1.7988,28.684,0.05,28.747,144.77,144.871,3.646
15.666666666666666,Urumqi,43.0,0.0,1131.3725,43.13,0.1626,1.7988,28.684,0.05,28.747,144.77,144.871,3.774
15.666666666666666,Delhi,209.0,0.0,1024.5545625,43.99,0.1473,1.7988,28.684,0.05,28.747,144.77,144.87,3.418
15.666666666666666,Yangon,61.0,0.0,1098.097125,43.39,0.1578,1.7988,28.684,0.05,28.747,144.77,144.871,3.663
15.666666666666666,Jakarta,231.0,0.0,1472.4015,40.84,0.2117,1.7988,28.684,0.05,28.747,144.772,144.872,4.911
15.666666666666666,Luanda,151.0,0.0,1204.8445,42.58,0.1733,1.7988,28.684,0.05,28.747,144.771,144.871,4.019
15.666666666666666,Nairobi,171.0,0.0,1108.7865,43.3,0.1595,1.7988,28.684,0.05,28.747,144.77,144.871,3.699
15.666666666666666,Johannesburg,152.0,0.0,1405.941375,41.24,0.2022,1.7988,28.684,0.05,28.747,144.772,144.872,4.69
15.666666666666666,Havana,202.0,0.0,1312.473875,41.84,0.1887,1.7988,28.684,0.05,28.747,144.771,144.871,4.378
15.666666666666666,Caracas,90.0,0.0,1063.175,43.67,0.1528,1.7988,28.684,0.05,28.747,144.77,144.87,3.546
15.666666666666666,Buenos_Aires,259.0,0.0,1171.714625,42.82,0.1686,1.7988,28.684,0.05,28.747,144.771,144.871,3.908
15.833333333333334,Vladimir,2.0,0.0,1020.954125,44.02,0.1468,1.7988,28.684,0.05,28.747,144.77,144.87,3.406
15.833333333333334,Murmansk,283.0,0.0,1080.578875,43.53,0.1553,1.7988,28.684,0.05,28.747,144.77,144.87,3.604
15.833333333333334,Novosibirsk,225.0,0.0,1006.9116875,44.14,0.1448,1.7988,28.684,0.05,28.747,144.77,144.87,3.359
15.833333333333334,Zheleznogorsk,42.0,0.0,1015.92625,44.06,0.1461,1.7988,28.684,0.05,28.747,144.77,144.87,3.389
15.833333333333334,Yakutsk,62.0,0.0,1046.66425,43.8,0.1506,1.7988,28.684,0.05,28.747,144.77,144.87,3.491
15.833333333333334,Khabarovsk,82.0,0.0,1303.375375,41.9,0.1874,1.7988,28.684,0.05,28.747,144.771,144.871,4.348
15.833333333333334,Vladivostok,81.0,0.0,1168.1765,42.85,0.168,1.7988,28.684,0.05,28.747,144.771,144.871,3.897
15.833333333333334,Minsk,185.0,0.0,1105.694,43.33,0.1589,1.7988,28.684,0.05,28.747,144.77,144.871,3.688
15.833333333333334,Almaty,41.0,0.0,1206.18225,42.57,0.1735,1.7988,28.684,0.05,28.747,144.771,144.871,4.023
15.833333333333334,Tehran,20.0,0.0,1231.225,42.39,0.1771,1.7988,28.684,0.05,28.747,144.771,144.871,4.107
15.833333333333334,Urumqi,226.0,0.0,1189.26875,42.7,0.1709,1.7988,28.684,0.05,28.747,144.771,144.871,3.967
15.833333333333334,Delhi,207.0,0.0,1176.35625,42.79,0.1691,1.7988,28.684,0.05,28.747,144.771,144.871,3.924
15.833333333333334,Yangon,79.0,0.0,1118.362,43.23,0.1608,1.7988,28.684,0.05,28.747,144.77,144.871,3.73
15.833333333333334,Jakarta,229.0,0.0,1263.82125,42.17,0.1816,1.7988,28.684,0.05,28.747,144.771,144.871,4.216
15.833333333333334,Luanda,149.0,0.0,1095.798,43.41,0.1575,1.7988,28.684,0.05,28.747,144.77,144.871,3.655
15.833333333333334,Nairobi,169.0,0.0,1092.414375,43.43,0.1571,1.7988,28.684,0.05,28.747,144.77,144.871,3.644
15.833333333333334,Johannesburg,150.0,0.0,1543.538375,40.43,0.2219,1.7988,28.684,0.05,28.748,144.772,144.873,5.149
15.833333333333334,Havana,67.0,0.0,1571.006125,40.28,0.2258,1.7988,28.684,0.05,28.748,144.773,144.873,5.24
15.833333333333334,Caracas,88.0,0.0,1051.884375,43.76,0.1513,1.7988,28.684,0.05,28.747,144.77,144.87,3.509
15.833333333333334,Buenos_Aires,257.0,0.0,1099.555125,43.38,0.158,1.7988,28.684,0.05,28.747,144.77,144.871,3.668
16.0,Vladimir,0.0,0.0,1042.4269375,43.84,0.1499,1.7988,28.684,0.05,28.747,144.77,144.87,3.477
16.0,Murmansk,281.0,0.0,1011.9174375,44.1,0.1455,1.7988,28.684,0.05,28.747,144.77,144.87,3.375
16.0,Novosibirsk,40.0,0.0,1057.598125,43.71,0.1521,1.7988,28.684,0.05,28.747,144.77,144.87,3.528
16.0,Zheleznogorsk,40.0,0.0,1124.619,43.18,0.1617,1.7988,28.684,0.05,28.747,144.77,144.871,3.751
16.0,Yakutsk,60.0,0.0,1149.53175,42.99,0.1653,1.7988,28.684,0.05,28.747,144.771,144.871,3.834
16.0,Khabarovsk,80.0,0.0,1164.155125,42.88,0.1674,1.7988,28.684,0.05,28.747,144.771,144.871,3.883
16.0,Vladivostok,264.0,0.0,1114.7255,43.26,0.1602,1.7988,28.684,0.05,28.747,144.77,144.871,3.718
16.0,Minsk,183.0,0.0,1093.174125,43.43,0.1571,1.7988,28.684,0.05,28.747,144.77,144.871,3.646
16.0,Almaty,59.0,0.0,1255.25275,42.23,0.1804,1.7988,28.684,0.05,28.747,144.771,144.871,4.187
16.0,Tehran,38.0,0.0,1331.487,41.71,0.1915,1.7988,28.684,0.05,28.747,144.771,144.872,4.441
16.0,Urumqi,224.0,0.0,1050.35225,43.77,0.1511,1.7988,28.684,0.05,28.747,144.77,144.87,3.504
16.0,Delhi,59.0,0.0,1392.419125,41.33,0.2001,1.7988,28.684,0.05,28.747,144.772,144.872,4.645
16.0,Yangon,77.0,0.0,1266.904,42.15,0.1821,1.7988,28.684,0.05,28.747,144.771,144.871,4.226
16.0,Jakarta,227.0,0.0,1158.907,42.92,0.1666,1.7988,28.684,0.05,28.747,144.771,144.871,3.866
16.0,Luanda,147.0,0.0,1125.831875,43.17,0.1619,1.7988,28.684,0.05,28.747,144.77,144.871,3.755
16.0,Nairobi,167.0,0.0,1216.564625,42.5,0.1749,1.7988,28.684,0.05,28.747,144.771,144.871,4.058
16.0,Johannesburg,35.0,0.0,1304.25,41.89,0.1876,1.7988,28.684,0.05,28.747,144.771,144.871,4.351
16.0,Havana,85.0,0.0,1661.384125,39.79,0.2389,1.7988,28.684,0.05,28.748,144.773,144.873,5.542
16.0,Caracas,86.0,0.0,1182.3895,42.75,0.1699,1.7988,28.684,0.05,28.747,144.771,144.871,3.944
16.0,Buenos_Aires,89.0,0.0,1119.45,43.22,0.161,1.7988,28.684,0.05,28.747,144.77,144.871,3.734
16.166666666666668,Vladimir,18.0,0.0,1153.330375,42.96,0.1659,1.7988,28.684,0.05,28.747,144.771,144.871,3.847
16.166666666666668,Murmansk,299.0,0.0,1019.910375,44.03,0.1466,1.7988,28.684,0.05,28.747,144.77,144.87,3.402
16.166666666666668,Novosibirsk,58.0,0.0,1055.70625,43.73,0.1518,1.7988,28.684,0.05,28.747,144.77,144.87,3.521
16.166666666666668,Zheleznogorsk,58.0,0.0,1305.412375,41.89,0.1876,1.7988,28.684,0.05,28.747,144.771,144.871,4.354
16.166666666666668,Yakutsk,281.0,0.0,1148.718125,43.0,0.1651,1.7988,28.684,0.05,28.747,144.771,144.871,3.832
16.166666666666668,Khabarovsk,98.0,0.0,1109.383625,43.3,0.1595,1.7988,28.684,0.05,28.747,144.77,144.871,3.701
16.166666666666668,Vladivostok,262.0,0.0,1004.6721875,44.16,0.1445,1.7988,28.684,0.05,28.747,144.77,144.87,3.351
16.166666666666668,Minsk,181.0,0.0,1172.96275,42.82,0.1686,1.7988,28.684,0.05,28.747,144.771,144.871,3.913
16.166666666666668,Almaty,222.0,0.0,1252.110375,42.25,0.18,1.7988,28.684,0.05,28.747,144.771,144.871,4.177
16.166666666666668,Tehran,37.0,0.0,1410.012875,41.22,0.2026,1.7988,28.684,0.05,28.747,144.772,144.872,4.703
16.166666666666668,Urumqi,222.0,0.0,1015.893,44.06,0.1461,1.7988,28.684,0.05,28.747,144.77,144.87,3.389
16.166666666666668,Delhi,57.0,0.0,1291.396375,41.98,0.1857,1.7988,28.684,0.05,28.747,144.771,144.871,4.308
16.166666666666668,Yangon,224.0,0.0,1449.1725,40.98,0.2083,1.7988,28.684,0.05,28.747,144.772,144.872,4.834
16.166666666666668,Jakarta,225.0,0.0,1186.8955,42.71,0.1707,1.7988,28.684,0.05,28.747,144.771,144.871,3.959
16.166666666666668,Luanda,145.0,0.0,1286.09075,42.02,0.1848,1.7988,28.684,0.05,28.747,144.771,144.871,4.29
16.166666666666668,Nairobi,34.0,0.0,1292.82525,41.97,0.1859,1.7988,28.684,0.05,28.747,144.771,144.871,4.312
16.166666666666668,Johannesburg,33.0,0.0,1102.485,43.35,0.1586,1.7988,28.684,0.05,28.747,144.77,144.871,3.677
16.166666666666668,Havana,236.0,0.0,1514.794625,40.59,0.2179,1.7988,28.684,0.05,28.747,144.772,144.873,5.053
16.166666666666668,Caracas,84.0,0.0,1414.4555,41.19,0.2033,1.7988,28.684,0.05,28.747,144.772,144.872,4.718
16.166666666666668,Buenos_Aires,87.0,0.0,1008.9331875,44.12,0.1451,1.7988,28.684,0.05,28.747,144.77,144.87,3.365
16.333333333333332,Vladimir,16.0,0.0,1333.644875,41.7,0.1917,1.7988,28.684,0.05,28.747,144.771,144.872,4.449
16.333333333333332,Murmansk,219.0,0.0,1009.572375,44.12,0.1451,1.7988,28.684,0.05,28.747,144.77,144.87,3.368
16.333333333333332,Novosibirsk,56.0,0.0,1144.684875,43.03,0.1645,1.7988,28.684,0.05,28.747,144.771,144.871,3.818
16.333333333333332,Zheleznogorsk,240.0,0.0,1209.4645,42.55,0.1739,1.7988,28.684,0.05,28.747,144.771,144.871,4.034
16.333333333333332,Yakutsk,299.0,0.0,1200.4505,42.61,0.1727,1.7988,28.684,0.05,28.747,144.771,144.871,4.004
16.333333333333332,Khabarovsk,96.0,0.0,1154.385375,42.95,0.166,1.7988,28.684,0.05,28.747,144.771,144.871,3.851
16.333333333333332,Vladivostok,260.0,0.0,1008.9235,44.12,0.1451,1.7988,28.684,0.05,28.747,144.77,144.87,3.365
16.333333333333332,Minsk,16.0,0.0,1124.303625,43.18,0.1617,1.7988,28.684,0.05,28.747,144.77,144.871,3.75
16.333333333333332,Almaty,220.0,0.0,1099.70275,43.38,0.158,1.7988,28.684,0.05,28.747,144.77,144.871,3.668
16.333333333333332,Tehran,35.0,0.0,1256.45625,42.22,0.1806,1.7988,28.684,0.05,28.747,144.771,144.871,4.191
16.333333333333332,Urumqi,220.0,0.0,1092.524625,43.43,0.1571,1.7988,28.684,0.05,28.747,144.77,144.871,3.644
16.333333333333332,Delhi,55.0,0.0,1295.053375,41.96,0.1861,1.7988,28.684,0.05,28.747,144.771,144.871,4.32
16.333333333333332,Yangon,222.0,0.0,1317.800375,41.8,0.1896,1.7988,28.684,0.05,28.747,144.771,144.872,4.396
16.333333333333332,Jakarta,93.0,0.0,1185.026875,42.73,0.1703,1.7988,28.684,0.05,28.747,144.771,144.871,3.953
16.333333333333332,Luanda,13.0,0.0,1346.6005,41.62,0.1935,1.7988,28.684,0.05,28.747,144.771,144.872,4.492
16.333333333333332,Nairobi,32.0,0.0,1443.9975,41.01,0.2076,1.7988,28.684,0.05,28.747,144.772,144.872,4.817
16.333333333333332,Johannesburg,31.0,0.0,1011.805,44.1,0.1455,1.7988,28.684,0.05,28.747,144.77,144.87,3.375
16.333333333333332,Havana,234.0,0.0,1257.62825,42.21,0.1808,1.7988,28.684,0.05,28.747,144.771,144.871,4.195
16.333333333333332,Caracas,83.0,0.0,1578.448125,40.24,0.2268,1.7988,28.684,0.05,28.748,144.773,144.873,5.265
16.333333333333332,Buenos_Aires,85.0,0.0,1021.8683125,44.01,0.147,1.7988,28.684,0.05,28.747,144.77,144.87,3.409
16.5,Vladimir,218.0,0.0,1193.99025,42.66,0.1717,1.7988,28.684,0.05,28.747,144.771,144.871,3.983
16.5,Murmansk,217.0,0.0,1027.2891875,43.97,0.1477,1.7988,28.684,0.05,28.747,144.77,144.87,3.427
16.5,Novosibirsk,54.0,0.0,1308.441125,41.87,0.188,1.7988,28.684,0.05,28.747,144.771,144.871,4.364
16.5,Zheleznogorsk,258.0,0.0,1062.13825,43.68,0.1527,1.7988,28.684,0.05,28.747,144.77,144.87,3.543
16.5,Yakutsk,95.0,0.0,1212.690375,42.53,0.1743,1.7988,28.684,0.05,28.747,144.771,144.871,4.045
16.5,Khabarovsk,278.0,0.0,1238.38075,42.34,0.1781,1.7988,28.684,0.05,28.747,144.771,144.871,4.131
16.5,Vladivostok,278.0,0.0,1122.896,43.19,0.1615,1.7988,28.684,0.05,28.747,144.77,144.871,3.746
16.5,Minsk,14.0,0.0,1155.587375,42.95,0.166,1.7988,28.684,0.05,28.747,144.771,144.871,3.855
16.5,Almaty,238.0,0.0,1047.845875,43.8,0.1506,1.7988,28.684,0.05,28.747,144.77,144.87,3.495
16.5,Tehran,33.0,0.0,1194.035875,42.66,0.1717,1.7988,28.684,0.05,28.747,144.771,144.871,3.983
16.5,Urumqi,238.0,0.0,1256.881125,42.22,0.1806,1.7988,28.684,0.05,28.747,144.771,144.871,4.193
16.5,Delhi,239.0,0.0,1381.276,41.4,0.1985,1.7988,28.684,0.05,28.747,144.772,144.872,4.607
16.5,Yangon,220.0,0.0,1296.94925,41.94,0.1865,1.7988,28.684,0.05,28.747,144.771,144.871,4.326
16.5,Jakarta,91.0,0.0,1074.097,43.58,0.1544,1.7988,28.684,0.05,28.747,144.77,144.87,3.583
16.5,Luanda,11.0,0.0,1283.37325,42.03,0.1846,1.7988,28.684,0.05,28.747,144.771,144.871,4.281
16.5,Nairobi,31.0,0.0,1312.078875,41.84,0.1887,1.7988,28.684,0.05,28.747,144.771,144.871,4.377
16.5,Johannesburg,29.0,0.0,1058.70175,43.71,0.1521,1.7988,28.684,0.05,28.747,144.77,144.87,3.531
16.5,Havana,232.0,0.0,1072.206,43.6,0.1541,1.7988,28.684,0.05,28.747,144.77,144.87,3.576
16.5,Caracas,252.0,0.0,1582.787125,40.21,0.2276,1.7988,28.684,0.05,28.748,144.773,144.873,5.28
16.5,Buenos_Aires,83.0,0.0,1157.0805,42.93,0.1664,1.7988,28.684,0.05,28.747,144.771,144.871,3.86
16.666666666666668,Vladimir,216.0,0.0,1054.405875,43.74,0.1516,1.7988,28.684,0.05,28.747,144.77,144.87,3.517
16.666666666666668,Murmansk,215.0,0.0,1117.9155,43.23,0.1608,1.7988,28.684,0.05,28.747,144.77,144.871,3.729
16.666666666666668,Novosibirsk,256.0,0.0,1229.08625,42.41,0.1767,1.7988,28.684,0.05,28.747,144.771,144.871,4.1
16.666666666666668,Zheleznogorsk,256.0,0.0,998.4095,44.21,0.1436,1.7988,28.684,0.05,28.747,144.77,144.87,3.33
16.666666666666668,Yakutsk,93.0,0.0,1073.357125,43.59,0.1543,1.7988,28.684,0.05,28.747,144.77,144.87,3.58
16.666666666666668,Khabarovsk,276.0,0.0,1366.981875,41.49,0.1964,1.7988,28.684,0.05,28.747,144.772,144.872,4.56
16.666666666666668,Vladivostok,276.0,0.0,1315.220625,41.82,0.1891,1.7988,28.684,0.05,28.747,144.771,144.871,4.387
16.666666666666668,Minsk,12.0,0.0,1268.816625,42.13,0.1825,1.7988,28.684,0.05,28.747,144.771,144.871,4.232
16.666666666666668,Almaty,236.0,0.0,1107.694125,43.31,0.1593,1.7988,28.684,0.05,28.747,144.77,144.871,3.695
16.666666666666668,Tehran,217.0,0.0,1141.050875,43.05,0.1641,1.7988,28.684,0.05,28.747,144.77,144.871,3.806
16.666666666666668,Urumqi,71.0,0.0,1231.87425,42.39,0.1771,1.7988,28.684,0.05,28.747,144.771,144.871,4.109
16.666666666666668,Delhi,237.0,0.0,1192.08925,42.67,0.1715,1.7988,28.684,0.05,28.747,144.771,144.871,3.976
16.666666666666668,Yangon,238.0,0.0,1390.324875,41.34,0.1999,1.7988,28.684,0.05,28.747,144.772,144.872,4.638
16.666666666666668,Jakarta,89.0,0.0,1106.28575,43.32,0.1591,1.7988,28.684,0.05,28.747,144.77,144.871,3.69
16.666666666666668,Luanda,9.0,0.0,1341.215625,41.65,0.1929,1.7988,28.684,0.05,28.747,144.771,144.872,4.474
16.666666666666668,Nairobi,29.0,0.0,1260.136875,42.19,0.1812,1.7988,28.684,0.05,28.747,144.771,144.871,4.203
16.666666666666668,Johannesburg,161.0,0.0,1135.5745,43.1,0.1632,1.7988,28.684,0.05,28.747,144.77,144.871,3.788
16.666666666666668,Havana,230.0,0.0,1003.085125,44.17,0.1443,1.7988,28.684,0.05,28.747,144.77,144.87,3.346
16.666666666666668,Caracas,250.0,0.0,1299.912125,41.92,0.187,1.7988,28.684,0.05,28.747,144.771,144.871,4.336
16.666666666666668,Buenos_Aires,81.0,0.0,1381.077,41.4,0.1985,1.7988,28.684,0.05,28.747,144.772,144.872,4.607
16.833333333333332,Vladimir,214.0,0.0,1001.9143125,44.18,0.1441,1.7988,28.684,0.05,28.747,144.77,144.87,3.342
16.833333333333332,Murmansk,213.0,0.0,1264.04275,42.17,0.1816,1.7988,28.684,0.05,28.747,144.771,144.871,4.216
16.833333333333332,Novosibirsk,254.0,0.0,1114.217875,43.26,0.1602,1.7988,28.684,0.05,28.747,144.77,144.871,3.717
16.833333333333332,Zheleznogorsk,254.0,0.0,1030.93725,43.94,0.1482,1.7988,28.684,0.05,28.747,144.77,144.87,3.439
16.833333333333332,Yakutsk,91.0,0.0,1002.7581875,44.18,0.1441,1.7988,28.684,0.05,28.747,144.77,144.87,3.345
16.833333333333332,Khabarovsk,294.0,0.0,1428.710625,41.1,0.2055,1.7988,28.684,0.05,28.747,144.772,144.872,4.766
16.833333333333332,Vladivostok,109.0,0.0,1304.161,41.89,0.1876,1.7988,28.684,0.05,28.747,144.771,144.871,4.35
16.833333333333332,Minsk,194.0,0.0,1194.573375,42.66,0.1717,1.7988,28.684,0.05,28.747,144.771,144.871,3.985
16.833333333333332,Almaty,50.0,0.0,1208.597125,42.56,0.1737,1.7988,28.684,0.05,28.747,144.771,144.871,4.031
16.833333333333332,Tehran,215.0,0.0,1144.4335,43.03,0.1645,1.7988,28.684,0.05,28.747,144.771,144.871,3.817
16.833333333333332,Urumqi,69.0,0.0,1259.023,42.2,0.181,1.7988,28.684,0.05,28.747,144.771,144.871,4.2
16.833333333333332,Delhi,235.0,0.0,1106.15425,43.32,0.1591,1.7988,28.684,0.05,28.747,144.77,144.871,3.69
16.833333333333332,Yangon,88.0,0.0,1545.19225,40.42,0.2222,1.7988,28.684,0.05,28.748,144.772,144.873,5.154
16.833333333333332,Jakarta,87.0,0.0,1270.078,42.12,0.1827,1.7988,28.684,0.05,28.747,144.771,144.871,4.237
16.833333333333332,Luanda,178.0,0.0,1378.6195,41.41,0.1983,1.7988,28.684,0.05,28.747,144.772,144.872,4.599
16.833333333333332,Nairobi,197.0,0.0,1216.643,42.5,0.1749,1.7988,28.684,0.05,28.747,144.771,144.871,4.058
16.833333333333332,Johannesburg,179.0,0.0,1067.600125,43.63,0.1535,1.7988,28.684,0.05,28.747,144.77,144.87,3.561
16.833333333333332,Havana,96.0,0.0,1023.8588125,44.0,0.1471,1.7988,28.684,0.05,28.747,144.77,144.87,3.415
16.833333333333332,Caracas,248.0,0.0,1087.093,43.48,0.1562,1.7988,28.684,0.05,28.747,144.77,144.87,3.626
16.833333333333332,Buenos_Aires,265.0,0.0,1230.4335,42.4,0.1769,1.7988,28.684,0.05,28.747,144.771,144.871,4.104
17.0,Vladimir,212.0,0.0,1046.84325,43.8,0.1506,1.7988,28.684,0.05,28.747,144.77,144.87,3.492
17.0,Murmansk,290.0,0.0,1169.01075,42.84,0.1682,1.7988,28.684,0.05,28.747,144.771,144.871,3.899
17.0,Novosibirsk,252.0,0.0,1088.367375,43.47,0.1564,1.7988,28.684,0.05,28.747,144.77,144.87,3.63
17.0,Zheleznogorsk,68.0,0.0,1092.4965,43.43,0.1571,1.7988,28.684,0.05,28.747,144.77,144.871,3.644
17.0,Yakutsk,89.0,0.0,1018.35225,44.04,0.1465,1.7988,28.684,0.05,28.747,144.77,144.87,3.397
17.0,Khabarovsk,108.0,0.0,1289.99,41.99,0.1855,1.7988,28.684,0.05,28.747,144.771,144.871,4.303
17.0,Vladivostok,107.0,0.0,1332.650125,41.71,0.1915,1.7988,28.684,0.05,28.747,144.771,144.872,4.445
17.0,Minsk,192.0,0.0,1199.586125,42.62,0.1725,1.7988,28.684,0.05,28.747,144.771,144.871,4.001
17.0,Almaty,48.0,0.0,1354.394625,41.57,0.1946,1.7988,28.684,0.05,28.747,144.771,144.872,4.518
17.0,Tehran,213.0,0.0,1256.04975,42.22,0.1806,1.7988,28.684,0.05,28.747,144.771,144.871,4.19
17.0,Urumqi,253.0,0.0,1326.0445,41.75,0.1906,1.7988,28.684,0.05,28.747,144.771,144.872,4.423
17.0,Delhi,233.0,0.0,1144.56375,43.03,0.1645,1.7988,28.684,0.05,28.747,144.771,144.871,3.818
17.0,Yangon,86.0,0.0,1449.87475,40.97,0.2086,1.7988,28.684,0.05,28.747,144.772,144.872,4.836
17.0,Jakarta,256.0,0.0,1377.99875,41.42,0.198,1.7988,28.684,0.05,28.747,144.772,144.872,4.597
17.0,Luanda,176.0,0.0,1141.927,43.05,0.1641,1.7988,28.684,0.05,28.747,144.77,144.871,3.809
17.0,Nairobi,195.0,0.0,1040.5230625,43.86,0.1495,1.7988,28.684,0.05,28.747,144.77,144.87,3.471
17.0,Johannesburg,177.0,0.0,1130.575125,43.14,0.1625,1.7988,28.684,0.05,28.747,144.77,144.871,3.771
17.0,Havana,94.0,0.0,1173.130875,42.81,0.1687,1.7988,28.684,0.05,28.747,144.771,144.871,3.913
17.0,Caracas,246.0,0.0,993.2303125,44.26,0.1428,1.7988,28.684,0.05,28.747,144.77,144.87,3.313
17.0,Buenos_Aires,263.0,0.0,1059.584875,43.7,0.1523,1.7988,28.684,0.05,28.747,144.77,144.87,3.534
17.166666666666668,Vladimir,210.0,0.0,1175.238625,42.8,0.1689,1.7988,28.684,0.05,28.747,144.771,144.871,3.92
17.166666666666668,Murmansk,288.0,0.0,1082.190625,43.52,0.1555,1.7988,28.684,0.05,28.747,144.77,144.87,3.61
17.166666666666668,Novosibirsk,250.0,0.0,1154.952875,42.95,0.166,1.7988,28.684,0.05,28.747,144.771,144.871,3.853
17.166666666666668,Zheleznogorsk,66.0,0.0,1170.315,42.84,0.1682,1.7988,28.684,0.05,28.747,144.771,144.871,3.904
17.166666666666668,Yakutsk,290.0,0.0,1029.86575,43.95,0.148,1.7988,28.684,0.05,28.747,144.77,144.87,3.435
17.166666666666668,Khabarovsk,106.0,0.0,1111.372,43.28,0.1599,1.7988,28.684,0.05,28.747,144.77,144.871,3.707
17.166666666666668,Vladivostok,291.0,0.0,1329.29075,41.73,0.1911,1.7988,28.684,0.05,28.747,144.771,144.872,4.434
17.166666666666668,Minsk,7.0,0.0,1177.062375,42.79,0.1691,1.7988,28.684,0.05,28.747,144.771,144.871,3.926
17.166666666666668,Almaty,231.0,0.0,1419.8415,41.16,0.204,1.7988,28.684,0.05,28.747,144.772,144.872,4.736
17.166666666666668,Tehran,211.0,0.0,1448.291125,40.98,0.2083,1.7988,28.684,0.05,28.747,144.772,144.872,4.831
17.166666666666668,Urumqi,251.0,0.0,1136.7805,43.09,0.1634,1.7988,28.684,0.05,28.747,144.77,144.871,3.792
17.166666666666668,Delhi,231.0,0.0,1293.68425,41.96,0.1861,1.7988,28.684,0.05,28.747,144.771,144.871,4.315
17.166666666666668,Yangon,84.0,0.0,1456.5015,40.93,0.2095,1.7988,28.684,0.05,28.747,144.772,144.872,4.858
17.166666666666668,Jakarta,254.0,0.0,1137.166375,43.08,0.1636,1.7988,28.684,0.05,28.747,144.77,144.871,3.793
17.166666666666668,Luanda,174.0,0.0,1010.4915,44.11,0.1453,1.7988,28.684,0.05,28.747,144.77,144.87,3.371
17.166666666666668,Nairobi,193.0,0.0,1003.5865625,44.17,0.1443,1.7988,28.684,0.05,28.747,144.77,144.87,3.348
17.166666666666668,Johannesburg,175.0,0.0,1307.732,41.87,0.188,1.7988,28.684,0.05,28.747,144.771,144.871,4.362
17.166666666666668,Havana,92.0,0.0,1410.012625,41.22,0.2026,1.7988,28.684,0.05,28.747,144.772,144.872,4.703
17.166666666666668,Caracas,244.0,0.0,1052.45075,43.76,0.1513,1.7988,28.684,0.05,28.747,144.77,144.87,3.511
17.166666666666668,Buenos_Aires,261.0,0.0,1001.079375,44.19,0.144,1.7988,28.684,0.05,28.747,144.77,144.87,3.339
17.333333333333332,Vladimir,24.0,0.0,1261.059625,42.19,0.1812,1.7988,28.684,0.05,28.747,144.771,144.871,4.206
17.333333333333332,Murmansk,227.0,0.0,1045.170875,43.82,0.1502,1.7988,28.684,0.05,28.747,144.77,144.87,3.486
17.333333333333332,Novosibirsk,64.0,0.0,1248.98525,42.27,0.1796,1.7988,28.684,0.05,28.747,144.771,144.871,4.166
17.333333333333332,Zheleznogorsk,64.0,0.0,1321.179625,41.78,0.19,1.7988,28.684,0.05,28.747,144.771,144.872,4.407
17.333333333333332,Yakutsk,288.0,0.0,1032.703,43.92,0.1485,1.7988,28.684,0.05,28.747,144.77,144.87,3.445
17.333333333333332,Khabarovsk,104.0,0.0,1008.0754375,44.13,0.145,1.7988,28.684,0.05,28.747,144.77,144.87,3.363
17.333333333333332,Vladivostok,289.0,0.0,1175.00725,42.8,0.1689,1.7988,28.684,0.05,28.747,144.771,144.871,3.919
17.333333333333332,Minsk,5.0,0.0,1133.47525,43.11,0.163,1.7988,28.684,0.05,28.747,144.77,144.871,3.781
17.333333333333332,Almaty,229.0,0.0,1387.154875,41.36,0.1994,1.7988,28.684,0.05,28.747,144.772,144.872,4.627
17.333333333333332,Tehran,210.0,0.0,1352.263875,41.58,0.1944,1.7988,28.684,0.05,28.747,144.771,144.872,4.511
17.333333333333332,Urumqi,249.0,0.0,1036.131875,43.89,0.149,1.7988,28.684,0.05,28.747,144.77,144.87,3.456
17.333333333333332,Delhi,63.0,0.0,1141.146375,43.05,0.1641,1.7988,28.684,0.05,28.747,144.77,144.871,3.806
17.333333333333332,Yangon,83.0,0.0,1415.660125,41.18,0.2036,1.7988,28.684,0.05,28.747,144.772,144.872,4.722
17.333333333333332,Jakarta,252.0,0.0,1002.0240625,44.18,0.1441,1.7988,28.684,0.05,28.747,144.77,144.87,3.342
17.333333333333332,Luanda,172.0,0.0,1027.406375,43.97,0.1477,1.7988,28.684,0.05,28.747,144.77,144.87,3.427
17.333333333333332,Nairobi,191.0,0.0,1119.974125,43.22,0.161,1.7988,28.684,0.05,28.747,144.77,144.871,3.736
17.333333333333332,Johannesburg,40.0,0.0,1469.696375,40.86,0.2112,1.7988,28.684,0.05,28.747,144.772,144.872,4.902
17.333333333333332,Havana,223.0,0.0,1621.151625,40.0,0.2332,1.7988,28.684,0.05,28.748,144.773,144.873,5.408
17.333333333333332,Caracas,242.0,0.0,1243.884125,42.31,0.1787,1.7988,28.684,0.05,28.747,144.771,144.871,4.149
17.333333333333332,Buenos_Aires,279.0,0.0,1070.459625,43.61,0.1539,1.7988,28.684,0.05,28.747,144.77,144.87,3.571
17.5,Vladimir,22.0,0.0,1403.878125,41.25,0.2019,1.7988,28.684,0.05,28.747,144.772,144.872,4.683
17.5,Murmansk,225.0,0.0,1000.142875,44.2,0.1438,1.7988,28.684,0.05,28.747,144.77,144.87,3.336
17.5,Novosibirsk,62.0,0.0,1298.6485,41.93,0.1867,1.7988,28.684,0.05,28.747,144.771,144.871,4.332
17.5,Zheleznogorsk,266.0,0.0,1290.448875,41.99,0.1855,1.7988,28.684,0.05,28.747,144.771,144.871,4.304
17.5,Yakutsk,286.0,0.0,1116.307625,43.25,0.1604,1.7988,28.684,0.05,28.747,144.77,144.871,3.724
17.5,Khabarovsk,102.0,0.0,1007.6839375,44.13,0.145,1.7988,28.684,0.05,28.747,144.77,144.87,3.361
17.5,Vladivostok,287.0,0.0,1115.1955,43.25,0.1604,1.7988,28.684,0.05,28.747,144.77,144.871,3.72
17.5,Minsk,3.0,0.0,1181.719125,42.75,0.1699,1.7988,28.684,0.05,28.747,144.771,144.871,3.942
17.5,Almaty,62.0,0.0,1329.249125,41.73,0.1911,1.7988,28.684,0.05,28.747,144.771,144.872,4.434
17.5,Tehran,42.0,0.0,1198.25875,42.63,0.1723,1.7988,28.684,0.05,28.747,144.771,144.871,3.997
17.5,Urumqi,247.0,0.0,1046.9254375,43.8,0.1506,1.7988,28.684,0.05,28.747,144.77,144.87,3.492
17.5,Delhi,61.0,0.0,1033.2180625,43.92,0.1485,1.7988,28.684,0.05,28.747,144.77,144.87,3.446
17.5,Yangon,81.0,0.0,1208.96575,42.55,0.1739,1.7988,28.684,0.05,28.747,144.771,144.871,4.033
17.5,Jakarta,250.0,0.0,1017.2096875,44.05,0.1463,1.7988,28.684,0.05,28.747,144.77,144.87,3.393
17.5,Luanda,170.0,0.0,1187.2015,42.71,0.1707,1.7988,28.684,0.05,28.747,144.771,144.871,3.96
17.5,Nairobi,189.0,0.0,1350.22475,41.59,0.1942,1.7988,28.684,0.05,28.747,144.771,144.872,4.504
17.5,Johannesburg,58.0,0.0,1302.2335,41.91,0.1872,1.7988,28.684,0.05,28.747,144.771,144.871,4.344
17.5,Havana,221.0,0.0,1654.58775,39.83,0.2378,1.7988,28.684,0.05,28.748,144.773,144.873,5.519
17.5,Caracas,109.0,0.0,1303.823,41.9,0.1874,1.7988,28.684,0.05,28.747,144.771,144.871,4.349
17.5,Buenos_Aires,111.0,0.0,1124.305375,43.18,0.1617,1.7988,28.684,0.05,28.747,144.77,144.871,3.75
17.666666666666668,Vladimir,224.0,0.0,1325.337125,41.75,0.1906,1.7988,28.684,0.05,28.747,144.771,144.872,4.421
17.666666666666668,Murmansk,2.0,0.0,1023.8875625,44.0,0.1471,1.7988,28.684,0.05,28.747,144.77,144.87,3.415
17.666666666666668,Novosibirsk,245.0,0.0,1285.476,42.02,0.1848,1.7988,28.684,0.05,28.747,144.771,144.871,4.288
17.666666666666668,Zheleznogorsk,264.0,0.0,1128.928625,43.15,0.1623,1.7988,28.684,0.05,28.747,144.77,144.871,3.766
17.666666666666668,Yakutsk,4.0,0.0,1168.111375,42.85,0.168,1.7988,28.684,0.05,28.747,144.771,144.871,3.896
17.666666666666668,Khabarovsk,285.0,0.0,1026.11525,43.98,0.1475,1.7988,28.684,0.05,28.747,144.77,144.87,3.423
17.666666666666668,Vladivostok,100.0,0.0,1092.37475,43.43,0.1571,1.7988,28.684,0.05,28.747,144.77,144.871,3.644
17.666666666666668,Minsk,1.0,0.0,1313.87925,41.83,0.1889,1.7988,28.684,0.05,28.747,144.771,144.871,4.383
17.666666666666668,Almaty,60.0,0.0,1135.07675,43.1,0.1632,1.7988,28.684,0.05,28.747,144.77,144.871,3.786
17.666666666666668,Tehran,40.0,0.0,1045.2175625,43.82,0.1502,1.7988,28.684,0.05,28.747,144.77,144.87,3.486
17.666666666666668,Urumqi,245.0,0.0,1162.919875,42.89,0.1672,1.7988,28.684,0.05,28.747,144.771,144.871,3.879
17.666666666666668,Delhi,79.0,0.0,1054.857375,43.74,0.1516,1.7988,28.684,0.05,28.747,144.77,144.87,3.519
17.666666666666668,Yangon,247.0,0.0,1059.2725,43.7,0.1523,1.7988,28.684,0.05,28.747,144.77,144.87,3.533
17.666666666666668,Jakarta,117.0,0.0,1151.868,42.97,0.1657,1.7988,28.684,0.05,28.747,144.771,144.871,3.842
17.666666666666668,Luanda,37.0,0.0,1111.5755,43.28,0.1599,1.7988,28.684,0.05,28.747,144.77,144.871,3.708
17.666666666666668,Nairobi,58.0,0.0,1295.273125,41.95,0.1863,1.7988,28.684,0.05,28.747,144.771,144.871,4.321
17.666666666666668,Johannesburg,56.0,0.0,1235.487,42.36,0.1777,1.7988,28.684,0.05,28.747,144.771,144.871,4.121
17.666666666666668,Havana,106.0,0.0,1414.4625,41.19,0.2033,1.7988,28.684,0.05,28.747,144.772,144.872,4.718
17.666666666666668,Caracas,107.0,0.0,1184.767625,42.73,0.1703,1.7988,28.684,0.05,28.747,144.771,144.871,3.952
17.666666666666668,Buenos_Aires,109.0,0.0,1154.52175,42.95,0.166,1.7988,28.684,0.05,28.747,144.771,144.871,3.851
17.833333333333332,Vladimir,222.0,0.0,1178.889375,42.77,0.1695,1.7988,28.684,0.05,28.747,144.771,144.871,3.932
17.833333333333332,Murmansk,0.0,0.0,1000.4135625,44.2,0.1438,1.7988,28.684,0.05,28.747,144.77,144.87,3.337
17.833333333333332,Novosibirsk,243.0,0.0,1192.030125,42.68,0.1713,1.7988,28.684,0.05,28.747,144.771,144.871,3.976
17.833333333333332,Zheleznogorsk,262.0,0.0,1045.7365625,43.81,0.1504,1.7988,28.684,0.05,28.747,144.77,144.87,3.488
17.833333333333332,Yakutsk,2.0,0.0,1110.15025,43.29,0.1597,1.7988,28.684,0.05,28.747,144.77,144.871,3.703
17.833333333333332,Khabarovsk,283.0,0.0,1134.7665,43.1,0.1632,1.7988,28.684,0.05,28.747,144.77,144.871,3.785
17.833333333333332,Vladivostok,118.0,0.0,1132.15125,43.12,0.1628,1.7988,28.684,0.05,28.747,144.77,144.871,3.776
17.833333333333332,Minsk,203.0,0.0,1166.7285,42.86,0.1678,1.7988,28.684,0.05,28.747,144.771,144.871,3.892
17.833333333333332,Almaty,78.0,0.0,1017.7835625,44.05,0.1463,1.7988,28.684,0.05,28.747,144.77,144.87,3.395
17.833333333333332,Tehran,58.0,0.0,1002.42775,44.18,0.1441,1.7988,28.684,0.05,28.747,144.77,144.87,3.344
17.833333333333332,Urumqi,78.0,0.0,1289.601125,41.99,0.1855,1.7988,28.684,0.05,28.747,144.771,144.871,4.302
17.833333333333332,Delhi,77.0,0.0,1201.628375,42.61,0.1727,1.7988,28.684,0.05,28.747,144.771,144.871,4.008
17.833333333333332,Yangon,245.0,0.0,1021.8633125,44.01,0.147,1.7988,28.684,0.05,28.747,144.77,144.87,3.409
17.833333333333332,Jakarta,115.0,0.0,1019.1895,44.04,0.1465,1.7988,28.684,0.05,28.747,144.77,144.87,3.4
17.833333333333332,Luanda,35.0,0.0,1016.0573125,44.06,0.1461,1.7988,28.684,0.05,28.747,144.77,144.87,3.389
17.833333333333332,Nairobi,56.0,0.0,1087.397125,43.47,0.1564,1.7988,28.684,0.05,28.747,144.77,144.87,3.627
17.833333333333332,Johannesburg,187.0,0.0,1249.635875,42.27,0.1796,1.7988,28.684,0.05,28.747,144.771,144.871,4.168
17.833333333333332,Havana,104.0,0.0,1201.77925,42.6,0.1729,1.7988,28.684,0.05,28.747,144.771,144.871,4.009
17.833333333333332,Caracas,105.0,0.0,1193.620625,42.66,0.1717,1.7988,28.684,0.05,28.747,144.771,144.871,3.981
17.833333333333332,Buenos_Aires,107.0,0.0,1291.834875,41.98,0.1857,1.7988,28.684,0.05,28.747,144.771,144.871,4.309
18.0,Vladimir,37.0,0.0,1087.20325,43.47,0.1564,1.7988,28.684,0.05,28.747,144.77,144.87,3.627
18.0,Murmansk,18.0,0.0,1057.042625,43.72,0.152,1.7988,28.684,0.05,28.747,144.77,144.87,3.526
18.0,Novosibirsk,241.0,0.0,1177.4565,42.78,0.1693,1.7988,28.684,0.05,28.747,144.771,144.871,3.928
18.0,Zheleznogorsk,260.0,0.0,1056.9415,43.72,0.152,1.7988,28.684,0.05,28.747,144.77,144.87,3.526
18.0,Yakutsk,117.0,0.0,1083.2705,43.51,0.1557,1.7988,28.684,0.05,28.747,144.77,144.87,3.613
18.0,Khabarovsk,281.0,0.0,1314.931875,41.82,0.1891,1.7988,28.684,0.05,28.747,144.771,144.871,4.386
18.0,Vladivostok,116.0,0.0,1272.014625,42.11,0.1829,1.7988,28.684,0.05,28.747,144.771,144.871,4.243
18.0,Minsk,201.0,0.0,1046.8521875,43.8,0.1506,1.7988,28.684,0.05,28.747,144.77,144.87,3.492
18.0,Almaty,76.0,0.0,1008.8704375,44.12,0.1451,1.7988,28.684,0.05,28.747,144.77,144.87,3.365
18.0,Tehran,56.0,0.0,1086.48775,43.48,0.1562,1.7988,28.684,0.05,28.747,144.77,144.87,3.624
18.0,Urumqi,76.0,0.0,1490.95675,40.73,0.2144,1.7988,28.684,0.05,28.747,144.772,144.872,4.973
18.0,Delhi,75.0,0.0,1437.297,41.05,0.2066,1.7988,28.684,0.05,28.747,144.772,144.872,4.794
18.0,Yangon,243.0,0.0,1128.102625,43.15,0.1623,1.7988,28.684,0.05,28.747,144.77,144.871,3.763
18.0,Jakarta,113.0,0.0,1035.2818125,43.9,0.1488,1.7988,28.684,0.05,28.747,144.77,144.87,3.453
18.0,Luanda,33.0,0.0,1071.34025,43.6,0.1541,1.7988,28.684,0.05,28.747,144.77,144.87,3.574
18.0,Nairobi,54.0,0.0,1004.538625,44.16,0.1445,1.7988,28.684,0.05,28.747,144.77,144.87,3.351
18.0,Johannesburg,185.0,0.0,1071.078,43.6,0.1541,1.7988,28.684,0.05,28.747,144.77,144.87,3.573
18.0,Havana,102.0,0.0,1090.716875,43.45,0.1568,1.7988,28.684,0.05,28.747,144.77,144.871,3.638
18.0,Caracas,103.0,0.0,1326.89525,41.74,0.1909,1.7988,28.684,0.05,28.747,144.771,144.872,4.426
18.0,Buenos_Aires,106.0,0.0,1472.324375,40.84,0.2117,1.7988,28.684,0.05,28.747,144.772,144.872,4.911
18.166666666666668,Vladimir,35.0,0.0,1082.606375,43.51,0.1557,1.7988,28.684,0.05,28.747,144.77,144.87,3.611
18.166666666666668,Murmansk,16.0,0.0,1183.7685,42.74,0.1701,1.7988,28.684,0.05,28.747,144.771,144.871,3.949
18.166666666666668,Novosibirsk,75.0,0.0,1071.1165,43.6,0.1541,1.7988,28.684,0.05,28.747,144.77,144.87,3.573
18.166666666666668,Zheleznogorsk,278.0,0.0,1157.123,42.93,0.1664,1.7988,28.684,0.05,28.747,144.771,144.871,3.86
18.166666666666668,Yakutsk,115.0,0.0,1094.023,43.42,0.1573,1.7988,28.684,0.05,28.747,144.77,144.871,3.649
18.166666666666668,Khabarovsk,19.0,0.0,1350.701125,41.59,0.1942,1.7988,28.684,0.05,28.747,144.771,144.872,4.505
18.166666666666668,Vladivostok,280.0,0.0,1313.2915,41.83,0.1889,1.7988,28.684,0.05,28.747,144.771,144.871,4.381
18.166666666666668,Minsk,219.0,0.0,1018.481875,44.04,0.1465,1.7988,28.684,0.05,28.747,144.77,144.87,3.397
18.166666666666668,Almaty,74.0,0.0,1114.274875,43.26,0.1602,1.7988,28.684,0.05,28.747,144.77,144.871,3.717
18.166666666666668,Tehran,54.0,0.0,1274.94825,42.09,0.1833,1.7988,28.684,0.05,28.747,144.771,144.871,4.253
18.166666666666668,Urumqi,240.0,0.0,1442.1035,41.02,0.2074,1.7988,28.684,0.05,28.747,144.772,144.872,4.81
18.166666666666668,Delhi,240.0,0.0,1423.696375,41.13,0.2048,1.7988,28.684,0.05,28.747,144.772,144.872,4.749
18.166666666666668,Yangon,241.0,0.0,1342.39175,41.64,0.1931,1.7988,28.684,0.05,28.747,144.771,144.872,4.478
18.166666666666668,Jakarta,111.0,0.0,1193.34575,42.67,0.1715,1.7988,28.684,0.05,28.747,144.771,144.871,3.981
18.166666666666668,Luanda,31.0,0.0,1256.59525,42.22,0.1806,1.7988,28.684,0.05,28.747,144.771,144.871,4.192
18.166666666666668,Nairobi,52.0,0.0,1076.300625,43.56,0.1548,1.7988,28.684,0.05,28.747,144.77,144.87,3.59
18.166666666666668,Johannesburg,183.0,0.0,1006.74925,44.14,0.1448,1.7988,28.684,0.05,28.747,144.77,144.87,3.358
18.166666666666668,Havana,100.0,0.0,1110.214625,43.29,0.1597,1.7988,28.684,0.05,28.747,144.77,144.871,3.703
18.166666666666668,Caracas,272.0,0.0,1303.432,41.9,0.1874,1.7988,28.684,0.05,28.747,144.771,144.871,4.348
18.166666666666668,Buenos_Aires,290.0,0.0,1327.641875,41.74,0.1909,1.7988,28.684,0.05,28.747,144.771,144.872,4.429
18.333333333333332,Vladimir,33.0,0.0,1169.96575,42.84,0.1682,1.7988,28.684,0.05,28.747,144.771,144.871,3.903
18.333333333333332,Murmansk,256.0,0.0,1163.4185,42.89,0.1672,1.7988,28.684,0.05,28.747,144.771,144.871,3.881
18.333333333333332,Novosibirsk,73.0,0.0,1049.7675,43.78,0.1509,1.7988,28.684,0.05,28.747,144.77,144.87,3.502
18.333333333333332,Zheleznogorsk,276.0,0.0,1323.6155,41.77,0.1902,1.7988,28.684,0.05,28.747,144.771,144.872,4.415
18.333333333333332,Yakutsk,113.0,0.0,1182.110125,42.75,0.1699,1.7988,28.684,0.05,28.747,144.771,144.871,3.943
18.333333333333332,Khabarovsk,133.0,0.0,1255.038625,42.23,0.1804,1.7988,28.684,0.05,28.747,144.771,144.871,4.186
18.333333333333332,Vladivostok,298.0,0.0,1264.753875,42.16,0.1819,1.7988,28.684,0.05,28.747,144.771,144.871,4.219
18.333333333333332,Minsk,33.0,0.0,1083.154375,43.51,0.1557,1.7988,28.684,0.05,28.747,144.77,144.87,3.613
18.333333333333332,Almaty,258.0,0.0,1219.925625,42.47,0.1755,1.7988,28.684,0.05,28.747,144.771,144.871,4.069
18.333333333333332,Tehran,238.0,0.0,1465.54775,40.88,0.2107,1.7988,28.684,0.05,28.747,144.772,144.872,4.889
18.333333333333332,Urumqi,93.0,0.0,1377.244375,41.42,0.198,1.7988,28.684,0.05,28.747,144.772,144.872,4.594
18.333333333333332,Delhi,258.0,0.0,1467.811625,40.87,0.211,1.7988,28.684,0.05,28.747,144.772,144.872,4.896
18.333333333333332,Yangon,259.0,0.0,1620.366875,40.01,0.2329,1.7988,28.684,0.05,28.748,144.773,144.873,5.405
18.333333333333332,Jakarta,109.0,0.0,1446.369375,41.0,0.2078,1.7988,28.684,0.05,28.747,144.772,144.872,4.825
18.333333333333332,Luanda,180.0,0.0,1365.52675,41.5,0.1962,1.7988,28.684,0.05,28.747,144.772,144.872,4.555
18.333333333333332,Nairobi,50.0,0.0,1276.486125,42.08,0.1835,1.7988,28.684,0.05,28.747,144.771,144.871,4.258
18.333333333333332,Johannesburg,181.0,0.0,1080.369375,43.53,0.1553,1.7988,28.684,0.05,28.747,144.77,144.87,3.604
18.333333333333332,Havana,118.0,0.0,1251.88675,42.25,0.18,1.7988,28.684,0.05,28.747,144.771,144.871,4.176
18.333333333333332,Caracas,270.0,0.0,1212.5675,42.53,0.1743,1.7988,28.684,0.05,28.747,144.771,144.871,4.045
18.333333333333332,Buenos_Aires,288.0,0.0,1194.463875,42.66,0.1717,1.7988,28.684,0.05,28.747,144.771,144.871,3.984
18.5,Vladimir,31.0,0.0,1333.255375,41.7,0.1917,1.7988,28.684,0.05,28.747,144.771,144.872,4.447
18.5,Murmansk,254.0,0.0,1060.50825,43.69,0.1525,1.7988,28.684,0.05,28.747,144.77,144.87,3.537
18.5,Novosibirsk,71.0,0.0,1124.506375,43.18,0.1617,1.7988,28.684,0.05,28.747,144.77,144.871,3.751
18.5,Zheleznogorsk,275.0,0.0,1445.60975,41.0,0.2078,1.7988,28.684,0.05,28.747,144.772,144.872,4.822
18.5,Yakutsk,111.0,0.0,1334.25,41.7,0.1917,1.7988,28.684,0.05,28.747,144.771,144.872,4.451
18.5,Khabarovsk,131.0,0.0,1121.886125,43.2,0.1613,1.7988,28.684,0.05,28.747,144.77,144.871,3.742
18.5,Vladivostok,296.0,0.0,1306.5085,41.88,0.1878,1.7988,28.684,0.05,28.747,144.771,144.871,4.358
18.5,Minsk,31.0,0.0,1009.551625,44.12,0.1451,1.7988,28.684,0.05,28.747,144.77,144.87,3.368
18.5,Almaty,256.0,0.0,1108.697,43.3,0.1595,1.7988,28.684,0.05,28.747,144.77,144.871,3.698
18.5,Tehran,236.0,0.0,1233.199,42.38,0.1773,1.7988,28.684,0.05,28.747,144.771,144.871,4.114
18.5,Urumqi,91.0,0.0,1170.6905,42.83,0.1684,1.7988,28.684,0.05,28.747,144.771,144.871,3.905
18.5,Delhi,90.0,0.0,1325.366125,41.75,0.1906,1.7988,28.684,0.05,28.747,144.771,144.872,4.421
18.5,Yangon,109.0,0.0,1630.940125,39.95,0.2345,1.7988,28.684,0.05,28.748,144.773,144.873,5.44
18.5,Jakarta,278.0,0.0,1303.248,41.9,0.1874,1.7988,28.684,0.05,28.747,144.771,144.871,4.347
18.5,Luanda,198.0,0.0,1243.387,42.31,0.1787,1.7988,28.684,0.05,28.747,144.771,144.871,4.147
18.5,Nairobi,218.0,0.0,1237.51725,42.35,0.1779,1.7988,28.684,0.05,28.747,144.771,144.871,4.128
18.5,Johannesburg,47.0,0.0,1267.89575,42.14,0.1823,1.7988,28.684,0.05,28.747,144.771,144.871,4.229
18.5,Havana,250.0,0.0,1298.178125,41.93,0.1867,1.7988,28.684,0.05,28.747,144.771,144.871,4.33
18.5,Caracas,268.0,0.0,1248.0235,42.28,0.1794,1.7988,28.684,0.05,28.747,144.771,144.871,4.163
18.5,Buenos_Aires,286.0,0.0,1167.3205,42.86,0.1678,1.7988,28.684,0.05,28.747,144.771,144.871,3.894
18.666666666666668,Vladimir,233.0,0.0,1329.82625,41.73,0.1911,1.7988,28.684,0.05,28.747,144.771,144.872,4.436
18.666666666666668,Murmansk,252.0,0.0,1033.9850625,43.91,0.1487,1.7988,28.684,0.05,28.747,144.77,144.87,3.449
18.666666666666668,Novosibirsk,69.0,0.0,1280.786625,42.05,0.1842,1.7988,28.684,0.05,28.747,144.771,144.871,4.272
18.666666666666668,Zheleznogorsk,273.0,0.0,1315.13275,41.82,0.1891,1.7988,28.684,0.05,28.747,144.771,144.871,4.387
18.666666666666668,Yakutsk,13.0,0.0,1175.61025,42.8,0.1689,1.7988,28.684,0.05,28.747,144.771,144.871,3.921
18.666666666666668,Khabarovsk,129.0,0.0,1072.91875,43.59,0.1543,1.7988,28.684,0.05,28.747,144.77,144.87,3.579
18.666666666666668,Vladivostok,129.0,0.0,1156.13575,42.94,0.1662,1.7988,28.684,0.05,28.747,144.771,144.871,3.856
18.666666666666668,Minsk,29.0,0.0,1034.4936875,43.91,0.1487,1.7988,28.684,0.05,28.747,144.77,144.87,3.451
18.666666666666668,Almaty,254.0,0.0,1099.41075,43.38,0.158,1.7988,28.684,0.05,28.747,144.77,144.871,3.667
18.666666666666668,Tehran,234.0,0.0,1079.1425,43.54,0.1551,1.7988,28.684,0.05,28.747,144.77,144.87,3.6
18.666666666666668,Urumqi,89.0,0.0,1032.4275,43.92,0.1485,1.7988,28.684,0.05,28.747,144.77,144.87,3.444
18.666666666666668,Delhi,88.0,0.0,1129.07,43.15,0.1623,1.7988,28.684,0.05,28.747,144.77,144.871,3.766
18.666666666666668,Yangon,107.0,0.0,1345.79675,41.62,0.1935,1.7988,28.684,0.05,28.747,144.771,144.872,4.489
18.666666666666668,Jakarta,276.0,0.0,1171.173625,42.83,0.1684,1.7988,28.684,0.05,28.747,144.771,144.871,3.907
18.666666666666668,Luanda,196.0,0.0,1242.707,42.31,0.1787,1.7988,28.684,0.05,28.747,144.771,144.871,4.145
18.666666666666668,Nairobi,216.0,0.0,1318.627875,41.8,0.1896,1.7988,28.684,0.05,28.747,144.771,144.872,4.398
18.666666666666668,Johannesburg,45.0,0.0,1402.110875,41.27,0.2015,1.7988,28.684,0.05,28.747,144.772,144.872,4.677
18.666666666666668,Havana,248.0,0.0,1233.59075,42.38,0.1773,1.7988,28.684,0.05,28.747,144.771,144.871,4.115
18.666666666666668,Caracas,266.0,0.0,1400.903,41.27,0.2015,1.7988,28.684,0.05,28.747,144.772,144.872,4.673
18.666666666666668,Buenos_Aires,284.0,0.0,1250.49025,42.26,0.1798,1.7988,28.684,0.05,28.747,144.771,144.871,4.171
18.833333333333332,Vladimir,231.0,0.0,1192.57575,42.67,0.1715,1.7988,28.684,0.05,28.747,144.771,144.871,3.978
18.833333333333332,Murmansk,28.0,0.0,1052.796375,43.75,0.1514,1.7988,28.684,0.05,28.747,144.77,144.87,3.512
18.833333333333332,Novosibirsk,271.0,0.0,1195.004,42.65,0.1719,1.7988,28.684,0.05,28.747,144.771,144.871,3.986
18.833333333333332,Zheleznogorsk,88.0,0.0,1168.605,42.85,0.168,1.7988,28.684,0.05,28.747,144.771,144.871,3.898
18.833333333333332,Yakutsk,11.0,0.0,1074.364375,43.58,0.1544,1.7988,28.684,0.05,28.747,144.77,144.87,3.584
18.833333333333332,Khabarovsk,127.0,0.0,1122.789125,43.2,0.1613,1.7988,28.684,0.05,28.747,144.77,144.871,3.745
18.833333333333332,Vladivostok,127.0,0.0,1023.631375,44.0,0.1471,1.7988,28.684,0.05,28.747,144.77,144.87,3.414
18.833333333333332,Minsk,27.0,0.0,1154.372875,42.95,0.166,1.7988,28.684,0.05,28.747,144.771,144.871,3.851
18.833333333333332,Almaty,252.0,0.0,1191.320375,42.68,0.1713,1.7988,28.684,0.05,28.747,144.771,144.871,3.974
18.833333333333332,Tehran,232.0,0.0,1036.2105,43.89,0.149,1.7988,28.684,0.05,28.747,144.77,144.87,3.456
18.833333333333332,Urumqi,87.0,0.0,995.831375,44.24,0.1431,1.7988,28.684,0.05,28.747,144.77,144.87,3.322
18.833333333333332,Delhi,86.0,0.0,1031.779375,43.93,0.1483,1.7988,28.684,0.05,28.747,144.77,144.87,3.442
18.833333333333332,Yangon,105.0,0.0,1120.647875,43.21,0.1612,1.7988,28.684,0.05,28.747,144.77,144.871,3.738
18.833333333333332,Jakarta,274.0,0.0,1168.05175,42.85,0.168,1.7988,28.684,0.05,28.747,144.771,144.871,3.896
18.833333333333332,Luanda,194.0,0.0,1364.356625,41.5,0.1962,1.7988,28.684,0.05,28.747,144.772,144.872,4.551
18.833333333333332,Nairobi,215.0,0.0,1422.33475,41.14,0.2045,1.7988,28.684,0.05,28.747,144.772,144.872,4.744
18.833333333333332,Johannesburg,43.0,0.0,1611.75175,40.06,0.2316,1.7988,28.684,0.05,28.748,144.773,144.873,5.376
18.833333333333332,Havana,246.0,0.0,1286.095125,42.02,0.1848,1.7988,28.684,0.05,28.747,144.771,144.871,4.29
18.833333333333332,Caracas,134.0,0.0,1162.0745,42.9,0.167,1.7988,28.684,0.05,28.747,144.771,144.871,3.876
18.833333333333332,Buenos_Aires,282.0,0.0,1422.02575,41.14,0.2045,1.7988,28.684,0.05,28.747,144.772,144.872,4.743
19.0,Vladimir,229.0,0.0,1128.775875,43.15,0.1623,1.7988,28.684,0.05,28.747,144.77,144.871,3.765
19.0,Murmansk,26.0,0.0,1047.910875,43.79,0.1507,1.7988,28.684,0.05,28.747,144.77,144.87,3.495
19.0,Novosibirsk,269.0,0.0,1060.759,43.69,0.1525,1.7988,28.684,0.05,28.747,144.77,144.87,3.538
19.0,Zheleznogorsk,86.0,0.0,1049.613625,43.78,0.1509,1.7988,28.684,0.05,28.747,144.77,144.87,3.501
19.0,Yakutsk,9.0,0.0,1051.568125,43.76,0.1513,1.7988,28.684,0.05,28.747,144.77,144.87,3.508
19.0,Khabarovsk,10.0,0.0,1166.32225,42.86,0.1678,1.7988,28.684,0.05,28.747,144.771,144.871,3.89
19.0,Vladivostok,125.0,0.0,995.6403125,44.24,0.1431,1.7988,28.684,0.05,28.747,144.77,144.87,3.321
19.0,Minsk,229.0,0.0,1221.486875,42.46,0.1757,1.7988,28.684,0.05,28.747,144.771,144.871,4.074
19.0,Almaty,85.0,0.0,1135.1445,43.1,0.1632,1.7988,28.684,0.05,28.747,144.77,144.871,3.786
19.0,Tehran,64.0,0.0,1081.894875,43.52,0.1555,1.7988,28.684,0.05,28.747,144.77,144.87,3.609
19.0,Urumqi,85.0,0.0,1074.945625,43.57,0.1546,1.7988,28.684,0.05,28.747,144.77,144.87,3.586
19.0,Delhi,84.0,0.0,1064.540375,43.66,0.153,1.7988,28.684,0.05,28.747,144.77,144.87,3.551
19.0,Yangon,103.0,0.0,1000.513,44.2,0.1438,1.7988,28.684,0.05,28.747,144.77,144.87,3.337
19.0,Jakarta,272.0,0.0,1295.314625,41.95,0.1863,1.7988,28.684,0.05,28.747,144.771,144.871,4.321
19.0,Luanda,42.0,0.0,1165.38675,42.87,0.1676,1.7988,28.684,0.05,28.747,144.771,144.871,3.887
19.0,Nairobi,213.0,0.0,1297.127625,41.94,0.1865,1.7988,28.684,0.05,28.747,144.771,144.871,4.327
19.0,Johannesburg,60.0,0.0,1611.479375,40.06,0.2316,1.7988,28.684,0.05,28.748,144.773,144.873,5.375
19.0,Havana,244.0,0.0,1444.6875,41.01,0.2076,1.7988,28.684,0.05,28.747,144.772,144.872,4.819
19.0,Caracas,132.0,0.0,1010.0906875,44.11,0.1453,1.7988,28.684,0.05,28.747,144.77,144.87,3.369
19.0,Buenos_Aires,281.0,0.0,1354.17525,41.57,0.1946,1.7988,28.684,0.05,28.747,144.771,144.872,4.517
19.166666666666668,Vladimir,44.0,0.0,1023.2206875,44.0,0.1471,1.7988,28.684,0.05,28.747,144.77,144.87,3.413
19.166666666666668,Murmansk,24.0,0.0,1116.80325,43.24,0.1606,1.7988,28.684,0.05,28.747,144.77,144.871,3.725
19.166666666666668,Novosibirsk,267.0,0.0,1013.4546875,44.09,0.1456,1.7988,28.684,0.05,28.747,144.77,144.87,3.381
19.166666666666668,Zheleznogorsk,84.0,0.0,1016.300875,44.06,0.1461,1.7988,28.684,0.05,28.747,144.77,144.87,3.39
19.166666666666668,Yakutsk,104.0,0.0,1082.308125,43.51,0.1557,1.7988,28.684,0.05,28.747,144.77,144.87,3.61
19.166666666666668,Khabarovsk,8.0,0.0,1059.260875,43.7,0.1523,1.7988,28.684,0.05,28.747,144.77,144.87,3.533
19.166666666666668,Vladivostok,8.0,0.0,1058.265875,43.71,0.1521,1.7988,28.684,0.05,28.747,144.77,144.87,3.53
19.166666666666668,Minsk,227.0,0.0,1073.5805,43.58,0.1544,1.7988,28.684,0.05,28.747,144.77,144.87,3.581
19.166666666666668,Almaty,83.0,0.0,1060.186,43.69,0.1525,1.7988,28.684,0.05,28.747,144.77,144.87,3.536
19.166666666666668,Tehran,62.0,0.0,1065.340375,43.65,0.1532,1.7988,28.684,0.05,28.747,144.77,144.87,3.554
19.166666666666668,Urumqi,83.0,0.0,1250.591125,42.26,0.1798,1.7988,28.684,0.05,28.747,144.771,144.871,4.172
19.166666666666668,Delhi,82.0,0.0,1219.341375,42.48,0.1753,1.7988,28.684,0.05,28.747,144.771,144.871,4.067
19.166666666666668,Yangon,101.0,0.0,1025.7539375,43.98,0.1475,1.7988,28.684,0.05,28.747,144.77,144.87,3.422
19.166666666666668,Jakarta,120.0,0.0,1274.415,42.09,0.1833,1.7988,28.684,0.05,28.747,144.771,144.871,4.251
19.166666666666668,Luanda,40.0,0.0,1059.120625,43.7,0.1523,1.7988,28.684,0.05,28.747,144.77,144.87,3.533
19.166666666666668,Nairobi,60.0,0.0,1163.39925,42.89,0.1672,1.7988,28.684,0.05,28.747,144.771,144.871,3.881
19.166666666666668,Johannesburg,212.0,0.0,1435.744,41.06,0.2064,1.7988,28.684,0.05,28.747,144.772,144.872,4.789
19.166666666666668,Havana,129.0,0.0,1489.43475,40.74,0.2142,1.7988,28.684,0.05,28.747,144.772,144.872,4.968
19.166666666666668,Caracas,130.0,0.0,1004.0543125,44.17,0.1443,1.7988,28.684,0.05,28.747,144.77,144.87,3.349
19.166666666666668,Buenos_Aires,299.0,0.0,1282.1205,42.04,0.1844,1.7988,28.684,0.05,28.747,144.771,144.871,4.277
19.333333333333332,Vladimir,42.0,0.0,997.2986875,44.22,0.1435,1.7988,28.684,0.05,28.747,144.77,144.87,3.327
19.333333333333332,Murmansk,3.0,0.0,1230.850625,42.4,0.1769,1.7988,28.684,0.05,28.747,144.771,144.871,4.106
19.333333333333332,Novosibirsk,82.0,0.0,1043.0373125,43.84,0.1499,1.7988,28.684,0.05,28.747,144.77,144.87,3.479
19.333333333333332,Zheleznogorsk,82.0,0.0,1079.6755,43.54,0.1551,1.7988,28.684,0.05,28.747,144.77,144.87,3.601
19.333333333333332,Yakutsk,102.0,0.0,1130.30375,43.14,0.1625,1.7988,28.684,0.05,28.747,144.77,144.871,3.77
19.333333333333332,Khabarovsk,6.0,0.0,1051.559625,43.76,0.1513,1.7988,28.684,0.05,28.747,144.77,144.87,3.508
19.333333333333332,Vladivostok,6.0,0.0,1091.594375,43.44,0.1569,1.7988,28.684,0.05,28.747,144.77,144.871,3.641
19.333333333333332,Minsk,225.0,0.0,1013.4545625,44.09,0.1456,1.7988,28.684,0.05,28.747,144.77,144.87,3.381
19.333333333333332,Almaty,81.0,0.0,1092.129125,43.44,0.1569,1.7988,28.684,0.05,28.747,144.77,144.871,3.643
19.333333333333332,Tehran,60.0,0.0,1166.792,42.86,0.1678,1.7988,28.684,0.05,28.747,144.771,144.871,3.892
19.333333333333332,Urumqi,266.0,0.0,1177.424625,42.78,0.1693,1.7988,28.684,0.05,28.747,144.771,144.871,3.927
19.333333333333332,Delhi,247.0,0.0,1448.543125,40.98,0.2083,1.7988,28.684,0.05,28.747,144.772,144.872,4.832
19.333333333333332,Yangon,267.0,0.0,1142.75825,43.04,0.1643,1.7988,28.684,0.05,28.747,144.771,144.871,3.812
19.333333333333332,Jakarta,138.0,0.0,1274.152,42.1,0.1831,1.7988,28.684,0.05,28.747,144.771,144.871,4.25
19.333333333333332,Luanda,58.0,0.0,1097.41525,43.39,0.1578,1.7988,28.684,0.05,28.747,144.77,144.871,3.661
19.333333333333332,Nairobi,78.0,0.0,1067.9985,43.63,0.1535,1.7988,28.684,0.05,28.747,144.77,144.87,3.562
19.333333333333332,Johannesburg,210.0,0.0,1285.82125,42.02,0.1848,1.7988,28.684,0.05,28.747,144.771,144.871,4.289
19.333333333333332,Havana,127.0,0.0,1407.147625,41.23,0.2024,1.7988,28.684,0.05,28.747,144.772,144.872,4.694
19.333333333333332,Caracas,128.0,0.0,1145.12225,43.02,0.1647,1.7988,28.684,0.05,28.747,144.771,144.871,3.82
19.333333333333332,Buenos_Aires,131.0,0.0,1198.30975,42.63,0.1723,1.7988,28.684,0.05,28.747,144.771,144.871,3.997
19.5,Vladimir,40.0,0.0,1068.659625,43.62,0.1537,1.7988,28.684,0.05,28.747,144.77,144.87,3.565
19.5,Murmansk,262.0,0.0,1183.8015,42.74,0.1701,1.7988,28.684,0.05,28.747,144.771,144.871,3.949
19.5,Novosibirsk,80.0,0.0,996.0419375,44.24,0.1431,1.7988,28.684,0.05,28.747,144.77,144.87,3.322
19.5,Zheleznogorsk,80.0,0.0,1227.145,42.42,0.1765,1.7988,28.684,0.05,28.747,144.771,144.871,4.093
19.5,Yakutsk,100.0,0.0,1256.15525,42.22,0.1806,1.7988,28.684,0.05,28.747,144.771,144.871,4.19
19.5,Khabarovsk,4.0,0.0,1142.006625,43.05,0.1641,1.7988,28.684,0.05,28.747,144.77,144.871,3.809
19.5,Vladivostok,4.0,0.0,1224.080875,42.44,0.1761,1.7988,28.684,0.05,28.747,144.771,144.871,4.083
19.5,Minsk,223.0,0.0,1053.339375,43.75,0.1514,1.7988,28.684,0.05,28.747,144.77,144.87,3.514
19.5,Almaty,99.0,0.0,1225.568875,42.43,0.1763,1.7988,28.684,0.05,28.747,144.771,144.871,4.088
19.5,Tehran,78.0,0.0,1362.314125,41.52,0.1958,1.7988,28.684,0.05,28.747,144.771,144.872,4.544
19.5,Urumqi,264.0,0.0,1121.987375,43.2,0.1613,1.7988,28.684,0.05,28.747,144.77,144.871,3.743
19.5,Delhi,99.0,0.0,1525.21375,40.53,0.2194,1.7988,28.684,0.05,28.747,144.772,144.873,5.088
19.5,Yangon,265.0,0.0,1349.24075,41.6,0.194,1.7988,28.684,0.05,28.747,144.771,144.872,4.501
19.5,Jakarta,136.0,0.0,1393.54725,41.32,0.2003,1.7988,28.684,0.05,28.747,144.772,144.872,4.648
19.5,Luanda,56.0,0.0,1266.07475,42.15,0.1821,1.7988,28.684,0.05,28.747,144.771,144.871,4.223
19.5,Nairobi,76.0,0.0,1118.219125,43.23,0.1608,1.7988,28.684,0.05,28.747,144.77,144.871,3.73
19.5,Johannesburg,75.0,0.0,1106.85725,43.32,0.1591,1.7988,28.684,0.05,28.747,144.77,144.871,3.692
19.5,Havana,125.0,0.0,1428.25,41.11,0.2052,1.7988,28.684,0.05,28.747,144.772,144.872,4.764
19.5,Caracas,126.0,0.0,1387.642875,41.36,0.1994,1.7988,28.684,0.05,28.747,144.772,144.872,4.629
19.5,Buenos_Aires,129.0,0.0,1077.849875,43.55,0.155,1.7988,28.684,0.05,28.747,144.77,144.87,3.595
19.666666666666668,Vladimir,58.0,0.0,1222.752375,42.45,0.1759,1.7988,28.684,0.05,28.747,144.771,144.871,4.079
19.666666666666668,Murmansk,241.0,0.0,1080.701375,43.53,0.1553,1.7988,28.684,0.05,28.747,144.77,144.87,3.605
19.666666666666668,Novosibirsk,98.0,0.0,1047.215625,43.8,0.1506,1.7988,28.684,0.05,28.747,144.77,144.87,3.493
19.666666666666668,Zheleznogorsk,282.0,0.0,1338.421125,41.67,0.1924,1.7988,28.684,0.05,28.747,144.771,144.872,4.464
19.666666666666668,Yakutsk,21.0,0.0,1313.671625,41.83,0.1889,1.7988,28.684,0.05,28.747,144.771,144.871,4.382
19.666666666666668,Khabarovsk,138.0,0.0,1262.28025,42.18,0.1814,1.7988,28.684,0.05,28.747,144.771,144.871,4.211
19.666666666666668,Vladivostok,2.0,0.0,1425.38725,41.12,0.205,1.7988,28.684,0.05,28.747,144.772,144.872,4.755
19.666666666666668,Minsk,58.0,0.0,1041.2858125,43.85,0.1497,1.7988,28.684,0.05,28.747,144.77,144.87,3.473
19.666666666666668,Almaty,262.0,0.0,1079.180875,43.54,0.1551,1.7988,28.684,0.05,28.747,144.77,144.87,3.6
19.666666666666668,Tehran,243.0,0.0,1400.774875,41.27,0.2015,1.7988,28.684,0.05,28.747,144.772,144.872,4.672
19.666666666666668,Urumqi,262.0,0.0,1167.689125,42.85,0.168,1.7988,28.684,0.05,28.747,144.771,144.871,3.895
19.666666666666668,Delhi,97.0,0.0,1516.95425,40.58,0.2181,1.7988,28.684,0.05,28.747,144.772,144.873,5.06
19.666666666666668,Yangon,264.0,0.0,1572.898625,40.27,0.2261,1.7988,28.684,0.05,28.748,144.773,144.873,5.247
19.666666666666668,Jakarta,135.0,0.0,1348.257125,41.61,0.1937,1.7988,28.684,0.05,28.747,144.771,144.872,4.497
19.666666666666668,Luanda,54.0,0.0,1520.873375,40.56,0.2186,1.7988,28.684,0.05,28.747,144.772,144.873,5.073
19.666666666666668,Nairobi,74.0,0.0,1296.813875,41.94,0.1865,1.7988,28.684,0.05,28.747,144.771,144.871,4.326
19.666666666666668,Johannesburg,73.0,0.0,1009.629875,44.12,0.1451,1.7988,28.684,0.05,28.747,144.77,144.87,3.368
19.666666666666668,Havana,276.0,0.0,1264.779375,42.16,0.1819,1.7988,28.684,0.05,28.747,144.771,144.871,4.219
19.666666666666668,Caracas,295.0,0.0,1631.248375,39.95,0.2345,1.7988,28.684,0.05,28.748,144.773,144.873,5.441
19.666666666666668,Buenos_Aires,127.0,0.0,1072.137,43.6,0.1541,1.7988,28.684,0.05,28.747,144.77,144.87,3.576
19.833333333333332,Vladimir,240.0,0.0,1283.44075,42.03,0.1846,1.7988,28.684,0.05,28.747,144.771,144.871,4.281
19.833333333333332,Murmansk,259.0,0.0,1038.6069375,43.87,0.1494,1.7988,28.684,0.05,28.747,144.77,144.87,3.464
19.833333333333332,Novosibirsk,96.0,0.0,1186.542625,42.72,0.1705,1.7988,28.684,0.05,28.747,144.771,144.871,3.958
19.833333333333332,Zheleznogorsk,280.0,0.0,1167.488875,42.86,0.1678,1.7988,28.684,0.05,28.747,144.771,144.871,3.894
19.833333333333332,Yakutsk,39.0,0.0,1137.22775,43.08,0.1636,1.7988,28.684,0.05,28.747,144.77,144.871,3.793
19.833333333333332,Khabarovsk,155.0,0.0,1345.85575,41.62,0.1935,1.7988,28.684,0.05,28.747,144.771,144.872,4.489
19.833333333333332,Vladivostok,155.0,0.0,1381.563625,41.39,0.1987,1.7988,28.684,0.05,28.747,144.772,144.872,4.608
19.833333333333332,Minsk,56.0,0.0,1034.6511875,43.91,0.1487,1.7988,28.684,0.05,28.747,144.77,144.87,3.451
19.833333333333332,Almaty,260.0,0.0,994.5524375,44.25,0.143,1.7988,28.684,0.05,28.747,144.77,144.87,3.317
19.833333333333332,Tehran,241.0,0.0,1177.10125,42.78,0.1693,1.7988,28.684,0.05,28.747,144.771,144.871,3.926
19.833333333333332,Urumqi,115.0,0.0,1178.396625,42.78,0.1693,1.7988,28.684,0.05,28.747,144.771,144.871,3.931
19.833333333333332,Delhi,261.0,0.0,1320.503625,41.79,0.1898,1.7988,28.684,0.05,28.747,144.771,144.872,4.405
19.833333333333332,Yangon,262.0,0.0,1559.13425,40.34,0.2243,1.7988,28.684,0.05,28.748,144.773,144.873,5.201
19.833333333333332,Jakarta,133.0,0.0,1259.008875,42.2,0.181,1.7988,28.684,0.05,28.747,144.771,144.871,4.2
19.833333333333332,Luanda,53.0,0.0,1545.136,40.42,0.2222,1.7988,28.684,0.05,28.748,144.772,144.873,5.154
19.833333333333332,Nairobi,73.0,0.0,1555.47125,40.36,0.2237,1.7988,28.684,0.05,28.748,144.773,144.873,5.188
19.833333333333332,Johannesburg,71.0,0.0,1049.7275,43.78,0.1509,1.7988,28.684,0.05,28.747,144.77,144.87,3.502
19.833333333333332,Havana,274.0,0.0,1076.684125,43.56,0.1548,1.7988,28.684,0.05,28.747,144.77,144.87,3.591
19.833333333333332,Caracas,294.0,0.0,1588.496125,40.18,0.2284,1.7988,28.684,0.05,28.748,144.773,144.873,5.299
19.833333333333332,Buenos_Aires,125.0,0.0,1185.790625,42.72,0.1705,1.7988,28.684,0.05,28.747,144.771,144.871,3.955
20.0,Vladimir,258.0,0.0,1111.785,43.28,0.1599,1.7988,28.684,0.05,28.747,144.77,144.871,3.709
20.0,Murmansk,35.0,0.0,1057.513125,43.72,0.152,1.7988,28.684,0.05,28.747,144.77,144.87,3.527
20.0,Novosibirsk,298.0,0.0,1250.218125,42.26,0.1798,1.7988,28.684,0.05,28.747,144.771,144.871,4.17
20.0,Zheleznogorsk,298.0,0.0,1066.4365,43.64,0.1534,1.7988,28.684,0.05,28.747,144.77,144.87,3.557
20.0,Yakutsk,37.0,0.0,1025.167625,43.99,0.1473,1.7988,28.684,0.05,28.747,144.77,144.87,3.42
20.0,Khabarovsk,153.0,0.0,1342.367625,41.64,0.1931,1.7988,28.684,0.05,28.747,144.771,144.872,4.478
20.0,Vladivostok,153.0,0.0,1216.885875,42.5,0.1749,1.7988,28.684,0.05,28.747,144.771,144.871,4.059
20.0,Minsk,54.0,0.0,1122.78275,43.2,0.1613,1.7988,28.684,0.05,28.747,144.77,144.871,3.745
20.0,Almaty,278.0,0.0,1026.3881875,43.97,0.1477,1.7988,28.684,0.05,28.747,144.77,144.87,3.424
20.0,Tehran,259.0,0.0,1039.8316875,43.86,0.1495,1.7988,28.684,0.05,28.747,144.77,144.87,3.469
20.0,Urumqi,113.0,0.0,1083.429,43.51,0.1557,1.7988,28.684,0.05,28.747,144.77,144.87,3.614
20.0,Delhi,279.0,0.0,1110.3405,43.29,0.1597,1.7988,28.684,0.05,28.747,144.77,144.871,3.704
20.0,Yangon,132.0,0.0,1521.458,40.56,0.2186,1.7988,28.684,0.05,28.747,144.772,144.873,5.075
20.0,Jakarta,131.0,0.0,1293.411,41.97,0.1859,1.7988,28.684,0.05,28.747,144.771,144.871,4.314
20.0,Luanda,51.0,0.0,1598.942375,40.12,0.23,1.7988,28.684,0.05,28.748,144.773,144.873,5.333
20.0,Nairobi,221.0,0.0,1474.227625,40.83,0.212,1.7988,28.684,0.05,28.747,144.772,144.872,4.917
20.0,Johannesburg,69.0,0.0,1210.995625,42.54,0.1741,1.7988,28.684,0.05,28.747,144.771,144.871,4.039
20.0,Havana,272.0,0.0,1003.83225,44.17,0.1443,1.7988,28.684,0.05,28.747,144.77,144.87,3.348
20.0,Caracas,292.0,0.0,1311.452875,41.85,0.1885,1.7988,28.684,0.05,28.747,144.771,144.871,4.375
20.0,Buenos_Aires,9.0,0.0,1130.297375,43.14,0.1625,1.7988,28.684,0.05,28.747,144.77,144.871,3.77
20.166666666666668,Vladimir,256.0,0.0,1014.95325,44.07,0.146,1.7988,28.684,0.05,28.747,144.77,144.87,3.386
20.166666666666668,Murmansk,33.0,0.0,1032.83325,43.92,0.1485,1.7988,28.684,0.05,28.747,144.77,144.87,3.445
20.166666666666668,Novosibirsk,296.0,0.0,1092.474875,43.43,0.1571,1.7988,28.684,0.05,28.747,144.77,144.871,3.644
20.166666666666668,Zheleznogorsk,296.0,0.0,1052.738875,43.75,0.1514,1.7988,28.684,0.05,28.747,144.77,144.87,3.512
20.166666666666668,Yakutsk,35.0,0.0,997.11625,44.23,0.1433,1.7988,28.684,0.05,28.747,144.77,144.87,3.326
20.166666666666668,Khabarovsk,36.0,0.0,1219.692625,42.48,0.1753,1.7988,28.684,0.05,28.747,144.771,144.871,4.068
20.166666666666668,Vladivostok,151.0,0.0,1129.3895,43.14,0.1625,1.7988,28.684,0.05,28.747,144.77,144.871,3.767
20.166666666666668,Minsk,52.0,0.0,1288.754875,42.0,0.1852,1.7988,28.684,0.05,28.747,144.771,144.871,4.299
20.166666666666668,Almaty,276.0,0.0,1161.892625,42.9,0.167,1.7988,28.684,0.05,28.747,144.771,144.871,3.876
20.166666666666668,Tehran,257.0,0.0,1021.5776875,44.02,0.1468,1.7988,28.684,0.05,28.747,144.77,144.87,3.408
20.166666666666668,Urumqi,111.0,0.0,1090.084625,43.45,0.1568,1.7988,28.684,0.05,28.747,144.77,144.871,3.636
20.166666666666668,Delhi,277.0,0.0,1005.3523125,44.15,0.1446,1.7988,28.684,0.05,28.747,144.77,144.87,3.353
20.166666666666668,Yangon,130.0,0.0,1318.855125,41.8,0.1896,1.7988,28.684,0.05,28.747,144.771,144.872,4.399
20.166666666666668,Jakarta,129.0,0.0,1442.091375,41.02,0.2074,1.7988,28.684,0.05,28.747,144.772,144.872,4.81
20.166666666666668,Luanda,200.0,0.0,1380.162375,41.4,0.1985,1.7988,28.684,0.05,28.747,144.772,144.872,4.604
20.166666666666668,Nairobi,239.0,0.0,1214.28425,42.51,0.1747,1.7988,28.684,0.05,28.747,144.771,144.871,4.05
20.166666666666668,Johannesburg,201.0,0.0,1234.904625,42.37,0.1775,1.7988,28.684,0.05,28.747,144.771,144.871,4.119
20.166666666666668,Havana,270.0,0.0,1072.954875,43.59,0.1543,1.7988,28.684,0.05,28.747,144.77,144.87,3.579
20.166666666666668,Caracas,290.0,0.0,1106.277875,43.32,0.1591,1.7988,28.684,0.05,28.747,144.77,144.871,3.69
20.166666666666668,Buenos_Aires,7.0,0.0,1091.6405,43.44,0.1569,1.7988,28.684,0.05,28.747,144.77,144.871,3.641
20.333333333333332,Vladimir,254.0,0.0,1011.7504375,44.1,0.1455,1.7988,28.684,0.05,28.747,144.77,144.87,3.375
20.333333333333332,Murmansk,31.0,0.0,1089.337875,43.46,0.1566,1.7988,28.684,0.05,28.747,144.77,144.871,3.634
20.333333333333332,Novosibirsk,294.0,0.0,1017.64725,44.05,0.1463,1.7988,28.684,0.05,28.747,144.77,144.87,3.395
20.333333333333332,Zheleznogorsk,110.0,0.0,1010.6508125,44.11,0.1453,1.7988,28.684,0.05,28.747,144.77,144.87,3.371
20.333333333333332,Yakutsk,131.0,0.0,1003.841,44.17,0.1443,1.7988,28.684,0.05,28.747,144.77,144.87,3.348
20.333333333333332,Khabarovsk,34.0,0.0,1063.75125,43.66,0.153,1.7988,28.684,0.05,28.747,144.77,144.87,3.548
20.333333333333332,Vladivostok,149.0,0.0,1140.77225,43.06,0.164,1.7988,28.684,0.05,28.747,144.77,144.871,3.805
20.333333333333332,Minsk,254.0,0.0,1235.952125,42.36,0.1777,1.7988,28.684,0.05,28.747,144.771,144.871,4.123
20.333333333333332,Almaty,109.0,0.0,1361.023375,41.52,0.1958,1.7988,28.684,0.05,28.747,144.771,144.872,4.54
20.333333333333332,Tehran,255.0,0.0,1125.078375,43.18,0.1617,1.7988,28.684,0.05,28.747,144.77,144.871,3.753
20.333333333333332,Urumqi,109.0,0.0,1199.7925,42.62,0.1725,1.7988,28.684,0.05,28.747,144.771,144.871,4.002
20.333333333333332,Delhi,275.0,0.0,1035.4254375,43.9,0.1488,1.7988,28.684,0.05,28.747,144.77,144.87,3.454
20.333333333333332,Yangon,128.0,0.0,1209.889125,42.55,0.1739,1.7988,28.684,0.05,28.747,144.771,144.871,4.036
20.333333333333332,Jakarta,298.0,0.0,1413.806875,41.19,0.2033,1.7988,28.684,0.05,28.747,144.772,144.872,4.716
20.333333333333332,Luanda,218.0,0.0,1149.9045,42.99,0.1653,1.7988,28.684,0.05,28.747,144.771,144.871,3.836
20.333333333333332,Nairobi,237.0,0.0,1046.4784375,43.81,0.1504,1.7988,28.684,0.05,28.747,144.77,144.87,3.491
20.333333333333332,Johannesburg,219.0,0.0,1281.423625,42.05,0.1842,1.7988,28.684,0.05,28.747,144.771,144.871,4.274
20.333333333333332,Havana,136.0,0.0,1258.60125,42.2,0.181,1.7988,28.684,0.05,28.747,144.771,144.871,4.198
20.333333333333332,Caracas,288.0,0.0,1020.087375,44.03,0.1466,1.7988,28.684,0.05,28.747,144.77,144.87,3.403
20.333333333333332,Buenos_Aires,5.0,0.0,1170.81025,42.83,0.1684,1.7988,28.684,0.05,28.747,144.771,144.871,3.905
20.5,Vladimir,68.0,0.0,1060.79025,43.69,0.1525,1.7988,28.684,0.05,28.747,144.77,144.87,3.538
20.5,Murmansk,29.0,0.0,1216.82125,42.5,0.1749,1.7988,28.684,0.05,28.747,144.771,144.871,4.059
20.5,Novosibirsk,292.0,0.0,1040.9543125,43.85,0.1497,1.7988,28.684,0.05,28.747,144.77,144.87,3.472
20.5,Zheleznogorsk,108.0,0.0,1051.100625,43.77,0.1511,1.7988,28.684,0.05,28.747,144.77,144.87,3.506
20.5,Yakutsk,129.0,0.0,1053.022125,43.75,0.1514,1.7988,28.684,0.05,28.747,144.77,144.87,3.513
20.5,Khabarovsk,32.0,0.0,1002.6544375,44.18,0.1441,1.7988,28.684,0.05,28.747,144.77,144.87,3.344
20.5,Vladivostok,147.0,0.0,1251.31575,42.25,0.18,1.7988,28.684,0.05,28.747,144.771,144.871,4.174
20.5,Minsk,252.0,0.0,1157.39325,42.93,0.1664,1.7988,28.684,0.05,28.747,144.771,144.871,3.861
20.5,Almaty,107.0,0.0,1327.544375,41.74,0.1909,1.7988,28.684,0.05,28.747,144.771,144.872,4.428
20.5,Tehran,253.0,0.0,1318.967875,41.8,0.1896,1.7988,28.684,0.05,28.747,144.771,144.872,4.4
20.5,Urumqi,293.0,0.0,1148.804,43.0,0.1651,1.7988,28.684,0.05,28.747,144.771,144.871,3.832
20.5,Delhi,273.0,0.0,1187.568125,42.71,0.1707,1.7988,28.684,0.05,28.747,144.771,144.871,3.961
20.5,Yangon,126.0,0.0,1222.09,42.46,0.1757,1.7988,28.684,0.05,28.747,144.771,144.871,4.076
20.5,Jakarta,296.0,0.0,1186.96,42.71,0.1707,1.7988,28.684,0.05,28.747,144.771,144.871,3.959
20.5,Luanda,216.0,0.0,1026.3381875,43.98,0.1475,1.7988,28.684,0.05,28.747,144.77,144.87,3.423
20.5,Nairobi,235.0,0.0,1018.6700625,44.04,0.1465,1.7988,28.684,0.05,28.747,144.77,144.87,3.398
20.5,Johannesburg,217.0,0.0,1432.858625,41.08,0.2059,1.7988,28.684,0.05,28.747,144.772,144.872,4.78
20.5,Havana,134.0,0.0,1480.071125,40.8,0.2127,1.7988,28.684,0.05,28.747,144.772,144.872,4.937
20.5,Caracas,286.0,0.0,1083.469375,43.5,0.1559,1.7988,28.684,0.05,28.747,144.77,144.87,3.614
20.5,Buenos_Aires,157.0,0.0,1319.33725,41.79,0.1898,1.7988,28.684,0.05,28.747,144.771,144.872,4.401
20.666666666666668,Vladimir,66.0,0.0,1104.185375,43.34,0.1588,1.7988,28.684,0.05,28.747,144.77,144.871,3.683
20.666666666666668,Murmansk,269.0,0.0,1129.11075,43.15,0.1623,1.7988,28.684,0.05,28.747,144.77,144.871,3.766
20.666666666666668,Novosibirsk,106.0,0.0,1108.426125,43.31,0.1593,1.7988,28.684,0.05,28.747,144.77,144.871,3.697
20.666666666666668,Zheleznogorsk,10.0,0.0,1165.916375,42.87,0.1676,1.7988,28.684,0.05,28.747,144.771,144.871,3.889
20.666666666666668,Yakutsk,127.0,0.0,1182.76425,42.74,0.1701,1.7988,28.684,0.05,28.747,144.771,144.871,3.945
20.666666666666668,Khabarovsk,30.0,0.0,1049.915125,43.78,0.1509,1.7988,28.684,0.05,28.747,144.77,144.87,3.502
20.666666666666668,Vladivostok,30.0,0.0,1360.291625,41.53,0.1955,1.7988,28.684,0.05,28.747,144.771,144.872,4.537
20.666666666666668,Minsk,250.0,0.0,1168.99775,42.84,0.1682,1.7988,28.684,0.05,28.747,144.771,144.871,3.899
20.666666666666668,Almaty,105.0,0.0,1379.945,41.4,0.1985,1.7988,28.684,0.05,28.747,144.772,144.872,4.603
20.666666666666668,Tehran,85.0,0.0,1456.539625,40.93,0.2095,1.7988,28.684,0.05,28.747,144.772,144.872,4.858
20.666666666666668,Urumqi,291.0,0.0,1018.224375,44.04,0.1465,1.7988,28.684,0.05,28.747,144.77,144.87,3.396
20.666666666666668,Delhi,105.0,0.0,1280.022875,42.06,0.184,1.7988,28.684,0.05,28.747,144.771,144.871,4.27
20.666666666666668,Yangon,124.0,0.0,1353.56475,41.57,0.1946,1.7988,28.684,0.05,28.747,144.771,144.872,4.515
20.666666666666668,Jakarta,294.0,0.0,1065.55625,43.65,0.1532,1.7988,28.684,0.05,28.747,144.77,144.87,3.554
20.666666666666668,Luanda,214.0,0.0,1049.7305,43.78,0.1509,1.7988,28.684,0.05,28.747,144.77,144.87,3.502
20.666666666666668,Nairobi,233.0,0.0,1141.4755,43.05,0.1641,1.7988,28.684,0.05,28.747,144.77,144.871,3.808
20.666666666666668,Johannesburg,82.0,0.0,1349.06225,41.6,0.194,1.7988,28.684,0.05,28.747,144.771,144.872,4.5
20.666666666666668,Havana,132.0,0.0,1752.838625,39.33,0.2519,1.7988,28.684,0.05,28.748,144.774,144.874,5.847
20.666666666666668,Caracas,152.0,0.0,1251.798375,42.25,0.18,1.7988,28.684,0.05,28.747,144.771,144.871,4.176
20.666666666666668,Buenos_Aires,155.0,0.0,1124.8105,43.18,0.1617,1.7988,28.684,0.05,28.747,144.77,144.871,3.752
20.833333333333332,Vladimir,64.0,0.0,1229.537625,42.41,0.1767,1.7988,28.684,0.05,28.747,144.771,144.871,4.101
20.833333333333332,Murmansk,267.0,0.0,1026.46325,43.97,0.1477,1.7988,28.684,0.05,28.747,144.77,144.87,3.424
20.833333333333332,Novosibirsk,104.0,0.0,1127.501875,43.16,0.1621,1.7988,28.684,0.05,28.747,144.77,144.871,3.761
20.833333333333332,Zheleznogorsk,8.0,0.0,1135.400875,43.1,0.1632,1.7988,28.684,0.05,28.747,144.77,144.871,3.787
20.833333333333332,Yakutsk,48.0,0.0,1361.568875,41.52,0.1958,1.7988,28.684,0.05,28.747,144.771,144.872,4.542
20.833333333333332,Khabarovsk,144.0,0.0,1047.7314375,43.8,0.1506,1.7988,28.684,0.05,28.747,144.77,144.87,3.495
20.833333333333332,Vladivostok,144.0,0.0,1335.541,41.69,0.192,1.7988,28.684,0.05,28.747,144.771,144.872,4.455
20.833333333333332,Minsk,64.0,0.0,1244.291375,42.3,0.179,1.7988,28.684,0.05,28.747,144.771,144.871,4.151
20.833333333333332,Almaty,289.0,0.0,1287.467,42.01,0.185,1.7988,28.684,0.05,28.747,144.771,144.871,4.295
20.833333333333332,Tehran,84.0,0.0,1313.680875,41.83,0.1889,1.7988,28.684,0.05,28.747,144.771,144.871,4.382
20.833333333333332,Urumqi,289.0,0.0,997.1849375,44.23,0.1433,1.7988,28.684,0.05,28.747,144.77,144.87,3.326
20.833333333333332,Delhi,103.0,0.0,1173.382375,42.81,0.1687,1.7988,28.684,0.05,28.747,144.771,144.871,3.914
20.833333333333332,Yangon,291.0,0.0,1344.839125,41.63,0.1933,1.7988,28.684,0.05,28.747,144.771,144.872,4.486
20.833333333333332,Jakarta,292.0,0.0,1087.07225,43.48,0.1562,1.7988,28.684,0.05,28.747,144.77,144.87,3.626
20.833333333333332,Luanda,212.0,0.0,1212.498125,42.53,0.1743,1.7988,28.684,0.05,28.747,144.771,144.871,4.044
20.833333333333332,Nairobi,231.0,0.0,1374.78625,41.44,0.1976,1.7988,28.684,0.05,28.747,144.772,144.872,4.586
20.833333333333332,Johannesburg,80.0,0.0,1155.3895,42.95,0.166,1.7988,28.684,0.05,28.747,144.771,144.871,3.854
20.833333333333332,Havana,283.0,0.0,1560.539125,40.34,0.2243,1.7988,28.684,0.05,28.748,144.773,144.873,5.205
20.833333333333332,Caracas,150.0,0.0,1467.468375,40.87,0.211,1.7988,28.684,0.05,28.747,144.772,144.872,4.895
20.833333333333332,Buenos_Aires,153.0,0.0,1021.0873125,44.02,0.1468,1.7988,28.684,0.05,28.747,144.77,144.87,3.406
21.0,Vladimir,266.0,0.0,1359.56625,41.53,0.1955,1.7988,28.684,0.05,28.747,144.771,144.872,4.535
21.0,Murmansk,265.0,0.0,999.3833125,44.21,0.1436,1.7988,28.684,0.05,28.747,144.77,144.87,3.334
21.0,Novosibirsk,102.0,0.0,1230.064875,42.4,0.1769,1.7988,28.684,0.05,28.747,144.771,144.871,4.103
21.0,Zheleznogorsk,6.0,0.0,1193.328125,42.67,0.1715,1.7988,28.684,0.05,28.747,144.771,144.871,3.981
21.0,Yakutsk,46.0,0.0,1185.612625,42.72,0.1705,1.7988,28.684,0.05,28.747,144.771,144.871,3.955
21.0,Khabarovsk,142.0,0.0,1114.766375,43.26,0.1602,1.7988,28.684,0.05,28.747,144.77,144.871,3.718
21.0,Vladivostok,142.0,0.0,1248.79525,42.27,0.1796,1.7988,28.684,0.05,28.747,144.771,144.871,4.166
21.0,Minsk,62.0,0.0,1210.9305,42.54,0.1741,1.7988,28.684,0.05,28.747,144.771,144.871,4.039
21.0,Almaty,287.0,0.0,1154.083875,42.96,0.1659,1.7988,28.684,0.05,28.747,144.771,144.871,3.85
21.0,Tehran,82.0,0.0,1156.535,42.94,0.1662,1.7988,28.684,0.05,28.747,144.771,144.871,3.858
21.0,Urumqi,287.0,0.0,1088.735625,43.46,0.1566,1.7988,28.684,0.05,28.747,144.77,144.871,3.632
21.0,Delhi,101.0,0.0,1181.265125,42.75,0.1699,1.7988,28.684,0.05,28.747,144.771,144.871,3.94
21.0,Yangon,289.0,0.0,1195.292375,42.65,0.1719,1.7988,28.684,0.05,28.747,144.771,144.871,3.987
21.0,Jakarta,159.0,0.0,1140.709375,43.06,0.164,1.7988,28.684,0.05,28.747,144.77,144.871,3.805
21.0,Luanda,79.0,0.0,1232.89325,42.38,0.1773,1.7988,28.684,0.05,28.747,144.771,144.871,4.112
21.0,Nairobi,80.0,0.0,1385.127,41.37,0.1992,1.7988,28.684,0.05,28.747,144.772,144.872,4.62
21.0,Johannesburg,98.0,0.0,1069.68275,43.62,0.1537,1.7988,28.684,0.05,28.747,144.77,144.87,3.568
21.0,Havana,281.0,0.0,1310.18425,41.85,0.1885,1.7988,28.684,0.05,28.747,144.771,144.871,4.37
21.0,Caracas,149.0,0.0,1414.714375,41.19,0.2033,1.7988,28.684,0.05,28.747,144.772,144.872,4.719
21.0,Buenos_Aires,151.0,0.0,1039.70525,43.86,0.1495,1.7988,28.684,0.05,28.747,144.77,144.87,3.468
21.166666666666668,Vladimir,264.0,0.0,1173.586625,42.81,0.1687,1.7988,28.684,0.05,28.747,144.771,144.871,3.915
21.166666666666668,Murmansk,42.0,0.0,1013.27225,44.09,0.1456,1.7988,28.684,0.05,28.747,144.77,144.87,3.38
21.166666666666668,Novosibirsk,285.0,0.0,1383.8155,41.38,0.1989,1.7988,28.684,0.05,28.747,144.772,144.872,4.616
21.166666666666668,Zheleznogorsk,101.0,0.0,1316.008375,41.82,0.1891,1.7988,28.684,0.05,28.747,144.771,144.871,4.39
21.166666666666668,Yakutsk,44.0,0.0,1073.63225,43.58,0.1544,1.7988,28.684,0.05,28.747,144.77,144.87,3.581
21.166666666666668,Khabarovsk,140.0,0.0,1272.755,42.11,0.1829,1.7988,28.684,0.05,28.747,144.771,144.871,4.245
21.166666666666668,Vladivostok,25.0,0.0,1118.392875,43.23,0.1608,1.7988,28.684,0.05,28.747,144.77,144.871,3.731
21.166666666666668,Minsk,60.0,0.0,1257.0045,42.21,0.1808,1.7988,28.684,0.05,28.747,144.771,144.871,4.193
21.166666666666668,Almaty,100.0,0.0,1115.671625,43.25,0.1604,1.7988,28.684,0.05,28.747,144.77,144.871,3.721
21.166666666666668,Tehran,80.0,0.0,1097.933125,43.39,0.1578,1.7988,28.684,0.05,28.747,144.77,144.871,3.662
21.166666666666668,Urumqi,285.0,0.0,1265.475875,42.16,0.1819,1.7988,28.684,0.05,28.747,144.771,144.871,4.221
21.166666666666668,Delhi,119.0,0.0,1304.004,41.9,0.1874,1.7988,28.684,0.05,28.747,144.771,144.871,4.35
21.166666666666668,Yangon,287.0,0.0,1165.45775,42.87,0.1676,1.7988,28.684,0.05,28.747,144.771,144.871,3.888
21.166666666666668,Jakarta,157.0,0.0,1014.677625,44.07,0.146,1.7988,28.684,0.05,28.747,144.77,144.87,3.385
21.166666666666668,Luanda,77.0,0.0,1154.515875,42.95,0.166,1.7988,28.684,0.05,28.747,144.771,144.871,3.851
21.166666666666668,Nairobi,98.0,0.0,1200.714375,42.61,0.1727,1.7988,28.684,0.05,28.747,144.771,144.871,4.005
21.166666666666668,Johannesburg,96.0,0.0,1114.79725,43.26,0.1602,1.7988,28.684,0.05,28.747,144.77,144.871,3.719
21.166666666666668,Havana,146.0,0.0,1127.658875,43.16,0.1621,1.7988,28.684,0.05,28.747,144.77,144.871,3.761
21.166666666666668,Caracas,147.0,0.0,1427.793,41.11,0.2052,1.7988,28.684,0.05,28.747,144.772,144.872,4.763
21.166666666666668,Buenos_Aires,149.0,0.0,1177.761125,42.78,0.1693,1.7988,28.684,0.05,28.747,144.771,144.871,3.929
21.333333333333332,Vladimir,262.0,0.0,1057.237875,43.72,0.152,1.7988,28.684,0.05,28.747,144.77,144.87,3.527
21.333333333333332,Murmansk,40.0,0.0,1006.955375,44.14,0.1448,1.7988,28.684,0.05,28.747,144.77,144.87,3.359
21.333333333333332,Novosibirsk,283.0,0.0,1341.260625,41.65,0.1929,1.7988,28.684,0.05,28.747,144.771,144.872,4.474
21.333333333333332,Zheleznogorsk,139.0,0.0,1227.768375,42.42,0.1765,1.7988,28.684,0.05,28.747,144.771,144.871,4.095
21.333333333333332,Yakutsk,42.0,0.0,1044.456375,43.82,0.1502,1.7988,28.684,0.05,28.747,144.77,144.87,3.484
21.333333333333332,Khabarovsk,43.0,0.0,1430.28225,41.09,0.2057,1.7988,28.684,0.05,28.747,144.772,144.872,4.771
21.333333333333332,Vladivostok,23.0,0.0,1083.2555,43.51,0.1557,1.7988,28.684,0.05,28.747,144.77,144.87,3.613
21.333333333333332,Minsk,243.0,0.0,1169.849125,42.84,0.1682,1.7988,28.684,0.05,28.747,144.771,144.871,3.902
21.333333333333332,Almaty,118.0,0.0,1077.3485,43.55,0.155,1.7988,28.684,0.05,28.747,144.77,144.87,3.594
21.333333333333332,Tehran,98.0,0.0,1156.304125,42.94,0.1662,1.7988,28.684,0.05,28.747,144.771,144.871,3.857
21.333333333333332,Urumqi,138.0,0.0,1354.601,41.56,0.1949,1.7988,28.684,0.05,28.747,144.771,144.872,4.518
21.333333333333332,Delhi,284.0,0.0,1285.426125,42.02,0.1848,1.7988,28.684,0.05,28.747,144.771,144.871,4.288
21.333333333333332,Yangon,285.0,0.0,1262.429125,42.18,0.1814,1.7988,28.684,0.05,28.747,144.771,144.871,4.211
21.333333333333332,Jakarta,155.0,0.0,1038.6891875,43.87,0.1494,1.7988,28.684,0.05,28.747,144.77,144.87,3.465
21.333333333333332,Luanda,75.0,0.0,1210.018625,42.55,0.1739,1.7988,28.684,0.05,28.747,144.771,144.871,4.036
21.333333333333332,Nairobi,96.0,0.0,1134.27775,43.11,0.163,1.7988,28.684,0.05,28.747,144.77,144.871,3.784
21.333333333333332,Johannesburg,227.0,0.0,1080.669,43.53,0.1553,1.7988,28.684,0.05,28.747,144.77,144.87,3.605
21.333333333333332,Havana,144.0,0.0,1003.196625,44.17,0.1443,1.7988,28.684,0.05,28.747,144.77,144.87,3.346
21.333333333333332,Caracas,16.0,0.0,1488.377875,40.75,0.2139,1.7988,28.684,0.05,28.747,144.772,144.872,4.965
21.333333333333332,Buenos_Aires,33.0,0.0,1390.94575,41.33,0.2001,1.7988,28.684,0.05,28.747,144.772,144.872,4.64
21.5,Vladimir,260.0,0.0,1031.812125,43.93,0.1483,1.7988,28.684,0.05,28.747,144.77,144.87,3.442
21.5,Murmansk,58.0,0.0,1081.229625,43.52,0.1555,1.7988,28.684,0.05,28.747,144.77,144.87,3.607
21.5,Novosibirsk,117.0,0.0,1204.428,42.59,0.1731,1.7988,28.684,0.05,28.747,144.771,144.871,4.018
21.5,Zheleznogorsk,137.0,0.0,1162.605,42.89,0.1672,1.7988,28.684,0.05,28.747,144.771,144.871,3.878
21.5,Yakutsk,157.0,0.0,1014.704125,44.07,0.146,1.7988,28.684,0.05,28.747,144.77,144.87,3.385
21.5,Khabarovsk,41.0,0.0,1255.9315,42.22,0.1806,1.7988,28.684,0.05,28.747,144.771,144.871,4.189
21.5,Vladivostok,21.0,0.0,1153.094625,42.96,0.1659,1.7988,28.684,0.05,28.747,144.771,144.871,3.846
21.5,Minsk,241.0,0.0,1106.50825,43.32,0.1591,1.7988,28.684,0.05,28.747,144.77,144.871,3.691
21.5,Almaty,116.0,0.0,1148.491625,43.0,0.1651,1.7988,28.684,0.05,28.747,144.771,144.871,3.831
21.5,Tehran,261.0,0.0,1251.02675,42.26,0.1798,1.7988,28.684,0.05,28.747,144.771,144.871,4.173
21.5,Urumqi,136.0,0.0,1387.25475,41.36,0.1994,1.7988,28.684,0.05,28.747,144.772,144.872,4.627
21.5,Delhi,282.0,0.0,1209.382625,42.55,0.1739,1.7988,28.684,0.05,28.747,144.771,144.871,4.034
21.5,Yangon,283.0,0.0,1459.4145,40.92,0.2098,1.7988,28.684,0.05,28.747,144.772,144.872,4.868
21.5,Jakarta,153.0,0.0,1203.063625,42.6,0.1729,1.7988,28.684,0.05,28.747,144.771,144.871,4.013
21.5,Luanda,73.0,0.0,1382.430125,41.39,0.1987,1.7988,28.684,0.05,28.747,144.772,144.872,4.611
21.5,Nairobi,94.0,0.0,1205.82525,42.58,0.1733,1.7988,28.684,0.05,28.747,144.771,144.871,4.022
21.5,Johannesburg,225.0,0.0,1009.7535625,44.12,0.1451,1.7988,28.684,0.05,28.747,144.77,144.87,3.368
21.5,Havana,142.0,0.0,1018.9688125,44.04,0.1465,1.7988,28.684,0.05,28.747,144.77,144.87,3.399
21.5,Caracas,14.0,0.0,1507.910125,40.63,0.2169,1.7988,28.684,0.05,28.747,144.772,144.872,5.03
21.5,Buenos_Aires,31.0,0.0,1383.669,41.38,0.1989,1.7988,28.684,0.05,28.747,144.772,144.872,4.615
21.666666666666668,Vladimir,278.0,0.0,1100.901125,43.37,0.1582,1.7988,28.684,0.05,28.747,144.77,144.871,3.672
21.666666666666668,Murmansk,56.0,0.0,1222.698625,42.45,0.1759,1.7988,28.684,0.05,28.747,144.771,144.871,4.078
21.666666666666668,Novosibirsk,115.0,0.0,1140.91275,43.06,0.164,1.7988,28.684,0.05,28.747,144.77,144.871,3.806
21.666666666666668,Zheleznogorsk,19.0,0.0,1128.625,43.15,0.1623,1.7988,28.684,0.05,28.747,144.77,144.871,3.765
21.666666666666668,Yakutsk,155.0,0.0,1059.41375,43.7,0.1523,1.7988,28.684,0.05,28.747,144.77,144.87,3.534
21.666666666666668,Khabarovsk,59.0,0.0,1160.0645,42.91,0.1668,1.7988,28.684,0.05,28.747,144.771,144.871,3.87
21.666666666666668,Vladivostok,39.0,0.0,1308.088625,41.87,0.188,1.7988,28.684,0.05,28.747,144.771,144.871,4.363
21.666666666666668,Minsk,259.0,0.0,1131.192375,43.13,0.1626,1.7988,28.684,0.05,28.747,144.77,144.871,3.773
21.666666666666668,Almaty,114.0,0.0,1313.857625,41.83,0.1889,1.7988,28.684,0.05,28.747,144.771,144.871,4.383
21.666666666666668,Tehran,279.0,0.0,1361.878375,41.52,0.1958,1.7988,28.684,0.05,28.747,144.771,144.872,4.543
21.666666666666668,Urumqi,19.0,0.0,1438.777375,41.04,0.2069,1.7988,28.684,0.05,28.747,144.772,144.872,4.799
21.666666666666668,Delhi,280.0,0.0,1247.906375,42.28,0.1794,1.7988,28.684,0.05,28.747,144.771,144.871,4.163
21.666666666666668,Yangon,152.0,0.0,1620.09125,40.01,0.2329,1.7988,28.684,0.05,28.748,144.773,144.873,5.404
21.666666666666668,Jakarta,2.0,0.0,1427.95625,41.11,0.2052,1.7988,28.684,0.05,28.747,144.772,144.872,4.763
21.666666666666668,Luanda,222.0,0.0,1200.433125,42.61,0.1727,1.7988,28.684,0.05,28.747,144.771,144.871,4.004
21.666666666666668,Nairobi,242.0,0.0,1103.2425,43.35,0.1586,1.7988,28.684,0.05,28.747,144.77,144.871,3.68
21.666666666666668,Johannesburg,223.0,0.0,1076.62575,43.56,0.1548,1.7988,28.684,0.05,28.747,144.77,144.87,3.591
21.666666666666668,Havana,140.0,0.0,1166.895375,42.86,0.1678,1.7988,28.684,0.05,28.747,144.771,144.871,3.892
21.666666666666668,Caracas,13.0,0.0,1355.409,41.56,0.1949,1.7988,28.684,0.05,28.747,144.771,144.872,4.521
21.666666666666668,Buenos_Aires,29.0,0.0,1469.729875,40.86,0.2112,1.7988,28.684,0.05,28.747,144.772,144.872,4.902
21.833333333333332,Vladimir,276.0,0.0,1246.193875,42.29,0.1792,1.7988,28.684,0.05,28.747,144.771,144.871,4.157
21.833333333333332,Murmansk,296.0,0.0,1112.433625,43.28,0.1599,1.7988,28.684,0.05,28.747,144.77,144.871,3.711
21.833333333333332,Novosibirsk,17.0,0.0,1107.49575,43.31,0.1593,1.7988,28.684,0.05,28.747,144.77,144.871,3.694
21.833333333333332,Zheleznogorsk,17.0,0.0,1095.015875,43.41,0.1575,1.7988,28.684,0.05,28.747,144.77,144.871,3.653
21.833333333333332,Yakutsk,153.0,0.0,1182.4235,42.75,0.1699,1.7988,28.684,0.05,28.747,144.771,144.871,3.944
21.833333333333332,Khabarovsk,173.0,0.0,1090.984,43.44,0.1569,1.7988,28.684,0.05,28.747,144.77,144.871,3.639
21.833333333333332,Vladivostok,173.0,0.0,1451.962875,40.96,0.2088,1.7988,28.684,0.05,28.747,144.772,144.872,4.843
21.833333333333332,Minsk,73.0,0.0,1097.381,43.39,0.1578,1.7988,28.684,0.05,28.747,144.77,144.871,3.66
21.833333333333332,Almaty,298.0,0.0,1287.198125,42.01,0.185,1.7988,28.684,0.05,28.747,144.771,144.871,4.294
21.833333333333332,Tehran,278.0,0.0,1378.567,41.41,0.1983,1.7988,28.684,0.05,28.747,144.772,144.872,4.598
21.833333333333332,Urumqi,133.0,0.0,1279.572125,42.06,0.184,1.7988,28.684,0.05,28.747,144.771,144.871,4.268
21.833333333333332,Delhi,132.0,0.0,1314.264,41.83,0.1889,1.7988,28.684,0.05,28.747,144.771,144.871,4.384
21.833333333333332,Yangon,19.0,0.0,1424.273,41.13,0.2048,1.7988,28.684,0.05,28.747,144.772,144.872,4.751
21.833333333333332,Jakarta,0.0,0.0,1414.696125,41.19,0.2033,1.7988,28.684,0.05,28.747,144.772,144.872,4.719
21.833333333333332,Luanda,220.0,0.0,1067.022,43.64,0.1534,1.7988,28.684,0.05,28.747,144.77,144.87,3.559
21.833333333333332,Nairobi,240.0,0.0,1058.311,43.71,0.1521,1.7988,28.684,0.05,28.747,144.77,144.87,3.53
21.833333333333332,Johannesburg,221.0,0.0,1261.631,42.18,0.1814,1.7988,28.684,0.05,28.747,144.771,144.871,4.208
21.833333333333332,Havana,158.0,0.0,1403.328,41.26,0.2017,1.7988,28.684,0.05,28.747,144.772,144.872,4.681
21.833333333333332,Caracas,11.0,0.0,1160.291125,42.91,0.1668,1.7988,28.684,0.05,28.747,144.771,144.871,3.87
21.833333333333332,Buenos_Aires,28.0,0.0,1336.96825,41.68,0.1922,1.7988,28.684,0.05,28.747,144.771,144.872,4.46
22.0,Vladimir,91.0,0.0,1376.10525,41.43,0.1978,1.7988,28.684,0.05,28.747,144.772,144.872,4.59
22.0,Murmansk,294.0,0.0,1024.1885,43.99,0.1473,1.7988,28.684,0.05,28.747,144.77,144.87,3.416
22.0,Novosibirsk,15.0,0.0,1009.940625,44.12,0.1451,1.7988,28.684,0.05,28.747,144.77,144.87,3.369
22.0,Zheleznogorsk,15.0,0.0,1146.326625,43.01,0.1649,1.7988,28.684,0.05,28.747,144.771,144.871,3.824
22.0,Yakutsk,55.0,0.0,1341.2095,41.65,0.1929,1.7988,28.684,0.05,28.747,144.771,144.872,4.474
22.0,Khabarovsk,171.0,0.0,1005.218,44.16,0.1445,1.7988,28.684,0.05,28.747,144.77,144.87,3.353
22.0,Vladivostok,171.0,0.0,1237.714875,42.35,0.1779,1.7988,28.684,0.05,28.747,144.771,144.871,4.129
22.0,Minsk,71.0,0.0,1076.018125,43.56,0.1548,1.7988,28.684,0.05,28.747,144.77,144.87,3.589
22.0,Almaty,296.0,0.0,1259.194125,42.2,0.181,1.7988,28.684,0.05,28.747,144.771,144.871,4.2
22.0,Tehran,276.0,0.0,1230.084375,42.4,0.1769,1.7988,28.684,0.05,28.747,144.771,144.871,4.103
22.0,Urumqi,131.0,0.0,1124.849625,43.18,0.1617,1.7988,28.684,0.05,28.747,144.77,144.871,3.752
22.0,Delhi,130.0,0.0,1107.07225,43.32,0.1591,1.7988,28.684,0.05,28.747,144.77,144.871,3.693
22.0,Yangon,17.0,0.0,1270.575875,42.12,0.1827,1.7988,28.684,0.05,28.747,144.771,144.871,4.238
22.0,Jakarta,19.0,0.0,1466.84925,40.87,0.211,1.7988,28.684,0.05,28.747,144.772,144.872,4.893
22.0,Luanda,238.0,0.0,1073.87875,43.58,0.1544,1.7988,28.684,0.05,28.747,144.77,144.87,3.582
22.0,Nairobi,258.0,0.0,1159.958875,42.91,0.1668,1.7988,28.684,0.05,28.747,144.771,144.871,3.869
22.0,Johannesburg,239.0,0.0,1523.5525,40.54,0.2191,1.7988,28.684,0.05,28.747,144.772,144.873,5.082
22.0,Havana,290.0,0.0,1464.793875,40.89,0.2105,1.7988,28.684,0.05,28.747,144.772,144.872,4.886
22.0,Caracas,9.0,0.0,1080.833625,43.53,0.1553,1.7988,28.684,0.05,28.747,144.77,144.87,3.605
22.0,Buenos_Aires,26.0,0.0,1161.113,42.9,0.167,1.7988,28.684,0.05,28.747,144.771,144.871,3.873
22.166666666666668,Vladimir,273.0,0.0,1380.39375,41.4,0.1985,1.7988,28.684,0.05,28.747,144.772,144.872,4.604
22.166666666666668,Murmansk,292.0,0.0,1015.22125,44.07,0.146,1.7988,28.684,0.05,28.747,144.77,144.87,3.386
22.166666666666668,Novosibirsk,13.0,0.0,1009.4653125,44.12,0.1451,1.7988,28.684,0.05,28.747,144.77,144.87,3.367
22.166666666666668,Zheleznogorsk,13.0,0.0,1269.415875,42.13,0.1825,1.7988,28.684,0.05,28.747,144.771,144.871,4.234
22.166666666666668,Yakutsk,53.0,0.0,1210.91625,42.54,0.1741,1.7988,28.684,0.05,28.747,144.771,144.871,4.039
22.166666666666668,Khabarovsk,169.0,0.0,1023.8470625,44.0,0.1471,1.7988,28.684,0.05,28.747,144.77,144.87,3.415
22.166666666666668,Vladivostok,169.0,0.0,1086.081,43.48,0.1562,1.7988,28.684,0.05,28.747,144.77,144.87,3.623
22.166666666666668,Minsk,69.0,0.0,1150.35975,42.98,0.1655,1.7988,28.684,0.05,28.747,144.771,144.871,3.837
22.166666666666668,Almaty,129.0,0.0,1296.04675,41.95,0.1863,1.7988,28.684,0.05,28.747,144.771,144.871,4.323
22.166666666666668,Tehran,108.0,0.0,1176.564,42.79,0.1691,1.7988,28.684,0.05,28.747,144.771,144.871,3.925
22.166666666666668,Urumqi,129.0,0.0,1060.204125,43.69,0.1525,1.7988,28.684,0.05,28.747,144.77,144.87,3.536
22.166666666666668,Delhi,128.0,0.0,997.916375,44.22,0.1435,1.7988,28.684,0.05,28.747,144.77,144.87,3.329
22.166666666666668,Yangon,147.0,0.0,1145.824,43.02,0.1647,1.7988,28.684,0.05,28.747,144.771,144.871,3.822
22.166666666666668,Jakarta,17.0,0.0,1252.61975,42.24,0.1802,1.7988,28.684,0.05,28.747,144.771,144.871,4.178
22.166666666666668,Luanda,236.0,0.0,1219.46125,42.48,0.1753,1.7988,28.684,0.05,28.747,144.771,144.871,4.068
22.166666666666668,Nairobi,256.0,0.0,1375.684375,41.43,0.1978,1.7988,28.684,0.05,28.747,144.772,144.872,4.589
22.166666666666668,Johannesburg,104.0,0.0,1424.7645,41.13,0.2048,1.7988,28.684,0.05,28.747,144.772,144.872,4.753
22.166666666666668,Havana,288.0,0.0,1502.99,40.66,0.2161,1.7988,28.684,0.05,28.747,144.772,144.872,5.013
22.166666666666668,Caracas,7.0,0.0,1143.150375,43.04,0.1643,1.7988,28.684,0.05,28.747,144.771,144.871,3.813
22.166666666666668,Buenos_Aires,24.0,0.0,1085.584875,43.49,0.156,1.7988,28.684,0.05,28.747,144.77,144.87,3.621
22.333333333333332,Vladimir,88.0,0.0,1252.028,42.25,0.18,1.7988,28.684,0.05,28.747,144.771,144.871,4.176
22.333333333333332,Murmansk,68.0,0.0,1012.54475,44.09,0.1456,1.7988,28.684,0.05,28.747,144.77,144.87,3.377
22.333333333333332,Novosibirsk,11.0,0.0,1103.228,43.35,0.1586,1.7988,28.684,0.05,28.747,144.77,144.871,3.68
22.333333333333332,Zheleznogorsk,128.0,0.0,1167.401375,42.86,0.1678,1.7988,28.684,0.05,28.747,144.771,144.871,3.894
22.333333333333332,Yakutsk,51.0,0.0,1145.616,43.02,0.1647,1.7988,28.684,0.05,28.747,144.771,144.871,3.821
22.333333333333332,Khabarovsk,167.0,0.0,1144.895125,43.03,0.1645,1.7988,28.684,0.05,28.747,144.771,144.871,3.819
22.333333333333332,Vladivostok,167.0,0.0,1029.529,43.95,0.148,1.7988,28.684,0.05,28.747,144.77,144.87,3.434
22.333333333333332,Minsk,271.0,0.0,1293.04625,41.97,0.1859,1.7988,28.684,0.05,28.747,144.771,144.871,4.313
22.333333333333332,Almaty,127.0,0.0,1109.833,43.3,0.1595,1.7988,28.684,0.05,28.747,144.77,144.871,3.702
22.333333333333332,Tehran,106.0,0.0,1028.2535,43.96,0.1478,1.7988,28.684,0.05,28.747,144.77,144.87,3.43
22.333333333333332,Urumqi,12.0,0.0,1044.8929375,43.82,0.1502,1.7988,28.684,0.05,28.747,144.77,144.87,3.485
22.333333333333332,Delhi,126.0,0.0,1022.47475,44.01,0.147,1.7988,28.684,0.05,28.747,144.77,144.87,3.411
22.333333333333332,Yangon,145.0,0.0,1030.062625,43.94,0.1482,1.7988,28.684,0.05,28.747,144.77,144.87,3.436
22.333333333333332,Jakarta,15.0,0.0,1141.4455,43.05,0.1641,1.7988,28.684,0.05,28.747,144.77,144.871,3.807
22.333333333333332,Luanda,84.0,0.0,1099.083,43.38,0.158,1.7988,28.684,0.05,28.747,144.77,144.871,3.666
22.333333333333332,Nairobi,104.0,0.0,1299.145125,41.93,0.1867,1.7988,28.684,0.05,28.747,144.771,144.871,4.333
22.333333333333332,Johannesburg,102.0,0.0,1366.052625,41.49,0.1964,1.7988,28.684,0.05,28.747,144.772,144.872,4.557
22.333333333333332,Havana,173.0,0.0,1494.757,40.71,0.2149,1.7988,28.684,0.05,28.747,144.772,144.872,4.986
22.333333333333332,Caracas,174.0,0.0,1086.2305,43.48,0.1562,1.7988,28.684,0.05,28.747,144.77,144.87,3.623
22.333333333333332,Buenos_Aires,22.0,0.0,1127.930875,43.16,0.1621,1.7988,28.684,0.05,28.747,144.77,144.871,3.762
22.5,Vladimir,86.0,0.0,1104.7135,43.34,0.1588,1.7988,28.684,0.05,28.747,144.77,144.871,3.685
22.5,Murmansk,66.0,0.0,1024.3874375,43.99,0.1473,1.7988,28.684,0.05,28.747,144.77,144.87,3.417
22.5,Novosibirsk,9.0,0.0,1267.627875,42.14,0.1823,1.7988,28.684,0.05,28.747,144.771,144.871,4.228
22.5,Zheleznogorsk,126.0,0.0,1090.447625,43.45,0.1568,1.7988,28.684,0.05,28.747,144.77,144.871,3.637
22.5,Yakutsk,49.0,0.0,1153.94825,42.96,0.1659,1.7988,28.684,0.05,28.747,144.771,144.871,3.849
22.5,Khabarovsk,50.0,0.0,1203.671375,42.59,0.1731,1.7988,28.684,0.05,28.747,144.771,144.871,4.015
22.5,Vladivostok,50.0,0.0,1006.554375,44.14,0.1448,1.7988,28.684,0.05,28.747,144.77,144.87,3.358
22.5,Minsk,269.0,0.0,1113.63525,43.27,0.16,1.7988,28.684,0.05,28.747,144.77,144.871,3.715
22.5,Almaty,125.0,0.0,1004.589625,44.16,0.1445,1.7988,28.684,0.05,28.747,144.77,144.87,3.351
22.5,Tehran,104.0,0.0,992.727875,44.26,0.1428,1.7988,28.684,0.05,28.747,144.77,144.87,3.311
22.5,Urumqi,10.0,0.0,1009.442375,44.12,0.1451,1.7988,28.684,0.05,28.747,144.77,144.87,3.367
22.5,Delhi,124.0,0.0,1174.973625,42.8,0.1689,1.7988,28.684,0.05,28.747,144.771,144.871,3.919
22.5,Yangon,143.0,0.0,1056.1175,43.73,0.1518,1.7988,28.684,0.05,28.747,144.77,144.87,3.523
22.5,Jakarta,162.0,0.0,1086.687875,43.48,0.1562,1.7988,28.684,0.05,28.747,144.77,144.87,3.625
22.5,Luanda,82.0,0.0,992.555125,44.27,0.1426,1.7988,28.684,0.05,28.747,144.77,144.87,3.311
22.5,Nairobi,102.0,0.0,1082.02725,43.52,0.1555,1.7988,28.684,0.05,28.747,144.77,144.87,3.609
22.5,Johannesburg,254.0,0.0,1297.00675,41.94,0.1865,1.7988,28.684,0.05,28.747,144.771,144.871,4.326
22.5,Havana,171.0,0.0,1294.621375,41.96,0.1861,1.7988,28.684,0.05,28.747,144.771,144.871,4.318
22.5,Caracas,172.0,0.0,1086.935,43.48,0.1562,1.7988,28.684,0.05,28.747,144.77,144.87,3.626
22.5,Buenos_Aires,20.0,0.0,1273.544375,42.1,0.1831,1.7988,28.684,0.05,28.747,144.771,144.871,4.248
22.666666666666668,Vladimir,84.0,0.0,1032.7919375,43.92,0.1485,1.7988,28.684,0.05,28.747,144.77,144.87,3.445
22.666666666666668,Murmansk,64.0,0.0,1112.283625,43.28,0.1599,1.7988,28.684,0.05,28.747,144.77,144.871,3.71
22.666666666666668,Novosibirsk,124.0,0.0,1111.1815,43.29,0.1597,1.7988,28.684,0.05,28.747,144.77,144.871,3.707
22.666666666666668,Zheleznogorsk,124.0,0.0,1103.35125,43.35,0.1586,1.7988,28.684,0.05,28.747,144.77,144.871,3.68
22.666666666666668,Yakutsk,164.0,0.0,1137.074375,43.09,0.1634,1.7988,28.684,0.05,28.747,144.77,144.871,3.793
22.666666666666668,Khabarovsk,48.0,0.0,1168.047875,42.85,0.168,1.7988,28.684,0.05,28.747,144.771,144.871,3.896
22.666666666666668,Vladivostok,48.0,0.0,1010.0855625,44.11,0.1453,1.7988,28.684,0.05,28.747,144.77,144.87,3.369
22.666666666666668,Minsk,267.0,0.0,1010.7775625,44.11,0.1453,1.7988,28.684,0.05,28.747,144.77,144.87,3.372
22.666666666666668,Almaty,123.0,0.0,1010.22975,44.11,0.1453,1.7988,28.684,0.05,28.747,144.77,144.87,3.37
22.666666666666668,Tehran,102.0,0.0,1084.600375,43.5,0.1559,1.7988,28.684,0.05,28.747,144.77,144.87,3.618
22.666666666666668,Urumqi,8.0,0.0,1085.925875,43.49,0.156,1.7988,28.684,0.05,28.747,144.77,144.87,3.622
22.666666666666668,Delhi,122.0,0.0,1416.279875,41.18,0.2036,1.7988,28.684,0.05,28.747,144.772,144.872,4.724
22.666666666666668,Yangon,141.0,0.0,1216.565125,42.5,0.1749,1.7988,28.684,0.05,28.747,144.771,144.871,4.058
22.666666666666668,Jakarta,160.0,0.0,1092.7835,43.43,0.1571,1.7988,28.684,0.05,28.747,144.77,144.871,3.645
22.666666666666668,Luanda,80.0,0.0,1039.792,43.86,0.1495,1.7988,28.684,0.05,28.747,144.77,144.87,3.468
22.666666666666668,Nairobi,100.0,0.0,987.833,44.31,0.142,1.7988,28.684,0.05,28.747,144.77,144.87,3.295
22.666666666666668,Johannesburg,252.0,0.0,1125.045,43.18,0.1617,1.7988,28.684,0.05,28.747,144.77,144.871,3.753
22.666666666666668,Havana,169.0,0.0,1191.6495,42.68,0.1713,1.7988,28.684,0.05,28.747,144.771,144.871,3.975
22.666666666666668,Caracas,170.0,0.0,1223.96525,42.45,0.1759,1.7988,28.684,0.05,28.747,144.771,144.871,4.083
22.666666666666668,Buenos_Aires,173.0,0.0,1355.897,41.56,0.1949,1.7988,28.684,0.05,28.747,144.771,144.872,4.523
22.833333333333332,Vladimir,82.0,0.0,1055.079625,43.74,0.1516,1.7988,28.684,0.05,28.747,144.77,144.87,3.519
22.833333333333332,Murmansk,4.0,0.0,1182.123125,42.75,0.1699,1.7988,28.684,0.05,28.747,144.771,144.871,3.943
22.833333333333332,Novosibirsk,122.0,0.0,1020.9184375,44.02,0.1468,1.7988,28.684,0.05,28.747,144.77,144.87,3.405
22.833333333333332,Zheleznogorsk,25.0,0.0,1058.624375,43.71,0.1521,1.7988,28.684,0.05,28.747,144.77,144.87,3.531
22.833333333333332,Yakutsk,162.0,0.0,1172.18575,42.82,0.1686,1.7988,28.684,0.05,28.747,144.771,144.871,3.91
22.833333333333332,Khabarovsk,46.0,0.0,1222.234125,42.46,0.1757,1.7988,28.684,0.05,28.747,144.771,144.871,4.077
22.833333333333332,Vladivostok,46.0,0.0,1123.43875,43.19,0.1615,1.7988,28.684,0.05,28.747,144.77,144.871,3.747
22.833333333333332,Minsk,265.0,0.0,1005.2485,44.16,0.1445,1.7988,28.684,0.05,28.747,144.77,144.87,3.353
22.833333333333332,Almaty,6.0,0.0,1058.26525,43.71,0.1521,1.7988,28.684,0.05,28.747,144.77,144.87,3.53
22.833333333333332,Tehran,100.0,0.0,1279.076625,42.06,0.184,1.7988,28.684,0.05,28.747,144.771,144.871,4.267
22.833333333333332,Urumqi,6.0,0.0,1250.759875,42.26,0.1798,1.7988,28.684,0.05,28.747,144.771,144.871,4.172
22.833333333333332,Delhi,7.0,0.0,1399.4715,41.28,0.2012,1.7988,28.684,0.05,28.747,144.772,144.872,4.668
22.833333333333332,Yangon,8.0,0.0,1271.419125,42.12,0.1827,1.7988,28.684,0.05,28.747,144.771,144.871,4.241
22.833333333333332,Jakarta,178.0,0.0,1235.612625,42.36,0.1777,1.7988,28.684,0.05,28.747,144.771,144.871,4.122
22.833333333333332,Luanda,98.0,0.0,1221.965,42.46,0.1757,1.7988,28.684,0.05,28.747,144.771,144.871,4.076
22.833333333333332,Nairobi,118.0,0.0,1050.492375,43.77,0.1511,1.7988,28.684,0.05,28.747,144.77,144.87,3.504
22.833333333333332,Johannesburg,250.0,0.0,1062.766375,43.67,0.1528,1.7988,28.684,0.05,28.747,144.77,144.87,3.545
22.833333333333332,Havana,0.0,0.0,1083.094125,43.51,0.1557,1.7988,28.684,0.05,28.747,144.77,144.87,3.613
22.833333333333332,Caracas,168.0,0.0,1457.997,40.93,0.2095,1.7988,28.684,0.05,28.747,144.772,144.872,4.863
22.833333333333332,Buenos_Aires,171.0,0.0,1232.97875,42.38,0.1773,1.7988,28.684,0.05,28.747,144.771,144.871,4.113
23.0,Vladimir,80.0,0.0,1168.75775,42.85,0.168,1.7988,28.684,0.05,28.747,144.771,144.871,3.899
23.0,Murmansk,283.0,0.0,1210.92575,42.54,0.1741,1.7988,28.684,0.05,28.747,144.771,144.871,4.039
23.0,Novosibirsk,120.0,0.0,1025.0271875,43.99,0.1473,1.7988,28.684,0.05,28.747,144.77,144.87,3.419
23.0,Zheleznogorsk,23.0,0.0,996.438,44.23,0.1433,1.7988,28.684,0.05,28.747,144.77,144.87,3.324
23.0,Yakutsk,160.0,0.0,1277.34175,42.07,0.1838,1.7988,28.684,0.05,28.747,144.771,144.871,4.261
23.0,Khabarovsk,199.0,0.0,1299.225875,41.93,0.1867,1.7988,28.684,0.05,28.747,144.771,144.871,4.334
23.0,Vladivostok,44.0,0.0,1315.382875,41.82,0.1891,1.7988,28.684,0.05,28.747,144.771,144.871,4.388
23.0,Minsk,80.0,0.0,1044.5566875,43.82,0.1502,1.7988,28.684,0.05,28.747,144.77,144.87,3.484
23.0,Almaty,4.0,0.0,1117.21825,43.24,0.1606,1.7988,28.684,0.05,28.747,144.77,144.871,3.727
23.0,Tehran,285.0,0.0,1424.93075,41.13,0.2048,1.7988,28.684,0.05,28.747,144.772,144.872,4.753
23.0,Urumqi,159.0,0.0,1347.689625,41.61,0.1937,1.7988,28.684,0.05,28.747,144.771,144.872,4.495
23.0,Delhi,5.0,0.0,1210.30775,42.54,0.1741,1.7988,28.684,0.05,28.747,144.771,144.871,4.037
23.0,Yangon,6.0,0.0,1362.50375,41.51,0.196,1.7988,28.684,0.05,28.747,144.771,144.872,4.545
23.0,Jakarta,176.0,0.0,1474.782125,40.83,0.212,1.7988,28.684,0.05,28.747,144.772,144.872,4.919
23.0,Luanda,96.0,0.0,1488.901875,40.74,0.2142,1.7988,28.684,0.05,28.747,144.772,144.872,4.966
23.0,Nairobi,116.0,0.0,1246.1635,42.29,0.1792,1.7988,28.684,0.05,28.747,144.771,144.871,4.157
23.0,Johannesburg,115.0,0.0,1123.632875,43.19,0.1615,1.7988,28.684,0.05,28.747,144.77,144.871,3.748
23.0,Havana,18.0,0.0,1010.2693125,44.11,0.1453,1.7988,28.684,0.05,28.747,144.77,144.87,3.37
23.0,Caracas,37.0,0.0,1313.212625,41.83,0.1889,1.7988,28.684,0.05,28.747,144.771,144.871,4.38
23.0,Buenos_Aires,169.0,0.0,1210.055125,42.54,0.1741,1.7988,28.684,0.05,28.747,144.771,144.871,4.036
23.166666666666668,Vladimir,98.0,0.0,1352.854,41.58,0.1944,1.7988,28.684,0.05,28.747,144.771,144.872,4.513
23.166666666666668,Murmansk,281.0,0.0,1120.258125,43.21,0.1612,1.7988,28.684,0.05,28.747,144.77,144.871,3.737
23.166666666666668,Novosibirsk,21.0,0.0,1122.528125,43.2,0.1613,1.7988,28.684,0.05,28.747,144.77,144.871,3.744
23.166666666666668,Zheleznogorsk,21.0,0.0,1030.8670625,43.94,0.1482,1.7988,28.684,0.05,28.747,144.77,144.87,3.439
23.166666666666668,Yakutsk,61.0,0.0,1253.152875,42.24,0.1802,1.7988,28.684,0.05,28.747,144.771,144.871,4.18
23.166666666666668,Khabarovsk,197.0,0.0,1185.86375,42.72,0.1705,1.7988,28.684,0.05,28.747,144.771,144.871,3.956
23.166666666666668,Vladivostok,197.0,0.0,1347.776,41.61,0.1937,1.7988,28.684,0.05,28.747,144.771,144.872,4.496
23.166666666666668,Minsk,98.0,0.0,993.59825,44.26,0.1428,1.7988,28.684,0.05,28.747,144.77,144.87,3.314
23.166666666666668,Almaty,2.0,0.0,1268.588625,42.13,0.1825,1.7988,28.684,0.05,28.747,144.771,144.871,4.232
23.166666666666668,Tehran,283.0,0.0,1189.595375,42.69,0.1711,1.7988,28.684,0.05,28.747,144.771,144.871,3.968
23.166666666666668,Urumqi,157.0,0.0,1149.4555,42.99,0.1653,1.7988,28.684,0.05,28.747,144.771,144.871,3.834
23.166666666666668,Delhi,3.0,0.0,1122.821,43.19,0.1615,1.7988,28.684,0.05,28.747,144.77,144.871,3.745
23.166666666666668,Yangon,4.0,0.0,1548.19025,40.4,0.2227,1.7988,28.684,0.05,28.748,144.772,144.873,5.164
23.166666666666668,Jakarta,175.0,0.0,1513.32075,40.6,0.2176,1.7988,28.684,0.05,28.747,144.772,144.873,5.048
23.166666666666668,Luanda,245.0,0.0,1389.695875,41.34,0.1999,1.7988,28.684,0.05,28.747,144.772,144.872,4.636
23.166666666666668,Nairobi,264.0,0.0,1382.515625,41.39,0.1987,1.7988,28.684,0.05,28.747,144.772,144.872,4.612
23.166666666666668,Johannesburg,113.0,0.0,1155.327125,42.95,0.166,1.7988,28.684,0.05,28.747,144.771,144.871,3.854
23.166666666666668,Havana,16.0,0.0,1078.267125,43.55,0.155,1.7988,28.684,0.05,28.747,144.77,144.87,3.597
23.166666666666668,Caracas,35.0,0.0,1097.695625,43.39,0.1578,1.7988,28.684,0.05,28.747,144.77,144.871,3.662
23.166666666666668,Buenos_Aires,53.0,0.0,1237.141,42.35,0.1779,1.7988,28.684,0.05,28.747,144.771,144.871,4.127
23.333333333333332,Vladimir,280.0,0.0,1234.953,42.37,0.1775,1.7988,28.684,0.05,28.747,144.771,144.871,4.119
23.333333333333332,Murmansk,299.0,0.0,1095.99,43.4,0.1577,1.7988,28.684,0.05,28.747,144.77,144.871,3.656
23.333333333333332,Novosibirsk,39.0,0.0,1098.648625,43.38,0.158,1.7988,28.684,0.05,28.747,144.77,144.871,3.665
23.333333333333332,Zheleznogorsk,39.0,0.0,1150.331375,42.98,0.1655,1.7988,28.684,0.05,28.747,144.771,144.871,3.837
23.333333333333332,Yakutsk,79.0,0.0,1103.193125,43.35,0.1586,1.7988,28.684,0.05,28.747,144.77,144.871,3.68
23.333333333333332,Khabarovsk,195.0,0.0,1154.536625,42.95,0.166,1.7988,28.684,0.05,28.747,144.771,144.871,3.851
23.333333333333332,Vladivostok,195.0,0.0,1154.533625,42.95,0.166,1.7988,28.684,0.05,28.747,144.771,144.871,3.851
23.333333333333332,Minsk,96.0,0.0,1043.0108125,43.84,0.1499,1.7988,28.684,0.05,28.747,144.77,144.87,3.479
23.333333333333332,Almaty,0.0,0.0,1481.39325,40.79,0.2129,1.7988,28.684,0.05,28.747,144.772,144.872,4.941
23.333333333333332,Tehran,281.0,0.0,1035.059625,43.9,0.1488,1.7988,28.684,0.05,28.747,144.77,144.87,3.453
23.333333333333332,Urumqi,155.0,0.0,1023.4255,44.0,0.1471,1.7988,28.684,0.05,28.747,144.77,144.87,3.414
23.333333333333332,Delhi,1.0,0.0,1157.928875,42.93,0.1664,1.7988,28.684,0.05,28.747,144.771,144.871,3.862
23.333333333333332,Yangon,174.0,0.0,1390.23625,41.34,0.1999,1.7988,28.684,0.05,28.747,144.772,144.872,4.637
23.333333333333332,Jakarta,23.0,0.0,1389.144875,41.35,0.1996,1.7988,28.684,0.05,28.747,144.772,144.872,4.634
23.333333333333332,Luanda,243.0,0.0,1381.553,41.39,0.1987,1.7988,28.684,0.05,28.747,144.772,144.872,4.608
23.333333333333332,Nairobi,262.0,0.0,1448.199125,40.98,0.2083,1.7988,28.684,0.05,28.747,144.772,144.872,4.831
23.333333333333332,Johannesburg,111.0,0.0,1299.45975,41.93,0.1867,1.7988,28.684,0.05,28.747,144.771,144.871,4.335
23.333333333333332,Havana,14.0,0.0,1266.424125,42.15,0.1821,1.7988,28.684,0.05,28.747,144.771,144.871,4.224
23.333333333333332,Caracas,33.0,0.0,998.959375,44.21,0.1436,1.7988,28.684,0.05,28.747,144.77,144.87,3.332
23.333333333333332,Buenos_Aires,51.0,0.0,1064.903625,43.65,0.1532,1.7988,28.684,0.05,28.747,144.77,144.87,3.552
23.5,Vladimir,298.0,0.0,1107.287,43.32,0.1591,1.7988,28.684,0.05,28.747,144.77,144.871,3.694
23.5,Murmansk,95.0,0.0,1073.356625,43.59,0.1543,1.7988,28.684,0.05,28.747,144.77,144.87,3.58
23.5,Novosibirsk,37.0,0.0,1166.425375,42.86,0.1678,1.7988,28.684,0.05,28.747,144.771,144.871,3.891
23.5,Zheleznogorsk,154.0,0.0,1110.517375,43.29,0.1597,1.7988,28.684,0.05,28.747,144.77,144.871,3.704
23.5,Yakutsk,77.0,0.0,1024.03925,43.99,0.1473,1.7988,28.684,0.05,28.747,144.77,144.87,3.416
23.5,Khabarovsk,193.0,0.0,1214.883875,42.51,0.1747,1.7988,28.684,0.05,28.747,144.771,144.871,4.052
23.5,Vladivostok,193.0,0.0,1035.603625,43.9,0.1488,1.7988,28.684,0.05,28.747,144.77,144.87,3.454
23.5,Minsk,94.0,0.0,1182.94075,42.74,0.1701,1.7988,28.684,0.05,28.747,144.771,144.871,3.946
23.5,Almaty,153.0,0.0,1342.348625,41.64,0.1931,1.7988,28.684,0.05,28.747,144.771,144.872,4.478
23.5,Tehran,299.0,0.0,996.798875,44.23,0.1433,1.7988,28.684,0.05,28.747,144.77,144.87,3.325
23.5,Urumqi,153.0,0.0,1001.68875,44.19,0.144,1.7988,28.684,0.05,28.747,144.77,144.87,3.341
23.5,Delhi,152.0,0.0,1108.11175,43.31,0.1593,1.7988,28.684,0.05,28.747,144.77,144.871,3.696
23.5,Yangon,172.0,0.0,1168.134,42.85,0.168,1.7988,28.684,0.05,28.747,144.771,144.871,3.896
23.5,Jakarta,21.0,0.0,1145.385125,43.02,0.1647,1.7988,28.684,0.05,28.747,144.771,144.871,3.821
23.5,Luanda,110.0,0.0,1471.6665,40.84,0.2117,1.7988,28.684,0.05,28.747,144.772,144.872,4.909
23.5,Nairobi,261.0,0.0,1320.646125,41.79,0.1898,1.7988,28.684,0.05,28.747,144.771,144.872,4.405
23.5,Johannesburg,243.0,0.0,1460.381875,40.91,0.21,1.7988,28.684,0.05,28.747,144.772,144.872,4.871
23.5,Havana,160.0,0.0,1317.80025,41.8,0.1896,1.7988,28.684,0.05,28.747,144.771,144.872,4.396
23.5,Caracas,31.0,0.0,1052.2335,43.76,0.1513,1.7988,28.684,0.05,28.747,144.77,144.87,3.51
23.5,Buenos_Aires,49.0,0.0,1004.22375,44.16,0.1445,1.7988,28.684,0.05,28.747,144.77,144.87,3.35
23.666666666666668,Vladimir,296.0,0.0,1061.052625,43.69,0.1525,1.7988,28.684,0.05,28.747,144.77,144.87,3.539
23.666666666666668,Murmansk,15.0,0.0,1042.307,43.84,0.1499,1.7988,28.684,0.05,28.747,144.77,144.87,3.477
23.666666666666668,Novosibirsk,35.0,0.0,1309.144875,41.86,0.1883,1.7988,28.684,0.05,28.747,144.771,144.871,4.367
23.666666666666668,Zheleznogorsk,152.0,0.0,1012.1415,44.1,0.1455,1.7988,28.684,0.05,28.747,144.77,144.87,3.376
23.666666666666668,Yakutsk,75.0,0.0,1029.632375,43.95,0.148,1.7988,28.684,0.05,28.747,144.77,144.87,3.434
23.666666666666668,Khabarovsk,76.0,0.0,1107.145125,43.32,0.1591,1.7988,28.684,0.05,28.747,144.77,144.871,3.693
23.666666666666668,Vladivostok,191.0,0.0,1021.6325,44.02,0.1468,1.7988,28.684,0.05,28.747,144.77,144.87,3.408
23.666666666666668,Minsk,296.0,0.0,1212.786875,42.53,0.1743,1.7988,28.684,0.05,28.747,144.771,144.871,4.045
23.666666666666668,Almaty,151.0,0.0,1199.111875,42.62,0.1725,1.7988,28.684,0.05,28.747,144.771,144.871,4.0
23.666666666666668,Tehran,297.0,0.0,1084.05775,43.5,0.1559,1.7988,28.684,0.05,28.747,144.77,144.87,3.616
23.666666666666668,Urumqi,36.0,0.0,1044.7306875,43.82,0.1502,1.7988,28.684,0.05,28.747,144.77,144.87,3.485
23.666666666666668,Delhi,150.0,0.0,1138.695875,43.07,0.1638,1.7988,28.684,0.05,28.747,144.77,144.871,3.798
23.666666666666668,Yangon,170.0,0.0,1047.131375,43.8,0.1506,1.7988,28.684,0.05,28.747,144.77,144.87,3.493
23.666666666666668,Jakarta,39.0,0.0,1005.28775,44.16,0.1445,1.7988,28.684,0.05,28.747,144.77,144.87,3.353
23.666666666666668,Luanda,108.0,0.0,1261.429375,42.18,0.1814,1.7988,28.684,0.05,28.747,144.771,144.871,4.208
23.666666666666668,Nairobi,279.0,0.0,1175.826,42.79,0.1691,1.7988,28.684,0.05,28.747,144.771,144.871,3.922
23.666666666666668,Johannesburg,241.0,0.0,1491.1895,40.73,0.2144,1.7988,28.684,0.05,28.747,144.772,144.872,4.974
23.666666666666668,Havana,178.0,0.0,1434.544375,41.07,0.2062,1.7988,28.684,0.05,28.747,144.772,144.872,4.785
23.666666666666668,Caracas,198.0,0.0,1029.9920625,43.94,0.1482,1.7988,28.684,0.05,28.747,144.77,144.87,3.436
23.666666666666668,Buenos_Aires,47.0,0.0,1071.20475,43.6,0.1541,1.7988,28.684,0.05,28.747,144.77,144.87,3.573
23.833333333333332,Vladimir,110.0,0.0,1013.1683125,44.09,0.1456,1.7988,28.684,0.05,28.747,144.77,144.87,3.38
23.833333333333332,Murmansk,13.0,0.0,1001.194625,44.19,0.144,1.7988,28.684,0.05,28.747,144.77,144.87,3.34
23.833333333333332,Novosibirsk,150.0,0.0,1152.49825,42.97,0.1657,1.7988,28.684,0.05,28.747,144.771,144.871,3.844
23.833333333333332,Zheleznogorsk,150.0,0.0,1005.1323125,44.16,0.1445,1.7988,28.684,0.05,28.747,144.77,144.87,3.353
23.833333333333332,Yakutsk,171.0,0.0,1052.12675,43.76,0.1513,1.7988,28.684,0.05,28.747,144.77,144.87,3.51
23.833333333333332,Khabarovsk,74.0,0.0,1011.649,44.1,0.1455,1.7988,28.684,0.05,28.747,144.77,144.87,3.374
23.833333333333332,Vladivostok,189.0,0.0,1119.962875,43.22,0.161,1.7988,28.684,0.05,28.747,144.77,144.871,3.736
23.833333333333332,Minsk,294.0,0.0,1087.42625,43.47,0.1564,1.7988,28.684,0.05,28.747,144.77,144.87,3.627
23.833333333333332,Almaty,149.0,0.0,1139.40975,43.07,0.1638,1.7988,28.684,0.05,28.747,144.77,144.871,3.801
23.833333333333332,Tehran,129.0,0.0,1154.724625,42.95,0.166,1.7988,28.684,0.05,28.747,144.771,144.871,3.852
23.833333333333332,Urumqi,34.0,0.0,1055.074,43.74,0.1516,1.7988,28.684,0.05,28.747,144.77,144.87,3.519
23.833333333333332,Delhi,148.0,0.0,1284.37625,42.03,0.1846,1.7988,28.684,0.05,28.747,144.771,144.871,4.284
23.833333333333332,Yangon,168.0,0.0,1064.916,43.65,0.1532,1.7988,28.684,0.05,28.747,144.77,144.87,3.552
23.833333333333332,Jakarta,37.0,0.0,1014.385,44.08,0.1458,1.7988,28.684,0.05,28.747,144.77,144.87,3.384
23.833333333333332,Luanda,106.0,0.0,1156.29275,42.94,0.1662,1.7988,28.684,0.05,28.747,144.771,144.871,3.857
23.833333333333332,Nairobi,277.0,0.0,1158.791125,42.92,0.1666,1.7988,28.684,0.05,28.747,144.771,144.871,3.865
23.833333333333332,Johannesburg,278.0,0.0,1561.194875,40.33,0.2245,1.7988,28.684,0.05,28.748,144.773,144.873,5.208
23.833333333333332,Havana,9.0,0.0,1625.5955,39.98,0.2337,1.7988,28.684,0.05,28.748,144.773,144.873,5.422
23.833333333333332,Caracas,196.0,0.0,1015.342125,44.07,0.146,1.7988,28.684,0.05,28.747,144.77,144.87,3.387
23.833333333333332,Buenos_Aires,45.0,0.0,1242.3435,42.32,0.1785,1.7988,28.684,0.05,28.747,144.771,144.871,4.144
