time_h,gs_name,sat_id,distance_km,elevation_deg,fspl_db,atm_loss_db,rx_power_dbw,cn0_dbhz,snr_db,doppler_hz,link_margin_db
0.0,Vladimir,31,1138.59575,0.0,157.52,34.38,-158.9,43.07,-27.03,38643.9,8.07
0.0,Murmansk,3,1097.0945,0.0,157.2,34.38,-158.58,43.4,-26.7,38643.9,8.4
0.0,Novosibirsk,13,1650.7165,0.0,160.75,34.38,-162.13,39.85,-30.25,38643.9,4.85
0.0,Zheleznogorsk,13,1243.932625,0.0,158.29,34.38,-159.67,42.31,-27.79,38643.9,7.31
0.0,Khabarovsk,51,1589.3685,0.0,160.42,34.38,-161.8,40.18,-29.92,38643.9,5.18
0.0,Vladivostok,51,1722.72975,0.0,161.12,34.38,-162.5,39.48,-30.62,38643.9,4.48
0.0,Minsk,31,1353.428375,0.0,159.02,34.38,-160.4,41.57,-28.53,38643.9,6.57
0.0,Almaty,41,1537.796375,0.0,160.13,34.38,-161.51,40.46,-29.64,38643.9,5.46
0.16666666666666666,Vladimir,30,1275.045,0.0,158.51,34.38,-159.89,42.09,-28.01,38643.9,7.09
0.16666666666666666,Murmansk,2,1011.3800625,0.0,156.49,34.38,-157.87,44.1,-26.0,38643.9,9.1
0.16666666666666666,Novosibirsk,12,1411.39625,0.0,159.39,34.38,-160.77,41.21,-28.89,38643.9,6.21
0.16666666666666666,Zheleznogorsk,12,1090.17025,0.0,157.15,34.38,-158.52,43.45,-26.65,38643.9,8.45
0.16666666666666666,Khabarovsk,50,1794.653625,0.0,161.48,34.38,-162.85,39.12,-30.98,38643.9,4.12
0.16666666666666666,Vladivostok,50,1828.491125,0.0,161.64,34.38,-163.02,38.96,-31.14,38643.9,3.96
0.16666666666666666,Minsk,30,1262.997375,0.0,158.42,34.38,-159.8,42.17,-27.93,38643.9,7.17
0.16666666666666666,Almaty,3,1623.786375,0.0,160.61,34.38,-161.99,39.99,-30.11,38643.9,4.99
0.3333333333333333,Vladimir,39,1469.580375,0.0,159.74,34.38,-161.12,40.86,-29.24,38643.9,5.86
0.3333333333333333,Murmansk,1,1004.1449375,0.0,156.43,34.38,-157.81,44.17,-25.93,38643.9,9.17
0.3333333333333333,Novosibirsk,11,1216.511625,0.0,158.1,34.38,-159.48,42.5,-27.6,38643.9,7.5
0.3333333333333333,Zheleznogorsk,11,1015.9295625,0.0,156.53,34.38,-157.91,44.06,-26.03,38643.9,9.06
0.3333333333333333,Khabarovsk,22,1752.73425,0.0,161.27,34.38,-162.65,39.33,-30.77,38643.9,4.33
0.3333333333333333,Vladivostok,22,1551.623625,0.0,160.21,34.38,-161.59,40.39,-29.71,38643.9,5.39
0.3333333333333333,Minsk,39,1243.852375,0.0,158.29,34.38,-159.67,42.31,-27.79,38643.9,7.31
0.3333333333333333,Almaty,2,1726.558875,0.0,161.14,34.38,-162.52,39.46,-30.64,38643.9,4.46
0.5,Vladimir,38,1703.7825,0.0,161.02,34.38,-162.4,39.57,-30.53,38643.9,4.57
0.5,Murmansk,0,1075.246875,0.0,157.03,34.38,-158.41,43.57,-26.53,38643.9,8.57
0.5,Novosibirsk,10,1088.264375,0.0,157.13,34.38,-158.51,43.47,-26.63,38643.9,8.47
0.5,Zheleznogorsk,10,1035.50075,0.0,156.7,34.38,-158.08,43.9,-26.2,38643.9,8.9
0.5,Khabarovsk,21,1523.39125,0.0,160.05,34.38,-161.43,40.54,-29.55,38643.9,5.54
0.5,Vladivostok,21,1299.263125,0.0,158.67,34.38,-160.05,41.93,-28.17,38643.9,6.93
0.5,Minsk,38,1302.064375,0.0,158.69,34.38,-160.07,41.91,-28.19,38643.9,6.91
0.5,Almaty,1,1880.3705,0.0,161.88,34.38,-163.26,38.72,-31.38,38643.9,3.72
0.6666666666666666,Vladimir,37,1964.471625,0.0,162.26,34.38,-163.64,38.34,-31.76,38643.9,3.34
0.6666666666666666,Murmansk,9,1209.199,0.0,158.05,34.38,-159.42,42.55,-27.55,38643.9,7.55
0.6666666666666666,Novosibirsk,19,1048.927,0.0,156.81,34.38,-158.19,43.79,-26.31,38643.9,8.79
0.6666666666666666,Zheleznogorsk,19,1141.088125,0.0,157.54,34.38,-158.92,43.05,-27.04,38643.9,8.05
0.6666666666666666,Khabarovsk,20,1342.136375,0.0,158.95,34.38,-160.33,41.65,-28.45,38643.9,6.65
0.6666666666666666,Vladivostok,20,1105.189875,0.0,157.26,34.38,-158.64,43.33,-26.77,38643.9,8.33
0.6666666666666666,Minsk,37,1430.568125,0.0,159.51,34.38,-160.89,41.09,-29.01,38643.9,6.09
0.6666666666666666,Almaty,19,2061.029,0.0,162.68,34.38,-164.06,37.92,-32.18,38643.9,2.92
0.8333333333333334,Vladimir,9,2141.51625,0.0,163.01,34.38,-164.39,37.59,-32.51,38643.9,2.59
0.8333333333333334,Murmansk,8,1386.18575,0.0,159.23,34.38,-160.61,41.36,-28.73,38643.9,6.36
0.8333333333333334,Novosibirsk,18,1105.329875,0.0,157.27,34.38,-158.64,43.33,-26.77,38643.9,8.33
0.8333333333333334,Zheleznogorsk,18,1309.1905,0.0,158.74,34.38,-160.11,41.86,-28.24,38643.9,6.86
0.8333333333333334,Khabarovsk,29,1228.25,0.0,158.18,34.38,-159.56,42.42,-27.68,38643.9,7.42
0.8333333333333334,Vladivostok,29,1001.1983125,0.0,156.41,34.38,-157.79,44.19,-25.91,38643.9,9.19
0.8333333333333334,Minsk,36,1614.475375,0.0,160.56,34.38,-161.94,40.04,-30.06,38643.9,5.04
0.8333333333333334,Almaty,18,2137.53925,0.0,162.99,34.38,-164.37,37.6,-32.5,38643.9,2.6
1.0,Vladimir,8,1889.438625,0.0,161.92,34.38,-163.3,38.67,-31.42,38643.9,3.67
1.0,Murmansk,36,1524.65075,0.0,160.06,34.38,-161.44,40.54,-29.56,38643.9,5.54
1.0,Novosibirsk,17,1241.793375,0.0,158.28,34.38,-159.66,42.32,-27.78,38643.9,7.32
1.0,Zheleznogorsk,17,1516.45475,0.0,160.01,34.38,-161.39,40.58,-29.51,38643.9,5.58
1.0,Khabarovsk,28,1198.41675,0.0,157.97,34.38,-159.35,42.63,-27.47,38643.9,7.63
1.0,Vladivostok,28,1012.21525,0.0,156.5,34.38,-157.88,44.1,-26.0,38643.9,9.1
1.0,Minsk,35,1838.58575,0.0,161.69,34.38,-163.06,38.91,-31.19,38643.9,3.91
1.0,Almaty,46,2134.1035,0.0,162.98,34.38,-164.36,37.62,-32.48,38643.9,2.62
1.1666666666666667,Vladimir,7,1662.74025,0.0,160.81,34.38,-162.19,39.78,-30.31,38643.9,4.78
1.1666666666666667,Murmansk,35,1332.805,0.0,158.89,34.38,-160.27,41.71,-28.39,38643.9,6.71
1.1666666666666667,Novosibirsk,16,1433.020375,0.0,159.52,34.38,-160.9,41.08,-29.02,38643.9,6.08
1.1666666666666667,Zheleznogorsk,16,1746.444625,0.0,161.24,34.38,-162.62,39.36,-30.74,38643.9,4.36
1.1666666666666667,Khabarovsk,27,1255.720125,0.0,158.37,34.38,-159.75,42.22,-27.88,38643.9,7.22
1.1666666666666667,Vladivostok,27,1131.60025,0.0,157.47,34.38,-158.85,43.13,-26.97,38643.9,8.13
1.1666666666666667,Minsk,7,2019.882375,0.0,162.5,34.38,-163.88,38.09,-32.0,38643.9,3.09
1.1666666666666667,Almaty,54,1957.294875,0.0,162.23,34.38,-163.61,38.37,-31.73,38643.9,3.37
1.3333333333333333,Vladimir,6,1471.89875,0.0,159.75,34.38,-161.13,40.84,-29.26,38643.9,5.84
1.3333333333333333,Murmansk,34,1171.97575,0.0,157.77,34.38,-159.15,42.82,-27.28,38643.9,7.82
1.3333333333333333,Novosibirsk,15,1657.677875,0.0,160.79,34.38,-162.16,39.81,-30.29,38643.9,4.81
1.3333333333333333,Zheleznogorsk,15,1988.8925,0.0,162.37,34.38,-163.75,38.23,-31.87,38643.9,3.23
1.3333333333333333,Khabarovsk,26,1386.4525,0.0,159.23,34.38,-160.61,41.36,-28.74,38643.9,6.36
1.3333333333333333,Vladivostok,26,1327.28225,0.0,158.85,34.38,-160.23,41.74,-28.36,38643.9,6.74
1.3333333333333333,Minsk,6,1738.057875,0.0,161.2,34.38,-162.58,39.4,-30.7,38643.9,4.4
1.3333333333333333,Almaty,53,1776.57475,0.0,161.39,34.38,-162.77,39.21,-30.89,38643.9,4.21
1.5,Vladimir,5,1330.64525,0.0,158.88,34.38,-160.26,41.72,-28.38,38643.9,6.72
1.5,Murmansk,33,1058.98825,0.0,156.89,34.38,-158.27,43.7,-26.4,38643.9,8.7
1.5,Novosibirsk,14,1901.582,0.0,161.98,34.38,-163.36,38.62,-31.48,38643.9,3.62
1.5,Zheleznogorsk,14,2237.48525,0.0,163.39,34.38,-164.77,37.21,-32.89,38643.9,2.21
1.5,Khabarovsk,63,1245.135625,0.0,158.3,34.38,-159.68,42.3,-27.8,38643.9,7.3
1.5,Vladivostok,25,1567.965125,0.0,160.3,34.38,-161.68,40.29,-29.8,38643.9,5.29
1.5,Minsk,5,1478.89725,0.0,159.79,34.38,-161.17,40.8,-29.3,38643.9,5.8
1.5,Almaty,52,1639.0105,0.0,160.69,34.38,-162.07,39.91,-30.19,38643.9,4.91
1.6666666666666667,Vladimir,4,1253.617375,0.0,158.36,34.38,-159.74,42.24,-27.86,38643.9,7.24
1.6666666666666667,Murmansk,32,1012.4649375,0.0,156.5,34.38,-157.88,44.09,-26.01,38643.9,9.09
1.6666666666666667,Novosibirsk,13,2155.96125,0.0,163.07,34.38,-164.45,37.53,-32.57,38643.9,2.53
1.6666666666666667,Zheleznogorsk,24,2020.08925,0.0,162.5,34.38,-163.88,38.09,-32.01,38643.9,3.09
1.6666666666666667,Khabarovsk,62,1116.19725,0.0,157.35,34.38,-158.73,43.25,-26.85,38643.9,8.25
1.6666666666666667,Vladivostok,62,1543.057875,0.0,160.16,34.38,-161.54,40.43,-29.67,38643.9,5.43
1.6666666666666667,Minsk,4,1255.225375,0.0,158.37,34.38,-159.75,42.23,-27.87,38643.9,7.23
1.6666666666666667,Almaty,51,1559.26825,0.0,160.25,34.38,-161.63,40.34,-29.76,38643.9,5.34
1.8333333333333333,Vladimir,3,1250.176125,0.0,158.34,34.38,-159.71,42.26,-27.84,38643.9,7.26
1.8333333333333333,Murmansk,31,1043.464625,0.0,156.77,34.38,-158.14,43.83,-26.27,38643.9,8.83
1.8333333333333333,Novosibirsk,51,2310.0845,0.0,163.67,34.38,-165.05,36.93,-33.17,38643.9,1.93
1.8333333333333333,Zheleznogorsk,23,1745.3605,0.0,161.23,34.38,-162.61,39.36,-30.74,38643.9,4.36
1.8333333333333333,Khabarovsk,61,1077.4335,0.0,157.04,34.38,-158.42,43.55,-26.55,38643.9,8.55
1.8333333333333333,Vladivostok,61,1386.568625,0.0,159.23,34.38,-160.61,41.36,-28.74,38643.9,6.36
1.8333333333333333,Minsk,3,1087.210375,0.0,157.12,34.38,-158.5,43.47,-26.62,38643.9,8.47
1.8333333333333333,Almaty,13,1464.432875,0.0,159.71,34.38,-161.09,40.89,-29.21,38643.9,5.89
2.0,Vladimir,2,1318.189625,0.0,158.8,34.38,-160.17,41.8,-28.3,38643.9,6.8
2.0,Murmansk,30,1147.39225,0.0,157.59,34.38,-158.97,43.01,-27.09,38643.9,8.01
2.0,Novosibirsk,50,2052.259875,0.0,162.64,34.38,-164.02,37.96,-32.14,38643.9,2.96
2.0,Zheleznogorsk,22,1494.0635,0.0,159.88,34.38,-161.26,40.71,-29.39,38643.9,5.71
2.0,Khabarovsk,60,1141.292625,0.0,157.54,34.38,-158.92,43.05,-27.05,38643.9,8.05
2.0,Vladivostok,60,1303.242375,0.0,158.7,34.38,-160.08,41.9,-28.2,38643.9,6.9
2.0,Minsk,2,1000.66325,0.0,156.4,34.38,-157.78,44.2,-25.9,38643.9,9.2
2.0,Almaty,12,1280.595,0.0,158.54,34.38,-159.92,42.05,-28.05,38643.9,7.05
2.1666666666666665,Vladimir,49,1409.01,0.0,159.37,34.38,-160.75,41.22,-28.88,38643.9,6.22
2.1666666666666665,Murmansk,10,1068.979625,0.0,156.98,34.38,-158.35,43.62,-26.48,38643.9,8.62
2.1666666666666665,Novosibirsk,59,1801.47025,0.0,161.51,34.38,-162.89,39.09,-31.01,38643.9,4.09
2.1666666666666665,Zheleznogorsk,21,1279.0,0.0,158.53,34.38,-159.91,42.06,-28.04,38643.9,7.06
2.1666666666666665,Khabarovsk,69,1295.0855,0.0,158.64,34.38,-160.02,41.96,-28.14,38643.9,6.96
2.1666666666666665,Vladivostok,69,1310.172875,0.0,158.74,34.38,-160.12,41.85,-28.24,38643.9,6.85
2.1666666666666665,Minsk,1,1013.642375,0.0,156.51,34.38,-157.89,44.08,-26.02,38643.9,9.08
2.1666666666666665,Almaty,11,1174.4045,0.0,157.79,34.38,-159.17,42.8,-27.29,38643.9,7.8
2.3333333333333335,Vladimir,48,1508.46975,0.0,159.97,34.38,-161.35,40.63,-29.47,38643.9,5.63
2.3333333333333335,Murmansk,19,1021.1691875,0.0,156.58,34.38,-157.96,44.02,-26.08,38643.9,9.02
2.3333333333333335,Novosibirsk,58,1564.337,0.0,160.28,34.38,-161.66,40.31,-29.78,38643.9,5.31
2.3333333333333335,Zheleznogorsk,20,1119.57925,0.0,157.38,34.38,-158.76,43.22,-26.88,38643.9,8.22
2.3333333333333335,Khabarovsk,68,1513.34425,0.0,159.99,34.38,-161.37,40.6,-29.5,38643.9,5.6
2.3333333333333335,Vladivostok,68,1408.450625,0.0,159.37,34.38,-160.75,41.23,-28.87,38643.9,6.23
2.3333333333333335,Minsk,0,1119.62875,0.0,157.38,34.38,-158.76,43.22,-26.88,38643.9,8.22
2.3333333333333335,Almaty,10,1164.50525,0.0,157.72,34.38,-159.1,42.88,-27.22,38643.9,7.88
2.5,Vladimir,47,1662.127,0.0,160.81,34.38,-162.19,39.79,-30.31,38643.9,4.79
2.5,Murmansk,18,1054.991,0.0,156.86,34.38,-158.24,43.74,-26.36,38643.9,8.74
2.5,Novosibirsk,57,1351.59525,0.0,159.01,34.38,-160.39,41.58,-28.51,38643.9,6.58
2.5,Zheleznogorsk,29,1039.473375,0.0,156.73,34.38,-158.11,43.86,-26.23,38643.9,8.86
2.5,Khabarovsk,39,1748.45275,0.0,161.25,34.38,-162.63,39.35,-30.75,38643.9,4.35
2.5,Vladivostok,67,1582.92925,0.0,160.38,34.38,-161.76,40.21,-29.89,38643.9,5.21
2.5,Minsk,9,1293.021625,0.0,158.63,34.38,-160.01,41.97,-28.13,38643.9,6.97
2.5,Almaty,19,1250.1865,0.0,158.34,34.38,-159.71,42.26,-27.84,38643.9,7.26
2.6666666666666665,Vladimir,46,1858.00025,0.0,161.78,34.38,-163.16,38.82,-31.28,38643.9,3.82
2.6666666666666665,Murmansk,17,1161.889125,0.0,157.7,34.38,-159.08,42.9,-27.2,38643.9,7.9
2.6666666666666665,Novosibirsk,56,1180.26975,0.0,157.84,34.38,-159.21,42.76,-27.34,38643.9,7.76
2.6666666666666665,Zheleznogorsk,28,1054.296,0.0,156.85,34.38,-158.23,43.74,-26.36,38643.9,8.74
2.6666666666666665,Khabarovsk,38,1479.6655,0.0,159.8,34.38,-161.18,40.8,-29.3,38643.9,5.8
2.6666666666666665,Vladivostok,38,1546.367625,0.0,160.18,34.38,-161.56,40.41,-29.68,38643.9,5.41
2.6666666666666665,Minsk,8,1507.97225,0.0,159.96,34.38,-161.34,40.63,-29.47,38643.9,5.63
2.6666666666666665,Almaty,18,1411.154875,0.0,159.39,34.38,-160.77,41.21,-28.89,38643.9,6.21
2.8333333333333335,Vladimir,45,2085.292125,0.0,162.78,34.38,-164.16,37.82,-32.28,38643.9,2.82
2.8333333333333335,Murmansk,16,1322.784125,0.0,158.83,34.38,-160.2,41.77,-28.33,38643.9,6.77
2.8333333333333335,Novosibirsk,55,1074.181,0.0,157.02,34.38,-158.4,43.58,-26.52,38643.9,8.58
2.8333333333333335,Zheleznogorsk,27,1157.7075,0.0,157.67,34.38,-159.05,42.93,-27.17,38643.9,7.93
2.8333333333333335,Khabarovsk,37,1249.163875,0.0,158.33,34.38,-159.71,42.27,-27.83,38643.9,7.27
2.8333333333333335,Vladivostok,37,1336.85625,0.0,158.92,34.38,-160.3,41.68,-28.42,38643.9,6.68
2.8333333333333335,Minsk,7,1746.59025,0.0,161.24,34.38,-162.62,39.36,-30.74,38643.9,4.36
2.8333333333333335,Almaty,17,1622.25,0.0,160.6,34.38,-161.98,40.0,-30.1,38643.9,5.0
3.0,Vladimir,16,2079.3305,0.0,162.75,34.38,-164.13,37.84,-32.26,38643.9,2.84
3.0,Murmansk,15,1519.144,0.0,160.03,34.38,-161.41,40.57,-29.53,38643.9,5.57
3.0,Novosibirsk,54,1056.67025,0.0,156.87,34.38,-158.25,43.72,-26.38,38643.9,8.72
3.0,Zheleznogorsk,26,1326.522,0.0,158.85,34.38,-160.23,41.75,-28.35,38643.9,6.75
3.0,Khabarovsk,36,1079.626375,0.0,157.06,34.38,-158.44,43.54,-26.56,38643.9,8.54
3.0,Vladivostok,36,1199.05725,0.0,157.97,34.38,-159.35,42.62,-27.47,38643.9,7.62
3.0,Minsk,44,1890.550375,0.0,161.93,34.38,-163.31,38.67,-31.43,38643.9,3.67
3.0,Almaty,16,1863.728,0.0,161.8,34.38,-163.18,38.79,-31.31,38643.9,3.79
3.1666666666666665,Vladimir,15,1802.713375,0.0,161.51,34.38,-162.89,39.08,-31.02,38643.9,4.08
3.1666666666666665,Murmansk,44,1478.226875,0.0,159.79,34.38,-161.17,40.81,-29.29,38643.9,5.81
3.1666666666666665,Novosibirsk,53,1134.689875,0.0,157.49,34.38,-158.87,43.1,-27.0,38643.9,8.1
3.1666666666666665,Zheleznogorsk,25,1536.825,0.0,160.13,34.38,-161.51,40.47,-29.63,38643.9,5.47
3.1666666666666665,Khabarovsk,35,999.7098125,0.0,156.39,34.38,-157.77,44.2,-25.9,38643.9,9.2
3.1666666666666665,Vladivostok,35,1156.48475,0.0,157.66,34.38,-159.04,42.94,-27.16,38643.9,7.94
3.1666666666666665,Minsk,43,2065.249,0.0,162.7,34.38,-164.07,37.9,-32.2,38643.9,2.9
3.1666666666666665,Almaty,53,1768.23025,0.0,161.35,34.38,-162.73,39.25,-30.85,38643.9,4.25
3.3333333333333335,Vladimir,14,1546.754875,0.0,160.18,34.38,-161.56,40.41,-29.69,38643.9,5.41
3.3333333333333335,Murmansk,43,1317.44525,0.0,158.79,34.38,-160.17,41.81,-28.29,38643.9,6.81
3.3333333333333335,Novosibirsk,52,1293.186,0.0,158.63,34.38,-160.01,41.97,-28.13,38643.9,6.97
3.3333333333333335,Zheleznogorsk,24,1771.51,0.0,161.36,34.38,-162.74,39.23,-30.86,38643.9,4.23
3.3333333333333335,Khabarovsk,34,1027.296,0.0,156.63,34.38,-158.01,43.97,-26.13,38643.9,8.97
3.3333333333333335,Vladivostok,34,1216.444625,0.0,158.1,34.38,-159.48,42.5,-27.6,38643.9,7.5
3.3333333333333335,Minsk,14,2132.68675,0.0,162.97,34.38,-164.35,37.62,-32.48,38643.9,2.62
3.3333333333333335,Almaty,52,1680.152125,0.0,160.9,34.38,-162.28,39.69,-30.4,38643.9,4.69
3.5,Vladimir,13,1322.309,0.0,158.82,34.38,-160.2,41.77,-28.32,38643.9,6.77
3.5,Murmansk,42,1193.944125,0.0,157.94,34.38,-159.31,42.66,-27.44,38643.9,7.66
3.5,Novosibirsk,51,1508.522375,0.0,159.97,34.38,-161.35,40.63,-29.47,38643.9,5.63
3.5,Zheleznogorsk,23,2019.826375,0.0,162.5,34.38,-163.88,38.09,-32.0,38643.9,3.09
3.5,Khabarovsk,33,1151.438125,0.0,157.62,34.38,-159.0,42.98,-27.12,38643.9,7.98
3.5,Vladivostok,33,1362.67125,0.0,159.08,34.38,-160.46,41.51,-28.59,38643.9,6.51
3.5,Minsk,13,1852.785375,0.0,161.75,34.38,-163.13,38.84,-31.25,38643.9,3.84
3.5,Almaty,51,1662.416625,0.0,160.81,34.38,-162.19,39.79,-30.31,38643.9,4.79
3.6666666666666665,Vladimir,12,1146.247625,0.0,157.58,34.38,-158.96,43.02,-27.08,38643.9,8.02
3.6666666666666665,Murmansk,41,1122.643625,0.0,157.4,34.38,-158.78,43.2,-26.9,38643.9,8.2
3.6666666666666665,Novosibirsk,50,1761.01675,0.0,161.31,34.38,-162.69,39.29,-30.81,38643.9,4.29
3.6666666666666665,Zheleznogorsk,61,2242.74925,0.0,163.41,34.38,-164.79,37.19,-32.91,38643.9,2.19
3.6666666666666665,Khabarovsk,70,1237.66575,0.0,158.25,34.38,-159.63,42.35,-27.75,38643.9,7.35
3.6666666666666665,Vladivostok,32,1568.469125,0.0,160.31,34.38,-161.68,40.29,-29.81,38643.9,5.29
3.6666666666666665,Minsk,12,1596.035,0.0,160.46,34.38,-161.84,40.14,-29.96,38643.9,5.14
3.6666666666666665,Almaty,50,1719.1765,0.0,161.1,34.38,-162.48,39.49,-30.6,38643.9,4.49
3.8333333333333335,Vladimir,11,1040.992875,0.0,156.74,34.38,-158.12,43.85,-26.25,38643.9,8.85
3.8333333333333335,Murmansk,40,1115.941125,0.0,157.35,34.38,-158.73,43.25,-26.85,38643.9,8.25
3.8333333333333335,Novosibirsk,59,2037.578375,0.0,162.58,34.38,-163.96,38.02,-32.08,38643.9,3.02
3.8333333333333335,Zheleznogorsk,60,1988.35325,0.0,162.37,34.38,-163.74,38.23,-31.87,38643.9,3.23
3.8333333333333335,Khabarovsk,79,1079.239875,0.0,157.06,34.38,-158.44,43.54,-26.56,38643.9,8.54
3.8333333333333335,Vladivostok,79,1424.56425,0.0,159.47,34.38,-160.85,41.13,-28.97,38643.9,6.13
3.8333333333333335,Minsk,11,1374.557875,0.0,159.16,34.38,-160.54,41.44,-28.66,38643.9,6.44
3.8333333333333335,Almaty,22,1768.32975,0.0,161.35,34.38,-162.73,39.25,-30.85,38643.9,4.25
4.0,Vladimir,10,1025.7039375,0.0,156.62,34.38,-158.0,43.98,-26.12,38643.9,8.98
4.0,Murmansk,49,1176.935,0.0,157.81,34.38,-159.19,42.79,-27.31,38643.9,7.79
4.0,Novosibirsk,21,2238.47725,0.0,163.39,34.38,-164.77,37.2,-32.9,38643.9,2.2
4.0,Zheleznogorsk,69,1740.565875,0.0,161.21,34.38,-162.59,39.39,-30.71,38643.9,4.39
4.0,Khabarovsk,78,1003.95,0.0,156.43,34.38,-157.81,44.17,-25.93,38643.9,9.17
4.0,Vladivostok,78,1214.94175,0.0,158.09,34.38,-159.47,42.51,-27.59,38643.9,7.51
4.0,Minsk,10,1206.479375,0.0,158.03,34.38,-159.41,42.57,-27.53,38643.9,7.57
4.0,Almaty,21,1487.47775,0.0,159.84,34.38,-161.22,40.75,-29.35,38643.9,5.75
4.166666666666667,Vladimir,19,1101.132,0.0,157.23,34.38,-158.61,43.36,-26.73,38643.9,8.36
4.166666666666667,Murmansk,29,1179.28675,0.0,157.83,34.38,-159.21,42.77,-27.33,38643.9,7.77
4.166666666666667,Novosibirsk,68,2020.77375,0.0,162.51,34.38,-163.89,38.09,-32.01,38643.9,3.09
4.166666666666667,Zheleznogorsk,68,1505.956875,0.0,159.95,34.38,-161.33,40.64,-29.45,38643.9,5.64
4.166666666666667,Khabarovsk,77,1034.064875,0.0,156.69,34.38,-158.07,43.91,-26.19,38643.9,8.91
4.166666666666667,Vladivostok,77,1071.205875,0.0,156.99,34.38,-158.37,43.6,-26.5,38643.9,8.6
4.166666666666667,Minsk,19,1114.201125,0.0,157.33,34.38,-158.71,43.26,-26.84,38643.9,8.26
4.166666666666667,Almaty,20,1246.54325,0.0,158.31,34.38,-159.69,42.29,-27.81,38643.9,7.29
4.333333333333333,Vladimir,18,1248.02325,0.0,158.32,34.38,-159.7,42.28,-27.82,38643.9,7.28
4.333333333333333,Murmansk,28,1095.741625,0.0,157.19,34.38,-158.57,43.41,-26.69,38643.9,8.41
4.333333333333333,Novosibirsk,67,1773.35725,0.0,161.37,34.38,-162.75,39.23,-30.87,38643.9,4.23
4.333333333333333,Zheleznogorsk,67,1295.323625,0.0,158.64,34.38,-160.02,41.95,-28.15,38643.9,6.95
4.333333333333333,Khabarovsk,76,1164.44325,0.0,157.72,34.38,-159.1,42.88,-27.22,38643.9,7.88
4.333333333333333,Vladivostok,76,1025.8220625,0.0,156.62,34.38,-158.0,43.98,-26.12,38643.9,8.98
4.333333333333333,Minsk,18,1114.269625,0.0,157.34,34.38,-158.71,43.26,-26.84,38643.9,8.26
4.333333333333333,Almaty,29,1070.75125,0.0,156.99,34.38,-158.37,43.61,-26.49,38643.9,8.61
4.5,Vladimir,17,1441.931375,0.0,159.57,34.38,-160.95,41.02,-29.08,38643.9,6.02
4.5,Murmansk,27,1089.283125,0.0,157.14,34.38,-158.52,43.46,-26.64,38643.9,8.46
4.5,Novosibirsk,66,1537.625875,0.0,160.13,34.38,-161.51,40.46,-29.63,38643.9,5.46
4.5,Zheleznogorsk,66,1126.107875,0.0,157.43,34.38,-158.81,43.17,-26.93,38643.9,8.17
4.5,Khabarovsk,75,1368.899125,0.0,159.12,34.38,-160.5,41.47,-28.63,38643.9,6.47
4.5,Vladivostok,75,1094.647375,0.0,157.18,34.38,-158.56,43.42,-26.68,38643.9,8.42
4.5,Minsk,17,1204.066875,0.0,158.01,34.38,-159.39,42.59,-27.51,38643.9,7.59
4.5,Almaty,28,992.4783125,0.0,156.33,34.38,-157.71,44.27,-25.83,38643.9,9.27
4.666666666666667,Vladimir,16,1663.88475,0.0,160.82,34.38,-162.2,39.78,-30.32,38643.9,4.78
4.666666666666667,Murmansk,26,1160.151625,0.0,157.69,34.38,-159.07,42.91,-27.19,38643.9,7.91
4.666666666666667,Novosibirsk,65,1323.585,0.0,158.83,34.38,-160.21,41.77,-28.33,38643.9,6.77
4.666666666666667,Zheleznogorsk,65,1023.0500625,0.0,156.59,34.38,-157.97,44.0,-26.1,38643.9,9.0
4.666666666666667,Khabarovsk,74,1621.16275,0.0,160.59,34.38,-161.97,40.0,-30.09,38643.9,5.0
4.666666666666667,Vladivostok,74,1261.701375,0.0,158.41,34.38,-159.79,42.18,-27.92,38643.9,7.18
4.666666666666667,Minsk,16,1363.396625,0.0,159.09,34.38,-160.47,41.51,-28.59,38643.9,6.51
4.666666666666667,Almaty,27,1030.90125,0.0,156.66,34.38,-158.04,43.94,-26.16,38643.9,8.94
4.833333333333333,Vladimir,15,1901.625875,0.0,161.98,34.38,-163.36,38.62,-31.48,38643.9,3.62
4.833333333333333,Murmansk,25,1294.544125,0.0,158.64,34.38,-160.02,41.96,-28.14,38643.9,6.96
4.833333333333333,Novosibirsk,64,1147.511125,0.0,157.59,34.38,-158.97,43.01,-27.09,38643.9,8.01
4.833333333333333,Zheleznogorsk,64,1010.2589375,0.0,156.48,34.38,-157.86,44.11,-25.99,38643.9,9.11
4.833333333333333,Khabarovsk,46,1641.14225,0.0,160.7,34.38,-162.08,39.9,-30.2,38643.9,4.9
4.833333333333333,Vladivostok,73,1496.215625,0.0,159.9,34.38,-161.27,40.7,-29.4,38643.9,5.7
4.833333333333333,Minsk,44,1542.159875,0.0,160.16,34.38,-161.54,40.44,-29.66,38643.9,5.44
4.833333333333333,Almaty,26,1171.3315,0.0,157.77,34.38,-159.15,42.83,-27.27,38643.9,7.83
5.0,Vladimir,14,2147.59275,0.0,163.03,34.38,-164.41,37.56,-32.54,38643.9,2.56
5.0,Murmansk,24,1473.96275,0.0,159.77,34.38,-161.14,40.83,-29.27,38643.9,5.83
5.0,Novosibirsk,63,1033.2208125,0.0,156.68,34.38,-158.06,43.92,-26.18,38643.9,8.92
5.0,Zheleznogorsk,63,1093.8575,0.0,157.17,34.38,-158.55,43.42,-26.68,38643.9,8.42
5.0,Khabarovsk,45,1402.698875,0.0,159.33,34.38,-160.71,41.26,-28.84,38643.9,6.26
5.0,Vladivostok,45,1727.716,0.0,161.15,34.38,-162.52,39.45,-30.65,38643.9,4.45
5.0,Minsk,43,1740.119,0.0,161.21,34.38,-162.59,39.39,-30.71,38643.9,4.39
5.0,Almaty,25,1379.8645,0.0,159.19,34.38,-160.57,41.4,-28.69,38643.9,6.4
5.166666666666667,Vladimir,24,2123.53975,0.0,162.94,34.38,-164.32,37.66,-32.44,38643.9,2.66
5.166666666666667,Murmansk,13,1632.194375,0.0,160.65,34.38,-162.03,39.95,-30.15,38643.9,4.95
5.166666666666667,Novosibirsk,62,1005.9643125,0.0,156.45,34.38,-157.83,44.15,-25.95,38643.9,9.15
5.166666666666667,Zheleznogorsk,62,1256.955625,0.0,158.38,34.38,-159.76,42.21,-27.88,38643.9,7.21
5.166666666666667,Khabarovsk,44,1217.57375,0.0,158.11,34.38,-159.48,42.49,-27.61,38643.9,7.49
5.166666666666667,Vladivostok,44,1586.842875,0.0,160.41,34.38,-161.79,40.19,-29.91,38643.9,5.19
5.166666666666667,Minsk,42,1977.103875,0.0,162.32,34.38,-163.7,38.28,-31.82,38643.9,3.28
5.166666666666667,Almaty,24,1627.579625,0.0,160.63,34.38,-162.01,39.97,-30.13,38643.9,4.97
5.333333333333333,Vladimir,23,1841.571875,0.0,161.7,34.38,-163.08,38.9,-31.2,38643.9,3.9
5.333333333333333,Murmansk,51,1538.57575,0.0,160.14,34.38,-161.52,40.46,-29.64,38643.9,5.46
5.333333333333333,Novosibirsk,61,1075.6615,0.0,157.03,34.38,-158.41,43.57,-26.53,38643.9,8.57
5.333333333333333,Zheleznogorsk,61,1474.9925,0.0,159.77,34.38,-161.15,40.83,-29.27,38643.9,5.83
5.333333333333333,Khabarovsk,43,1110.577,0.0,157.31,34.38,-158.69,43.29,-26.81,38643.9,8.29
5.333333333333333,Vladivostok,43,1518.938875,0.0,160.03,34.38,-161.41,40.57,-29.53,38643.9,5.57
5.333333333333333,Minsk,41,2241.21225,0.0,163.41,34.38,-164.78,37.19,-32.91,38643.9,2.19
5.333333333333333,Almaty,61,1471.671625,0.0,159.75,34.38,-161.13,40.84,-29.25,38643.9,5.84
5.5,Vladimir,22,1579.43875,0.0,160.37,34.38,-161.74,40.23,-29.87,38643.9,5.23
5.5,Murmansk,50,1418.555125,0.0,159.43,34.38,-160.81,41.16,-28.93,38643.9,6.16
5.5,Novosibirsk,60,1228.402875,0.0,158.18,34.38,-159.56,42.41,-27.68,38643.9,7.41
5.5,Zheleznogorsk,60,1728.400375,0.0,161.15,34.38,-162.53,39.45,-30.65,38643.9,4.45
5.5,Khabarovsk,42,1102.028625,0.0,157.24,34.38,-158.62,43.36,-26.74,38643.9,8.36
5.5,Vladivostok,42,1531.864,0.0,160.1,34.38,-161.48,40.5,-29.6,38643.9,5.5
5.5,Minsk,22,2311.07225,0.0,163.67,34.38,-165.05,36.92,-33.17,38643.9,1.92
5.5,Almaty,60,1332.191625,0.0,158.89,34.38,-160.27,41.71,-28.39,38643.9,6.71
5.666666666666667,Vladimir,21,1347.846375,0.0,158.99,34.38,-160.37,41.61,-28.49,38643.9,6.61
5.666666666666667,Murmansk,59,1337.967,0.0,158.92,34.38,-160.3,41.67,-28.43,38643.9,6.67
5.666666666666667,Novosibirsk,69,1439.81025,0.0,159.56,34.38,-160.94,41.03,-29.06,38643.9,6.03
5.666666666666667,Zheleznogorsk,69,2004.535625,0.0,162.44,34.38,-163.82,38.16,-31.94,38643.9,3.16
5.666666666666667,Khabarovsk,41,1191.195,0.0,157.92,34.38,-159.29,42.68,-27.42,38643.9,7.68
5.666666666666667,Vladivostok,41,1621.578125,0.0,160.59,34.38,-161.97,40.0,-30.1,38643.9,5.0
5.666666666666667,Minsk,21,2045.325125,0.0,162.61,34.38,-163.99,37.99,-32.11,38643.9,2.99
5.666666666666667,Almaty,69,1272.662125,0.0,158.49,34.38,-159.87,42.11,-27.99,38643.9,7.11
5.833333333333333,Vladimir,20,1163.697375,0.0,157.71,34.38,-159.09,42.88,-27.21,38643.9,7.88
5.833333333333333,Murmansk,49,1290.022,0.0,158.61,34.38,-159.99,41.99,-28.11,38643.9,6.99
5.833333333333333,Novosibirsk,68,1689.287125,0.0,160.95,34.38,-162.33,39.65,-30.45,38643.9,4.65
5.833333333333333,Zheleznogorsk,78,2241.13,0.0,163.41,34.38,-164.78,37.19,-32.91,38643.9,2.19
5.833333333333333,Khabarovsk,40,1356.11375,0.0,159.04,34.38,-160.42,41.56,-28.54,38643.9,6.56
5.833333333333333,Vladivostok,40,1774.245875,0.0,161.38,34.38,-162.76,39.22,-30.88,38643.9,4.22
5.833333333333333,Minsk,20,1805.3975,0.0,161.53,34.38,-162.91,39.07,-31.03,38643.9,4.07
5.833333333333333,Almaty,68,1307.000625,0.0,158.72,34.38,-160.1,41.88,-28.22,38643.9,6.88
6.0,Vladimir,29,1050.1605,0.0,156.82,34.38,-158.2,43.78,-26.32,38643.9,8.78
6.0,Murmansk,48,1177.851375,0.0,157.82,34.38,-159.2,42.78,-27.32,38643.9,7.78
6.0,Novosibirsk,67,1963.25675,0.0,162.26,34.38,-163.63,38.34,-31.76,38643.9,3.34
6.0,Zheleznogorsk,77,1997.60775,0.0,162.41,34.38,-163.79,38.19,-31.91,38643.9,3.19
6.0,Khabarovsk,87,1333.431125,0.0,158.9,34.38,-160.27,41.7,-28.4,38643.9,6.7
6.0,Vladivostok,87,1562.448125,0.0,160.27,34.38,-161.65,40.32,-29.77,38643.9,5.32
6.0,Minsk,57,1591.5815,0.0,160.43,34.38,-161.81,40.16,-29.93,38643.9,5.16
6.0,Almaty,67,1430.733875,0.0,159.51,34.38,-160.89,41.09,-29.01,38643.9,6.09
6.166666666666667,Vladimir,28,1028.32325,0.0,156.64,34.38,-158.02,43.96,-26.14,38643.9,8.96
6.166666666666667,Murmansk,47,1133.765625,0.0,157.49,34.38,-158.87,43.11,-26.99,38643.9,8.11
6.166666666666667,Novosibirsk,38,2018.946625,0.0,162.5,34.38,-163.88,38.1,-32.0,38643.9,3.1
6.166666666666667,Zheleznogorsk,76,1760.74675,0.0,161.31,34.38,-162.69,39.29,-30.81,38643.9,4.29
6.166666666666667,Khabarovsk,86,1240.96975,0.0,158.27,34.38,-159.65,42.33,-27.77,38643.9,7.33
6.166666666666667,Vladivostok,86,1335.8945,0.0,158.91,34.38,-160.29,41.69,-28.41,38643.9,6.69
6.166666666666667,Minsk,56,1378.439,0.0,159.18,34.38,-160.56,41.41,-28.69,38643.9,6.41
6.166666666666667,Almaty,66,1625.205,0.0,160.61,34.38,-161.99,39.98,-30.12,38643.9,4.98
6.333333333333333,Vladimir,27,1100.9085,0.0,157.23,34.38,-158.61,43.37,-26.73,38643.9,8.37
6.333333333333333,Murmansk,46,1166.520125,0.0,157.73,34.38,-159.11,42.86,-27.24,38643.9,7.86
6.333333333333333,Novosibirsk,37,1782.842625,0.0,161.42,34.38,-162.8,39.18,-30.92,38643.9,4.18
6.333333333333333,Zheleznogorsk,75,1536.969625,0.0,160.13,34.38,-161.51,40.47,-29.63,38643.9,5.47
6.333333333333333,Khabarovsk,85,1229.122375,0.0,158.19,34.38,-159.57,42.41,-27.69,38643.9,7.41
6.333333333333333,Vladivostok,85,1158.472,0.0,157.67,34.38,-159.05,42.92,-27.18,38643.9,7.92
6.333333333333333,Minsk,55,1207.270625,0.0,158.03,34.38,-159.41,42.57,-27.53,38643.9,7.57
6.333333333333333,Almaty,37,1493.03625,0.0,159.88,34.38,-161.26,40.72,-29.38,38643.9,5.72
6.5,Vladimir,26,1248.856875,0.0,158.33,34.38,-159.71,42.27,-27.83,38643.9,7.27
6.5,Murmansk,35,1150.397625,0.0,157.61,34.38,-158.99,42.98,-27.11,38643.9,7.98
6.5,Novosibirsk,36,1578.877375,0.0,160.36,34.38,-161.74,40.23,-29.86,38643.9,5.23
6.5,Zheleznogorsk,74,1336.51675,0.0,158.92,34.38,-160.29,41.68,-28.42,38643.9,6.68
6.5,Khabarovsk,84,1303.08225,0.0,158.7,34.38,-160.07,41.9,-28.2,38643.9,6.9
6.5,Vladivostok,84,1059.762875,0.0,156.9,34.38,-158.28,43.7,-26.4,38643.9,8.7
6.5,Minsk,54,1101.599875,0.0,157.24,34.38,-158.62,43.36,-26.74,38643.9,8.36
6.5,Almaty,36,1299.004875,0.0,158.67,34.38,-160.05,41.93,-28.17,38643.9,6.93
6.666666666666667,Vladimir,25,1446.64075,0.0,159.6,34.38,-160.98,40.99,-29.1,38643.9,5.99
6.666666666666667,Murmansk,34,1182.792625,0.0,157.85,34.38,-159.23,42.74,-27.36,38643.9,7.74
6.666666666666667,Novosibirsk,35,1419.391125,0.0,159.44,34.38,-160.82,41.16,-28.94,38643.9,6.16
6.666666666666667,Zheleznogorsk,73,1175.295875,0.0,157.8,34.38,-159.18,42.8,-27.3,38643.9,7.8
6.666666666666667,Khabarovsk,83,1452.12575,0.0,159.64,34.38,-161.02,40.96,-29.14,38643.9,5.96
6.666666666666667,Vladivostok,83,1065.949125,0.0,156.95,34.38,-158.33,43.65,-26.45,38643.9,8.65
6.666666666666667,Minsk,53,1084.203375,0.0,157.1,34.38,-158.48,43.5,-26.6,38643.9,8.5
6.666666666666667,Almaty,35,1182.699625,0.0,157.85,34.38,-159.23,42.74,-27.36,38643.9,7.74
6.833333333333333,Vladimir,24,1674.22575,0.0,160.87,34.38,-162.25,39.72,-30.37,38643.9,4.72
6.833333333333333,Murmansk,24,1247.600625,0.0,158.32,34.38,-159.7,42.28,-27.82,38643.9,7.28
6.833333333333333,Novosibirsk,34,1318.580125,0.0,158.8,34.38,-160.18,41.8,-28.3,38643.9,6.8
6.833333333333333,Zheleznogorsk,72,1075.100125,0.0,157.02,34.38,-158.4,43.57,-26.53,38643.9,8.57
6.833333333333333,Khabarovsk,82,1657.85925,0.0,160.79,34.38,-162.17,39.81,-30.29,38643.9,4.81
6.833333333333333,Vladivostok,82,1178.54175,0.0,157.82,34.38,-159.2,42.77,-27.32,38643.9,7.77
6.833333333333333,Minsk,52,1161.86025,0.0,157.7,34.38,-159.08,42.9,-27.2,38643.9,7.9
6.833333333333333,Almaty,34,1165.127,0.0,157.72,34.38,-159.1,42.87,-27.23,38643.9,7.87
7.0,Vladimir,23,1918.69925,0.0,162.06,34.38,-163.44,38.54,-31.56,38643.9,3.54
7.0,Murmansk,23,1272.788875,0.0,158.49,34.38,-159.87,42.11,-27.99,38643.9,7.11
7.0,Novosibirsk,33,1287.867125,0.0,158.59,34.38,-159.97,42.0,-28.1,38643.9,7.0
7.0,Zheleznogorsk,71,1057.150375,0.0,156.88,34.38,-158.26,43.72,-26.38,38643.9,8.72
7.0,Khabarovsk,81,1903.23125,0.0,161.99,34.38,-163.36,38.61,-31.49,38643.9,3.61
7.0,Vladivostok,81,1373.894375,0.0,159.15,34.38,-160.53,41.44,-28.66,38643.9,6.44
7.0,Minsk,51,1319.9965,0.0,158.81,34.38,-160.19,41.79,-28.31,38643.9,6.79
7.0,Almaty,33,1247.708,0.0,158.32,34.38,-159.7,42.28,-27.82,38643.9,7.28
7.166666666666667,Vladimir,22,2172.151,0.0,163.13,34.38,-164.51,37.46,-32.64,38643.9,2.46
7.166666666666667,Murmansk,22,1351.046875,0.0,159.01,34.38,-160.39,41.59,-28.51,38643.9,6.59
7.166666666666667,Novosibirsk,70,1228.12775,0.0,158.18,34.38,-159.56,42.42,-27.68,38643.9,7.42
7.166666666666667,Zheleznogorsk,70,1128.485875,0.0,157.45,34.38,-158.82,43.15,-26.95,38643.9,8.15
7.166666666666667,Khabarovsk,52,1698.73775,0.0,161.0,34.38,-162.38,39.6,-30.5,38643.9,4.6
7.166666666666667,Vladivostok,80,1623.985,0.0,160.61,34.38,-161.99,39.99,-30.11,38643.9,4.99
7.166666666666667,Minsk,50,1535.443125,0.0,160.12,34.38,-161.5,40.48,-29.62,38643.9,5.48
7.166666666666667,Almaty,32,1410.171375,0.0,159.38,34.38,-160.76,41.22,-28.88,38643.9,6.22
7.333333333333333,Vladimir,60,2106.9895,0.0,162.87,34.38,-164.25,37.73,-32.37,38643.9,2.73
7.333333333333333,Murmansk,21,1472.015625,0.0,159.75,34.38,-161.13,40.84,-29.26,38643.9,5.84
7.333333333333333,Novosibirsk,79,1193.886625,0.0,157.93,34.38,-159.31,42.66,-27.44,38643.9,7.66
7.333333333333333,Zheleznogorsk,79,1276.623625,0.0,158.52,34.38,-159.9,42.08,-28.02,38643.9,7.08
7.333333333333333,Khabarovsk,51,1524.191125,0.0,160.06,34.38,-161.44,40.54,-29.56,38643.9,5.54
7.333333333333333,Vladivostok,42,1824.7785,0.0,161.62,34.38,-163.0,38.98,-31.12,38643.9,3.98
7.333333333333333,Minsk,59,1788.636625,0.0,161.45,34.38,-162.83,39.15,-30.95,38643.9,4.15
7.333333333333333,Almaty,79,1591.422875,0.0,160.43,34.38,-161.81,40.17,-29.93,38643.9,5.17
7.5,Vladimir,69,1855.146875,0.0,161.76,34.38,-163.14,38.83,-31.27,38643.9,3.83
7.5,Murmansk,20,1624.312625,0.0,160.61,34.38,-161.99,39.99,-30.11,38643.9,4.99
7.5,Novosibirsk,78,1238.806625,0.0,158.26,34.38,-159.63,42.34,-27.76,38643.9,7.34
7.5,Zheleznogorsk,78,1480.470125,0.0,159.8,34.38,-161.18,40.79,-29.31,38643.9,5.79
7.5,Khabarovsk,50,1415.24725,0.0,159.41,34.38,-160.79,41.18,-28.91,38643.9,6.18
7.5,Vladivostok,50,1944.1395,0.0,162.17,34.38,-163.55,38.43,-31.67,38643.9,3.43
7.5,Minsk,58,2066.407375,0.0,162.7,34.38,-164.08,37.9,-32.2,38643.9,2.9
7.5,Almaty,78,1351.692375,0.0,159.01,34.38,-160.39,41.58,-28.52,38643.9,6.58
7.666666666666667,Vladimir,68,1613.4945,0.0,160.55,34.38,-161.93,40.05,-30.05,38643.9,5.05
7.666666666666667,Murmansk,58,1488.909,0.0,159.85,34.38,-161.23,40.74,-29.36,38643.9,5.74
7.666666666666667,Novosibirsk,77,1357.533375,0.0,159.05,34.38,-160.43,41.55,-28.55,38643.9,6.55
7.666666666666667,Zheleznogorsk,77,1721.637125,0.0,161.11,34.38,-162.49,39.48,-30.62,38643.9,4.48
7.666666666666667,Khabarovsk,59,1385.64775,0.0,159.23,34.38,-160.61,41.37,-28.73,38643.9,6.37
7.666666666666667,Vladivostok,59,1930.82525,0.0,162.11,34.38,-163.49,38.49,-31.61,38643.9,3.49
7.666666666666667,Minsk,20,2064.231625,0.0,162.69,34.38,-164.07,37.91,-32.19,38643.9,2.91
7.666666666666667,Almaty,77,1156.99575,0.0,157.66,34.38,-159.04,42.93,-27.16,38643.9,7.93
7.833333333333333,Vladimir,67,1390.803625,0.0,159.26,34.38,-160.64,41.34,-28.76,38643.9,6.34
7.833333333333333,Murmansk,57,1303.583375,0.0,158.7,34.38,-160.08,41.9,-28.2,38643.9,6.9
7.833333333333333,Novosibirsk,76,1534.95075,0.0,160.12,34.38,-161.5,40.48,-29.62,38643.9,5.48
7.833333333333333,Zheleznogorsk,76,1987.48575,0.0,162.36,34.38,-163.74,38.24,-31.86,38643.9,3.24
7.833333333333333,Khabarovsk,58,1438.196625,0.0,159.55,34.38,-160.93,41.04,-29.05,38643.9,6.04
7.833333333333333,Vladivostok,58,1981.813125,0.0,162.34,34.38,-163.72,38.26,-31.84,38643.9,3.26
7.833333333333333,Minsk,29,1877.268625,0.0,161.87,34.38,-163.25,38.73,-31.37,38643.9,3.73
7.833333333333333,Almaty,76,1037.68475,0.0,156.72,34.38,-158.1,43.88,-26.22,38643.9,8.88
8.0,Vladimir,66,1201.4225,0.0,157.99,34.38,-159.37,42.61,-27.49,38643.9,7.61
8.0,Murmansk,56,1160.3945,0.0,157.69,34.38,-159.07,42.91,-27.19,38643.9,7.91
8.0,Novosibirsk,75,1754.7805,0.0,161.28,34.38,-162.66,39.32,-30.78,38643.9,4.32
8.0,Zheleznogorsk,48,2152.547,0.0,163.05,34.38,-164.43,37.54,-32.56,38643.9,2.54
8.0,Khabarovsk,57,1562.381875,0.0,160.27,34.38,-161.65,40.33,-29.77,38643.9,5.33
8.0,Vladivostok,57,2090.7055,0.0,162.8,34.38,-164.18,37.8,-32.3,38643.9,2.8
8.0,Minsk,28,1730.717625,0.0,161.16,34.38,-162.54,39.44,-30.66,38643.9,4.44
8.0,Almaty,75,1024.6843125,0.0,156.61,34.38,-157.99,43.99,-26.11,38643.9,8.99
8.166666666666666,Vladimir,65,1067.16225,0.0,156.96,34.38,-158.34,43.64,-26.46,38643.9,8.64
8.166666666666666,Murmansk,55,1078.100875,0.0,157.05,34.38,-158.43,43.55,-26.55,38643.9,8.55
8.166666666666666,Novosibirsk,74,2004.14475,0.0,162.43,34.38,-163.81,38.16,-31.94,38643.9,3.16
8.166666666666666,Zheleznogorsk,47,1908.221875,0.0,162.01,34.38,-163.39,38.59,-31.51,38643.9,3.59
8.166666666666666,Khabarovsk,56,1740.657,0.0,161.21,34.38,-162.59,39.39,-30.71,38643.9,4.39
8.166666666666666,Vladivostok,85,2238.50625,0.0,163.39,34.38,-164.77,37.2,-32.9,38643.9,2.2
8.166666666666666,Minsk,65,1550.589625,0.0,160.21,34.38,-161.58,40.39,-29.71,38643.9,5.39
8.166666666666666,Almaty,74,1124.987,0.0,157.42,34.38,-158.8,43.18,-26.92,38643.9,8.18
8.333333333333334,Vladimir,64,1013.951,0.0,156.52,34.38,-157.9,44.08,-26.02,38643.9,9.08
8.333333333333334,Murmansk,54,1072.379875,0.0,157.0,34.38,-158.38,43.59,-26.5,38643.9,8.59
8.333333333333334,Novosibirsk,46,1937.149625,0.0,162.14,34.38,-163.52,38.46,-31.64,38643.9,3.46
8.333333333333334,Zheleznogorsk,46,1690.647125,0.0,160.96,34.38,-162.34,39.64,-30.46,38643.9,4.64
8.333333333333334,Khabarovsk,84,1867.9925,0.0,161.82,34.38,-163.2,38.77,-31.33,38643.9,3.77
8.333333333333334,Vladivostok,84,2213.658,0.0,163.3,34.38,-164.68,37.3,-32.8,38643.9,2.3
8.333333333333334,Minsk,64,1331.15125,0.0,158.88,34.38,-160.26,41.72,-28.38,38643.9,6.72
8.333333333333334,Almaty,73,1315.264875,0.0,158.78,34.38,-160.16,41.82,-28.28,38643.9,6.82
8.5,Vladimir,63,1057.318625,0.0,156.88,34.38,-158.26,43.72,-26.38,38643.9,8.72
8.5,Murmansk,53,1145.55625,0.0,157.58,34.38,-158.96,43.02,-27.08,38643.9,8.02
8.5,Novosibirsk,45,1669.825875,0.0,160.85,34.38,-162.23,39.75,-30.35,38643.9,4.75
8.5,Zheleznogorsk,45,1510.10075,0.0,159.98,34.38,-161.36,40.62,-29.48,38643.9,5.62
8.5,Khabarovsk,3,1978.657,0.0,162.32,34.38,-163.7,38.27,-31.83,38643.9,3.27
8.5,Vladivostok,55,2144.828,0.0,163.02,34.38,-164.4,37.57,-32.53,38643.9,2.57
8.5,Minsk,63,1149.207125,0.0,157.6,34.38,-158.98,42.99,-27.11,38643.9,7.99
8.5,Almaty,72,1564.63575,0.0,160.28,34.38,-161.66,40.31,-29.79,38643.9,5.31
8.666666666666666,Vladimir,62,1189.2085,0.0,157.9,34.38,-159.28,42.7,-27.4,38643.9,7.7
8.666666666666666,Murmansk,33,1160.654,0.0,157.69,34.38,-159.07,42.91,-27.19,38643.9,7.91
8.666666666666666,Novosibirsk,44,1429.067875,0.0,159.5,34.38,-160.88,41.1,-29.0,38643.9,6.1
8.666666666666666,Zheleznogorsk,44,1379.428125,0.0,159.19,34.38,-160.57,41.41,-28.69,38643.9,6.41
8.666666666666666,Khabarovsk,2,1717.636,0.0,161.09,34.38,-162.47,39.5,-30.6,38643.9,4.5
8.666666666666666,Vladivostok,54,1870.34025,0.0,161.83,34.38,-163.21,38.76,-31.34,38643.9,3.76
8.666666666666666,Minsk,62,1029.151125,0.0,156.65,34.38,-158.02,43.95,-26.15,38643.9,8.95
8.666666666666666,Almaty,44,1690.534,0.0,160.96,34.38,-162.34,39.64,-30.46,38643.9,4.64
8.833333333333334,Vladimir,61,1386.372375,0.0,159.23,34.38,-160.61,41.36,-28.74,38643.9,6.36
8.833333333333334,Murmansk,32,1086.976875,0.0,157.12,34.38,-158.5,43.48,-26.62,38643.9,8.48
8.833333333333334,Novosibirsk,43,1229.038625,0.0,158.19,34.38,-159.57,42.41,-27.69,38643.9,7.41
8.833333333333334,Zheleznogorsk,43,1311.43125,0.0,158.75,34.38,-160.13,41.85,-28.25,38643.9,6.85
8.833333333333334,Khabarovsk,1,1471.803125,0.0,159.75,34.38,-161.13,40.84,-29.25,38643.9,5.84
8.833333333333334,Vladivostok,53,1627.85825,0.0,160.63,34.38,-162.01,39.97,-30.13,38643.9,4.97
8.833333333333334,Minsk,61,997.6499375,0.0,156.38,34.38,-157.75,44.22,-25.88,38643.9,9.22
8.833333333333334,Almaty,43,1566.776125,0.0,160.3,34.38,-161.68,40.3,-29.8,38643.9,5.3
9.0,Vladimir,60,1626.505375,0.0,160.62,34.38,-162.0,39.98,-30.12,38643.9,4.98
9.0,Murmansk,31,1083.22075,0.0,157.09,34.38,-158.47,43.51,-26.59,38643.9,8.51
9.0,Novosibirsk,42,1090.20125,0.0,157.15,34.38,-158.53,43.45,-26.65,38643.9,8.45
9.0,Zheleznogorsk,42,1313.39175,0.0,158.76,34.38,-160.14,41.83,-28.27,38643.9,6.83
9.0,Khabarovsk,0,1254.388,0.0,158.36,34.38,-159.74,42.23,-27.87,38643.9,7.23
9.0,Vladivostok,52,1432.43075,0.0,159.52,34.38,-160.9,41.08,-29.02,38643.9,6.08
9.0,Minsk,60,1065.945625,0.0,156.95,34.38,-158.33,43.65,-26.45,38643.9,8.65
9.0,Almaty,42,1518.594125,0.0,160.02,34.38,-161.4,40.57,-29.53,38643.9,5.57
9.166666666666666,Vladimir,69,1894.186125,0.0,161.94,34.38,-163.32,38.65,-31.45,38643.9,3.65
9.166666666666666,Murmansk,30,1148.12725,0.0,157.6,34.38,-158.97,43.0,-27.1,38643.9,8.0
9.166666666666666,Novosibirsk,41,1034.732125,0.0,156.69,34.38,-158.07,43.9,-26.19,38643.9,8.9
9.166666666666666,Zheleznogorsk,89,1322.442875,0.0,158.82,34.38,-160.2,41.77,-28.33,38643.9,6.77
9.166666666666666,Khabarovsk,9,1087.173,0.0,157.12,34.38,-158.5,43.48,-26.62,38643.9,8.48
9.166666666666666,Vladivostok,51,1303.499875,0.0,158.7,34.38,-160.08,41.9,-28.2,38643.9,6.9
9.166666666666666,Minsk,69,1219.91925,0.0,158.12,34.38,-159.5,42.47,-27.62,38643.9,7.47
9.166666666666666,Almaty,41,1551.110625,0.0,160.21,34.38,-161.59,40.39,-29.71,38643.9,5.39
9.333333333333334,Vladimir,68,2179.81625,0.0,163.16,34.38,-164.54,37.43,-32.67,38643.9,2.43
9.333333333333334,Murmansk,39,1269.2605,0.0,158.47,34.38,-159.85,42.13,-27.97,38643.9,7.13
9.333333333333334,Novosibirsk,40,1072.615375,0.0,157.0,34.38,-158.38,43.59,-26.51,38643.9,8.59
9.333333333333334,Zheleznogorsk,88,1369.372625,0.0,159.13,34.38,-160.51,41.47,-28.63,38643.9,6.47
9.333333333333334,Khabarovsk,8,1000.268875,0.0,156.4,34.38,-157.78,44.2,-25.9,38643.9,9.2
9.333333333333334,Vladivostok,8,1251.916,0.0,158.35,34.38,-159.73,42.25,-27.85,38643.9,7.25
9.333333333333334,Minsk,68,1434.064875,0.0,159.53,34.38,-160.91,41.07,-29.03,38643.9,6.07
9.333333333333334,Almaty,40,1657.444625,0.0,160.78,34.38,-162.16,39.81,-30.29,38643.9,4.81
9.5,Vladimir,77,2096.9825,0.0,162.83,34.38,-164.21,37.77,-32.33,38643.9,2.77
9.5,Murmansk,38,1430.51825,0.0,159.51,34.38,-160.88,41.09,-29.01,38643.9,6.09
9.5,Novosibirsk,49,1191.97125,0.0,157.92,34.38,-159.3,42.68,-27.42,38643.9,7.68
9.5,Zheleznogorsk,87,1481.185375,0.0,159.81,34.38,-161.19,40.79,-29.31,38643.9,5.79
9.5,Khabarovsk,7,1018.49175,0.0,156.55,34.38,-157.93,44.04,-26.06,38643.9,9.04
9.5,Vladivostok,7,1102.770125,0.0,157.25,34.38,-158.62,43.35,-26.75,38643.9,8.35
9.5,Minsk,67,1686.91725,0.0,160.94,34.38,-162.32,39.66,-30.44,38643.9,4.66
9.5,Almaty,87,1747.71575,0.0,161.25,34.38,-162.62,39.35,-30.75,38643.9,4.35
9.666666666666666,Vladimir,76,1854.053375,0.0,161.76,34.38,-163.14,38.84,-31.26,38643.9,3.84
9.666666666666666,Murmansk,67,1539.651375,0.0,160.14,34.38,-161.52,40.45,-29.65,38643.9,5.45
9.666666666666666,Novosibirsk,48,1368.768625,0.0,159.12,34.38,-160.5,41.47,-28.62,38643.9,6.47
9.666666666666666,Zheleznogorsk,86,1646.506875,0.0,160.73,34.38,-162.11,39.87,-30.23,38643.9,4.87
9.666666666666666,Khabarovsk,6,1139.918125,0.0,157.53,34.38,-158.91,43.06,-27.04,38643.9,8.06
9.666666666666666,Vladivostok,6,1047.9785625,0.0,156.8,34.38,-158.18,43.79,-26.3,38643.9,8.79
9.666666666666666,Minsk,66,1964.4585,0.0,162.26,34.38,-163.64,38.34,-31.76,38643.9,3.34
9.666666666666666,Almaty,86,1501.355875,0.0,159.93,34.38,-161.3,40.67,-29.43,38643.9,5.67
9.833333333333334,Vladimir,75,1620.853,0.0,160.59,34.38,-161.97,40.01,-30.09,38643.9,5.01
9.833333333333334,Murmansk,66,1339.69925,0.0,158.94,34.38,-160.32,41.66,-28.44,38643.9,6.66
9.833333333333334,Novosibirsk,47,1581.128,0.0,160.38,34.38,-161.75,40.22,-29.88,38643.9,5.22
9.833333333333334,Zheleznogorsk,85,1852.441,0.0,161.75,34.38,-163.13,38.85,-31.25,38643.9,3.85
9.833333333333334,Khabarovsk,5,1338.997125,0.0,158.93,34.38,-160.31,41.67,-28.43,38643.9,6.67
9.833333333333334,Vladivostok,5,1105.216625,0.0,157.26,34.38,-158.64,43.33,-26.77,38643.9,8.33
9.833333333333334,Minsk,37,1863.2845,0.0,161.8,34.38,-163.18,38.8,-31.3,38643.9,3.8
9.833333333333334,Almaty,85,1288.242125,0.0,158.6,34.38,-159.97,42.0,-28.1,38643.9,7.0
10.0,Vladimir,74,1405.780125,0.0,159.35,34.38,-160.73,41.24,-28.86,38643.9,6.24
10.0,Murmansk,65,1172.49225,0.0,157.78,34.38,-159.16,42.82,-27.28,38643.9,7.82
10.0,Novosibirsk,84,1800.3305,0.0,161.5,34.38,-162.88,39.09,-31.0,38643.9,4.09
10.0,Zheleznogorsk,84,2088.01875,0.0,162.79,34.38,-164.17,37.81,-32.29,38643.9,2.81
10.0,Khabarovsk,4,1588.363875,0.0,160.41,34.38,-161.79,40.18,-29.92,38643.9,5.18
10.0,Vladivostok,4,1261.935625,0.0,158.42,34.38,-159.8,42.18,-27.92,38643.9,7.18
10.0,Minsk,36,1628.60275,0.0,160.63,34.38,-162.01,39.96,-30.13,38643.9,4.96
10.0,Almaty,84,1131.910625,0.0,157.47,34.38,-158.85,43.12,-26.97,38643.9,8.12
10.166666666666666,Vladimir,73,1222.293875,0.0,158.14,34.38,-159.52,42.46,-27.64,38643.9,7.46
10.166666666666666,Murmansk,64,1055.99075,0.0,156.87,34.38,-158.25,43.73,-26.37,38643.9,8.73
10.166666666666666,Novosibirsk,83,1973.585625,0.0,162.3,34.38,-163.68,38.3,-31.8,38643.9,3.3
10.166666666666666,Zheleznogorsk,55,2065.95525,0.0,162.7,34.38,-164.08,37.9,-32.2,38643.9,2.9
10.166666666666666,Khabarovsk,65,1861.9545,0.0,161.8,34.38,-163.17,38.8,-31.3,38643.9,3.8
10.166666666666666,Vladivostok,3,1488.85725,0.0,159.85,34.38,-161.23,40.74,-29.35,38643.9,5.74
10.166666666666666,Minsk,35,1431.181625,0.0,159.51,34.38,-160.89,41.09,-29.01,38643.9,6.09
10.166666666666666,Almaty,83,1062.205,0.0,156.92,34.38,-158.3,43.68,-26.42,38643.9,8.68
10.333333333333334,Vladimir,72,1090.509125,0.0,157.15,34.38,-158.53,43.45,-26.65,38643.9,8.45
10.333333333333334,Murmansk,63,1010.017375,0.0,156.48,34.38,-157.86,44.11,-25.98,38643.9,9.11
10.333333333333334,Novosibirsk,82,2180.88675,0.0,163.17,34.38,-164.55,37.43,-32.67,38643.9,2.43
10.333333333333334,Zheleznogorsk,54,1793.675375,0.0,161.47,34.38,-162.85,39.13,-30.97,38643.9,4.13
10.333333333333334,Khabarovsk,64,2006.539125,0.0,162.44,34.38,-163.82,38.15,-31.95,38643.9,3.15
10.333333333333334,Vladivostok,2,1760.2485,0.0,161.31,34.38,-162.69,39.29,-30.81,38643.9,4.29
10.333333333333334,Minsk,34,1286.422,0.0,158.58,34.38,-159.96,42.01,-28.09,38643.9,7.01
10.333333333333334,Almaty,82,1099.531625,0.0,157.22,34.38,-158.6,43.38,-26.72,38643.9,8.38
10.5,Vladimir,71,1034.331125,0.0,156.69,34.38,-158.07,43.91,-26.19,38643.9,8.91
10.5,Murmansk,62,1045.671875,0.0,156.78,34.38,-158.16,43.81,-26.29,38643.9,8.81
10.5,Novosibirsk,53,1981.051875,0.0,162.33,34.38,-163.71,38.26,-31.84,38643.9,3.26
10.5,Zheleznogorsk,53,1543.159,0.0,160.16,34.38,-161.54,40.43,-29.67,38643.9,5.43
10.5,Khabarovsk,63,2191.3225,0.0,163.21,34.38,-164.59,37.39,-32.71,38643.9,2.39
10.5,Vladivostok,1,2059.355,0.0,162.67,34.38,-164.05,37.93,-32.17,38643.9,2.93
10.5,Minsk,33,1210.9805,0.0,158.06,34.38,-159.44,42.54,-27.56,38643.9,7.54
10.5,Almaty,81,1237.114625,0.0,158.24,34.38,-159.62,42.35,-27.75,38643.9,7.35
10.666666666666666,Vladimir,70,1069.185,0.0,156.98,34.38,-158.36,43.62,-26.48,38643.9,8.62
10.666666666666666,Murmansk,61,1156.73775,0.0,157.66,34.38,-159.04,42.94,-27.16,38643.9,7.94
10.666666666666666,Novosibirsk,52,1704.981875,0.0,161.03,34.38,-162.41,39.57,-30.53,38643.9,4.57
10.666666666666666,Zheleznogorsk,52,1325.546625,0.0,158.84,34.38,-160.22,41.75,-28.35,38643.9,6.75
10.666666666666666,Khabarovsk,10,2155.6295,0.0,163.07,34.38,-164.45,37.53,-32.57,38643.9,2.53
10.666666666666666,Vladivostok,63,2206.75375,0.0,163.27,34.38,-164.65,37.33,-32.77,38643.9,2.33
10.666666666666666,Minsk,32,1215.11875,0.0,158.09,34.38,-159.47,42.51,-27.59,38643.9,7.51
10.666666666666666,Almaty,80,1448.714875,0.0,159.62,34.38,-160.99,40.98,-29.12,38643.9,5.98
10.833333333333334,Vladimir,79,1189.80525,0.0,157.91,34.38,-159.28,42.69,-27.41,38643.9,7.69
10.833333333333334,Murmansk,41,1045.668,0.0,156.78,34.38,-158.16,43.81,-26.29,38643.9,8.81
10.833333333333334,Novosibirsk,51,1453.545875,0.0,159.64,34.38,-161.02,40.95,-29.15,38643.9,5.95
10.833333333333334,Zheleznogorsk,51,1157.698125,0.0,157.67,34.38,-159.05,42.93,-27.17,38643.9,7.93
10.833333333333334,Khabarovsk,19,1909.862875,0.0,162.02,34.38,-163.39,38.58,-31.52,38643.9,3.58
10.833333333333334,Vladivostok,62,1895.637375,0.0,161.95,34.38,-163.33,38.65,-31.45,38643.9,3.65
10.833333333333334,Minsk,79,1201.061125,0.0,157.99,34.38,-159.37,42.61,-27.49,38643.9,7.61
10.833333333333334,Almaty,89,1708.459375,0.0,161.05,34.38,-162.43,39.55,-30.55,38643.9,4.55
11.0,Vladimir,78,1375.842625,0.0,159.17,34.38,-160.55,41.43,-28.67,38643.9,6.43
11.0,Murmansk,40,1002.0541875,0.0,156.41,34.38,-157.79,44.18,-25.92,38643.9,9.18
11.0,Novosibirsk,50,1240.56475,0.0,158.27,34.38,-159.65,42.33,-27.77,38643.9,7.33
11.0,Zheleznogorsk,50,1061.0535,0.0,156.91,34.38,-158.29,43.69,-26.41,38643.9,8.69
11.0,Khabarovsk,18,1678.476875,0.0,160.89,34.38,-162.27,39.7,-30.4,38643.9,4.7
11.0,Vladivostok,61,1605.067,0.0,160.51,34.38,-161.88,40.09,-30.01,38643.9,5.09
11.0,Minsk,78,1159.139625,0.0,157.68,34.38,-159.06,42.92,-27.18,38643.9,7.92
11.0,Almaty,41,1839.1345,0.0,161.69,34.38,-163.07,38.91,-31.19,38643.9,3.91
11.166666666666666,Vladimir,77,1606.196625,0.0,160.51,34.38,-161.89,40.09,-30.01,38643.9,5.09
11.166666666666666,Murmansk,49,1037.9125,0.0,156.72,34.38,-158.1,43.88,-26.22,38643.9,8.88
11.166666666666666,Novosibirsk,59,1087.0,0.0,157.12,34.38,-158.5,43.48,-26.62,38643.9,8.48
11.166666666666666,Zheleznogorsk,59,1052.54925,0.0,156.84,34.38,-158.22,43.76,-26.34,38643.9,8.76
11.166666666666666,Khabarovsk,17,1472.077375,0.0,159.75,34.38,-161.13,40.84,-29.26,38643.9,5.84
11.166666666666666,Vladivostok,60,1347.389875,0.0,158.99,34.38,-160.36,41.61,-28.49,38643.9,6.61
11.166666666666666,Minsk,77,1200.381375,0.0,157.98,34.38,-159.36,42.61,-27.48,38643.9,7.61
11.166666666666666,Almaty,59,1937.732,0.0,162.14,34.38,-163.52,38.46,-31.64,38643.9,3.46
11.333333333333334,Vladimir,76,1865.56375,0.0,161.81,34.38,-163.19,38.78,-31.31,38643.9,3.78
11.333333333333334,Murmansk,48,1143.981125,0.0,157.56,34.38,-158.94,43.03,-27.07,38643.9,8.03
11.333333333333334,Novosibirsk,58,1017.6293125,0.0,156.55,34.38,-157.93,44.05,-26.05,38643.9,9.05
11.333333333333334,Zheleznogorsk,58,1131.200125,0.0,157.47,34.38,-158.85,43.13,-26.97,38643.9,8.13
11.333333333333334,Khabarovsk,16,1306.580875,0.0,158.72,34.38,-160.1,41.88,-28.22,38643.9,6.88
11.333333333333334,Vladivostok,69,1143.324375,0.0,157.56,34.38,-158.94,43.04,-27.06,38643.9,8.04
11.333333333333334,Minsk,76,1319.602,0.0,158.8,34.38,-160.18,41.79,-28.31,38643.9,6.79
11.333333333333334,Almaty,58,1940.81125,0.0,162.16,34.38,-163.53,38.44,-31.66,38643.9,3.44
11.5,Vladimir,75,2144.13975,0.0,163.02,34.38,-164.4,37.58,-32.52,38643.9,2.58
11.5,Murmansk,47,1301.419625,0.0,158.68,34.38,-160.06,41.91,-28.19,38643.9,6.91
11.5,Novosibirsk,57,1046.510625,0.0,156.79,34.38,-158.17,43.81,-26.29,38643.9,8.81
11.5,Zheleznogorsk,57,1278.123875,0.0,158.53,34.38,-159.91,42.07,-28.03,38643.9,7.07
11.5,Khabarovsk,15,1203.042125,0.0,158.0,34.38,-159.38,42.6,-27.5,38643.9,7.6
11.5,Vladivostok,68,1022.9100625,0.0,156.59,34.38,-157.97,44.0,-26.09,38643.9,9.0
11.5,Minsk,75,1500.307625,0.0,159.92,34.38,-161.3,40.68,-29.42,38643.9,5.68
11.5,Almaty,57,2006.950625,0.0,162.45,34.38,-163.83,38.15,-31.95,38643.9,3.15
11.666666666666666,Vladimir,47,2012.022375,0.0,162.47,34.38,-163.85,38.13,-31.97,38643.9,3.13
11.666666666666666,Murmansk,46,1492.323375,0.0,159.87,34.38,-161.25,40.72,-29.37,38643.9,5.72
11.666666666666666,Novosibirsk,56,1163.50425,0.0,157.71,34.38,-159.09,42.89,-27.21,38643.9,7.89
11.666666666666666,Zheleznogorsk,56,1470.240875,0.0,159.74,34.38,-161.12,40.85,-29.25,38643.9,5.85
11.666666666666666,Khabarovsk,14,1181.61975,0.0,157.85,34.38,-159.22,42.75,-27.35,38643.9,7.75
11.666666666666666,Vladivostok,67,1013.252125,0.0,156.51,34.38,-157.89,44.09,-26.01,38643.9,9.09
11.666666666666666,Minsk,74,1724.743625,0.0,161.13,34.38,-162.51,39.47,-30.63,38643.9,4.47
11.666666666666666,Almaty,56,2128.5555,0.0,162.96,34.38,-164.34,37.64,-32.46,38643.9,2.64
11.833333333333334,Vladimir,46,1786.545875,0.0,161.44,34.38,-162.82,39.16,-30.94,38643.9,4.16
11.833333333333334,Murmansk,74,1414.751,0.0,159.41,34.38,-160.79,41.19,-28.91,38643.9,6.19
11.833333333333334,Novosibirsk,55,1343.043625,0.0,158.96,34.38,-160.34,41.64,-28.46,38643.9,6.64
11.833333333333334,Zheleznogorsk,4,1350.470125,0.0,159.01,34.38,-160.38,41.59,-28.51,38643.9,6.59
11.833333333333334,Khabarovsk,13,1249.69225,0.0,158.33,34.38,-159.71,42.27,-27.83,38643.9,7.27
11.833333333333334,Vladivostok,13,1040.7339375,0.0,156.74,34.38,-158.12,43.85,-26.24,38643.9,8.85
11.833333333333334,Minsk,73,1979.137875,0.0,162.33,34.38,-163.7,38.27,-31.83,38643.9,3.27
11.833333333333334,Almaty,84,2196.84375,0.0,163.23,34.38,-164.61,37.37,-32.73,38643.9,2.37
12.0,Vladimir,45,1594.315125,0.0,160.45,34.38,-161.83,40.15,-29.95,38643.9,5.15
12.0,Murmansk,73,1234.954625,0.0,158.23,34.38,-159.61,42.37,-27.73,38643.9,7.37
12.0,Novosibirsk,54,1561.08925,0.0,160.26,34.38,-161.64,40.33,-29.77,38643.9,5.33
12.0,Zheleznogorsk,3,1179.055625,0.0,157.83,34.38,-159.21,42.77,-27.33,38643.9,7.77
12.0,Khabarovsk,12,1396.675,0.0,159.3,34.38,-160.68,41.3,-28.8,38643.9,6.3
12.0,Vladivostok,12,1037.5006875,0.0,156.72,34.38,-158.09,43.88,-26.22,38643.9,8.88
12.0,Minsk,45,1815.587125,0.0,161.58,34.38,-162.96,39.02,-31.08,38643.9,4.02
12.0,Almaty,83,2188.26925,0.0,163.2,34.38,-164.58,37.4,-32.7,38643.9,2.4
12.166666666666666,Vladimir,44,1447.045875,0.0,159.61,34.38,-160.98,40.99,-29.11,38643.9,5.99
12.166666666666666,Murmansk,72,1095.101625,0.0,157.18,34.38,-158.56,43.41,-26.69,38643.9,8.41
12.166666666666666,Novosibirsk,2,1486.326,0.0,159.84,34.38,-161.22,40.76,-29.34,38643.9,5.76
12.166666666666666,Zheleznogorsk,2,1065.816125,0.0,156.95,34.38,-158.33,43.65,-26.45,38643.9,8.65
12.166666666666666,Khabarovsk,11,1602.815125,0.0,160.49,34.38,-161.87,40.1,-30.0,38643.9,5.1
12.166666666666666,Vladivostok,11,1144.241875,0.0,157.57,34.38,-158.95,43.03,-27.07,38643.9,8.03
12.166666666666666,Minsk,44,1551.346875,0.0,160.21,34.38,-161.59,40.39,-29.71,38643.9,5.39
12.166666666666666,Almaty,54,2074.606875,0.0,162.73,34.38,-164.11,37.86,-32.24,38643.9,2.86
12.333333333333334,Vladimir,43,1357.42875,0.0,159.05,34.38,-160.43,41.55,-28.55,38643.9,6.55
12.333333333333334,Murmansk,71,1014.3699375,0.0,156.52,34.38,-157.9,44.08,-26.02,38643.9,9.08
12.333333333333334,Novosibirsk,1,1318.7005,0.0,158.8,34.38,-160.18,41.8,-28.3,38643.9,6.8
12.333333333333334,Zheleznogorsk,1,1033.889,0.0,156.69,34.38,-158.06,43.91,-26.19,38643.9,8.91
12.333333333333334,Khabarovsk,63,1804.65025,0.0,161.52,34.38,-162.9,39.07,-31.03,38643.9,4.07
12.333333333333334,Vladivostok,10,1337.229375,0.0,158.92,34.38,-160.3,41.68,-28.42,38643.9,6.68
12.333333333333334,Minsk,43,1318.6225,0.0,158.8,34.38,-160.18,41.8,-28.3,38643.9,6.8
12.333333333333334,Almaty,53,1805.995375,0.0,161.53,34.38,-162.91,39.07,-31.03,38643.9,4.07
12.5,Vladimir,80,1332.15425,0.0,158.89,34.38,-160.27,41.71,-28.39,38643.9,6.71
12.5,Murmansk,70,1009.3125625,0.0,156.48,34.38,-157.86,44.12,-25.98,38643.9,9.12
12.5,Novosibirsk,0,1202.092125,0.0,157.99,34.38,-159.37,42.6,-27.5,38643.9,7.6
12.5,Zheleznogorsk,0,1093.66025,0.0,157.17,34.38,-158.55,43.42,-26.68,38643.9,8.42
12.5,Khabarovsk,62,2028.87925,0.0,162.54,34.38,-163.92,38.06,-32.04,38643.9,3.06
12.5,Vladivostok,19,1586.932125,0.0,160.41,34.38,-161.79,40.19,-29.91,38643.9,5.19
12.5,Minsk,42,1135.147875,0.0,157.5,34.38,-158.88,43.1,-27.0,38643.9,8.1
12.5,Almaty,52,1572.26925,0.0,160.33,34.38,-161.71,40.27,-29.83,38643.9,5.27
12.666666666666666,Vladimir,89,1279.891,0.0,158.54,34.38,-159.92,42.06,-28.04,38643.9,7.06
12.666666666666666,Murmansk,79,1082.818,0.0,157.09,34.38,-158.47,43.51,-26.59,38643.9,8.51
12.666666666666666,Novosibirsk,9,1155.72075,0.0,157.65,34.38,-159.03,42.94,-27.15,38643.9,7.94
12.666666666666666,Zheleznogorsk,9,1234.384625,0.0,158.22,34.38,-159.6,42.37,-27.73,38643.9,7.37
12.666666666666666,Khabarovsk,61,2267.1345,0.0,163.51,34.38,-164.88,37.09,-33.01,38643.9,2.09
12.666666666666666,Vladivostok,18,1871.870625,0.0,161.84,34.38,-163.22,38.76,-31.34,38643.9,3.76
12.666666666666666,Minsk,41,1025.2138125,0.0,156.61,34.38,-157.99,43.98,-26.11,38643.9,8.98
12.666666666666666,Almaty,51,1389.69725,0.0,159.25,34.38,-160.63,41.34,-28.76,38643.9,6.34
12.833333333333334,Vladimir,88,1298.307,0.0,158.66,34.38,-160.04,41.93,-28.17,38643.9,6.93
12.833333333333334,Murmansk,59,1104.991375,0.0,157.26,34.38,-158.64,43.33,-26.76,38643.9,8.33
12.833333333333334,Novosibirsk,8,1191.0425,0.0,157.91,34.38,-159.29,42.68,-27.42,38643.9,7.68
12.833333333333334,Zheleznogorsk,60,1318.74575,0.0,158.8,34.38,-160.18,41.8,-28.3,38643.9,6.8
12.833333333333334,Khabarovsk,18,2263.23425,0.0,163.49,34.38,-164.87,37.11,-32.99,38643.9,2.11
12.833333333333334,Vladivostok,17,2178.92025,0.0,163.16,34.38,-164.54,37.44,-32.66,38643.9,2.44
12.833333333333334,Minsk,40,1010.1315,0.0,156.48,34.38,-157.86,44.11,-25.99,38643.9,9.11
12.833333333333334,Almaty,50,1278.345625,0.0,158.53,34.38,-159.91,42.07,-28.03,38643.9,7.07
13.0,Vladimir,87,1387.124,0.0,159.24,34.38,-160.62,41.36,-28.74,38643.9,6.36
13.0,Murmansk,58,1021.58225,0.0,156.58,34.38,-157.96,44.02,-26.08,38643.9,9.02
13.0,Novosibirsk,7,1304.04525,0.0,158.7,34.38,-160.08,41.9,-28.2,38643.9,6.9
13.0,Zheleznogorsk,69,1137.43775,0.0,157.51,34.38,-158.89,43.08,-27.02,38643.9,8.08
13.0,Khabarovsk,17,2089.971375,0.0,162.8,34.38,-164.18,37.8,-32.3,38643.9,2.8
13.0,Vladivostok,79,2111.03825,0.0,162.89,34.38,-164.26,37.71,-32.39,38643.9,2.71
13.0,Minsk,49,1090.729125,0.0,157.15,34.38,-158.53,43.45,-26.65,38643.9,8.45
13.0,Almaty,7,1190.65375,0.0,157.91,34.38,-159.29,42.69,-27.41,38643.9,7.69
13.166666666666666,Vladimir,86,1536.194375,0.0,160.12,34.38,-161.5,40.47,-29.63,38643.9,5.47
13.166666666666666,Murmansk,57,1018.0330625,0.0,156.55,34.38,-157.93,44.05,-26.05,38643.9,9.05
13.166666666666666,Novosibirsk,68,1406.871875,0.0,159.36,34.38,-160.74,41.24,-28.86,38643.9,6.24
13.166666666666666,Zheleznogorsk,68,1028.4639375,0.0,156.64,34.38,-158.02,43.96,-26.14,38643.9,8.96
13.166666666666666,Khabarovsk,78,1821.200625,0.0,161.6,34.38,-162.98,38.99,-31.1,38643.9,3.99
13.166666666666666,Vladivostok,78,1812.45075,0.0,161.56,34.38,-162.94,39.04,-31.06,38643.9,4.04
13.166666666666666,Minsk,48,1245.563,0.0,158.3,34.38,-159.68,42.29,-27.8,38643.9,7.29
13.166666666666666,Almaty,6,1064.54775,0.0,156.94,34.38,-158.32,43.66,-26.44,38643.9,8.66
13.333333333333334,Vladimir,85,1731.581,0.0,161.16,34.38,-162.54,39.43,-30.67,38643.9,4.43
13.333333333333334,Murmansk,56,1093.619,0.0,157.17,34.38,-158.55,43.42,-26.67,38643.9,8.42
13.333333333333334,Novosibirsk,67,1263.8815,0.0,158.43,34.38,-159.81,42.17,-27.93,38643.9,7.17
13.333333333333334,Zheleznogorsk,67,1012.759625,0.0,156.51,34.38,-157.89,44.09,-26.01,38643.9,9.09
13.333333333333334,Khabarovsk,77,1549.67325,0.0,160.2,34.38,-161.58,40.4,-29.7,38643.9,5.4
13.333333333333334,Vladivostok,77,1541.107,0.0,160.15,34.38,-161.53,40.44,-29.65,38643.9,5.44
13.333333333333334,Minsk,47,1448.168,0.0,159.61,34.38,-160.99,40.98,-29.11,38643.9,5.98
13.333333333333334,Almaty,5,1041.075625,0.0,156.75,34.38,-158.12,43.85,-26.25,38643.9,8.85
13.5,Vladimir,84,1960.641125,0.0,162.24,34.38,-163.62,38.35,-31.75,38643.9,3.35
13.5,Murmansk,55,1232.315,0.0,158.21,34.38,-159.59,42.39,-27.71,38643.9,7.39
13.5,Novosibirsk,66,1197.23825,0.0,157.96,34.38,-159.34,42.64,-27.46,38643.9,7.64
13.5,Zheleznogorsk,66,1091.52625,0.0,157.16,34.38,-158.54,43.44,-26.66,38643.9,8.44
13.5,Khabarovsk,76,1313.19125,0.0,158.76,34.38,-160.14,41.83,-28.26,38643.9,6.83
13.5,Vladivostok,76,1312.872625,0.0,158.76,34.38,-160.14,41.84,-28.26,38643.9,6.84
13.5,Minsk,84,1618.857625,0.0,160.58,34.38,-161.96,40.02,-30.08,38643.9,5.02
13.5,Almaty,4,1129.97275,0.0,157.46,34.38,-158.84,43.14,-26.96,38643.9,8.14
13.666666666666666,Vladimir,55,2175.75125,0.0,163.15,34.38,-164.53,37.45,-32.65,38643.9,2.45
13.666666666666666,Murmansk,54,1414.125,0.0,159.41,34.38,-160.78,41.19,-28.91,38643.9,6.19
13.666666666666666,Novosibirsk,65,1217.394625,0.0,158.1,34.38,-159.48,42.49,-27.61,38643.9,7.49
13.666666666666666,Zheleznogorsk,65,1244.19175,0.0,158.29,34.38,-159.67,42.3,-27.8,38643.9,7.3
13.666666666666666,Khabarovsk,75,1131.97075,0.0,157.47,34.38,-158.85,43.12,-26.97,38643.9,8.12
13.666666666666666,Vladivostok,75,1151.82475,0.0,157.62,34.38,-159.0,42.97,-27.13,38643.9,7.97
13.666666666666666,Minsk,83,1749.38525,0.0,161.25,34.38,-162.63,39.34,-30.76,38643.9,4.34
13.666666666666666,Almaty,3,1310.95575,0.0,158.75,34.38,-160.13,41.85,-28.25,38643.9,6.85
13.833333333333334,Vladimir,54,1898.453375,0.0,161.96,34.38,-163.34,38.63,-31.47,38643.9,3.63
13.833333333333334,Murmansk,83,1541.7225,0.0,160.16,34.38,-161.54,40.44,-29.66,38643.9,5.44
13.833333333333334,Novosibirsk,64,1318.080375,0.0,158.79,34.38,-160.17,41.8,-28.3,38643.9,6.8
13.833333333333334,Zheleznogorsk,64,1444.88825,0.0,159.59,34.38,-160.97,41.0,-29.09,38643.9,6.0
13.833333333333334,Khabarovsk,74,1032.82975,0.0,156.68,34.38,-158.06,43.92,-26.18,38643.9,8.92
13.833333333333334,Vladivostok,74,1085.763875,0.0,157.11,34.38,-158.49,43.49,-26.61,38643.9,8.49
13.833333333333334,Minsk,82,1925.297625,0.0,162.09,34.38,-163.46,38.51,-31.59,38643.9,3.51
13.833333333333334,Almaty,2,1553.812375,0.0,160.22,34.38,-161.6,40.37,-29.73,38643.9,5.37
14.0,Vladimir,53,1640.218,0.0,160.69,34.38,-162.07,39.9,-30.2,38643.9,4.9
14.0,Murmansk,82,1362.75875,0.0,159.08,34.38,-160.46,41.51,-28.59,38643.9,6.51
14.0,Novosibirsk,63,1480.647125,0.0,159.8,34.38,-161.18,40.79,-29.31,38643.9,5.79
14.0,Zheleznogorsk,11,1552.029625,0.0,160.21,34.38,-161.59,40.38,-29.72,38643.9,5.38
14.0,Khabarovsk,73,1036.4215,0.0,156.71,34.38,-158.09,43.89,-26.21,38643.9,8.89
14.0,Vladivostok,73,1128.586125,0.0,157.45,34.38,-158.83,43.15,-26.95,38643.9,8.15
14.0,Minsk,81,2136.551,0.0,162.99,34.38,-164.37,37.61,-32.49,38643.9,2.61
14.0,Almaty,1,1835.2215,0.0,161.67,34.38,-163.05,38.93,-31.17,38643.9,3.93
14.166666666666666,Vladimir,52,1410.477625,0.0,159.38,34.38,-160.76,41.21,-28.88,38643.9,6.21
14.166666666666666,Murmansk,81,1215.074,0.0,158.09,34.38,-159.47,42.51,-27.59,38643.9,7.51
14.166666666666666,Novosibirsk,62,1685.0105,0.0,160.93,34.38,-162.31,39.67,-30.43,38643.9,4.67
14.166666666666666,Zheleznogorsk,10,1405.441,0.0,159.35,34.38,-160.73,41.24,-28.85,38643.9,6.24
14.166666666666666,Khabarovsk,72,1138.52325,0.0,157.52,34.38,-158.9,43.07,-27.02,38643.9,8.07
14.166666666666666,Vladivostok,72,1266.327875,0.0,158.45,34.38,-159.83,42.15,-27.95,38643.9,7.15
14.166666666666666,Minsk,52,1901.3515,0.0,161.98,34.38,-163.36,38.62,-31.48,38643.9,3.62
14.166666666666666,Almaty,0,2140.68375,0.0,163.01,34.38,-164.39,37.59,-32.51,38643.9,2.59
14.333333333333334,Vladimir,51,1223.759875,0.0,158.15,34.38,-159.53,42.45,-27.65,38643.9,7.45
14.333333333333334,Murmansk,80,1113.79075,0.0,157.33,34.38,-158.71,43.27,-26.83,38643.9,8.27
14.333333333333334,Novosibirsk,0,1797.251375,0.0,161.49,34.38,-162.87,39.11,-30.99,38643.9,4.11
14.333333333333334,Zheleznogorsk,19,1308.28275,0.0,158.73,34.38,-160.11,41.87,-28.23,38643.9,6.87
14.333333333333334,Khabarovsk,71,1313.232875,0.0,158.76,34.38,-160.14,41.83,-28.26,38643.9,6.83
14.333333333333334,Vladivostok,29,1362.855,0.0,159.08,34.38,-160.46,41.51,-28.59,38643.9,6.51
14.333333333333334,Minsk,51,1633.54425,0.0,160.66,34.38,-162.04,39.94,-30.16,38643.9,4.94
14.333333333333334,Almaty,62,2130.53375,0.0,162.97,34.38,-164.34,37.63,-32.47,38643.9,2.63
14.5,Vladimir,50,1099.965875,0.0,157.22,34.38,-158.6,43.37,-26.73,38643.9,8.37
14.5,Murmansk,89,1074.598375,0.0,157.02,34.38,-158.4,43.58,-26.52,38643.9,8.58
14.5,Novosibirsk,18,1660.326125,0.0,160.8,34.38,-162.18,39.8,-30.3,38643.9,4.8
14.5,Zheleznogorsk,18,1275.17675,0.0,158.51,34.38,-159.89,42.09,-28.01,38643.9,7.09
14.5,Khabarovsk,70,1532.959375,0.0,160.11,34.38,-161.49,40.49,-29.61,38643.9,5.49
14.5,Vladivostok,28,1476.09825,0.0,159.78,34.38,-161.16,40.82,-29.28,38643.9,5.82
14.5,Minsk,50,1396.06,0.0,159.29,34.38,-160.67,41.3,-28.8,38643.9,6.3
14.5,Almaty,61,1823.512125,0.0,161.61,34.38,-162.99,38.98,-31.12,38643.9,3.98
14.666666666666666,Vladimir,59,1058.671625,0.0,156.89,34.38,-158.27,43.71,-26.39,38643.9,8.71
14.666666666666666,Murmansk,88,1106.289875,0.0,157.27,34.38,-158.65,43.32,-26.78,38643.9,8.32
14.666666666666666,Novosibirsk,17,1561.85325,0.0,160.27,34.38,-161.65,40.33,-29.77,38643.9,5.33
14.666666666666666,Zheleznogorsk,17,1313.860625,0.0,158.77,34.38,-160.15,41.83,-28.27,38643.9,6.83
14.666666666666666,Khabarovsk,79,1778.2895,0.0,161.4,34.38,-162.77,39.2,-30.9,38643.9,4.2
14.666666666666666,Vladivostok,27,1656.57675,0.0,160.78,34.38,-162.16,39.82,-30.28,38643.9,4.82
14.666666666666666,Minsk,59,1205.546625,0.0,158.02,34.38,-159.4,42.58,-27.52,38643.9,7.58
14.666666666666666,Almaty,60,1539.316125,0.0,160.14,34.38,-161.52,40.45,-29.64,38643.9,5.45
14.833333333333334,Vladimir,58,1106.20075,0.0,157.27,34.38,-158.65,43.32,-26.77,38643.9,8.32
14.833333333333334,Murmansk,87,1205.045375,0.0,158.02,34.38,-159.39,42.58,-27.52,38643.9,7.58
14.833333333333334,Novosibirsk,16,1515.554125,0.0,160.01,34.38,-161.39,40.59,-29.51,38643.9,5.59
14.833333333333334,Zheleznogorsk,16,1420.869125,0.0,159.45,34.38,-160.83,41.15,-28.95,38643.9,6.15
14.833333333333334,Khabarovsk,78,2037.348125,0.0,162.58,34.38,-163.96,38.02,-32.08,38643.9,3.02
14.833333333333334,Vladivostok,26,1886.410125,0.0,161.91,34.38,-163.29,38.69,-31.41,38643.9,3.69
14.833333333333334,Minsk,58,1085.0035,0.0,157.1,34.38,-158.48,43.49,-26.61,38643.9,8.49
14.833333333333334,Almaty,69,1291.926625,0.0,158.62,34.38,-160.0,41.98,-28.12,38643.9,6.98
15.0,Vladimir,57,1229.3645,0.0,158.19,34.38,-159.57,42.41,-27.69,38643.9,7.41
15.0,Murmansk,67,1107.35075,0.0,157.28,34.38,-158.66,43.32,-26.78,38643.9,8.32
15.0,Novosibirsk,15,1528.851875,0.0,160.08,34.38,-161.46,40.51,-29.58,38643.9,5.51
15.0,Zheleznogorsk,77,1452.279,0.0,159.64,34.38,-161.02,40.96,-29.14,38643.9,5.96
15.0,Khabarovsk,26,2008.375125,0.0,162.45,34.38,-163.83,38.14,-31.95,38643.9,3.14
15.0,Vladivostok,25,2150.7285,0.0,163.05,34.38,-164.43,37.55,-32.55,38643.9,2.55
15.0,Minsk,57,1056.127375,0.0,156.87,34.38,-158.25,43.73,-26.37,38643.9,8.73
15.0,Almaty,68,1104.421875,0.0,157.26,34.38,-158.64,43.34,-26.76,38643.9,8.34
15.166666666666666,Vladimir,56,1405.61325,0.0,159.35,34.38,-160.73,41.24,-28.85,38643.9,6.24
15.166666666666666,Murmansk,66,1064.124125,0.0,156.94,34.38,-158.31,43.66,-26.44,38643.9,8.66
15.166666666666666,Novosibirsk,14,1602.569125,0.0,160.49,34.38,-161.87,40.1,-29.99,38643.9,5.1
15.166666666666666,Zheleznogorsk,76,1283.089125,0.0,158.56,34.38,-159.94,42.04,-28.06,38643.9,7.04
15.166666666666666,Khabarovsk,25,1805.752,0.0,161.53,34.38,-162.91,39.07,-31.03,38643.9,4.07
15.166666666666666,Vladivostok,25,2396.52025,0.0,163.99,34.38,-165.37,36.61,-33.49,38643.9,1.61
15.166666666666666,Minsk,56,1123.256125,0.0,157.41,34.38,-158.78,43.19,-26.91,38643.9,8.19
15.166666666666666,Almaty,67,1008.0393125,0.0,156.47,34.38,-157.84,44.13,-25.97,38643.9,9.13
15.333333333333334,Vladimir,4,1426.705375,0.0,159.48,34.38,-160.86,41.11,-28.98,38643.9,6.11
15.333333333333334,Murmansk,65,1100.9375,0.0,157.23,34.38,-158.61,43.37,-26.73,38643.9,8.37
15.333333333333334,Novosibirsk,75,1645.49125,0.0,160.72,34.38,-162.1,39.88,-30.22,38643.9,4.88
15.333333333333334,Zheleznogorsk,75,1182.746125,0.0,157.85,34.38,-159.23,42.74,-27.36,38643.9,7.74
15.333333333333334,Khabarovsk,24,1642.843625,0.0,160.71,34.38,-162.09,39.89,-30.21,38643.9,4.89
15.333333333333334,Vladivostok,86,2152.29525,0.0,163.05,34.38,-164.43,37.54,-32.56,38643.9,2.54
15.333333333333334,Minsk,55,1268.50875,0.0,158.46,34.38,-159.84,42.14,-27.96,38643.9,7.14
15.333333333333334,Almaty,66,1025.5549375,0.0,156.61,34.38,-157.99,43.98,-26.12,38643.9,8.98
15.5,Vladimir,3,1234.685125,0.0,158.23,34.38,-159.61,42.37,-27.73,38643.9,7.37
15.5,Murmansk,64,1209.294375,0.0,158.05,34.38,-159.43,42.55,-27.55,38643.9,7.55
15.5,Novosibirsk,74,1520.62875,0.0,160.04,34.38,-161.42,40.56,-29.54,38643.9,5.56
15.5,Zheleznogorsk,74,1167.098125,0.0,157.74,34.38,-159.12,42.86,-27.24,38643.9,7.86
15.5,Khabarovsk,23,1535.192,0.0,160.12,34.38,-161.5,40.48,-29.62,38643.9,5.48
15.5,Vladivostok,85,1894.286875,0.0,161.94,34.38,-163.32,38.65,-31.45,38643.9,3.65
15.5,Minsk,54,1466.213875,0.0,159.72,34.38,-161.1,40.88,-29.22,38643.9,5.88
15.5,Almaty,12,1037.4996875,0.0,156.72,34.38,-158.09,43.88,-26.22,38643.9,8.88
15.666666666666666,Vladimir,2,1091.199625,0.0,157.15,34.38,-158.53,43.44,-26.66,38643.9,8.44
15.666666666666666,Murmansk,63,1371.058875,0.0,159.14,34.38,-160.52,41.46,-28.64,38643.9,6.46
15.666666666666666,Novosibirsk,73,1463.02325,0.0,159.7,34.38,-161.08,40.9,-29.2,38643.9,5.9
15.666666666666666,Zheleznogorsk,73,1237.103,0.0,158.24,34.38,-159.62,42.35,-27.75,38643.9,7.35
15.666666666666666,Khabarovsk,84,1415.292375,0.0,159.41,34.38,-160.79,41.18,-28.91,38643.9,6.18
15.666666666666666,Vladivostok,84,1675.660375,0.0,160.88,34.38,-162.26,39.72,-30.38,38643.9,4.72
15.666666666666666,Minsk,2,1691.239875,0.0,160.96,34.38,-162.34,39.64,-30.46,38643.9,4.64
15.666666666666666,Almaty,11,1066.4445,0.0,156.95,34.38,-158.33,43.64,-26.46,38643.9,8.64
15.833333333333334,Vladimir,1,1020.954125,0.0,156.58,34.38,-157.96,44.02,-26.08,38643.9,9.02
15.833333333333334,Murmansk,62,1568.491,0.0,160.31,34.38,-161.68,40.29,-29.81,38643.9,5.29
15.833333333333334,Novosibirsk,72,1479.01325,0.0,159.8,34.38,-161.17,40.8,-29.3,38643.9,5.8
15.833333333333334,Zheleznogorsk,72,1377.45575,0.0,159.18,34.38,-160.56,41.42,-28.68,38643.9,6.42
15.833333333333334,Khabarovsk,83,1210.01,0.0,158.05,34.38,-159.43,42.55,-27.55,38643.9,7.55
15.833333333333334,Vladivostok,83,1512.52425,0.0,159.99,34.38,-161.37,40.61,-29.49,38643.9,5.61
15.833333333333334,Minsk,1,1481.887625,0.0,159.81,34.38,-161.19,40.78,-29.31,38643.9,5.78
15.833333333333334,Almaty,10,1199.604875,0.0,157.98,34.38,-159.36,42.62,-27.48,38643.9,7.62
16.0,Vladimir,0,1042.4269375,0.0,156.76,34.38,-158.14,43.84,-26.26,38643.9,8.84
16.0,Murmansk,51,1759.155,0.0,161.3,34.38,-162.68,39.3,-30.8,38643.9,4.3
16.0,Novosibirsk,71,1564.60575,0.0,160.28,34.38,-161.66,40.31,-29.79,38643.9,5.31
16.0,Zheleznogorsk,71,1567.094125,0.0,160.3,34.38,-161.68,40.3,-29.8,38643.9,5.3
16.0,Khabarovsk,82,1077.507,0.0,157.04,34.38,-158.42,43.55,-26.55,38643.9,8.55
16.0,Vladivostok,82,1422.533,0.0,159.46,34.38,-160.84,41.14,-28.96,38643.9,6.14
16.0,Minsk,0,1304.793875,0.0,158.71,34.38,-160.09,41.89,-28.21,38643.9,6.89
16.0,Almaty,19,1409.878625,0.0,159.38,34.38,-160.76,41.22,-28.88,38643.9,6.22
16.166666666666668,Vladimir,9,1153.330375,0.0,157.63,34.38,-159.01,42.96,-27.14,38643.9,7.96
16.166666666666668,Murmansk,80,1766.236125,0.0,161.34,34.38,-162.72,39.26,-30.84,38643.9,4.26
16.166666666666668,Novosibirsk,70,1707.523125,0.0,161.04,34.38,-162.42,39.55,-30.54,38643.9,4.55
16.166666666666668,Zheleznogorsk,19,1655.413125,0.0,160.77,34.38,-162.15,39.82,-30.28,38643.9,4.82
16.166666666666668,Khabarovsk,81,1043.1134375,0.0,156.76,34.38,-158.14,43.83,-26.26,38643.9,8.83
16.166666666666668,Vladivostok,81,1417.6995,0.0,159.43,34.38,-160.81,41.17,-28.93,38643.9,6.17
16.166666666666668,Minsk,9,1178.5615,0.0,157.82,34.38,-159.2,42.77,-27.32,38643.9,7.77
16.166666666666668,Almaty,18,1669.846125,0.0,160.85,34.38,-162.23,39.75,-30.35,38643.9,4.75
16.333333333333332,Vladimir,8,1333.644875,0.0,158.9,34.38,-160.28,41.7,-28.4,38643.9,6.7
16.333333333333332,Murmansk,89,1556.18825,0.0,160.24,34.38,-161.62,40.36,-29.74,38643.9,5.36
16.333333333333332,Novosibirsk,18,1703.427125,0.0,161.02,34.38,-162.4,39.57,-30.52,38643.9,4.57
16.333333333333332,Zheleznogorsk,18,1547.218,0.0,160.19,34.38,-161.57,40.41,-29.69,38643.9,5.41
16.333333333333332,Khabarovsk,80,1112.942,0.0,157.33,34.38,-158.7,43.27,-26.83,38643.9,8.27
16.333333333333332,Vladivostok,80,1496.604125,0.0,159.9,34.38,-161.28,40.7,-29.4,38643.9,5.7
16.333333333333332,Minsk,8,1124.303625,0.0,157.41,34.38,-158.79,43.18,-26.92,38643.9,8.18
16.333333333333332,Almaty,17,1960.7915,0.0,162.24,34.38,-163.62,38.35,-31.75,38643.9,3.35
16.5,Vladimir,69,1193.99025,0.0,157.94,34.38,-159.31,42.66,-27.44,38643.9,7.66
16.5,Murmansk,88,1375.45175,0.0,159.16,34.38,-160.54,41.43,-28.67,38643.9,6.43
16.5,Novosibirsk,17,1536.09525,0.0,160.12,34.38,-161.5,40.47,-29.63,38643.9,5.47
16.5,Zheleznogorsk,17,1502.234375,0.0,159.93,34.38,-161.31,40.67,-29.43,38643.9,5.67
16.5,Khabarovsk,89,1266.898,0.0,158.45,34.38,-159.83,42.15,-27.95,38643.9,7.15
16.5,Vladivostok,89,1644.8805,0.0,160.72,34.38,-162.1,39.88,-30.22,38643.9,4.88
16.5,Minsk,7,1155.587375,0.0,157.65,34.38,-159.03,42.95,-27.15,38643.9,7.95
16.5,Almaty,16,2271.406,0.0,163.52,34.38,-164.9,37.08,-33.02,38643.9,2.08
16.666666666666668,Vladimir,68,1054.405875,0.0,156.86,34.38,-158.24,43.74,-26.36,38643.9,8.74
16.666666666666668,Murmansk,87,1238.424,0.0,158.25,34.38,-159.63,42.34,-27.76,38643.9,7.34
16.666666666666668,Novosibirsk,16,1421.130125,0.0,159.45,34.38,-160.83,41.15,-28.95,38643.9,6.15
16.666666666666668,Zheleznogorsk,16,1527.84225,0.0,160.08,34.38,-161.46,40.52,-29.58,38643.9,5.52
16.666666666666668,Khabarovsk,88,1476.030875,0.0,159.78,34.38,-161.16,40.82,-29.28,38643.9,5.82
16.666666666666668,Vladivostok,88,1843.476625,0.0,161.71,34.38,-163.09,38.89,-31.21,38643.9,3.89
16.666666666666668,Minsk,6,1268.816625,0.0,158.46,34.38,-159.84,42.13,-27.97,38643.9,7.13
16.666666666666668,Almaty,78,2038.289375,0.0,162.58,34.38,-163.96,38.02,-32.08,38643.9,3.02
16.833333333333332,Vladimir,67,1001.9143125,0.0,156.41,34.38,-157.79,44.18,-25.91,38643.9,9.18
16.833333333333332,Murmansk,86,1162.015,0.0,157.7,34.38,-159.08,42.9,-27.2,38643.9,7.9
16.833333333333332,Novosibirsk,15,1374.256625,0.0,159.16,34.38,-160.54,41.44,-28.66,38643.9,6.44
16.833333333333332,Zheleznogorsk,15,1622.104375,0.0,160.6,34.38,-161.98,40.0,-30.1,38643.9,5.0
16.833333333333332,Khabarovsk,87,1717.58325,0.0,161.09,34.38,-162.47,39.5,-30.6,38643.9,4.5
16.833333333333332,Vladivostok,34,1974.390625,0.0,162.3,34.38,-163.68,38.29,-31.81,38643.9,3.29
16.833333333333332,Minsk,67,1422.842,0.0,159.46,34.38,-160.84,41.14,-28.96,38643.9,6.14
16.833333333333332,Almaty,77,1745.626375,0.0,161.23,34.38,-162.61,39.36,-30.74,38643.9,4.36
17.0,Vladimir,66,1046.84325,0.0,156.79,34.38,-158.17,43.8,-26.3,38643.9,8.8
17.0,Murmansk,85,1159.336625,0.0,157.68,34.38,-159.06,42.92,-27.18,38643.9,7.92
17.0,Novosibirsk,14,1404.458375,0.0,159.35,34.38,-160.73,41.25,-28.85,38643.9,6.25
17.0,Zheleznogorsk,24,1767.9885,0.0,161.35,34.38,-162.72,39.25,-30.85,38643.9,4.25
17.0,Khabarovsk,86,1977.118125,0.0,162.32,34.38,-163.7,38.28,-31.82,38643.9,3.28
17.0,Vladivostok,33,2128.15575,0.0,162.96,34.38,-164.33,37.64,-32.46,38643.9,2.64
17.0,Minsk,66,1311.74225,0.0,158.75,34.38,-160.13,41.84,-28.25,38643.9,6.84
17.0,Almaty,76,1483.383,0.0,159.82,34.38,-161.2,40.78,-29.32,38643.9,5.78
17.166666666666668,Vladimir,65,1175.238625,0.0,157.8,34.38,-159.18,42.8,-27.3,38643.9,7.8
17.166666666666668,Murmansk,74,1143.77875,0.0,157.56,34.38,-158.94,43.03,-27.06,38643.9,8.03
17.166666666666668,Novosibirsk,13,1508.79975,0.0,159.97,34.38,-161.35,40.63,-29.47,38643.9,5.63
17.166666666666668,Zheleznogorsk,85,1657.638125,0.0,160.79,34.38,-162.16,39.81,-30.29,38643.9,4.81
17.166666666666668,Khabarovsk,33,1826.966125,0.0,161.63,34.38,-163.01,38.97,-31.13,38643.9,3.97
17.166666666666668,Vladivostok,86,2220.304,0.0,163.32,34.38,-164.7,37.27,-32.83,38643.9,2.27
17.166666666666668,Minsk,65,1279.74525,0.0,158.54,34.38,-159.92,42.06,-28.04,38643.9,7.06
17.166666666666668,Almaty,75,1269.2635,0.0,158.47,34.38,-159.85,42.13,-27.97,38643.9,7.13
17.333333333333332,Vladimir,64,1360.97,0.0,159.07,34.38,-160.45,41.52,-28.57,38643.9,6.52
17.333333333333332,Murmansk,73,1141.1745,0.0,157.54,34.38,-158.92,43.05,-27.04,38643.9,8.05
17.333333333333332,Novosibirsk,74,1543.2445,0.0,160.16,34.38,-161.54,40.43,-29.67,38643.9,5.43
17.333333333333332,Zheleznogorsk,84,1509.467625,0.0,159.97,34.38,-161.35,40.62,-29.47,38643.9,5.62
17.333333333333332,Khabarovsk,32,1593.260375,0.0,160.44,34.38,-161.82,40.16,-29.94,38643.9,5.16
17.333333333333332,Vladivostok,85,2057.81675,0.0,162.66,34.38,-164.04,37.93,-32.17,38643.9,2.93
17.333333333333332,Minsk,64,1330.494,0.0,158.88,34.38,-160.26,41.72,-28.38,38643.9,6.72
17.333333333333332,Almaty,74,1128.981375,0.0,157.45,34.38,-158.83,43.15,-26.95,38643.9,8.15
17.5,Vladimir,63,1581.39175,0.0,160.38,34.38,-161.76,40.22,-29.88,38643.9,5.22
17.5,Murmansk,2,1120.666375,0.0,157.39,34.38,-158.76,43.21,-26.89,38643.9,8.21
17.5,Novosibirsk,73,1433.73525,0.0,159.53,34.38,-160.9,41.07,-29.03,38643.9,6.07
17.5,Zheleznogorsk,83,1424.715875,0.0,159.47,34.38,-160.85,41.13,-28.97,38643.9,6.13
17.5,Khabarovsk,31,1393.039375,0.0,159.27,34.38,-160.65,41.32,-28.78,38643.9,6.32
17.5,Vladivostok,31,1937.22975,0.0,162.14,34.38,-163.52,38.46,-31.64,38643.9,3.46
17.5,Minsk,63,1453.1545,0.0,159.64,34.38,-161.02,40.95,-29.14,38643.9,5.95
17.5,Almaty,73,1088.8195,0.0,157.13,34.38,-158.51,43.46,-26.64,38643.9,8.46
17.666666666666668,Vladimir,10,1427.929625,0.0,159.49,34.38,-160.87,41.11,-28.99,38643.9,6.11
17.666666666666668,Murmansk,1,1023.8875625,0.0,156.6,34.38,-157.98,44.0,-26.1,38643.9,9.0
17.666666666666668,Novosibirsk,72,1387.5785,0.0,159.24,34.38,-160.62,41.36,-28.74,38643.9,6.36
17.666666666666668,Zheleznogorsk,82,1413.38375,0.0,159.4,34.38,-160.78,41.2,-28.9,38643.9,6.2
17.666666666666668,Khabarovsk,30,1246.337375,0.0,158.31,34.38,-159.69,42.29,-27.81,38643.9,7.29
17.666666666666668,Vladivostok,30,1729.970375,0.0,161.16,34.38,-162.54,39.44,-30.66,38643.9,4.44
17.666666666666668,Minsk,62,1629.357375,0.0,160.64,34.38,-162.02,39.96,-30.14,38643.9,4.96
17.666666666666668,Almaty,72,1156.3205,0.0,157.66,34.38,-159.04,42.94,-27.16,38643.9,7.94
17.833333333333332,Vladimir,19,1303.774125,0.0,158.7,34.38,-160.08,41.9,-28.2,38643.9,6.9
17.833333333333332,Murmansk,0,1000.4135625,0.0,156.4,34.38,-157.78,44.2,-25.9,38643.9,9.2
17.833333333333332,Novosibirsk,71,1408.553875,0.0,159.37,34.38,-160.75,41.23,-28.87,38643.9,6.23
17.833333333333332,Zheleznogorsk,81,1475.476375,0.0,159.77,34.38,-161.15,40.82,-29.28,38643.9,5.82
17.833333333333332,Khabarovsk,39,1176.9815,0.0,157.81,34.38,-159.19,42.79,-27.31,38643.9,7.79
17.833333333333332,Vladivostok,39,1567.617375,0.0,160.3,34.38,-161.68,40.3,-29.8,38643.9,5.3
17.833333333333332,Minsk,61,1841.619375,0.0,161.7,34.38,-163.08,38.9,-31.2,38643.9,3.9
17.833333333333332,Almaty,71,1312.02725,0.0,158.75,34.38,-160.13,41.84,-28.26,38643.9,6.84
18.0,Vladimir,18,1239.70025,0.0,158.26,34.38,-159.64,42.33,-27.76,38643.9,7.33
18.0,Murmansk,9,1057.042625,0.0,156.88,34.38,-158.26,43.72,-26.38,38643.9,8.72
18.0,Novosibirsk,70,1491.261125,0.0,159.87,34.38,-161.25,40.73,-29.37,38643.9,5.73
18.0,Zheleznogorsk,80,1600.656125,0.0,160.48,34.38,-161.86,40.12,-29.98,38643.9,5.12
18.0,Khabarovsk,38,1201.586375,0.0,157.99,34.38,-159.37,42.61,-27.49,38643.9,7.61
18.0,Vladivostok,38,1468.294375,0.0,159.73,34.38,-161.11,40.86,-29.23,38643.9,5.86
18.0,Minsk,18,1788.1915,0.0,161.44,34.38,-162.82,39.15,-30.95,38643.9,4.15
18.0,Almaty,28,1411.17175,0.0,159.39,34.38,-160.77,41.21,-28.89,38643.9,6.21
18.166666666666668,Vladimir,17,1248.156,0.0,158.32,34.38,-159.7,42.28,-27.82,38643.9,7.28
18.166666666666668,Murmansk,8,1183.7685,0.0,157.86,34.38,-159.24,42.74,-27.36,38643.9,7.74
18.166666666666668,Novosibirsk,79,1623.718125,0.0,160.61,34.38,-161.99,39.99,-30.11,38643.9,4.99
18.166666666666668,Zheleznogorsk,28,1588.072,0.0,160.41,34.38,-161.79,40.18,-29.92,38643.9,5.18
18.166666666666668,Khabarovsk,37,1317.348625,0.0,158.79,34.38,-160.17,41.81,-28.29,38643.9,6.81
18.166666666666668,Vladivostok,37,1447.86325,0.0,159.61,34.38,-160.99,40.99,-29.11,38643.9,5.99
18.166666666666668,Minsk,17,1638.125625,0.0,160.68,34.38,-162.06,39.91,-30.18,38643.9,4.91
18.166666666666668,Almaty,27,1542.977,0.0,160.16,34.38,-161.54,40.43,-29.66,38643.9,5.43
18.333333333333332,Vladimir,16,1330.420875,0.0,158.88,34.38,-160.25,41.72,-28.38,38643.9,6.72
18.333333333333332,Murmansk,7,1362.19475,0.0,159.08,34.38,-160.46,41.52,-28.58,38643.9,6.52
18.333333333333332,Novosibirsk,27,1725.4,0.0,161.13,34.38,-162.51,39.46,-30.64,38643.9,4.46
18.333333333333332,Zheleznogorsk,27,1413.778875,0.0,159.4,34.38,-160.78,41.19,-28.91,38643.9,6.19
18.333333333333332,Khabarovsk,36,1505.165375,0.0,159.95,34.38,-161.33,40.65,-29.45,38643.9,5.65
18.333333333333332,Vladivostok,36,1511.85075,0.0,159.99,34.38,-161.37,40.61,-29.49,38643.9,5.61
18.333333333333332,Minsk,16,1529.343875,0.0,160.09,34.38,-161.47,40.51,-29.59,38643.9,5.51
18.333333333333332,Almaty,26,1736.343375,0.0,161.19,34.38,-162.57,39.41,-30.69,38643.9,4.41
18.5,Vladimir,15,1476.327375,0.0,159.78,34.38,-161.16,40.82,-29.28,38643.9,5.82
18.5,Murmansk,6,1575.5485,0.0,160.34,34.38,-161.72,40.25,-29.85,38643.9,5.25
18.5,Novosibirsk,26,1504.1355,0.0,159.94,34.38,-161.32,40.66,-29.44,38643.9,5.66
18.5,Zheleznogorsk,26,1292.834125,0.0,158.63,34.38,-160.01,41.97,-28.13,38643.9,6.97
18.5,Khabarovsk,35,1743.142125,0.0,161.22,34.38,-162.6,39.37,-30.72,38643.9,4.37
18.5,Vladivostok,35,1652.248375,0.0,160.76,34.38,-162.14,39.84,-30.26,38643.9,4.84
18.5,Minsk,15,1474.09525,0.0,159.77,34.38,-161.15,40.83,-29.27,38643.9,5.83
18.5,Almaty,25,1974.4575,0.0,162.3,34.38,-163.68,38.29,-31.81,38643.9,3.29
18.666666666666668,Vladimir,76,1327.017875,0.0,158.85,34.38,-160.23,41.74,-28.36,38643.9,6.74
18.666666666666668,Murmansk,86,1699.445625,0.0,161.0,34.38,-162.38,39.59,-30.5,38643.9,4.59
18.666666666666668,Novosibirsk,25,1316.751875,0.0,158.79,34.38,-160.17,41.81,-28.29,38643.9,6.81
18.666666666666668,Zheleznogorsk,25,1243.689375,0.0,158.29,34.38,-159.67,42.31,-27.79,38643.9,7.31
18.666666666666668,Khabarovsk,7,1589.78,0.0,160.42,34.38,-161.8,40.17,-29.92,38643.9,5.17
18.666666666666668,Vladivostok,7,1544.492375,0.0,160.17,34.38,-161.55,40.43,-29.67,38643.9,5.43
18.666666666666668,Minsk,14,1481.1935,0.0,159.81,34.38,-161.19,40.79,-29.31,38643.9,5.79
18.666666666666668,Almaty,24,2243.905,0.0,163.42,34.38,-164.8,37.18,-32.92,38643.9,2.18
18.833333333333332,Vladimir,75,1196.447375,0.0,157.95,34.38,-159.33,42.64,-27.46,38643.9,7.64
18.833333333333332,Murmansk,85,1499.9265,0.0,159.92,34.38,-161.3,40.68,-29.42,38643.9,5.68
18.833333333333332,Novosibirsk,24,1182.980125,0.0,157.86,34.38,-159.23,42.74,-27.36,38643.9,7.74
18.833333333333332,Zheleznogorsk,24,1277.041625,0.0,158.52,34.38,-159.9,42.08,-28.02,38643.9,7.08
18.833333333333332,Khabarovsk,6,1351.65775,0.0,159.01,34.38,-160.39,41.58,-28.51,38643.9,6.58
18.833333333333332,Vladivostok,6,1308.063125,0.0,158.73,34.38,-160.11,41.87,-28.23,38643.9,6.87
18.833333333333332,Minsk,13,1552.205625,0.0,160.21,34.38,-161.59,40.38,-29.72,38643.9,5.38
18.833333333333332,Almaty,24,2312.492,0.0,163.68,34.38,-165.06,36.92,-33.18,38643.9,1.92
19.0,Vladimir,74,1146.490625,0.0,157.58,34.38,-158.96,43.01,-27.09,38643.9,8.01
19.0,Murmansk,84,1338.798,0.0,158.93,34.38,-160.31,41.67,-28.43,38643.9,6.67
19.0,Novosibirsk,23,1125.461,0.0,157.42,34.38,-158.8,43.17,-26.92,38643.9,8.17
19.0,Zheleznogorsk,23,1388.81625,0.0,159.25,34.38,-160.63,41.35,-28.75,38643.9,6.35
19.0,Khabarovsk,5,1166.32225,0.0,157.73,34.38,-159.11,42.86,-27.23,38643.9,7.86
19.0,Vladivostok,5,1136.19525,0.0,157.5,34.38,-158.88,43.09,-27.01,38643.9,8.09
19.0,Minsk,12,1681.034375,0.0,160.91,34.38,-162.29,39.69,-30.41,38643.9,4.69
19.0,Almaty,85,2088.45275,0.0,162.79,34.38,-164.17,37.8,-32.29,38643.9,2.8
19.166666666666668,Vladimir,73,1185.125,0.0,157.87,34.38,-159.25,42.73,-27.37,38643.9,7.73
19.166666666666668,Murmansk,83,1231.3845,0.0,158.2,34.38,-159.58,42.39,-27.71,38643.9,7.39
19.166666666666668,Novosibirsk,22,1158.4875,0.0,157.67,34.38,-159.05,42.92,-27.18,38643.9,7.92
19.166666666666668,Zheleznogorsk,22,1563.642,0.0,160.28,34.38,-161.66,40.32,-29.78,38643.9,5.32
19.166666666666668,Khabarovsk,4,1059.260875,0.0,156.9,34.38,-158.27,43.7,-26.4,38643.9,8.7
19.166666666666668,Vladivostok,4,1058.265875,0.0,156.89,34.38,-158.27,43.71,-26.39,38643.9,8.71
19.166666666666668,Minsk,73,1598.09775,0.0,160.47,34.38,-161.85,40.13,-29.97,38643.9,5.13
19.166666666666668,Almaty,84,1839.379625,0.0,161.69,34.38,-163.07,38.91,-31.19,38643.9,3.91
19.333333333333332,Vladimir,72,1302.136375,0.0,158.69,34.38,-160.07,41.91,-28.19,38643.9,6.91
19.333333333333332,Murmansk,82,1192.179,0.0,157.92,34.38,-159.3,42.67,-27.42,38643.9,7.67
19.333333333333332,Novosibirsk,21,1277.289875,0.0,158.52,34.38,-159.9,42.08,-28.02,38643.9,7.08
19.333333333333332,Zheleznogorsk,83,1500.578625,0.0,159.92,34.38,-161.3,40.68,-29.42,38643.9,5.68
19.333333333333332,Khabarovsk,3,1051.559625,0.0,156.83,34.38,-158.21,43.76,-26.33,38643.9,8.76
19.333333333333332,Vladivostok,3,1091.594375,0.0,157.16,34.38,-158.54,43.44,-26.66,38643.9,8.44
19.333333333333332,Minsk,72,1568.432625,0.0,160.31,34.38,-161.68,40.29,-29.81,38643.9,5.29
19.333333333333332,Almaty,83,1633.279,0.0,160.66,34.38,-162.04,39.94,-30.16,38643.9,4.94
19.5,Vladimir,71,1476.677,0.0,159.78,34.38,-161.16,40.82,-29.28,38643.9,5.82
19.5,Murmansk,71,1147.1975,0.0,157.59,34.38,-158.97,43.01,-27.09,38643.9,8.01
19.5,Novosibirsk,82,1316.396125,0.0,158.78,34.38,-160.16,41.81,-28.29,38643.9,6.81
19.5,Zheleznogorsk,82,1420.311375,0.0,159.44,34.38,-160.82,41.15,-28.95,38643.9,6.15
19.5,Khabarovsk,2,1142.006625,0.0,157.55,34.38,-158.93,43.05,-27.05,38643.9,8.05
19.5,Vladivostok,2,1224.080875,0.0,158.15,34.38,-159.53,42.44,-27.65,38643.9,7.44
19.5,Minsk,71,1608.676,0.0,160.53,34.38,-161.9,40.07,-30.03,38643.9,5.07
19.5,Almaty,82,1486.94275,0.0,159.84,34.38,-161.22,40.76,-29.34,38643.9,5.76
19.666666666666668,Vladimir,70,1688.73125,0.0,160.95,34.38,-162.33,39.65,-30.45,38643.9,4.65
19.666666666666668,Murmansk,70,1112.29325,0.0,157.32,34.38,-158.7,43.28,-26.82,38643.9,8.28
19.666666666666668,Novosibirsk,81,1164.316375,0.0,157.72,34.38,-159.1,42.88,-27.22,38643.9,7.88
19.666666666666668,Zheleznogorsk,81,1403.856125,0.0,159.34,34.38,-160.72,41.25,-28.84,38643.9,6.25
19.666666666666668,Khabarovsk,49,1304.481125,0.0,158.7,34.38,-160.08,41.89,-28.21,38643.9,6.89
19.666666666666668,Vladivostok,1,1425.38725,0.0,159.47,34.38,-160.85,41.12,-28.98,38643.9,6.12
19.666666666666668,Minsk,70,1712.2255,0.0,161.07,34.38,-162.45,39.53,-30.57,38643.9,4.53
19.666666666666668,Almaty,81,1417.332125,0.0,159.43,34.38,-160.8,41.17,-28.93,38643.9,6.17
19.833333333333332,Vladimir,18,1622.98475,0.0,160.6,34.38,-161.98,39.99,-30.1,38643.9,4.99
19.833333333333332,Murmansk,18,1062.225625,0.0,156.92,34.38,-158.3,43.68,-26.42,38643.9,8.68
19.833333333333332,Novosibirsk,80,1087.3575,0.0,157.12,34.38,-158.5,43.47,-26.63,38643.9,8.47
19.833333333333332,Zheleznogorsk,80,1450.915625,0.0,159.63,34.38,-161.01,40.97,-29.13,38643.9,5.97
19.833333333333332,Khabarovsk,48,1122.546125,0.0,157.4,34.38,-158.78,43.2,-26.9,38643.9,8.2
19.833333333333332,Vladivostok,48,1554.103875,0.0,160.23,34.38,-161.6,40.37,-29.73,38643.9,5.37
19.833333333333332,Minsk,79,1866.7995,0.0,161.82,34.38,-163.2,38.78,-31.32,38643.9,3.78
19.833333333333332,Almaty,80,1433.612125,0.0,159.52,34.38,-160.9,41.07,-29.03,38643.9,6.07
20.0,Vladimir,17,1550.911875,0.0,160.21,34.38,-161.59,40.39,-29.71,38643.9,5.39
20.0,Murmansk,17,1077.834125,0.0,157.05,34.38,-158.43,43.55,-26.55,38643.9,8.55
20.0,Novosibirsk,89,1098.509125,0.0,157.21,34.38,-158.59,43.39,-26.71,38643.9,8.39
20.0,Zheleznogorsk,89,1553.198625,0.0,160.22,34.38,-161.6,40.38,-29.72,38643.9,5.38
20.0,Khabarovsk,47,1014.1455,0.0,156.52,34.38,-157.9,44.08,-26.02,38643.9,9.08
20.0,Vladivostok,47,1339.240875,0.0,158.93,34.38,-160.31,41.66,-28.43,38643.9,6.66
20.0,Minsk,17,1750.067875,0.0,161.26,34.38,-162.64,39.34,-30.76,38643.9,4.34
20.0,Almaty,89,1530.76975,0.0,160.09,34.38,-161.47,40.5,-29.6,38643.9,5.5
20.166666666666668,Vladimir,16,1546.0445,0.0,160.18,34.38,-161.56,40.42,-29.68,38643.9,5.42
20.166666666666668,Murmansk,16,1163.7485,0.0,157.71,34.38,-159.09,42.88,-27.21,38643.9,7.88
20.166666666666668,Novosibirsk,88,1192.3185,0.0,157.92,34.38,-159.3,42.67,-27.43,38643.9,7.67
20.166666666666668,Zheleznogorsk,36,1648.15925,0.0,160.74,34.38,-162.11,39.86,-30.24,38643.9,4.86
20.166666666666668,Khabarovsk,46,1007.4684375,0.0,156.46,34.38,-157.84,44.14,-25.96,38643.9,9.14
20.166666666666668,Vladivostok,46,1181.57725,0.0,157.84,34.38,-159.22,42.75,-27.35,38643.9,7.75
20.166666666666668,Minsk,16,1587.403875,0.0,160.41,34.38,-161.79,40.19,-29.91,38643.9,5.19
20.166666666666668,Almaty,88,1692.568125,0.0,160.97,34.38,-162.35,39.63,-30.47,38643.9,4.63
20.333333333333332,Vladimir,15,1610.506375,0.0,160.53,34.38,-161.91,40.06,-30.04,38643.9,5.06
20.333333333333332,Murmansk,6,1230.365,0.0,158.2,34.38,-159.58,42.4,-27.7,38643.9,7.4
20.333333333333332,Novosibirsk,87,1348.754625,0.0,158.99,34.38,-160.37,41.6,-28.5,38643.9,6.6
20.333333333333332,Zheleznogorsk,35,1425.7495,0.0,159.48,34.38,-160.86,41.12,-28.98,38643.9,6.12
20.333333333333332,Khabarovsk,45,1107.62625,0.0,157.28,34.38,-158.66,43.31,-26.79,38643.9,8.31
20.333333333333332,Vladivostok,45,1109.875125,0.0,157.3,34.38,-158.68,43.3,-26.8,38643.9,8.3
20.333333333333332,Minsk,15,1477.542625,0.0,159.79,34.38,-161.17,40.81,-29.29,38643.9,5.81
20.333333333333332,Almaty,87,1900.192625,0.0,161.97,34.38,-163.35,38.63,-31.47,38643.9,3.63
20.5,Vladimir,24,1677.870375,0.0,160.89,34.38,-162.27,39.71,-30.39,38643.9,4.71
20.5,Murmansk,5,1317.776125,0.0,158.79,34.38,-160.17,41.8,-28.29,38643.9,6.8
20.5,Novosibirsk,86,1546.164625,0.0,160.18,34.38,-161.56,40.42,-29.68,38643.9,5.42
20.5,Zheleznogorsk,34,1236.47375,0.0,158.24,34.38,-159.62,42.36,-27.74,38643.9,7.36
20.5,Khabarovsk,44,1292.3825,0.0,158.62,34.38,-160.0,41.97,-28.13,38643.9,6.97
20.5,Vladivostok,44,1143.909875,0.0,157.56,34.38,-158.94,43.03,-27.07,38643.9,8.03
20.5,Minsk,14,1435.101875,0.0,159.53,34.38,-160.91,41.06,-29.04,38643.9,6.06
20.5,Almaty,33,2041.83225,0.0,162.6,34.38,-163.98,38.0,-32.1,38643.9,3.0
20.666666666666668,Vladimir,85,1714.760375,0.0,161.08,34.38,-162.46,39.52,-30.58,38643.9,4.52
20.666666666666668,Murmansk,4,1463.164625,0.0,159.7,34.38,-161.08,40.9,-29.2,38643.9,5.9
20.666666666666668,Novosibirsk,33,1413.962875,0.0,159.4,34.38,-160.78,41.19,-28.91,38643.9,6.19
20.666666666666668,Zheleznogorsk,33,1101.30175,0.0,157.23,34.38,-158.61,43.36,-26.74,38643.9,8.36
20.666666666666668,Khabarovsk,43,1533.114625,0.0,160.11,34.38,-161.49,40.49,-29.61,38643.9,5.49
20.666666666666668,Vladivostok,43,1277.895125,0.0,158.53,34.38,-159.9,42.07,-28.03,38643.9,7.07
20.666666666666668,Minsk,13,1468.006875,0.0,159.73,34.38,-161.11,40.87,-29.23,38643.9,5.87
20.666666666666668,Almaty,32,2206.236,0.0,163.27,34.38,-164.65,37.33,-32.77,38643.9,2.33
20.833333333333332,Vladimir,84,1543.9755,0.0,160.17,34.38,-161.55,40.43,-29.67,38643.9,5.43
20.833333333333332,Murmansk,3,1651.137375,0.0,160.75,34.38,-162.13,39.85,-30.25,38643.9,4.85
20.833333333333332,Novosibirsk,32,1215.222875,0.0,158.09,34.38,-159.47,42.51,-27.59,38643.9,7.51
20.833333333333332,Zheleznogorsk,32,1045.0541875,0.0,156.78,34.38,-158.16,43.82,-26.28,38643.9,8.82
20.833333333333332,Khabarovsk,14,1686.501375,0.0,160.94,34.38,-162.31,39.66,-30.44,38643.9,4.66
20.833333333333332,Vladivostok,42,1486.914375,0.0,159.84,34.38,-161.22,40.76,-29.34,38643.9,5.76
20.833333333333332,Minsk,74,1549.333,0.0,160.2,34.38,-161.58,40.4,-29.7,38643.9,5.4
20.833333333333332,Almaty,85,2170.8125,0.0,163.13,34.38,-164.51,37.47,-32.63,38643.9,2.47
21.0,Vladimir,83,1431.5215,0.0,159.51,34.38,-160.89,41.09,-29.01,38643.9,6.09
21.0,Murmansk,83,1644.87,0.0,160.72,34.38,-162.1,39.88,-30.22,38643.9,4.88
21.0,Novosibirsk,31,1067.5915,0.0,156.96,34.38,-158.34,43.63,-26.47,38643.9,8.63
21.0,Zheleznogorsk,31,1083.181625,0.0,157.09,34.38,-158.47,43.51,-26.59,38643.9,8.51
21.0,Khabarovsk,13,1427.843375,0.0,159.49,34.38,-160.87,41.11,-28.99,38643.9,6.11
21.0,Vladivostok,13,1653.91175,0.0,160.77,34.38,-162.15,39.83,-30.27,38643.9,4.83
21.0,Minsk,73,1399.010375,0.0,159.31,34.38,-160.69,41.28,-28.81,38643.9,6.28
21.0,Almaty,84,2018.041375,0.0,162.49,34.38,-163.87,38.1,-32.0,38643.9,3.1
21.166666666666668,Vladimir,82,1390.249125,0.0,159.26,34.38,-160.64,41.34,-28.76,38643.9,6.34
21.166666666666668,Murmansk,82,1427.01325,0.0,159.48,34.38,-160.86,41.11,-28.99,38643.9,6.11
21.166666666666668,Novosibirsk,30,998.0994375,0.0,156.38,34.38,-157.76,44.22,-25.88,38643.9,9.22
21.166666666666668,Zheleznogorsk,30,1209.161875,0.0,158.05,34.38,-159.42,42.55,-27.55,38643.9,7.55
21.166666666666668,Khabarovsk,12,1213.864,0.0,158.08,34.38,-159.46,42.52,-27.58,38643.9,7.52
21.166666666666668,Vladivostok,12,1479.632375,0.0,159.8,34.38,-161.18,40.8,-29.3,38643.9,5.8
21.166666666666668,Minsk,72,1311.027,0.0,158.75,34.38,-160.13,41.85,-28.25,38643.9,6.85
21.166666666666668,Almaty,30,1853.47875,0.0,161.76,34.38,-163.13,38.84,-31.26,38643.9,3.84
21.333333333333332,Vladimir,81,1424.702375,0.0,159.47,34.38,-160.85,41.13,-28.97,38643.9,6.13
21.333333333333332,Murmansk,81,1240.29425,0.0,158.27,34.38,-159.65,42.33,-27.77,38643.9,7.33
21.333333333333332,Novosibirsk,39,1026.3,0.0,156.62,34.38,-158.0,43.98,-26.12,38643.9,8.98
21.333333333333332,Zheleznogorsk,39,1401.222125,0.0,159.33,34.38,-160.71,41.27,-28.83,38643.9,6.27
21.333333333333332,Khabarovsk,11,1069.546625,0.0,156.98,34.38,-158.36,43.62,-26.48,38643.9,8.62
21.333333333333332,Vladivostok,11,1378.09075,0.0,159.18,34.38,-160.56,41.42,-28.68,38643.9,6.42
21.333333333333332,Minsk,71,1295.638875,0.0,158.65,34.38,-160.02,41.95,-28.15,38643.9,6.95
21.333333333333332,Almaty,39,1655.51075,0.0,160.77,34.38,-162.15,39.82,-30.28,38643.9,4.82
21.5,Vladimir,80,1527.948125,0.0,160.08,34.38,-161.46,40.52,-29.58,38643.9,5.52
21.5,Murmansk,80,1099.621625,0.0,157.22,34.38,-158.6,43.38,-26.72,38643.9,8.38
21.5,Novosibirsk,38,1147.7665,0.0,157.59,34.38,-158.97,43.0,-27.09,38643.9,8.0
21.5,Zheleznogorsk,38,1637.487375,0.0,160.68,34.38,-162.06,39.92,-30.18,38643.9,4.92
21.5,Khabarovsk,10,1022.02425,0.0,156.58,34.38,-157.96,44.01,-26.09,38643.9,9.01
21.5,Vladivostok,10,1363.590625,0.0,159.09,34.38,-160.47,41.51,-28.59,38643.9,6.51
21.5,Minsk,70,1352.63625,0.0,159.02,34.38,-160.4,41.58,-28.52,38643.9,6.58
21.5,Almaty,38,1507.569625,0.0,159.96,34.38,-161.34,40.64,-29.46,38643.9,5.64
21.666666666666668,Vladimir,89,1685.500375,0.0,160.93,34.38,-162.31,39.67,-30.43,38643.9,4.67
21.666666666666668,Murmansk,89,1022.7191875,0.0,156.59,34.38,-157.97,44.01,-26.09,38643.9,9.01
21.666666666666668,Novosibirsk,37,1339.369,0.0,158.93,34.38,-160.31,41.66,-28.44,38643.9,6.66
21.666666666666668,Zheleznogorsk,37,1902.365875,0.0,161.98,34.38,-163.36,38.62,-31.48,38643.9,3.62
21.666666666666668,Khabarovsk,19,1081.0455,0.0,157.07,34.38,-158.45,43.52,-26.57,38643.9,8.52
21.666666666666668,Vladivostok,19,1436.45075,0.0,159.54,34.38,-160.92,41.06,-29.04,38643.9,6.06
21.666666666666668,Minsk,79,1470.9055,0.0,159.75,34.38,-161.13,40.85,-29.25,38643.9,5.85
21.666666666666668,Almaty,37,1428.43175,0.0,159.49,34.38,-160.87,41.1,-28.99,38643.9,6.1
21.833333333333332,Vladimir,27,1512.6475,0.0,159.99,34.38,-161.37,40.61,-29.49,38643.9,5.61
21.833333333333332,Murmansk,88,1022.3395,0.0,156.59,34.38,-157.97,44.01,-26.09,38643.9,9.01
21.833333333333332,Novosibirsk,36,1577.18175,0.0,160.35,34.38,-161.73,40.24,-29.86,38643.9,5.24
21.833333333333332,Zheleznogorsk,36,2185.97675,0.0,163.19,34.38,-164.57,37.41,-32.69,38643.9,2.41
21.833333333333332,Khabarovsk,18,1228.297625,0.0,158.18,34.38,-159.56,42.42,-27.68,38643.9,7.42
21.833333333333332,Vladivostok,18,1582.21725,0.0,160.38,34.38,-161.76,40.22,-29.88,38643.9,5.22
21.833333333333332,Minsk,78,1634.530375,0.0,160.66,34.38,-162.04,39.93,-30.17,38643.9,4.93
21.833333333333332,Almaty,36,1432.298625,0.0,159.52,34.38,-160.9,41.08,-29.02,38643.9,6.08
22.0,Vladimir,26,1368.817125,0.0,159.12,34.38,-160.5,41.47,-28.62,38643.9,6.47
22.0,Murmansk,87,1096.704125,0.0,157.2,34.38,-158.58,43.4,-26.7,38643.9,8.4
22.0,Novosibirsk,35,1844.400125,0.0,161.71,34.38,-163.09,38.88,-31.21,38643.9,3.88
22.0,Zheleznogorsk,46,2098.51975,0.0,162.83,34.38,-164.21,37.76,-32.34,38643.9,2.76
22.0,Khabarovsk,55,1270.363375,0.0,158.47,34.38,-159.85,42.12,-27.98,38643.9,7.12
22.0,Vladivostok,55,1596.601875,0.0,160.46,34.38,-161.84,40.14,-29.96,38643.9,5.14
22.0,Minsk,26,1757.839125,0.0,161.3,34.38,-162.67,39.3,-30.8,38643.9,4.3
22.0,Almaty,35,1520.745625,0.0,160.04,34.38,-161.42,40.56,-29.54,38643.9,5.56
22.166666666666668,Vladimir,25,1288.54575,0.0,158.6,34.38,-159.98,42.0,-28.1,38643.9,7.0
22.166666666666668,Murmansk,15,1181.6045,0.0,157.85,34.38,-159.22,42.75,-27.35,38643.9,7.75
22.166666666666668,Novosibirsk,34,2130.61775,0.0,162.97,34.38,-164.35,37.63,-32.47,38643.9,2.63
22.166666666666668,Zheleznogorsk,45,1851.615,0.0,161.75,34.38,-163.13,38.85,-31.25,38643.9,3.85
22.166666666666668,Khabarovsk,54,1144.239375,0.0,157.57,34.38,-158.95,43.03,-27.07,38643.9,8.03
22.166666666666668,Vladivostok,54,1353.73075,0.0,159.03,34.38,-160.41,41.57,-28.53,38643.9,6.57
22.166666666666668,Minsk,25,1537.438375,0.0,160.13,34.38,-161.51,40.47,-29.63,38643.9,5.47
22.166666666666668,Almaty,34,1682.129375,0.0,160.91,34.38,-162.29,39.68,-30.41,38643.9,4.68
22.333333333333332,Vladimir,24,1286.276375,0.0,158.58,34.38,-159.96,42.01,-28.08,38643.9,7.01
22.333333333333332,Murmansk,14,1161.484625,0.0,157.7,34.38,-159.08,42.9,-27.2,38643.9,7.9
22.333333333333332,Novosibirsk,6,1974.387875,0.0,162.3,34.38,-163.68,38.29,-31.81,38643.9,3.29
22.333333333333332,Zheleznogorsk,44,1613.91075,0.0,160.55,34.38,-161.93,40.04,-30.06,38643.9,5.04
22.333333333333332,Khabarovsk,53,1101.566625,0.0,157.24,34.38,-158.62,43.36,-26.74,38643.9,8.36
22.333333333333332,Vladivostok,53,1153.113,0.0,157.63,34.38,-159.01,42.96,-27.14,38643.9,7.96
22.333333333333332,Minsk,24,1351.775875,0.0,159.01,34.38,-160.39,41.58,-28.52,38643.9,6.58
22.333333333333332,Almaty,6,1484.823625,0.0,159.83,34.38,-161.21,40.77,-29.33,38643.9,5.77
22.5,Vladimir,23,1364.409875,0.0,159.09,34.38,-160.47,41.5,-28.6,38643.9,6.5
22.5,Murmansk,4,1146.36175,0.0,157.58,34.38,-158.96,43.01,-27.08,38643.9,8.01
22.5,Novosibirsk,5,1771.771375,0.0,161.36,34.38,-162.74,39.23,-30.87,38643.9,4.23
22.5,Zheleznogorsk,43,1393.664875,0.0,159.28,34.38,-160.66,41.32,-28.78,38643.9,6.32
22.5,Khabarovsk,52,1155.102875,0.0,157.65,34.38,-159.03,42.95,-27.15,38643.9,7.95
22.5,Vladivostok,52,1024.732375,0.0,156.61,34.38,-157.99,43.99,-26.11,38643.9,8.99
22.5,Minsk,23,1220.27125,0.0,158.12,34.38,-159.5,42.47,-27.63,38643.9,7.47
22.5,Almaty,5,1261.776875,0.0,158.42,34.38,-159.79,42.18,-27.92,38643.9,7.18
22.666666666666668,Vladimir,22,1512.0435,0.0,159.99,34.38,-161.37,40.61,-29.49,38643.9,5.61
22.666666666666668,Murmansk,3,1125.868625,0.0,157.43,34.38,-158.8,43.17,-26.93,38643.9,8.17
22.666666666666668,Novosibirsk,4,1608.422625,0.0,160.52,34.38,-161.9,40.07,-30.03,38643.9,5.07
22.666666666666668,Zheleznogorsk,42,1204.36375,0.0,158.01,34.38,-159.39,42.59,-27.51,38643.9,7.59
22.666666666666668,Khabarovsk,51,1295.652875,0.0,158.65,34.38,-160.02,41.95,-28.15,38643.9,6.95
22.666666666666668,Vladivostok,51,1001.2466875,0.0,156.41,34.38,-157.79,44.19,-25.91,38643.9,9.19
22.666666666666668,Minsk,22,1164.699375,0.0,157.72,34.38,-159.1,42.88,-27.22,38643.9,7.88
22.666666666666668,Almaty,4,1110.105875,0.0,157.3,34.38,-158.68,43.29,-26.8,38643.9,8.29
22.833333333333332,Vladimir,83,1573.328875,0.0,160.33,34.38,-161.71,40.26,-29.83,38643.9,5.26
22.833333333333332,Murmansk,2,1182.123125,0.0,157.85,34.38,-159.23,42.75,-27.35,38643.9,7.75
22.833333333333332,Novosibirsk,41,1494.9165,0.0,159.89,34.38,-161.27,40.71,-29.39,38643.9,5.71
22.833333333333332,Zheleznogorsk,41,1066.705875,0.0,156.96,34.38,-158.34,43.64,-26.46,38643.9,8.64
22.833333333333332,Khabarovsk,50,1500.93475,0.0,159.92,34.38,-161.3,40.67,-29.42,38643.9,5.67
22.833333333333332,Vladivostok,50,1092.95925,0.0,157.17,34.38,-158.55,43.43,-26.67,38643.9,8.43
22.833333333333332,Minsk,21,1198.479875,0.0,157.97,34.38,-159.35,42.63,-27.47,38643.9,7.63
22.833333333333332,Almaty,3,1058.26525,0.0,156.89,34.38,-158.27,43.71,-26.39,38643.9,8.71
23.0,Vladimir,82,1474.18775,0.0,159.77,34.38,-161.15,40.83,-29.27,38643.9,5.83
23.0,Murmansk,1,1304.266875,0.0,158.7,34.38,-160.08,41.89,-28.2,38643.9,6.89
23.0,Novosibirsk,40,1308.063875,0.0,158.73,34.38,-160.11,41.87,-28.23,38643.9,6.87
23.0,Zheleznogorsk,40,1006.1285,0.0,156.45,34.38,-157.83,44.15,-25.95,38643.9,9.15
23.0,Khabarovsk,59,1749.711,0.0,161.26,34.38,-162.63,39.34,-30.76,38643.9,4.34
23.0,Vladivostok,59,1277.8125,0.0,158.53,34.38,-159.9,42.07,-28.03,38643.9,7.07
23.0,Minsk,20,1316.93925,0.0,158.79,34.38,-160.17,41.81,-28.29,38643.9,6.81
23.0,Almaty,2,1117.21825,0.0,157.36,34.38,-158.74,43.24,-26.86,38643.9,8.24
23.166666666666668,Vladimir,81,1435.697625,0.0,159.54,34.38,-160.92,41.06,-29.04,38643.9,6.06
23.166666666666668,Murmansk,0,1474.9625,0.0,159.77,34.38,-161.15,40.83,-29.27,38643.9,5.83
23.166666666666668,Novosibirsk,49,1167.621625,0.0,157.74,34.38,-159.12,42.86,-27.24,38643.9,7.86
23.166666666666668,Zheleznogorsk,49,1039.6784375,0.0,156.73,34.38,-158.11,43.86,-26.24,38643.9,8.86
23.166666666666668,Khabarovsk,21,1676.671875,0.0,160.88,34.38,-162.26,39.71,-30.39,38643.9,4.71
23.166666666666668,Vladivostok,58,1524.01725,0.0,160.06,34.38,-161.43,40.54,-29.56,38643.9,5.54
23.166666666666668,Minsk,81,1202.950625,0.0,158.0,34.38,-159.38,42.6,-27.5,38643.9,7.6
23.166666666666668,Almaty,1,1268.588625,0.0,158.46,34.38,-159.84,42.13,-27.96,38643.9,7.13
23.333333333333332,Vladimir,80,1460.28,0.0,159.68,34.38,-161.06,40.91,-29.19,38643.9,5.91
23.333333333333332,Murmansk,9,1678.351375,0.0,160.89,34.38,-162.27,39.7,-30.4,38643.9,4.7
23.333333333333332,Novosibirsk,48,1095.52025,0.0,157.19,34.38,-158.57,43.41,-26.69,38643.9,8.41
23.333333333333332,Zheleznogorsk,48,1161.947125,0.0,157.7,34.38,-159.08,42.9,-27.2,38643.9,7.9
23.333333333333332,Khabarovsk,20,1469.793875,0.0,159.74,34.38,-161.12,40.86,-29.24,38643.9,5.86
23.333333333333332,Vladivostok,57,1807.8275,0.0,161.54,34.38,-162.92,39.06,-31.04,38643.9,4.06
23.333333333333332,Minsk,80,1074.356625,0.0,157.02,34.38,-158.4,43.58,-26.52,38643.9,8.58
23.333333333333332,Almaty,0,1481.39325,0.0,159.81,34.38,-161.19,40.79,-29.31,38643.9,5.79
23.5,Vladimir,89,1542.438625,0.0,160.16,34.38,-161.54,40.44,-29.66,38643.9,5.44
23.5,Murmansk,37,1688.6815,0.0,160.95,34.38,-162.33,39.65,-30.45,38643.9,4.65
23.5,Novosibirsk,47,1108.705125,0.0,157.29,34.38,-158.67,43.3,-26.79,38643.9,8.3
23.5,Zheleznogorsk,47,1351.07175,0.0,159.01,34.38,-160.39,41.59,-28.51,38643.9,6.59
23.5,Khabarovsk,29,1323.420125,0.0,158.83,34.38,-160.21,41.77,-28.33,38643.9,6.77
23.5,Vladivostok,29,1799.482375,0.0,161.5,34.38,-162.88,39.1,-31.0,38643.9,4.1
23.5,Minsk,89,1033.492125,0.0,156.68,34.38,-158.06,43.91,-26.18,38643.9,8.91
23.5,Almaty,47,1475.210125,0.0,159.77,34.38,-161.15,40.82,-29.27,38643.9,5.82
23.666666666666668,Vladimir,88,1671.210375,0.0,160.86,34.38,-162.24,39.74,-30.36,38643.9,4.74
23.666666666666668,Murmansk,36,1578.336375,0.0,160.36,34.38,-161.74,40.24,-29.86,38643.9,5.24
23.666666666666668,Novosibirsk,46,1207.252625,0.0,158.03,34.38,-159.41,42.57,-27.53,38643.9,7.57
23.666666666666668,Zheleznogorsk,46,1584.74225,0.0,160.39,34.38,-161.77,40.2,-29.9,38643.9,5.2
23.666666666666668,Khabarovsk,28,1256.930125,0.0,158.38,34.38,-159.76,42.21,-27.88,38643.9,7.21
23.666666666666668,Vladivostok,28,1760.382875,0.0,161.31,34.38,-162.69,39.29,-30.81,38643.9,4.29
23.666666666666668,Minsk,88,1087.20525,0.0,157.12,34.38,-158.5,43.47,-26.62,38643.9,8.47
23.666666666666668,Almaty,46,1272.594,0.0,158.49,34.38,-159.87,42.11,-27.99,38643.9,7.11
23.833333333333332,Vladimir,7,1532.799625,0.0,160.11,34.38,-161.48,40.49,-29.61,38643.9,5.49
23.833333333333332,Murmansk,26,1451.63175,0.0,159.63,34.38,-161.01,40.96,-29.13,38643.9,5.96
23.833333333333332,Novosibirsk,45,1375.125875,0.0,159.16,34.38,-160.54,41.43,-28.66,38643.9,6.43
23.833333333333332,Zheleznogorsk,45,1847.14425,0.0,161.73,34.38,-163.1,38.87,-31.23,38643.9,3.87
23.833333333333332,Khabarovsk,27,1280.526125,0.0,158.54,34.38,-159.92,42.05,-28.05,38643.9,7.05
23.833333333333332,Vladivostok,27,1791.962125,0.0,161.46,34.38,-162.84,39.13,-30.96,38643.9,4.13
23.833333333333332,Minsk,87,1220.029,0.0,158.12,34.38,-159.5,42.47,-27.63,38643.9,7.47
23.833333333333332,Almaty,45,1135.30475,0.0,157.5,34.38,-158.88,43.1,-27.0,38643.9,8.1
