time_h,gs_name,sat_id,elevation_deg,distance_km,cn0_dbhz,pseudorange_noise_m,clock_sync_error_m,tropo_error_m,iono_error_m,uere_m,pos_error_3d_m,time_error_ns,propagation_delay_ms
0.0,Vladimir,31.0,0.0,1138.59575,43.07,0.1638,1.7988,28.684,22.947,36.783,1272.429,1273.31,3.798
0.0,Murmansk,3.0,0.0,1097.0945,43.4,0.1577,1.7988,28.684,22.947,36.783,1272.428,1273.309,3.66
0.0,Novosibirsk,13.0,0.0,1650.7165,39.85,0.2373,1.7988,28.684,22.947,36.783,1272.443,1273.324,5.506
0.0,Zheleznogorsk,13.0,0.0,1243.932625,42.31,0.1787,1.7988,28.684,22.947,36.783,1272.432,1273.313,4.149
0.0,Khabarovsk,51.0,0.0,1589.3685,40.18,0.2284,1.7988,28.684,22.947,36.783,1272.441,1273.322,5.302
0.0,Vladivostok,51.0,0.0,1722.72975,39.48,0.2476,1.7988,28.684,22.947,36.783,1272.446,1273.327,5.746
0.0,Minsk,31.0,0.0,1353.428375,41.57,0.1946,1.7988,28.684,22.947,36.783,1272.435,1273.316,4.515
0.0,Almaty,41.0,0.0,1537.796375,40.46,0.2212,1.7988,28.684,22.947,36.783,1272.44,1273.321,5.13
0.16666666666666666,Vladimir,30.0,0.0,1275.045,42.09,0.1833,1.7988,28.684,22.947,36.783,1272.433,1273.313,4.253
0.16666666666666666,Murmansk,2.0,0.0,1011.3800625,44.1,0.1455,1.7988,28.684,22.947,36.783,1272.427,1273.308,3.374
0.16666666666666666,Novosibirsk,12.0,0.0,1411.39625,41.21,0.2029,1.7988,28.684,22.947,36.783,1272.436,1273.317,4.708
0.16666666666666666,Zheleznogorsk,12.0,0.0,1090.17025,43.45,0.1568,1.7988,28.684,22.947,36.783,1272.428,1273.309,3.636
0.16666666666666666,Khabarovsk,50.0,0.0,1794.653625,39.12,0.2581,1.7988,28.684,22.947,36.783,1272.448,1273.329,5.986
0.16666666666666666,Vladivostok,50.0,0.0,1828.491125,38.96,0.2629,1.7988,28.684,22.947,36.783,1272.449,1273.33,6.099
0.16666666666666666,Minsk,30.0,0.0,1262.997375,42.17,0.1816,1.7988,28.684,22.947,36.783,1272.432,1273.313,4.213
0.16666666666666666,Almaty,3.0,0.0,1623.786375,39.99,0.2335,1.7988,28.684,22.947,36.783,1272.442,1273.323,5.416
0.3333333333333333,Vladimir,39.0,0.0,1469.580375,40.86,0.2112,1.7988,28.684,22.947,36.783,1272.438,1273.319,4.902
0.3333333333333333,Murmansk,1.0,0.0,1004.1449375,44.17,0.1443,1.7988,28.684,22.947,36.783,1272.427,1273.307,3.349
0.3333333333333333,Novosibirsk,11.0,0.0,1216.511625,42.5,0.1749,1.7988,28.684,22.947,36.783,1272.431,1273.312,4.058
0.3333333333333333,Zheleznogorsk,11.0,0.0,1015.9295625,44.06,0.1461,1.7988,28.684,22.947,36.783,1272.427,1273.308,3.389
0.3333333333333333,Khabarovsk,22.0,0.0,1752.73425,39.33,0.2519,1.7988,28.684,22.947,36.783,1272.447,1273.328,5.846
0.3333333333333333,Vladivostok,22.0,0.0,1551.623625,40.39,0.223,1.7988,28.684,22.947,36.783,1272.44,1273.321,5.176
0.3333333333333333,Minsk,39.0,0.0,1243.852375,42.31,0.1787,1.7988,28.684,22.947,36.783,1272.432,1273.313,4.149
0.3333333333333333,Almaty,2.0,0.0,1726.558875,39.46,0.2482,1.7988,28.684,22.947,36.783,1272.446,1273.327,5.759
0.5,Vladimir,38.0,0.0,1703.7825,39.57,0.245,1.7988,28.684,22.947,36.783,1272.445,1273.326,5.683
0.5,Murmansk,0.0,0.0,1075.246875,43.57,0.1546,1.7988,28.684,22.947,36.783,1272.428,1273.309,3.587
0.5,Novosibirsk,10.0,0.0,1088.264375,43.47,0.1564,1.7988,28.684,22.947,36.783,1272.428,1273.309,3.63
0.5,Zheleznogorsk,10.0,0.0,1035.50075,43.9,0.1488,1.7988,28.684,22.947,36.783,1272.427,1273.308,3.454
0.5,Khabarovsk,21.0,0.0,1523.39125,40.54,0.2191,1.7988,28.684,22.947,36.783,1272.439,1273.32,5.081
0.5,Vladivostok,21.0,0.0,1299.263125,41.93,0.1867,1.7988,28.684,22.947,36.783,1272.433,1273.314,4.334
0.5,Minsk,38.0,0.0,1302.064375,41.91,0.1872,1.7988,28.684,22.947,36.783,1272.433,1273.314,4.343
0.5,Almaty,1.0,0.0,1880.3705,38.72,0.2702,1.7988,28.684,22.947,36.783,1272.451,1273.332,6.272
0.6666666666666666,Vladimir,37.0,0.0,1964.471625,38.34,0.2823,1.7988,28.684,22.947,36.784,1272.454,1273.335,6.553
0.6666666666666666,Murmansk,9.0,0.0,1209.199,42.55,0.1739,1.7988,28.684,22.947,36.783,1272.431,1273.312,4.033
0.6666666666666666,Novosibirsk,19.0,0.0,1048.927,43.79,0.1507,1.7988,28.684,22.947,36.783,1272.427,1273.308,3.499
0.6666666666666666,Zheleznogorsk,19.0,0.0,1141.088125,43.05,0.1641,1.7988,28.684,22.947,36.783,1272.429,1273.31,3.806
0.6666666666666666,Khabarovsk,20.0,0.0,1342.136375,41.65,0.1929,1.7988,28.684,22.947,36.783,1272.434,1273.315,4.477
0.6666666666666666,Vladivostok,20.0,0.0,1105.189875,43.33,0.1589,1.7988,28.684,22.947,36.783,1272.429,1273.31,3.687
0.6666666666666666,Minsk,37.0,0.0,1430.568125,41.09,0.2057,1.7988,28.684,22.947,36.783,1272.437,1273.318,4.772
0.6666666666666666,Almaty,19.0,0.0,2061.029,37.92,0.2963,1.7988,28.684,22.947,36.784,1272.458,1273.339,6.875
0.8333333333333334,Vladimir,9.0,0.0,2141.51625,37.59,0.3078,1.7988,28.684,22.947,36.784,1272.461,1273.342,7.143
0.8333333333333334,Murmansk,8.0,0.0,1386.18575,41.36,0.1994,1.7988,28.684,22.947,36.783,1272.435,1273.316,4.624
0.8333333333333334,Novosibirsk,18.0,0.0,1105.329875,43.33,0.1589,1.7988,28.684,22.947,36.783,1272.429,1273.31,3.687
0.8333333333333334,Zheleznogorsk,18.0,0.0,1309.1905,41.86,0.1883,1.7988,28.684,22.947,36.783,1272.433,1273.314,4.367
0.8333333333333334,Khabarovsk,29.0,0.0,1228.25,42.42,0.1765,1.7988,28.684,22.947,36.783,1272.431,1273.312,4.097
0.8333333333333334,Vladivostok,29.0,0.0,1001.1983125,44.19,0.144,1.7988,28.684,22.947,36.783,1272.427,1273.307,3.34
0.8333333333333334,Minsk,36.0,0.0,1614.475375,40.04,0.2321,1.7988,28.684,22.947,36.783,1272.442,1273.323,5.385
0.8333333333333334,Almaty,18.0,0.0,2137.53925,37.6,0.3074,1.7988,28.684,22.947,36.784,1272.461,1273.342,7.13
1.0,Vladimir,8.0,0.0,1889.438625,38.67,0.2718,1.7988,28.684,22.947,36.783,1272.452,1273.332,6.302
1.0,Murmansk,36.0,0.0,1524.65075,40.54,0.2191,1.7988,28.684,22.947,36.783,1272.439,1273.32,5.086
1.0,Novosibirsk,17.0,0.0,1241.793375,42.32,0.1785,1.7988,28.684,22.947,36.783,1272.432,1273.313,4.142
1.0,Zheleznogorsk,17.0,0.0,1516.45475,40.58,0.2181,1.7988,28.684,22.947,36.783,1272.439,1273.32,5.058
1.0,Khabarovsk,28.0,0.0,1198.41675,42.63,0.1723,1.7988,28.684,22.947,36.783,1272.431,1273.312,3.997
1.0,Vladivostok,28.0,0.0,1012.21525,44.1,0.1455,1.7988,28.684,22.947,36.783,1272.427,1273.308,3.376
1.0,Minsk,35.0,0.0,1838.58575,38.91,0.2644,1.7988,28.684,22.947,36.783,1272.45,1273.331,6.133
1.0,Almaty,46.0,0.0,2134.1035,37.62,0.3067,1.7988,28.684,22.947,36.784,1272.461,1273.342,7.119
1.1666666666666667,Vladimir,7.0,0.0,1662.74025,39.78,0.2392,1.7988,28.684,22.947,36.783,1272.444,1273.325,5.546
1.1666666666666667,Murmansk,35.0,0.0,1332.805,41.71,0.1915,1.7988,28.684,22.947,36.783,1272.434,1273.315,4.446
1.1666666666666667,Novosibirsk,16.0,0.0,1433.020375,41.08,0.2059,1.7988,28.684,22.947,36.783,1272.437,1273.318,4.78
1.1666666666666667,Zheleznogorsk,16.0,0.0,1746.444625,39.36,0.251,1.7988,28.684,22.947,36.783,1272.446,1273.327,5.826
1.1666666666666667,Khabarovsk,27.0,0.0,1255.720125,42.22,0.1806,1.7988,28.684,22.947,36.783,1272.432,1273.313,4.189
1.1666666666666667,Vladivostok,27.0,0.0,1131.60025,43.13,0.1626,1.7988,28.684,22.947,36.783,1272.429,1273.31,3.775
1.1666666666666667,Minsk,7.0,0.0,2019.882375,38.09,0.2906,1.7988,28.684,22.947,36.784,1272.456,1273.337,6.738
1.1666666666666667,Almaty,54.0,0.0,1957.294875,38.37,0.2813,1.7988,28.684,22.947,36.784,1272.454,1273.335,6.529
1.3333333333333333,Vladimir,6.0,0.0,1471.89875,40.84,0.2117,1.7988,28.684,22.947,36.783,1272.438,1273.319,4.91
1.3333333333333333,Murmansk,34.0,0.0,1171.97575,42.82,0.1686,1.7988,28.684,22.947,36.783,1272.43,1273.311,3.909
1.3333333333333333,Novosibirsk,15.0,0.0,1657.677875,39.81,0.2384,1.7988,28.684,22.947,36.783,1272.444,1273.324,5.529
1.3333333333333333,Zheleznogorsk,15.0,0.0,1988.8925,38.23,0.2859,1.7988,28.684,22.947,36.784,1272.455,1273.336,6.634
1.3333333333333333,Khabarovsk,26.0,0.0,1386.4525,41.36,0.1994,1.7988,28.684,22.947,36.783,1272.435,1273.316,4.625
1.3333333333333333,Vladivostok,26.0,0.0,1327.28225,41.74,0.1909,1.7988,28.684,22.947,36.783,1272.434,1273.315,4.427
1.3333333333333333,Minsk,6.0,0.0,1738.057875,39.4,0.2499,1.7988,28.684,22.947,36.783,1272.446,1273.327,5.798
1.3333333333333333,Almaty,53.0,0.0,1776.57475,39.21,0.2554,1.7988,28.684,22.947,36.783,1272.447,1273.328,5.926
1.5,Vladimir,5.0,0.0,1330.64525,41.72,0.1913,1.7988,28.684,22.947,36.783,1272.434,1273.315,4.439
1.5,Murmansk,33.0,0.0,1058.98825,43.7,0.1523,1.7988,28.684,22.947,36.783,1272.428,1273.309,3.532
1.5,Novosibirsk,14.0,0.0,1901.582,38.62,0.2734,1.7988,28.684,22.947,36.784,1272.452,1273.333,6.343
1.5,Zheleznogorsk,14.0,0.0,2237.48525,37.21,0.3215,1.7988,28.684,22.947,36.784,1272.465,1273.346,7.463
1.5,Khabarovsk,63.0,0.0,1245.135625,42.3,0.179,1.7988,28.684,22.947,36.783,1272.432,1273.313,4.153
1.5,Vladivostok,25.0,0.0,1567.965125,40.29,0.2255,1.7988,28.684,22.947,36.783,1272.441,1273.322,5.23
1.5,Minsk,5.0,0.0,1478.89725,40.8,0.2127,1.7988,28.684,22.947,36.783,1272.438,1273.319,4.933
1.5,Almaty,52.0,0.0,1639.0105,39.91,0.2356,1.7988,28.684,22.947,36.783,1272.443,1273.324,5.467
1.6666666666666667,Vladimir,4.0,0.0,1253.617375,42.24,0.1802,1.7988,28.684,22.947,36.783,1272.432,1273.313,4.182
1.6666666666666667,Murmansk,32.0,0.0,1012.4649375,44.09,0.1456,1.7988,28.684,22.947,36.783,1272.427,1273.308,3.377
1.6666666666666667,Novosibirsk,13.0,0.0,2155.96125,37.53,0.3099,1.7988,28.684,22.947,36.784,1272.462,1273.343,7.192
1.6666666666666667,Zheleznogorsk,24.0,0.0,2020.08925,38.09,0.2906,1.7988,28.684,22.947,36.784,1272.456,1273.337,6.738
1.6666666666666667,Khabarovsk,62.0,0.0,1116.19725,43.25,0.1604,1.7988,28.684,22.947,36.783,1272.429,1273.31,3.723
1.6666666666666667,Vladivostok,62.0,0.0,1543.057875,40.43,0.2219,1.7988,28.684,22.947,36.783,1272.44,1273.321,5.147
1.6666666666666667,Minsk,4.0,0.0,1255.225375,42.23,0.1804,1.7988,28.684,22.947,36.783,1272.432,1273.313,4.187
1.6666666666666667,Almaty,51.0,0.0,1559.26825,40.34,0.2243,1.7988,28.684,22.947,36.783,1272.44,1273.321,5.201
1.8333333333333333,Vladimir,3.0,0.0,1250.176125,42.26,0.1798,1.7988,28.684,22.947,36.783,1272.432,1273.313,4.17
1.8333333333333333,Murmansk,31.0,0.0,1043.464625,43.83,0.15,1.7988,28.684,22.947,36.783,1272.427,1273.308,3.481
1.8333333333333333,Novosibirsk,51.0,0.0,2310.0845,36.93,0.3321,1.7988,28.684,22.947,36.784,1272.469,1273.35,7.706
1.8333333333333333,Zheleznogorsk,23.0,0.0,1745.3605,39.36,0.251,1.7988,28.684,22.947,36.783,1272.446,1273.327,5.822
1.8333333333333333,Khabarovsk,61.0,0.0,1077.4335,43.55,0.155,1.7988,28.684,22.947,36.783,1272.428,1273.309,3.594
1.8333333333333333,Vladivostok,61.0,0.0,1386.568625,41.36,0.1994,1.7988,28.684,22.947,36.783,1272.435,1273.316,4.625
1.8333333333333333,Minsk,3.0,0.0,1087.210375,43.47,0.1564,1.7988,28.684,22.947,36.783,1272.428,1273.309,3.627
1.8333333333333333,Almaty,13.0,0.0,1464.432875,40.89,0.2105,1.7988,28.684,22.947,36.783,1272.438,1273.319,4.885
2.0,Vladimir,2.0,0.0,1318.189625,41.8,0.1896,1.7988,28.684,22.947,36.783,1272.434,1273.315,4.397
2.0,Murmansk,30.0,0.0,1147.39225,43.01,0.1649,1.7988,28.684,22.947,36.783,1272.43,1273.31,3.827
2.0,Novosibirsk,50.0,0.0,2052.259875,37.96,0.2949,1.7988,28.684,22.947,36.784,1272.458,1273.339,6.846
2.0,Zheleznogorsk,22.0,0.0,1494.0635,40.71,0.2149,1.7988,28.684,22.947,36.783,1272.439,1273.319,4.984
2.0,Khabarovsk,60.0,0.0,1141.292625,43.05,0.1641,1.7988,28.684,22.947,36.783,1272.429,1273.31,3.807
2.0,Vladivostok,60.0,0.0,1303.242375,41.9,0.1874,1.7988,28.684,22.947,36.783,1272.433,1273.314,4.347
2.0,Minsk,2.0,0.0,1000.66325,44.2,0.1438,1.7988,28.684,22.947,36.783,1272.427,1273.307,3.338
2.0,Almaty,12.0,0.0,1280.595,42.05,0.1842,1.7988,28.684,22.947,36.783,1272.433,1273.314,4.272
2.1666666666666665,Vladimir,49.0,0.0,1409.01,41.22,0.2026,1.7988,28.684,22.947,36.783,1272.436,1273.317,4.7
2.1666666666666665,Murmansk,10.0,0.0,1068.979625,43.62,0.1537,1.7988,28.684,22.947,36.783,1272.428,1273.309,3.566
2.1666666666666665,Novosibirsk,59.0,0.0,1801.47025,39.09,0.259,1.7988,28.684,22.947,36.783,1272.448,1273.329,6.009
2.1666666666666665,Zheleznogorsk,21.0,0.0,1279.0,42.06,0.184,1.7988,28.684,22.947,36.783,1272.433,1273.314,4.266
2.1666666666666665,Khabarovsk,69.0,0.0,1295.0855,41.96,0.1861,1.7988,28.684,22.947,36.783,1272.433,1273.314,4.32
2.1666666666666665,Vladivostok,69.0,0.0,1310.172875,41.85,0.1885,1.7988,28.684,22.947,36.783,1272.434,1273.314,4.37
2.1666666666666665,Minsk,1.0,0.0,1013.642375,44.08,0.1458,1.7988,28.684,22.947,36.783,1272.427,1273.308,3.381
2.1666666666666665,Almaty,11.0,0.0,1174.4045,42.8,0.1689,1.7988,28.684,22.947,36.783,1272.43,1273.311,3.917
2.3333333333333335,Vladimir,48.0,0.0,1508.46975,40.63,0.2169,1.7988,28.684,22.947,36.783,1272.439,1273.32,5.032
2.3333333333333335,Murmansk,19.0,0.0,1021.1691875,44.02,0.1468,1.7988,28.684,22.947,36.783,1272.427,1273.308,3.406
2.3333333333333335,Novosibirsk,58.0,0.0,1564.337,40.31,0.225,1.7988,28.684,22.947,36.783,1272.441,1273.322,5.218
2.3333333333333335,Zheleznogorsk,20.0,0.0,1119.57925,43.22,0.161,1.7988,28.684,22.947,36.783,1272.429,1273.31,3.735
2.3333333333333335,Khabarovsk,68.0,0.0,1513.34425,40.6,0.2176,1.7988,28.684,22.947,36.783,1272.439,1273.32,5.048
2.3333333333333335,Vladivostok,68.0,0.0,1408.450625,41.23,0.2024,1.7988,28.684,22.947,36.783,1272.436,1273.317,4.698
2.3333333333333335,Minsk,0.0,0.0,1119.62875,43.22,0.161,1.7988,28.684,22.947,36.783,1272.429,1273.31,3.735
2.3333333333333335,Almaty,10.0,0.0,1164.50525,42.88,0.1674,1.7988,28.684,22.947,36.783,1272.43,1273.311,3.884
2.5,Vladimir,47.0,0.0,1662.127,39.79,0.2389,1.7988,28.684,22.947,36.783,1272.444,1273.325,5.544
2.5,Murmansk,18.0,0.0,1054.991,43.74,0.1516,1.7988,28.684,22.947,36.783,1272.428,1273.308,3.519
2.5,Novosibirsk,57.0,0.0,1351.59525,41.58,0.1944,1.7988,28.684,22.947,36.783,1272.435,1273.315,4.508
2.5,Zheleznogorsk,29.0,0.0,1039.473375,43.86,0.1495,1.7988,28.684,22.947,36.783,1272.427,1273.308,3.467
2.5,Khabarovsk,39.0,0.0,1748.45275,39.35,0.2513,1.7988,28.684,22.947,36.783,1272.446,1273.327,5.832
2.5,Vladivostok,67.0,0.0,1582.92925,40.21,0.2276,1.7988,28.684,22.947,36.783,1272.441,1273.322,5.28
2.5,Minsk,9.0,0.0,1293.021625,41.97,0.1859,1.7988,28.684,22.947,36.783,1272.433,1273.314,4.313
2.5,Almaty,19.0,0.0,1250.1865,42.26,0.1798,1.7988,28.684,22.947,36.783,1272.432,1273.313,4.17
2.6666666666666665,Vladimir,46.0,0.0,1858.00025,38.82,0.2671,1.7988,28.684,22.947,36.783,1272.45,1273.331,6.198
2.6666666666666665,Murmansk,17.0,0.0,1161.889125,42.9,0.167,1.7988,28.684,22.947,36.783,1272.43,1273.311,3.876
2.6666666666666665,Novosibirsk,56.0,0.0,1180.26975,42.76,0.1697,1.7988,28.684,22.947,36.783,1272.43,1273.311,3.937
2.6666666666666665,Zheleznogorsk,28.0,0.0,1054.296,43.74,0.1516,1.7988,28.684,22.947,36.783,1272.428,1273.308,3.517
2.6666666666666665,Khabarovsk,38.0,0.0,1479.6655,40.8,0.2127,1.7988,28.684,22.947,36.783,1272.438,1273.319,4.936
2.6666666666666665,Vladivostok,38.0,0.0,1546.367625,40.41,0.2225,1.7988,28.684,22.947,36.783,1272.44,1273.321,5.158
2.6666666666666665,Minsk,8.0,0.0,1507.97225,40.63,0.2169,1.7988,28.684,22.947,36.783,1272.439,1273.32,5.03
2.6666666666666665,Almaty,18.0,0.0,1411.154875,41.21,0.2029,1.7988,28.684,22.947,36.783,1272.436,1273.317,4.707
2.8333333333333335,Vladimir,45.0,0.0,2085.292125,37.82,0.2997,1.7988,28.684,22.947,36.784,1272.459,1273.34,6.956
2.8333333333333335,Murmansk,16.0,0.0,1322.784125,41.77,0.1902,1.7988,28.684,22.947,36.783,1272.434,1273.315,4.412
2.8333333333333335,Novosibirsk,55.0,0.0,1074.181,43.58,0.1544,1.7988,28.684,22.947,36.783,1272.428,1273.309,3.583
2.8333333333333335,Zheleznogorsk,27.0,0.0,1157.7075,42.93,0.1664,1.7988,28.684,22.947,36.783,1272.43,1273.311,3.862
2.8333333333333335,Khabarovsk,37.0,0.0,1249.163875,42.27,0.1796,1.7988,28.684,22.947,36.783,1272.432,1273.313,4.167
2.8333333333333335,Vladivostok,37.0,0.0,1336.85625,41.68,0.1922,1.7988,28.684,22.947,36.783,1272.434,1273.315,4.459
2.8333333333333335,Minsk,7.0,0.0,1746.59025,39.36,0.251,1.7988,28.684,22.947,36.783,1272.446,1273.327,5.826
2.8333333333333335,Almaty,17.0,0.0,1622.25,40.0,0.2332,1.7988,28.684,22.947,36.783,1272.442,1273.323,5.411
3.0,Vladimir,16.0,0.0,2079.3305,37.84,0.299,1.7988,28.684,22.947,36.784,1272.459,1273.34,6.936
3.0,Murmansk,15.0,0.0,1519.144,40.57,0.2184,1.7988,28.684,22.947,36.783,1272.439,1273.32,5.067
3.0,Novosibirsk,54.0,0.0,1056.67025,43.72,0.152,1.7988,28.684,22.947,36.783,1272.428,1273.309,3.525
3.0,Zheleznogorsk,26.0,0.0,1326.522,41.75,0.1906,1.7988,28.684,22.947,36.783,1272.434,1273.315,4.425
3.0,Khabarovsk,36.0,0.0,1079.626375,43.54,0.1551,1.7988,28.684,22.947,36.783,1272.428,1273.309,3.601
3.0,Vladivostok,36.0,0.0,1199.05725,42.62,0.1725,1.7988,28.684,22.947,36.783,1272.431,1273.312,4.0
3.0,Minsk,44.0,0.0,1890.550375,38.67,0.2718,1.7988,28.684,22.947,36.783,1272.452,1273.332,6.306
3.0,Almaty,16.0,0.0,1863.728,38.79,0.2681,1.7988,28.684,22.947,36.783,1272.451,1273.331,6.217
3.1666666666666665,Vladimir,15.0,0.0,1802.713375,39.08,0.2593,1.7988,28.684,22.947,36.783,1272.448,1273.329,6.013
3.1666666666666665,Murmansk,44.0,0.0,1478.226875,40.81,0.2124,1.7988,28.684,22.947,36.783,1272.438,1273.319,4.931
3.1666666666666665,Novosibirsk,53.0,0.0,1134.689875,43.1,0.1632,1.7988,28.684,22.947,36.783,1272.429,1273.31,3.785
3.1666666666666665,Zheleznogorsk,25.0,0.0,1536.825,40.47,0.2209,1.7988,28.684,22.947,36.783,1272.44,1273.321,5.126
3.1666666666666665,Khabarovsk,35.0,0.0,999.7098125,44.2,0.1438,1.7988,28.684,22.947,36.783,1272.427,1273.307,3.335
3.1666666666666665,Vladivostok,35.0,0.0,1156.48475,42.94,0.1662,1.7988,28.684,22.947,36.783,1272.43,1273.311,3.858
3.1666666666666665,Minsk,43.0,0.0,2065.249,37.9,0.297,1.7988,28.684,22.947,36.784,1272.458,1273.339,6.889
3.1666666666666665,Almaty,53.0,0.0,1768.23025,39.25,0.2542,1.7988,28.684,22.947,36.783,1272.447,1273.328,5.898
3.3333333333333335,Vladimir,14.0,0.0,1546.754875,40.41,0.2225,1.7988,28.684,22.947,36.783,1272.44,1273.321,5.159
3.3333333333333335,Murmansk,43.0,0.0,1317.44525,41.81,0.1893,1.7988,28.684,22.947,36.783,1272.434,1273.315,4.395
3.3333333333333335,Novosibirsk,52.0,0.0,1293.186,41.97,0.1859,1.7988,28.684,22.947,36.783,1272.433,1273.314,4.314
3.3333333333333335,Zheleznogorsk,24.0,0.0,1771.51,39.23,0.2548,1.7988,28.684,22.947,36.783,1272.447,1273.328,5.909
3.3333333333333335,Khabarovsk,34.0,0.0,1027.296,43.97,0.1477,1.7988,28.684,22.947,36.783,1272.427,1273.308,3.427
3.3333333333333335,Vladivostok,34.0,0.0,1216.444625,42.5,0.1749,1.7988,28.684,22.947,36.783,1272.431,1273.312,4.058
3.3333333333333335,Minsk,14.0,0.0,2132.68675,37.62,0.3067,1.7988,28.684,22.947,36.784,1272.461,1273.342,7.114
3.3333333333333335,Almaty,52.0,0.0,1680.152125,39.69,0.2417,1.7988,28.684,22.947,36.783,1272.444,1273.325,5.604
3.5,Vladimir,13.0,0.0,1322.309,41.77,0.1902,1.7988,28.684,22.947,36.783,1272.434,1273.315,4.411
3.5,Murmansk,42.0,0.0,1193.944125,42.66,0.1717,1.7988,28.684,22.947,36.783,1272.431,1273.312,3.983
3.5,Novosibirsk,51.0,0.0,1508.522375,40.63,0.2169,1.7988,28.684,22.947,36.783,1272.439,1273.32,5.032
3.5,Zheleznogorsk,23.0,0.0,2019.826375,38.09,0.2906,1.7988,28.684,22.947,36.784,1272.456,1273.337,6.737
3.5,Khabarovsk,33.0,0.0,1151.438125,42.98,0.1655,1.7988,28.684,22.947,36.783,1272.43,1273.311,3.841
3.5,Vladivostok,33.0,0.0,1362.67125,41.51,0.196,1.7988,28.684,22.947,36.783,1272.435,1273.316,4.545
3.5,Minsk,13.0,0.0,1852.785375,38.84,0.2665,1.7988,28.684,22.947,36.783,1272.45,1273.331,6.18
3.5,Almaty,51.0,0.0,1662.416625,39.79,0.2389,1.7988,28.684,22.947,36.783,1272.444,1273.325,5.545
3.6666666666666665,Vladimir,12.0,0.0,1146.247625,43.02,0.1647,1.7988,28.684,22.947,36.783,1272.43,1273.31,3.823
3.6666666666666665,Murmansk,41.0,0.0,1122.643625,43.2,0.1613,1.7988,28.684,22.947,36.783,1272.429,1273.31,3.745
3.6666666666666665,Novosibirsk,50.0,0.0,1761.01675,39.29,0.2531,1.7988,28.684,22.947,36.783,1272.447,1273.328,5.874
3.6666666666666665,Zheleznogorsk,61.0,0.0,2242.74925,37.19,0.3223,1.7988,28.684,22.947,36.784,1272.466,1273.347,7.481
3.6666666666666665,Khabarovsk,70.0,0.0,1237.66575,42.35,0.1779,1.7988,28.684,22.947,36.783,1272.432,1273.313,4.128
3.6666666666666665,Vladivostok,32.0,0.0,1568.469125,40.29,0.2255,1.7988,28.684,22.947,36.783,1272.441,1273.322,5.232
3.6666666666666665,Minsk,12.0,0.0,1596.035,40.14,0.2295,1.7988,28.684,22.947,36.783,1272.442,1273.322,5.324
3.6666666666666665,Almaty,50.0,0.0,1719.1765,39.49,0.2473,1.7988,28.684,22.947,36.783,1272.446,1273.326,5.735
3.8333333333333335,Vladimir,11.0,0.0,1040.992875,43.85,0.1497,1.7988,28.684,22.947,36.783,1272.427,1273.308,3.472
3.8333333333333335,Murmansk,40.0,0.0,1115.941125,43.25,0.1604,1.7988,28.684,22.947,36.783,1272.429,1273.31,3.722
3.8333333333333335,Novosibirsk,59.0,0.0,2037.578375,38.02,0.2929,1.7988,28.684,22.947,36.784,1272.457,1273.338,6.797
3.8333333333333335,Zheleznogorsk,60.0,0.0,1988.35325,38.23,0.2859,1.7988,28.684,22.947,36.784,1272.455,1273.336,6.632
3.8333333333333335,Khabarovsk,79.0,0.0,1079.239875,43.54,0.1551,1.7988,28.684,22.947,36.783,1272.428,1273.309,3.6
3.8333333333333335,Vladivostok,79.0,0.0,1424.56425,41.13,0.2048,1.7988,28.684,22.947,36.783,1272.437,1273.317,4.752
3.8333333333333335,Minsk,11.0,0.0,1374.557875,41.44,0.1976,1.7988,28.684,22.947,36.783,1272.435,1273.316,4.585
3.8333333333333335,Almaty,22.0,0.0,1768.32975,39.25,0.2542,1.7988,28.684,22.947,36.783,1272.447,1273.328,5.899
4.0,Vladimir,10.0,0.0,1025.7039375,43.98,0.1475,1.7988,28.684,22.947,36.783,1272.427,1273.308,3.421
4.0,Murmansk,49.0,0.0,1176.935,42.79,0.1691,1.7988,28.684,22.947,36.783,1272.43,1273.311,3.926
4.0,Novosibirsk,21.0,0.0,2238.47725,37.2,0.3219,1.7988,28.684,22.947,36.784,1272.466,1273.346,7.467
4.0,Zheleznogorsk,69.0,0.0,1740.565875,39.39,0.2502,1.7988,28.684,22.947,36.783,1272.446,1273.327,5.806
4.0,Khabarovsk,78.0,0.0,1003.95,44.17,0.1443,1.7988,28.684,22.947,36.783,1272.427,1273.307,3.349
4.0,Vladivostok,78.0,0.0,1214.94175,42.51,0.1747,1.7988,28.684,22.947,36.783,1272.431,1273.312,4.053
4.0,Minsk,10.0,0.0,1206.479375,42.57,0.1735,1.7988,28.684,22.947,36.783,1272.431,1273.312,4.024
4.0,Almaty,21.0,0.0,1487.47775,40.75,0.2139,1.7988,28.684,22.947,36.783,1272.438,1273.319,4.962
4.166666666666667,Vladimir,19.0,0.0,1101.132,43.36,0.1584,1.7988,28.684,22.947,36.783,1272.429,1273.309,3.673
4.166666666666667,Murmansk,29.0,0.0,1179.28675,42.77,0.1695,1.7988,28.684,22.947,36.783,1272.43,1273.311,3.934
4.166666666666667,Novosibirsk,68.0,0.0,2020.77375,38.09,0.2906,1.7988,28.684,22.947,36.784,1272.456,1273.337,6.741
4.166666666666667,Zheleznogorsk,68.0,0.0,1505.956875,40.64,0.2166,1.7988,28.684,22.947,36.783,1272.439,1273.32,5.023
4.166666666666667,Khabarovsk,77.0,0.0,1034.064875,43.91,0.1487,1.7988,28.684,22.947,36.783,1272.427,1273.308,3.449
4.166666666666667,Vladivostok,77.0,0.0,1071.205875,43.6,0.1541,1.7988,28.684,22.947,36.783,1272.428,1273.309,3.573
4.166666666666667,Minsk,19.0,0.0,1114.201125,43.26,0.1602,1.7988,28.684,22.947,36.783,1272.429,1273.31,3.717
4.166666666666667,Almaty,20.0,0.0,1246.54325,42.29,0.1792,1.7988,28.684,22.947,36.783,1272.432,1273.313,4.158
4.333333333333333,Vladimir,18.0,0.0,1248.02325,42.28,0.1794,1.7988,28.684,22.947,36.783,1272.432,1273.313,4.163
4.333333333333333,Murmansk,28.0,0.0,1095.741625,43.41,0.1575,1.7988,28.684,22.947,36.783,1272.428,1273.309,3.655
4.333333333333333,Novosibirsk,67.0,0.0,1773.35725,39.23,0.2548,1.7988,28.684,22.947,36.783,1272.447,1273.328,5.915
4.333333333333333,Zheleznogorsk,67.0,0.0,1295.323625,41.95,0.1863,1.7988,28.684,22.947,36.783,1272.433,1273.314,4.321
4.333333333333333,Khabarovsk,76.0,0.0,1164.44325,42.88,0.1674,1.7988,28.684,22.947,36.783,1272.43,1273.311,3.884
4.333333333333333,Vladivostok,76.0,0.0,1025.8220625,43.98,0.1475,1.7988,28.684,22.947,36.783,1272.427,1273.308,3.422
4.333333333333333,Minsk,18.0,0.0,1114.269625,43.26,0.1602,1.7988,28.684,22.947,36.783,1272.429,1273.31,3.717
4.333333333333333,Almaty,29.0,0.0,1070.75125,43.61,0.1539,1.7988,28.684,22.947,36.783,1272.428,1273.309,3.572
4.5,Vladimir,17.0,0.0,1441.931375,41.02,0.2074,1.7988,28.684,22.947,36.783,1272.437,1273.318,4.81
4.5,Murmansk,27.0,0.0,1089.283125,43.46,0.1566,1.7988,28.684,22.947,36.783,1272.428,1273.309,3.633
4.5,Novosibirsk,66.0,0.0,1537.625875,40.46,0.2212,1.7988,28.684,22.947,36.783,1272.44,1273.321,5.129
4.5,Zheleznogorsk,66.0,0.0,1126.107875,43.17,0.1619,1.7988,28.684,22.947,36.783,1272.429,1273.31,3.756
4.5,Khabarovsk,75.0,0.0,1368.899125,41.47,0.1969,1.7988,28.684,22.947,36.783,1272.435,1273.316,4.566
4.5,Vladivostok,75.0,0.0,1094.647375,43.42,0.1573,1.7988,28.684,22.947,36.783,1272.428,1273.309,3.651
4.5,Minsk,17.0,0.0,1204.066875,42.59,0.1731,1.7988,28.684,22.947,36.783,1272.431,1273.312,4.016
4.5,Almaty,28.0,0.0,992.4783125,44.27,0.1426,1.7988,28.684,22.947,36.783,1272.426,1273.307,3.311
4.666666666666667,Vladimir,16.0,0.0,1663.88475,39.78,0.2392,1.7988,28.684,22.947,36.783,1272.444,1273.325,5.55
4.666666666666667,Murmansk,26.0,0.0,1160.151625,42.91,0.1668,1.7988,28.684,22.947,36.783,1272.43,1273.311,3.87
4.666666666666667,Novosibirsk,65.0,0.0,1323.585,41.77,0.1902,1.7988,28.684,22.947,36.783,1272.434,1273.315,4.415
4.666666666666667,Zheleznogorsk,65.0,0.0,1023.0500625,44.0,0.1471,1.7988,28.684,22.947,36.783,1272.427,1273.308,3.413
4.666666666666667,Khabarovsk,74.0,0.0,1621.16275,40.0,0.2332,1.7988,28.684,22.947,36.783,1272.442,1273.323,5.408
4.666666666666667,Vladivostok,74.0,0.0,1261.701375,42.18,0.1814,1.7988,28.684,22.947,36.783,1272.432,1273.313,4.209
4.666666666666667,Minsk,16.0,0.0,1363.396625,41.51,0.196,1.7988,28.684,22.947,36.783,1272.435,1273.316,4.548
4.666666666666667,Almaty,27.0,0.0,1030.90125,43.94,0.1482,1.7988,28.684,22.947,36.783,1272.427,1273.308,3.439
4.833333333333333,Vladimir,15.0,0.0,1901.625875,38.62,0.2734,1.7988,28.684,22.947,36.784,1272.452,1273.333,6.343
4.833333333333333,Murmansk,25.0,0.0,1294.544125,41.96,0.1861,1.7988,28.684,22.947,36.783,1272.433,1273.314,4.318
4.833333333333333,Novosibirsk,64.0,0.0,1147.511125,43.01,0.1649,1.7988,28.684,22.947,36.783,1272.43,1273.31,3.828
4.833333333333333,Zheleznogorsk,64.0,0.0,1010.2589375,44.11,0.1453,1.7988,28.684,22.947,36.783,1272.427,1273.308,3.37
4.833333333333333,Khabarovsk,46.0,0.0,1641.14225,39.9,0.2359,1.7988,28.684,22.947,36.783,1272.443,1273.324,5.474
4.833333333333333,Vladivostok,73.0,0.0,1496.215625,40.7,0.2151,1.7988,28.684,22.947,36.783,1272.439,1273.319,4.991
4.833333333333333,Minsk,44.0,0.0,1542.159875,40.44,0.2217,1.7988,28.684,22.947,36.783,1272.44,1273.321,5.144
4.833333333333333,Almaty,26.0,0.0,1171.3315,42.83,0.1684,1.7988,28.684,22.947,36.783,1272.43,1273.311,3.907
5.0,Vladimir,14.0,0.0,2147.59275,37.56,0.3088,1.7988,28.684,22.947,36.784,1272.462,1273.343,7.164
5.0,Murmansk,24.0,0.0,1473.96275,40.83,0.212,1.7988,28.684,22.947,36.783,1272.438,1273.319,4.917
5.0,Novosibirsk,63.0,0.0,1033.2208125,43.92,0.1485,1.7988,28.684,22.947,36.783,1272.427,1273.308,3.446
5.0,Zheleznogorsk,63.0,0.0,1093.8575,43.42,0.1573,1.7988,28.684,22.947,36.783,1272.428,1273.309,3.649
5.0,Khabarovsk,45.0,0.0,1402.698875,41.26,0.2017,1.7988,28.684,22.947,36.783,1272.436,1273.317,4.679
5.0,Vladivostok,45.0,0.0,1727.716,39.45,0.2484,1.7988,28.684,22.947,36.783,1272.446,1273.327,5.763
5.0,Minsk,43.0,0.0,1740.119,39.39,0.2502,1.7988,28.684,22.947,36.783,1272.446,1273.327,5.804
5.0,Almaty,25.0,0.0,1379.8645,41.4,0.1985,1.7988,28.684,22.947,36.783,1272.435,1273.316,4.603
5.166666666666667,Vladimir,24.0,0.0,2123.53975,37.66,0.3053,1.7988,28.684,22.947,36.784,1272.461,1273.342,7.083
5.166666666666667,Murmansk,13.0,0.0,1632.194375,39.95,0.2345,1.7988,28.684,22.947,36.783,1272.443,1273.324,5.444
5.166666666666667,Novosibirsk,62.0,0.0,1005.9643125,44.15,0.1446,1.7988,28.684,22.947,36.783,1272.427,1273.308,3.356
5.166666666666667,Zheleznogorsk,62.0,0.0,1256.955625,42.21,0.1808,1.7988,28.684,22.947,36.783,1272.432,1273.313,4.193
5.166666666666667,Khabarovsk,44.0,0.0,1217.57375,42.49,0.1751,1.7988,28.684,22.947,36.783,1272.431,1273.312,4.061
5.166666666666667,Vladivostok,44.0,0.0,1586.842875,40.19,0.2282,1.7988,28.684,22.947,36.783,1272.441,1273.322,5.293
5.166666666666667,Minsk,42.0,0.0,1977.103875,38.28,0.2843,1.7988,28.684,22.947,36.784,1272.455,1273.336,6.595
5.166666666666667,Almaty,24.0,0.0,1627.579625,39.97,0.234,1.7988,28.684,22.947,36.783,1272.443,1273.323,5.429
5.333333333333333,Vladimir,23.0,0.0,1841.571875,38.9,0.2647,1.7988,28.684,22.947,36.783,1272.45,1273.331,6.143
5.333333333333333,Murmansk,51.0,0.0,1538.57575,40.46,0.2212,1.7988,28.684,22.947,36.783,1272.44,1273.321,5.132
5.333333333333333,Novosibirsk,61.0,0.0,1075.6615,43.57,0.1546,1.7988,28.684,22.947,36.783,1272.428,1273.309,3.588
5.333333333333333,Zheleznogorsk,61.0,0.0,1474.9925,40.83,0.212,1.7988,28.684,22.947,36.783,1272.438,1273.319,4.92
5.333333333333333,Khabarovsk,43.0,0.0,1110.577,43.29,0.1597,1.7988,28.684,22.947,36.783,1272.429,1273.31,3.704
5.333333333333333,Vladivostok,43.0,0.0,1518.938875,40.57,0.2184,1.7988,28.684,22.947,36.783,1272.439,1273.32,5.067
5.333333333333333,Minsk,41.0,0.0,2241.21225,37.19,0.3223,1.7988,28.684,22.947,36.784,1272.466,1273.347,7.476
5.333333333333333,Almaty,61.0,0.0,1471.671625,40.84,0.2117,1.7988,28.684,22.947,36.783,1272.438,1273.319,4.909
5.5,Vladimir,22.0,0.0,1579.43875,40.23,0.2271,1.7988,28.684,22.947,36.783,1272.441,1273.322,5.268
5.5,Murmansk,50.0,0.0,1418.555125,41.16,0.204,1.7988,28.684,22.947,36.783,1272.436,1273.317,4.732
5.5,Novosibirsk,60.0,0.0,1228.402875,42.41,0.1767,1.7988,28.684,22.947,36.783,1272.431,1273.312,4.098
5.5,Zheleznogorsk,60.0,0.0,1728.400375,39.45,0.2484,1.7988,28.684,22.947,36.783,1272.446,1273.327,5.765
5.5,Khabarovsk,42.0,0.0,1102.028625,43.36,0.1584,1.7988,28.684,22.947,36.783,1272.429,1273.309,3.676
5.5,Vladivostok,42.0,0.0,1531.864,40.5,0.2202,1.7988,28.684,22.947,36.783,1272.44,1273.32,5.11
5.5,Minsk,22.0,0.0,2311.07225,36.92,0.3325,1.7988,28.684,22.947,36.784,1272.469,1273.35,7.709
5.5,Almaty,60.0,0.0,1332.191625,41.71,0.1915,1.7988,28.684,22.947,36.783,1272.434,1273.315,4.444
5.666666666666667,Vladimir,21.0,0.0,1347.846375,41.61,0.1937,1.7988,28.684,22.947,36.783,1272.434,1273.315,4.496
5.666666666666667,Murmansk,59.0,0.0,1337.967,41.67,0.1924,1.7988,28.684,22.947,36.783,1272.434,1273.315,4.463
5.666666666666667,Novosibirsk,69.0,0.0,1439.81025,41.03,0.2071,1.7988,28.684,22.947,36.783,1272.437,1273.318,4.803
5.666666666666667,Zheleznogorsk,69.0,0.0,2004.535625,38.16,0.2882,1.7988,28.684,22.947,36.784,1272.456,1273.337,6.686
5.666666666666667,Khabarovsk,41.0,0.0,1191.195,42.68,0.1713,1.7988,28.684,22.947,36.783,1272.431,1273.311,3.973
5.666666666666667,Vladivostok,41.0,0.0,1621.578125,40.0,0.2332,1.7988,28.684,22.947,36.783,1272.442,1273.323,5.409
5.666666666666667,Minsk,21.0,0.0,2045.325125,37.99,0.2939,1.7988,28.684,22.947,36.784,1272.457,1273.338,6.822
5.666666666666667,Almaty,69.0,0.0,1272.662125,42.11,0.1829,1.7988,28.684,22.947,36.783,1272.433,1273.313,4.245
5.833333333333333,Vladimir,20.0,0.0,1163.697375,42.88,0.1674,1.7988,28.684,22.947,36.783,1272.43,1273.311,3.882
5.833333333333333,Murmansk,49.0,0.0,1290.022,41.99,0.1855,1.7988,28.684,22.947,36.783,1272.433,1273.314,4.303
5.833333333333333,Novosibirsk,68.0,0.0,1689.287125,39.65,0.2428,1.7988,28.684,22.947,36.783,1272.445,1273.325,5.635
5.833333333333333,Zheleznogorsk,78.0,0.0,2241.13,37.19,0.3223,1.7988,28.684,22.947,36.784,1272.466,1273.347,7.476
5.833333333333333,Khabarovsk,40.0,0.0,1356.11375,41.56,0.1949,1.7988,28.684,22.947,36.783,1272.435,1273.316,4.524
5.833333333333333,Vladivostok,40.0,0.0,1774.245875,39.22,0.2551,1.7988,28.684,22.947,36.783,1272.447,1273.328,5.918
5.833333333333333,Minsk,20.0,0.0,1805.3975,39.07,0.2596,1.7988,28.684,22.947,36.783,1272.448,1273.329,6.022
5.833333333333333,Almaty,68.0,0.0,1307.000625,41.88,0.1878,1.7988,28.684,22.947,36.783,1272.433,1273.314,4.36
6.0,Vladimir,29.0,0.0,1050.1605,43.78,0.1509,1.7988,28.684,22.947,36.783,1272.428,1273.308,3.503
6.0,Murmansk,48.0,0.0,1177.851375,42.78,0.1693,1.7988,28.684,22.947,36.783,1272.43,1273.311,3.929
6.0,Novosibirsk,67.0,0.0,1963.25675,38.34,0.2823,1.7988,28.684,22.947,36.784,1272.454,1273.335,6.549
6.0,Zheleznogorsk,77.0,0.0,1997.60775,38.19,0.2872,1.7988,28.684,22.947,36.784,1272.456,1273.336,6.663
6.0,Khabarovsk,87.0,0.0,1333.431125,41.7,0.1917,1.7988,28.684,22.947,36.783,1272.434,1273.315,4.448
6.0,Vladivostok,87.0,0.0,1562.448125,40.32,0.2248,1.7988,28.684,22.947,36.783,1272.441,1273.321,5.212
6.0,Minsk,57.0,0.0,1591.5815,40.16,0.2289,1.7988,28.684,22.947,36.783,1272.441,1273.322,5.309
6.0,Almaty,67.0,0.0,1430.733875,41.09,0.2057,1.7988,28.684,22.947,36.783,1272.437,1273.318,4.772
6.166666666666667,Vladimir,28.0,0.0,1028.32325,43.96,0.1478,1.7988,28.684,22.947,36.783,1272.427,1273.308,3.43
6.166666666666667,Murmansk,47.0,0.0,1133.765625,43.11,0.163,1.7988,28.684,22.947,36.783,1272.429,1273.31,3.782
6.166666666666667,Novosibirsk,38.0,0.0,2018.946625,38.1,0.2902,1.7988,28.684,22.947,36.784,1272.456,1273.337,6.734
6.166666666666667,Zheleznogorsk,76.0,0.0,1760.74675,39.29,0.2531,1.7988,28.684,22.947,36.783,1272.447,1273.328,5.873
6.166666666666667,Khabarovsk,86.0,0.0,1240.96975,42.33,0.1783,1.7988,28.684,22.947,36.783,1272.432,1273.313,4.139
6.166666666666667,Vladivostok,86.0,0.0,1335.8945,41.69,0.192,1.7988,28.684,22.947,36.783,1272.434,1273.315,4.456
6.166666666666667,Minsk,56.0,0.0,1378.439,41.41,0.1983,1.7988,28.684,22.947,36.783,1272.435,1273.316,4.598
6.166666666666667,Almaty,66.0,0.0,1625.205,39.98,0.2337,1.7988,28.684,22.947,36.783,1272.442,1273.323,5.421
6.333333333333333,Vladimir,27.0,0.0,1100.9085,43.37,0.1582,1.7988,28.684,22.947,36.783,1272.429,1273.309,3.672
6.333333333333333,Murmansk,46.0,0.0,1166.520125,42.86,0.1678,1.7988,28.684,22.947,36.783,1272.43,1273.311,3.891
6.333333333333333,Novosibirsk,37.0,0.0,1782.842625,39.18,0.2563,1.7988,28.684,22.947,36.783,1272.448,1273.329,5.947
6.333333333333333,Zheleznogorsk,75.0,0.0,1536.969625,40.47,0.2209,1.7988,28.684,22.947,36.783,1272.44,1273.321,5.127
6.333333333333333,Khabarovsk,85.0,0.0,1229.122375,42.41,0.1767,1.7988,28.684,22.947,36.783,1272.431,1273.312,4.1
6.333333333333333,Vladivostok,85.0,0.0,1158.472,42.92,0.1666,1.7988,28.684,22.947,36.783,1272.43,1273.311,3.864
6.333333333333333,Minsk,55.0,0.0,1207.270625,42.57,0.1735,1.7988,28.684,22.947,36.783,1272.431,1273.312,4.027
6.333333333333333,Almaty,37.0,0.0,1493.03625,40.72,0.2147,1.7988,28.684,22.947,36.783,1272.438,1273.319,4.98
6.5,Vladimir,26.0,0.0,1248.856875,42.27,0.1796,1.7988,28.684,22.947,36.783,1272.432,1273.313,4.166
6.5,Murmansk,35.0,0.0,1150.397625,42.98,0.1655,1.7988,28.684,22.947,36.783,1272.43,1273.311,3.837
6.5,Novosibirsk,36.0,0.0,1578.877375,40.23,0.2271,1.7988,28.684,22.947,36.783,1272.441,1273.322,5.267
6.5,Zheleznogorsk,74.0,0.0,1336.51675,41.68,0.1922,1.7988,28.684,22.947,36.783,1272.434,1273.315,4.458
6.5,Khabarovsk,84.0,0.0,1303.08225,41.9,0.1874,1.7988,28.684,22.947,36.783,1272.433,1273.314,4.347
6.5,Vladivostok,84.0,0.0,1059.762875,43.7,0.1523,1.7988,28.684,22.947,36.783,1272.428,1273.309,3.535
6.5,Minsk,54.0,0.0,1101.599875,43.36,0.1584,1.7988,28.684,22.947,36.783,1272.429,1273.309,3.675
6.5,Almaty,36.0,0.0,1299.004875,41.93,0.1867,1.7988,28.684,22.947,36.783,1272.433,1273.314,4.333
6.666666666666667,Vladimir,25.0,0.0,1446.64075,40.99,0.2081,1.7988,28.684,22.947,36.783,1272.437,1273.318,4.825
6.666666666666667,Murmansk,34.0,0.0,1182.792625,42.74,0.1701,1.7988,28.684,22.947,36.783,1272.43,1273.311,3.945
6.666666666666667,Novosibirsk,35.0,0.0,1419.391125,41.16,0.204,1.7988,28.684,22.947,36.783,1272.436,1273.317,4.735
6.666666666666667,Zheleznogorsk,73.0,0.0,1175.295875,42.8,0.1689,1.7988,28.684,22.947,36.783,1272.43,1273.311,3.92
6.666666666666667,Khabarovsk,83.0,0.0,1452.12575,40.96,0.2088,1.7988,28.684,22.947,36.783,1272.437,1273.318,4.844
6.666666666666667,Vladivostok,83.0,0.0,1065.949125,43.65,0.1532,1.7988,28.684,22.947,36.783,1272.428,1273.309,3.556
6.666666666666667,Minsk,53.0,0.0,1084.203375,43.5,0.1559,1.7988,28.684,22.947,36.783,1272.428,1273.309,3.617
6.666666666666667,Almaty,35.0,0.0,1182.699625,42.74,0.1701,1.7988,28.684,22.947,36.783,1272.43,1273.311,3.945
6.833333333333333,Vladimir,24.0,0.0,1674.22575,39.72,0.2408,1.7988,28.684,22.947,36.783,1272.444,1273.325,5.585
6.833333333333333,Murmansk,24.0,0.0,1247.600625,42.28,0.1794,1.7988,28.684,22.947,36.783,1272.432,1273.313,4.162
6.833333333333333,Novosibirsk,34.0,0.0,1318.580125,41.8,0.1896,1.7988,28.684,22.947,36.783,1272.434,1273.315,4.398
6.833333333333333,Zheleznogorsk,72.0,0.0,1075.100125,43.57,0.1546,1.7988,28.684,22.947,36.783,1272.428,1273.309,3.586
6.833333333333333,Khabarovsk,82.0,0.0,1657.85925,39.81,0.2384,1.7988,28.684,22.947,36.783,1272.444,1273.324,5.53
6.833333333333333,Vladivostok,82.0,0.0,1178.54175,42.77,0.1695,1.7988,28.684,22.947,36.783,1272.43,1273.311,3.931
6.833333333333333,Minsk,52.0,0.0,1161.86025,42.9,0.167,1.7988,28.684,22.947,36.783,1272.43,1273.311,3.876
6.833333333333333,Almaty,34.0,0.0,1165.127,42.87,0.1676,1.7988,28.684,22.947,36.783,1272.43,1273.311,3.886
7.0,Vladimir,23.0,0.0,1918.69925,38.54,0.2759,1.7988,28.684,22.947,36.784,1272.453,1273.333,6.4
7.0,Murmansk,23.0,0.0,1272.788875,42.11,0.1829,1.7988,28.684,22.947,36.783,1272.433,1273.313,4.246
7.0,Novosibirsk,33.0,0.0,1287.867125,42.0,0.1852,1.7988,28.684,22.947,36.783,1272.433,1273.314,4.296
7.0,Zheleznogorsk,71.0,0.0,1057.150375,43.72,0.152,1.7988,28.684,22.947,36.783,1272.428,1273.309,3.526
7.0,Khabarovsk,81.0,0.0,1903.23125,38.61,0.2737,1.7988,28.684,22.947,36.784,1272.452,1273.333,6.348
7.0,Vladivostok,81.0,0.0,1373.894375,41.44,0.1976,1.7988,28.684,22.947,36.783,1272.435,1273.316,4.583
7.0,Minsk,51.0,0.0,1319.9965,41.79,0.1898,1.7988,28.684,22.947,36.783,1272.434,1273.315,4.403
7.0,Almaty,33.0,0.0,1247.708,42.28,0.1794,1.7988,28.684,22.947,36.783,1272.432,1273.313,4.162
7.166666666666667,Vladimir,22.0,0.0,2172.151,37.46,0.3124,1.7988,28.684,22.947,36.784,1272.463,1273.344,7.246
7.166666666666667,Murmansk,22.0,0.0,1351.046875,41.59,0.1942,1.7988,28.684,22.947,36.783,1272.435,1273.315,4.507
7.166666666666667,Novosibirsk,70.0,0.0,1228.12775,42.42,0.1765,1.7988,28.684,22.947,36.783,1272.431,1273.312,4.097
7.166666666666667,Zheleznogorsk,70.0,0.0,1128.485875,43.15,0.1623,1.7988,28.684,22.947,36.783,1272.429,1273.31,3.764
7.166666666666667,Khabarovsk,52.0,0.0,1698.73775,39.6,0.2442,1.7988,28.684,22.947,36.783,1272.445,1273.326,5.666
7.166666666666667,Vladivostok,80.0,0.0,1623.985,39.99,0.2335,1.7988,28.684,22.947,36.783,1272.442,1273.323,5.417
7.166666666666667,Minsk,50.0,0.0,1535.443125,40.48,0.2207,1.7988,28.684,22.947,36.783,1272.44,1273.321,5.122
7.166666666666667,Almaty,32.0,0.0,1410.171375,41.22,0.2026,1.7988,28.684,22.947,36.783,1272.436,1273.317,4.704
7.333333333333333,Vladimir,60.0,0.0,2106.9895,37.73,0.3029,1.7988,28.684,22.947,36.784,1272.46,1273.341,7.028
7.333333333333333,Murmansk,21.0,0.0,1472.015625,40.84,0.2117,1.7988,28.684,22.947,36.783,1272.438,1273.319,4.91
7.333333333333333,Novosibirsk,79.0,0.0,1193.886625,42.66,0.1717,1.7988,28.684,22.947,36.783,1272.431,1273.312,3.982
7.333333333333333,Zheleznogorsk,79.0,0.0,1276.623625,42.08,0.1835,1.7988,28.684,22.947,36.783,1272.433,1273.314,4.258
7.333333333333333,Khabarovsk,51.0,0.0,1524.191125,40.54,0.2191,1.7988,28.684,22.947,36.783,1272.439,1273.32,5.084
7.333333333333333,Vladivostok,42.0,0.0,1824.7785,38.98,0.2623,1.7988,28.684,22.947,36.783,1272.449,1273.33,6.087
7.333333333333333,Minsk,59.0,0.0,1788.636625,39.15,0.2572,1.7988,28.684,22.947,36.783,1272.448,1273.329,5.966
7.333333333333333,Almaty,79.0,0.0,1591.422875,40.17,0.2287,1.7988,28.684,22.947,36.783,1272.441,1273.322,5.308
7.5,Vladimir,69.0,0.0,1855.146875,38.83,0.2668,1.7988,28.684,22.947,36.783,1272.45,1273.331,6.188
7.5,Murmansk,20.0,0.0,1624.312625,39.99,0.2335,1.7988,28.684,22.947,36.783,1272.442,1273.323,5.418
7.5,Novosibirsk,78.0,0.0,1238.806625,42.34,0.1781,1.7988,28.684,22.947,36.783,1272.432,1273.313,4.132
7.5,Zheleznogorsk,78.0,0.0,1480.470125,40.79,0.2129,1.7988,28.684,22.947,36.783,1272.438,1273.319,4.938
7.5,Khabarovsk,50.0,0.0,1415.24725,41.18,0.2036,1.7988,28.684,22.947,36.783,1272.436,1273.317,4.721
7.5,Vladivostok,50.0,0.0,1944.1395,38.43,0.2794,1.7988,28.684,22.947,36.784,1272.454,1273.334,6.485
7.5,Minsk,58.0,0.0,2066.407375,37.9,0.297,1.7988,28.684,22.947,36.784,1272.458,1273.339,6.893
7.5,Almaty,78.0,0.0,1351.692375,41.58,0.1944,1.7988,28.684,22.947,36.783,1272.435,1273.315,4.509
7.666666666666667,Vladimir,68.0,0.0,1613.4945,40.05,0.2319,1.7988,28.684,22.947,36.783,1272.442,1273.323,5.382
7.666666666666667,Murmansk,58.0,0.0,1488.909,40.74,0.2142,1.7988,28.684,22.947,36.783,1272.438,1273.319,4.966
7.666666666666667,Novosibirsk,77.0,0.0,1357.533375,41.55,0.1951,1.7988,28.684,22.947,36.783,1272.435,1273.316,4.528
7.666666666666667,Zheleznogorsk,77.0,0.0,1721.637125,39.48,0.2476,1.7988,28.684,22.947,36.783,1272.446,1273.327,5.743
7.666666666666667,Khabarovsk,59.0,0.0,1385.64775,41.37,0.1992,1.7988,28.684,22.947,36.783,1272.435,1273.316,4.622
7.666666666666667,Vladivostok,59.0,0.0,1930.82525,38.49,0.2775,1.7988,28.684,22.947,36.784,1272.453,1273.334,6.441
7.666666666666667,Minsk,20.0,0.0,2064.231625,37.91,0.2966,1.7988,28.684,22.947,36.784,1272.458,1273.339,6.886
7.666666666666667,Almaty,77.0,0.0,1156.99575,42.93,0.1664,1.7988,28.684,22.947,36.783,1272.43,1273.311,3.859
7.833333333333333,Vladimir,67.0,0.0,1390.803625,41.34,0.1999,1.7988,28.684,22.947,36.783,1272.436,1273.316,4.639
7.833333333333333,Murmansk,57.0,0.0,1303.583375,41.9,0.1874,1.7988,28.684,22.947,36.783,1272.433,1273.314,4.348
7.833333333333333,Novosibirsk,76.0,0.0,1534.95075,40.48,0.2207,1.7988,28.684,22.947,36.783,1272.44,1273.321,5.12
7.833333333333333,Zheleznogorsk,76.0,0.0,1987.48575,38.24,0.2856,1.7988,28.684,22.947,36.784,1272.455,1273.336,6.63
7.833333333333333,Khabarovsk,58.0,0.0,1438.196625,41.04,0.2069,1.7988,28.684,22.947,36.783,1272.437,1273.318,4.797
7.833333333333333,Vladivostok,58.0,0.0,1981.813125,38.26,0.2849,1.7988,28.684,22.947,36.784,1272.455,1273.336,6.611
7.833333333333333,Minsk,29.0,0.0,1877.268625,38.73,0.2699,1.7988,28.684,22.947,36.783,1272.451,1273.332,6.262
7.833333333333333,Almaty,76.0,0.0,1037.68475,43.88,0.1492,1.7988,28.684,22.947,36.783,1272.427,1273.308,3.461
8.0,Vladimir,66.0,0.0,1201.4225,42.61,0.1727,1.7988,28.684,22.947,36.783,1272.431,1273.312,4.008
8.0,Murmansk,56.0,0.0,1160.3945,42.91,0.1668,1.7988,28.684,22.947,36.783,1272.43,1273.311,3.871
8.0,Novosibirsk,75.0,0.0,1754.7805,39.32,0.2522,1.7988,28.684,22.947,36.783,1272.447,1273.328,5.853
8.0,Zheleznogorsk,48.0,0.0,2152.547,37.54,0.3096,1.7988,28.684,22.947,36.784,1272.462,1273.343,7.18
8.0,Khabarovsk,57.0,0.0,1562.381875,40.33,0.2245,1.7988,28.684,22.947,36.783,1272.44,1273.321,5.212
8.0,Vladivostok,57.0,0.0,2090.7055,37.8,0.3004,1.7988,28.684,22.947,36.784,1272.459,1273.34,6.974
8.0,Minsk,28.0,0.0,1730.717625,39.44,0.2487,1.7988,28.684,22.947,36.783,1272.446,1273.327,5.773
8.0,Almaty,75.0,0.0,1024.6843125,43.99,0.1473,1.7988,28.684,22.947,36.783,1272.427,1273.308,3.418
8.166666666666666,Vladimir,65.0,0.0,1067.16225,43.64,0.1534,1.7988,28.684,22.947,36.783,1272.428,1273.309,3.56
8.166666666666666,Murmansk,55.0,0.0,1078.100875,43.55,0.155,1.7988,28.684,22.947,36.783,1272.428,1273.309,3.596
8.166666666666666,Novosibirsk,74.0,0.0,2004.14475,38.16,0.2882,1.7988,28.684,22.947,36.784,1272.456,1273.337,6.685
8.166666666666666,Zheleznogorsk,47.0,0.0,1908.221875,38.59,0.2743,1.7988,28.684,22.947,36.784,1272.452,1273.333,6.365
8.166666666666666,Khabarovsk,56.0,0.0,1740.657,39.39,0.2502,1.7988,28.684,22.947,36.783,1272.446,1273.327,5.806
8.166666666666666,Vladivostok,85.0,0.0,2238.50625,37.2,0.3219,1.7988,28.684,22.947,36.784,1272.466,1273.346,7.467
8.166666666666666,Minsk,65.0,0.0,1550.589625,40.39,0.223,1.7988,28.684,22.947,36.783,1272.44,1273.321,5.172
8.166666666666666,Almaty,74.0,0.0,1124.987,43.18,0.1617,1.7988,28.684,22.947,36.783,1272.429,1273.31,3.753
8.333333333333334,Vladimir,64.0,0.0,1013.951,44.08,0.1458,1.7988,28.684,22.947,36.783,1272.427,1273.308,3.382
8.333333333333334,Murmansk,54.0,0.0,1072.379875,43.59,0.1543,1.7988,28.684,22.947,36.783,1272.428,1273.309,3.577
8.333333333333334,Novosibirsk,46.0,0.0,1937.149625,38.46,0.2784,1.7988,28.684,22.947,36.784,1272.453,1273.334,6.462
8.333333333333334,Zheleznogorsk,46.0,0.0,1690.647125,39.64,0.2431,1.7988,28.684,22.947,36.783,1272.445,1273.325,5.639
8.333333333333334,Khabarovsk,84.0,0.0,1867.9925,38.77,0.2687,1.7988,28.684,22.947,36.783,1272.451,1273.332,6.231
8.333333333333334,Vladivostok,84.0,0.0,2213.658,37.3,0.3182,1.7988,28.684,22.947,36.784,1272.464,1273.345,7.384
8.333333333333334,Minsk,64.0,0.0,1331.15125,41.72,0.1913,1.7988,28.684,22.947,36.783,1272.434,1273.315,4.44
8.333333333333334,Almaty,73.0,0.0,1315.264875,41.82,0.1891,1.7988,28.684,22.947,36.783,1272.434,1273.315,4.387
8.5,Vladimir,63.0,0.0,1057.318625,43.72,0.152,1.7988,28.684,22.947,36.783,1272.428,1273.309,3.527
8.5,Murmansk,53.0,0.0,1145.55625,43.02,0.1647,1.7988,28.684,22.947,36.783,1272.43,1273.31,3.821
8.5,Novosibirsk,45.0,0.0,1669.825875,39.75,0.24,1.7988,28.684,22.947,36.783,1272.444,1273.325,5.57
8.5,Zheleznogorsk,45.0,0.0,1510.10075,40.62,0.2171,1.7988,28.684,22.947,36.783,1272.439,1273.32,5.037
8.5,Khabarovsk,3.0,0.0,1978.657,38.27,0.2846,1.7988,28.684,22.947,36.784,1272.455,1273.336,6.6
8.5,Vladivostok,55.0,0.0,2144.828,37.57,0.3085,1.7988,28.684,22.947,36.784,1272.462,1273.342,7.154
8.5,Minsk,63.0,0.0,1149.207125,42.99,0.1653,1.7988,28.684,22.947,36.783,1272.43,1273.311,3.833
8.5,Almaty,72.0,0.0,1564.63575,40.31,0.225,1.7988,28.684,22.947,36.783,1272.441,1273.322,5.219
8.666666666666666,Vladimir,62.0,0.0,1189.2085,42.7,0.1709,1.7988,28.684,22.947,36.783,1272.431,1273.311,3.967
8.666666666666666,Murmansk,33.0,0.0,1160.654,42.91,0.1668,1.7988,28.684,22.947,36.783,1272.43,1273.311,3.872
8.666666666666666,Novosibirsk,44.0,0.0,1429.067875,41.1,0.2055,1.7988,28.684,22.947,36.783,1272.437,1273.318,4.767
8.666666666666666,Zheleznogorsk,44.0,0.0,1379.428125,41.41,0.1983,1.7988,28.684,22.947,36.783,1272.435,1273.316,4.601
8.666666666666666,Khabarovsk,2.0,0.0,1717.636,39.5,0.247,1.7988,28.684,22.947,36.783,1272.445,1273.326,5.729
8.666666666666666,Vladivostok,54.0,0.0,1870.34025,38.76,0.269,1.7988,28.684,22.947,36.783,1272.451,1273.332,6.239
8.666666666666666,Minsk,62.0,0.0,1029.151125,43.95,0.148,1.7988,28.684,22.947,36.783,1272.427,1273.308,3.433
8.666666666666666,Almaty,44.0,0.0,1690.534,39.64,0.2431,1.7988,28.684,22.947,36.783,1272.445,1273.325,5.639
8.833333333333334,Vladimir,61.0,0.0,1386.372375,41.36,0.1994,1.7988,28.684,22.947,36.783,1272.435,1273.316,4.624
8.833333333333334,Murmansk,32.0,0.0,1086.976875,43.48,0.1562,1.7988,28.684,22.947,36.783,1272.428,1273.309,3.626
8.833333333333334,Novosibirsk,43.0,0.0,1229.038625,42.41,0.1767,1.7988,28.684,22.947,36.783,1272.431,1273.312,4.1
8.833333333333334,Zheleznogorsk,43.0,0.0,1311.43125,41.85,0.1885,1.7988,28.684,22.947,36.783,1272.434,1273.314,4.374
8.833333333333334,Khabarovsk,1.0,0.0,1471.803125,40.84,0.2117,1.7988,28.684,22.947,36.783,1272.438,1273.319,4.909
8.833333333333334,Vladivostok,53.0,0.0,1627.85825,39.97,0.234,1.7988,28.684,22.947,36.783,1272.443,1273.323,5.43
8.833333333333334,Minsk,61.0,0.0,997.6499375,44.22,0.1435,1.7988,28.684,22.947,36.783,1272.426,1273.307,3.328
8.833333333333334,Almaty,43.0,0.0,1566.776125,40.3,0.2253,1.7988,28.684,22.947,36.783,1272.441,1273.322,5.226
9.0,Vladimir,60.0,0.0,1626.505375,39.98,0.2337,1.7988,28.684,22.947,36.783,1272.442,1273.323,5.425
9.0,Murmansk,31.0,0.0,1083.22075,43.51,0.1557,1.7988,28.684,22.947,36.783,1272.428,1273.309,3.613
9.0,Novosibirsk,42.0,0.0,1090.20125,43.45,0.1568,1.7988,28.684,22.947,36.783,1272.428,1273.309,3.637
9.0,Zheleznogorsk,42.0,0.0,1313.39175,41.83,0.1889,1.7988,28.684,22.947,36.783,1272.434,1273.314,4.381
9.0,Khabarovsk,0.0,0.0,1254.388,42.23,0.1804,1.7988,28.684,22.947,36.783,1272.432,1273.313,4.184
9.0,Vladivostok,52.0,0.0,1432.43075,41.08,0.2059,1.7988,28.684,22.947,36.783,1272.437,1273.318,4.778
9.0,Minsk,60.0,0.0,1065.945625,43.65,0.1532,1.7988,28.684,22.947,36.783,1272.428,1273.309,3.556
9.0,Almaty,42.0,0.0,1518.594125,40.57,0.2184,1.7988,28.684,22.947,36.783,1272.439,1273.32,5.065
9.166666666666666,Vladimir,69.0,0.0,1894.186125,38.65,0.2724,1.7988,28.684,22.947,36.784,1272.452,1273.333,6.318
9.166666666666666,Murmansk,30.0,0.0,1148.12725,43.0,0.1651,1.7988,28.684,22.947,36.783,1272.43,1273.31,3.83
9.166666666666666,Novosibirsk,41.0,0.0,1034.732125,43.9,0.1488,1.7988,28.684,22.947,36.783,1272.427,1273.308,3.451
9.166666666666666,Zheleznogorsk,89.0,0.0,1322.442875,41.77,0.1902,1.7988,28.684,22.947,36.783,1272.434,1273.315,4.411
9.166666666666666,Khabarovsk,9.0,0.0,1087.173,43.48,0.1562,1.7988,28.684,22.947,36.783,1272.428,1273.309,3.626
9.166666666666666,Vladivostok,51.0,0.0,1303.499875,41.9,0.1874,1.7988,28.684,22.947,36.783,1272.433,1273.314,4.348
9.166666666666666,Minsk,69.0,0.0,1219.91925,42.47,0.1755,1.7988,28.684,22.947,36.783,1272.431,1273.312,4.069
9.166666666666666,Almaty,41.0,0.0,1551.110625,40.39,0.223,1.7988,28.684,22.947,36.783,1272.44,1273.321,5.174
9.333333333333334,Vladimir,68.0,0.0,2179.81625,37.43,0.3135,1.7988,28.684,22.947,36.784,1272.463,1273.344,7.271
9.333333333333334,Murmansk,39.0,0.0,1269.2605,42.13,0.1825,1.7988,28.684,22.947,36.783,1272.432,1273.313,4.234
9.333333333333334,Novosibirsk,40.0,0.0,1072.615375,43.59,0.1543,1.7988,28.684,22.947,36.783,1272.428,1273.309,3.578
9.333333333333334,Zheleznogorsk,88.0,0.0,1369.372625,41.47,0.1969,1.7988,28.684,22.947,36.783,1272.435,1273.316,4.568
9.333333333333334,Khabarovsk,8.0,0.0,1000.268875,44.2,0.1438,1.7988,28.684,22.947,36.783,1272.427,1273.307,3.337
9.333333333333334,Vladivostok,8.0,0.0,1251.916,42.25,0.18,1.7988,28.684,22.947,36.783,1272.432,1273.313,4.176
9.333333333333334,Minsk,68.0,0.0,1434.064875,41.07,0.2062,1.7988,28.684,22.947,36.783,1272.437,1273.318,4.784
9.333333333333334,Almaty,40.0,0.0,1657.444625,39.81,0.2384,1.7988,28.684,22.947,36.783,1272.444,1273.324,5.529
9.5,Vladimir,77.0,0.0,2096.9825,37.77,0.3015,1.7988,28.684,22.947,36.784,1272.46,1273.34,6.995
9.5,Murmansk,38.0,0.0,1430.51825,41.09,0.2057,1.7988,28.684,22.947,36.783,1272.437,1273.318,4.772
9.5,Novosibirsk,49.0,0.0,1191.97125,42.68,0.1713,1.7988,28.684,22.947,36.783,1272.431,1273.311,3.976
9.5,Zheleznogorsk,87.0,0.0,1481.185375,40.79,0.2129,1.7988,28.684,22.947,36.783,1272.438,1273.319,4.941
9.5,Khabarovsk,7.0,0.0,1018.49175,44.04,0.1465,1.7988,28.684,22.947,36.783,1272.427,1273.308,3.397
9.5,Vladivostok,7.0,0.0,1102.770125,43.35,0.1586,1.7988,28.684,22.947,36.783,1272.429,1273.31,3.678
9.5,Minsk,67.0,0.0,1686.91725,39.66,0.2425,1.7988,28.684,22.947,36.783,1272.444,1273.325,5.627
9.5,Almaty,87.0,0.0,1747.71575,39.35,0.2513,1.7988,28.684,22.947,36.783,1272.446,1273.327,5.83
9.666666666666666,Vladimir,76.0,0.0,1854.053375,38.84,0.2665,1.7988,28.684,22.947,36.783,1272.45,1273.331,6.184
9.666666666666666,Murmansk,67.0,0.0,1539.651375,40.45,0.2214,1.7988,28.684,22.947,36.783,1272.44,1273.321,5.136
9.666666666666666,Novosibirsk,48.0,0.0,1368.768625,41.47,0.1969,1.7988,28.684,22.947,36.783,1272.435,1273.316,4.566
9.666666666666666,Zheleznogorsk,86.0,0.0,1646.506875,39.87,0.2367,1.7988,28.684,22.947,36.783,1272.443,1273.324,5.492
9.666666666666666,Khabarovsk,6.0,0.0,1139.918125,43.06,0.164,1.7988,28.684,22.947,36.783,1272.429,1273.31,3.802
9.666666666666666,Vladivostok,6.0,0.0,1047.9785625,43.79,0.1507,1.7988,28.684,22.947,36.783,1272.427,1273.308,3.496
9.666666666666666,Minsk,66.0,0.0,1964.4585,38.34,0.2823,1.7988,28.684,22.947,36.784,1272.454,1273.335,6.553
9.666666666666666,Almaty,86.0,0.0,1501.355875,40.67,0.2159,1.7988,28.684,22.947,36.783,1272.439,1273.32,5.008
9.833333333333334,Vladimir,75.0,0.0,1620.853,40.01,0.2329,1.7988,28.684,22.947,36.783,1272.442,1273.323,5.407
9.833333333333334,Murmansk,66.0,0.0,1339.69925,41.66,0.1926,1.7988,28.684,22.947,36.783,1272.434,1273.315,4.469
9.833333333333334,Novosibirsk,47.0,0.0,1581.128,40.22,0.2274,1.7988,28.684,22.947,36.783,1272.441,1273.322,5.274
9.833333333333334,Zheleznogorsk,85.0,0.0,1852.441,38.85,0.2662,1.7988,28.684,22.947,36.783,1272.45,1273.331,6.179
9.833333333333334,Khabarovsk,5.0,0.0,1338.997125,41.67,0.1924,1.7988,28.684,22.947,36.783,1272.434,1273.315,4.466
9.833333333333334,Vladivostok,5.0,0.0,1105.216625,43.33,0.1589,1.7988,28.684,22.947,36.783,1272.429,1273.31,3.687
9.833333333333334,Minsk,37.0,0.0,1863.2845,38.8,0.2678,1.7988,28.684,22.947,36.783,1272.451,1273.331,6.215
9.833333333333334,Almaty,85.0,0.0,1288.242125,42.0,0.1852,1.7988,28.684,22.947,36.783,1272.433,1273.314,4.297
10.0,Vladimir,74.0,0.0,1405.780125,41.24,0.2022,1.7988,28.684,22.947,36.783,1272.436,1273.317,4.689
10.0,Murmansk,65.0,0.0,1172.49225,42.82,0.1686,1.7988,28.684,22.947,36.783,1272.43,1273.311,3.911
10.0,Novosibirsk,84.0,0.0,1800.3305,39.09,0.259,1.7988,28.684,22.947,36.783,1272.448,1273.329,6.005
10.0,Zheleznogorsk,84.0,0.0,2088.01875,37.81,0.3001,1.7988,28.684,22.947,36.784,1272.459,1273.34,6.965
10.0,Khabarovsk,4.0,0.0,1588.363875,40.18,0.2284,1.7988,28.684,22.947,36.783,1272.441,1273.322,5.298
10.0,Vladivostok,4.0,0.0,1261.935625,42.18,0.1814,1.7988,28.684,22.947,36.783,1272.432,1273.313,4.209
10.0,Minsk,36.0,0.0,1628.60275,39.96,0.2343,1.7988,28.684,22.947,36.783,1272.443,1273.324,5.432
10.0,Almaty,84.0,0.0,1131.910625,43.12,0.1628,1.7988,28.684,22.947,36.783,1272.429,1273.31,3.776
10.166666666666666,Vladimir,73.0,0.0,1222.293875,42.46,0.1757,1.7988,28.684,22.947,36.783,1272.431,1273.312,4.077
10.166666666666666,Murmansk,64.0,0.0,1055.99075,43.73,0.1518,1.7988,28.684,22.947,36.783,1272.428,1273.309,3.522
10.166666666666666,Novosibirsk,83.0,0.0,1973.585625,38.3,0.2836,1.7988,28.684,22.947,36.784,1272.455,1273.336,6.583
10.166666666666666,Zheleznogorsk,55.0,0.0,2065.95525,37.9,0.297,1.7988,28.684,22.947,36.784,1272.458,1273.339,6.891
10.166666666666666,Khabarovsk,65.0,0.0,1861.9545,38.8,0.2678,1.7988,28.684,22.947,36.783,1272.451,1273.331,6.211
10.166666666666666,Vladivostok,3.0,0.0,1488.85725,40.74,0.2142,1.7988,28.684,22.947,36.783,1272.438,1273.319,4.966
10.166666666666666,Minsk,35.0,0.0,1431.181625,41.09,0.2057,1.7988,28.684,22.947,36.783,1272.437,1273.318,4.774
10.166666666666666,Almaty,83.0,0.0,1062.205,43.68,0.1527,1.7988,28.684,22.947,36.783,1272.428,1273.309,3.543
10.333333333333334,Vladimir,72.0,0.0,1090.509125,43.45,0.1568,1.7988,28.684,22.947,36.783,1272.428,1273.309,3.638
10.333333333333334,Murmansk,63.0,0.0,1010.017375,44.11,0.1453,1.7988,28.684,22.947,36.783,1272.427,1273.308,3.369
10.333333333333334,Novosibirsk,82.0,0.0,2180.88675,37.43,0.3135,1.7988,28.684,22.947,36.784,1272.463,1273.344,7.275
10.333333333333334,Zheleznogorsk,54.0,0.0,1793.675375,39.13,0.2578,1.7988,28.684,22.947,36.783,1272.448,1273.329,5.983
10.333333333333334,Khabarovsk,64.0,0.0,2006.539125,38.15,0.2886,1.7988,28.684,22.947,36.784,1272.456,1273.337,6.693
10.333333333333334,Vladivostok,2.0,0.0,1760.2485,39.29,0.2531,1.7988,28.684,22.947,36.783,1272.447,1273.328,5.872
10.333333333333334,Minsk,34.0,0.0,1286.422,42.01,0.185,1.7988,28.684,22.947,36.783,1272.433,1273.314,4.291
10.333333333333334,Almaty,82.0,0.0,1099.531625,43.38,0.158,1.7988,28.684,22.947,36.783,1272.429,1273.309,3.668
10.5,Vladimir,71.0,0.0,1034.331125,43.91,0.1487,1.7988,28.684,22.947,36.783,1272.427,1273.308,3.45
10.5,Murmansk,62.0,0.0,1045.671875,43.81,0.1504,1.7988,28.684,22.947,36.783,1272.427,1273.308,3.488
10.5,Novosibirsk,53.0,0.0,1981.051875,38.26,0.2849,1.7988,28.684,22.947,36.784,1272.455,1273.336,6.608
10.5,Zheleznogorsk,53.0,0.0,1543.159,40.43,0.2219,1.7988,28.684,22.947,36.783,1272.44,1273.321,5.147
10.5,Khabarovsk,63.0,0.0,2191.3225,37.39,0.3149,1.7988,28.684,22.947,36.784,1272.463,1273.344,7.309
10.5,Vladivostok,1.0,0.0,2059.355,37.93,0.296,1.7988,28.684,22.947,36.784,1272.458,1273.339,6.869
10.5,Minsk,33.0,0.0,1210.9805,42.54,0.1741,1.7988,28.684,22.947,36.783,1272.431,1273.312,4.039
10.5,Almaty,81.0,0.0,1237.114625,42.35,0.1779,1.7988,28.684,22.947,36.783,1272.432,1273.313,4.127
10.666666666666666,Vladimir,70.0,0.0,1069.185,43.62,0.1537,1.7988,28.684,22.947,36.783,1272.428,1273.309,3.566
10.666666666666666,Murmansk,61.0,0.0,1156.73775,42.94,0.1662,1.7988,28.684,22.947,36.783,1272.43,1273.311,3.858
10.666666666666666,Novosibirsk,52.0,0.0,1704.981875,39.57,0.245,1.7988,28.684,22.947,36.783,1272.445,1273.326,5.687
10.666666666666666,Zheleznogorsk,52.0,0.0,1325.546625,41.75,0.1906,1.7988,28.684,22.947,36.783,1272.434,1273.315,4.422
10.666666666666666,Khabarovsk,10.0,0.0,2155.6295,37.53,0.3099,1.7988,28.684,22.947,36.784,1272.462,1273.343,7.19
10.666666666666666,Vladivostok,63.0,0.0,2206.75375,37.33,0.3171,1.7988,28.684,22.947,36.784,1272.464,1273.345,7.361
10.666666666666666,Minsk,32.0,0.0,1215.11875,42.51,0.1747,1.7988,28.684,22.947,36.783,1272.431,1273.312,4.053
10.666666666666666,Almaty,80.0,0.0,1448.714875,40.98,0.2083,1.7988,28.684,22.947,36.783,1272.437,1273.318,4.832
10.833333333333334,Vladimir,79.0,0.0,1189.80525,42.69,0.1711,1.7988,28.684,22.947,36.783,1272.431,1273.311,3.969
10.833333333333334,Murmansk,41.0,0.0,1045.668,43.81,0.1504,1.7988,28.684,22.947,36.783,1272.427,1273.308,3.488
10.833333333333334,Novosibirsk,51.0,0.0,1453.545875,40.95,0.209,1.7988,28.684,22.947,36.783,1272.437,1273.318,4.849
10.833333333333334,Zheleznogorsk,51.0,0.0,1157.698125,42.93,0.1664,1.7988,28.684,22.947,36.783,1272.43,1273.311,3.862
10.833333333333334,Khabarovsk,19.0,0.0,1909.862875,38.58,0.2746,1.7988,28.684,22.947,36.784,1272.452,1273.333,6.371
10.833333333333334,Vladivostok,62.0,0.0,1895.637375,38.65,0.2724,1.7988,28.684,22.947,36.784,1272.452,1273.333,6.323
10.833333333333334,Minsk,79.0,0.0,1201.061125,42.61,0.1727,1.7988,28.684,22.947,36.783,1272.431,1273.312,4.006
10.833333333333334,Almaty,89.0,0.0,1708.459375,39.55,0.2456,1.7988,28.684,22.947,36.783,1272.445,1273.326,5.699
11.0,Vladimir,78.0,0.0,1375.842625,41.43,0.1978,1.7988,28.684,22.947,36.783,1272.435,1273.316,4.589
11.0,Murmansk,40.0,0.0,1002.0541875,44.18,0.1441,1.7988,28.684,22.947,36.783,1272.427,1273.307,3.342
11.0,Novosibirsk,50.0,0.0,1240.56475,42.33,0.1783,1.7988,28.684,22.947,36.783,1272.432,1273.313,4.138
11.0,Zheleznogorsk,50.0,0.0,1061.0535,43.69,0.1525,1.7988,28.684,22.947,36.783,1272.428,1273.309,3.539
11.0,Khabarovsk,18.0,0.0,1678.476875,39.7,0.2414,1.7988,28.684,22.947,36.783,1272.444,1273.325,5.599
11.0,Vladivostok,61.0,0.0,1605.067,40.09,0.2308,1.7988,28.684,22.947,36.783,1272.442,1273.323,5.354
11.0,Minsk,78.0,0.0,1159.139625,42.92,0.1666,1.7988,28.684,22.947,36.783,1272.43,1273.311,3.866
11.0,Almaty,41.0,0.0,1839.1345,38.91,0.2644,1.7988,28.684,22.947,36.783,1272.45,1273.331,6.135
11.166666666666666,Vladimir,77.0,0.0,1606.196625,40.09,0.2308,1.7988,28.684,22.947,36.783,1272.442,1273.323,5.358
11.166666666666666,Murmansk,49.0,0.0,1037.9125,43.88,0.1492,1.7988,28.684,22.947,36.783,1272.427,1273.308,3.462
11.166666666666666,Novosibirsk,59.0,0.0,1087.0,43.48,0.1562,1.7988,28.684,22.947,36.783,1272.428,1273.309,3.626
11.166666666666666,Zheleznogorsk,59.0,0.0,1052.54925,43.76,0.1513,1.7988,28.684,22.947,36.783,1272.428,1273.308,3.511
11.166666666666666,Khabarovsk,17.0,0.0,1472.077375,40.84,0.2117,1.7988,28.684,22.947,36.783,1272.438,1273.319,4.91
11.166666666666666,Vladivostok,60.0,0.0,1347.389875,41.61,0.1937,1.7988,28.684,22.947,36.783,1272.434,1273.315,4.494
11.166666666666666,Minsk,77.0,0.0,1200.381375,42.61,0.1727,1.7988,28.684,22.947,36.783,1272.431,1273.312,4.004
11.166666666666666,Almaty,59.0,0.0,1937.732,38.46,0.2784,1.7988,28.684,22.947,36.784,1272.453,1273.334,6.464
11.333333333333334,Vladimir,76.0,0.0,1865.56375,38.78,0.2684,1.7988,28.684,22.947,36.783,1272.451,1273.332,6.223
11.333333333333334,Murmansk,48.0,0.0,1143.981125,43.03,0.1645,1.7988,28.684,22.947,36.783,1272.43,1273.31,3.816
11.333333333333334,Novosibirsk,58.0,0.0,1017.6293125,44.05,0.1463,1.7988,28.684,22.947,36.783,1272.427,1273.308,3.394
11.333333333333334,Zheleznogorsk,58.0,0.0,1131.200125,43.13,0.1626,1.7988,28.684,22.947,36.783,1272.429,1273.31,3.773
11.333333333333334,Khabarovsk,16.0,0.0,1306.580875,41.88,0.1878,1.7988,28.684,22.947,36.783,1272.433,1273.314,4.358
11.333333333333334,Vladivostok,69.0,0.0,1143.324375,43.04,0.1643,1.7988,28.684,22.947,36.783,1272.429,1273.31,3.814
11.333333333333334,Minsk,76.0,0.0,1319.602,41.79,0.1898,1.7988,28.684,22.947,36.783,1272.434,1273.315,4.402
11.333333333333334,Almaty,58.0,0.0,1940.81125,38.44,0.2791,1.7988,28.684,22.947,36.784,1272.453,1273.334,6.474
11.5,Vladimir,75.0,0.0,2144.13975,37.58,0.3081,1.7988,28.684,22.947,36.784,1272.461,1273.342,7.152
11.5,Murmansk,47.0,0.0,1301.419625,41.91,0.1872,1.7988,28.684,22.947,36.783,1272.433,1273.314,4.341
11.5,Novosibirsk,57.0,0.0,1046.510625,43.81,0.1504,1.7988,28.684,22.947,36.783,1272.427,1273.308,3.491
11.5,Zheleznogorsk,57.0,0.0,1278.123875,42.07,0.1838,1.7988,28.684,22.947,36.783,1272.433,1273.314,4.263
11.5,Khabarovsk,15.0,0.0,1203.042125,42.6,0.1729,1.7988,28.684,22.947,36.783,1272.431,1273.312,4.013
11.5,Vladivostok,68.0,0.0,1022.9100625,44.0,0.1471,1.7988,28.684,22.947,36.783,1272.427,1273.308,3.412
11.5,Minsk,75.0,0.0,1500.307625,40.68,0.2156,1.7988,28.684,22.947,36.783,1272.439,1273.32,5.004
11.5,Almaty,57.0,0.0,2006.950625,38.15,0.2886,1.7988,28.684,22.947,36.784,1272.456,1273.337,6.694
11.666666666666666,Vladimir,47.0,0.0,2012.022375,38.13,0.2892,1.7988,28.684,22.947,36.784,1272.456,1273.337,6.711
11.666666666666666,Murmansk,46.0,0.0,1492.323375,40.72,0.2147,1.7988,28.684,22.947,36.783,1272.438,1273.319,4.978
11.666666666666666,Novosibirsk,56.0,0.0,1163.50425,42.89,0.1672,1.7988,28.684,22.947,36.783,1272.43,1273.311,3.881
11.666666666666666,Zheleznogorsk,56.0,0.0,1470.240875,40.85,0.2115,1.7988,28.684,22.947,36.783,1272.438,1273.319,4.904
11.666666666666666,Khabarovsk,14.0,0.0,1181.61975,42.75,0.1699,1.7988,28.684,22.947,36.783,1272.43,1273.311,3.941
11.666666666666666,Vladivostok,67.0,0.0,1013.252125,44.09,0.1456,1.7988,28.684,22.947,36.783,1272.427,1273.308,3.38
11.666666666666666,Minsk,74.0,0.0,1724.743625,39.47,0.2479,1.7988,28.684,22.947,36.783,1272.446,1273.327,5.753
11.666666666666666,Almaty,56.0,0.0,2128.5555,37.64,0.306,1.7988,28.684,22.947,36.784,1272.461,1273.342,7.1
11.833333333333334,Vladimir,46.0,0.0,1786.545875,39.16,0.2569,1.7988,28.684,22.947,36.783,1272.448,1273.329,5.959
11.833333333333334,Murmansk,74.0,0.0,1414.751,41.19,0.2033,1.7988,28.684,22.947,36.783,1272.436,1273.317,4.719
11.833333333333334,Novosibirsk,55.0,0.0,1343.043625,41.64,0.1931,1.7988,28.684,22.947,36.783,1272.434,1273.315,4.48
11.833333333333334,Zheleznogorsk,4.0,0.0,1350.470125,41.59,0.1942,1.7988,28.684,22.947,36.783,1272.435,1273.315,4.505
11.833333333333334,Khabarovsk,13.0,0.0,1249.69225,42.27,0.1796,1.7988,28.684,22.947,36.783,1272.432,1273.313,4.169
11.833333333333334,Vladivostok,13.0,0.0,1040.7339375,43.85,0.1497,1.7988,28.684,22.947,36.783,1272.427,1273.308,3.472
11.833333333333334,Minsk,73.0,0.0,1979.137875,38.27,0.2846,1.7988,28.684,22.947,36.784,1272.455,1273.336,6.602
11.833333333333334,Almaty,84.0,0.0,2196.84375,37.37,0.3157,1.7988,28.684,22.947,36.784,1272.464,1273.345,7.328
12.0,Vladimir,45.0,0.0,1594.315125,40.15,0.2292,1.7988,28.684,22.947,36.783,1272.442,1273.322,5.318
12.0,Murmansk,73.0,0.0,1234.954625,42.37,0.1775,1.7988,28.684,22.947,36.783,1272.432,1273.313,4.119
12.0,Novosibirsk,54.0,0.0,1561.08925,40.33,0.2245,1.7988,28.684,22.947,36.783,1272.44,1273.321,5.207
12.0,Zheleznogorsk,3.0,0.0,1179.055625,42.77,0.1695,1.7988,28.684,22.947,36.783,1272.43,1273.311,3.933
12.0,Khabarovsk,12.0,0.0,1396.675,41.3,0.2008,1.7988,28.684,22.947,36.783,1272.436,1273.317,4.659
12.0,Vladivostok,12.0,0.0,1037.5006875,43.88,0.1492,1.7988,28.684,22.947,36.783,1272.427,1273.308,3.461
12.0,Minsk,45.0,0.0,1815.587125,39.02,0.2611,1.7988,28.684,22.947,36.783,1272.449,1273.33,6.056
12.0,Almaty,83.0,0.0,2188.26925,37.4,0.3146,1.7988,28.684,22.947,36.784,1272.463,1273.344,7.299
12.166666666666666,Vladimir,44.0,0.0,1447.045875,40.99,0.2081,1.7988,28.684,22.947,36.783,1272.437,1273.318,4.827
12.166666666666666,Murmansk,72.0,0.0,1095.101625,43.41,0.1575,1.7988,28.684,22.947,36.783,1272.428,1273.309,3.653
12.166666666666666,Novosibirsk,2.0,0.0,1486.326,40.76,0.2137,1.7988,28.684,22.947,36.783,1272.438,1273.319,4.958
12.166666666666666,Zheleznogorsk,2.0,0.0,1065.816125,43.65,0.1532,1.7988,28.684,22.947,36.783,1272.428,1273.309,3.555
12.166666666666666,Khabarovsk,11.0,0.0,1602.815125,40.1,0.2305,1.7988,28.684,22.947,36.783,1272.442,1273.323,5.346
12.166666666666666,Vladivostok,11.0,0.0,1144.241875,43.03,0.1645,1.7988,28.684,22.947,36.783,1272.43,1273.31,3.817
12.166666666666666,Minsk,44.0,0.0,1551.346875,40.39,0.223,1.7988,28.684,22.947,36.783,1272.44,1273.321,5.175
12.166666666666666,Almaty,54.0,0.0,2074.606875,37.86,0.2984,1.7988,28.684,22.947,36.784,1272.459,1273.34,6.92
12.333333333333334,Vladimir,43.0,0.0,1357.42875,41.55,0.1951,1.7988,28.684,22.947,36.783,1272.435,1273.316,4.528
12.333333333333334,Murmansk,71.0,0.0,1014.3699375,44.08,0.1458,1.7988,28.684,22.947,36.783,1272.427,1273.308,3.384
12.333333333333334,Novosibirsk,1.0,0.0,1318.7005,41.8,0.1896,1.7988,28.684,22.947,36.783,1272.434,1273.315,4.399
12.333333333333334,Zheleznogorsk,1.0,0.0,1033.889,43.91,0.1487,1.7988,28.684,22.947,36.783,1272.427,1273.308,3.449
12.333333333333334,Khabarovsk,63.0,0.0,1804.65025,39.07,0.2596,1.7988,28.684,22.947,36.783,1272.448,1273.329,6.02
12.333333333333334,Vladivostok,10.0,0.0,1337.229375,41.68,0.1922,1.7988,28.684,22.947,36.783,1272.434,1273.315,4.461
12.333333333333334,Minsk,43.0,0.0,1318.6225,41.8,0.1896,1.7988,28.684,22.947,36.783,1272.434,1273.315,4.398
12.333333333333334,Almaty,53.0,0.0,1805.995375,39.07,0.2596,1.7988,28.684,22.947,36.783,1272.448,1273.329,6.024
12.5,Vladimir,80.0,0.0,1332.15425,41.71,0.1915,1.7988,28.684,22.947,36.783,1272.434,1273.315,4.444
12.5,Murmansk,70.0,0.0,1009.3125625,44.12,0.1451,1.7988,28.684,22.947,36.783,1272.427,1273.308,3.367
12.5,Novosibirsk,0.0,0.0,1202.092125,42.6,0.1729,1.7988,28.684,22.947,36.783,1272.431,1273.312,4.01
12.5,Zheleznogorsk,0.0,0.0,1093.66025,43.42,0.1573,1.7988,28.684,22.947,36.783,1272.428,1273.309,3.648
12.5,Khabarovsk,62.0,0.0,2028.87925,38.06,0.2916,1.7988,28.684,22.947,36.784,1272.457,1273.338,6.768
12.5,Vladivostok,19.0,0.0,1586.932125,40.19,0.2282,1.7988,28.684,22.947,36.783,1272.441,1273.322,5.293
12.5,Minsk,42.0,0.0,1135.147875,43.1,0.1632,1.7988,28.684,22.947,36.783,1272.429,1273.31,3.786
12.5,Almaty,52.0,0.0,1572.26925,40.27,0.2261,1.7988,28.684,22.947,36.783,1272.441,1273.322,5.245
12.666666666666666,Vladimir,89.0,0.0,1279.891,42.06,0.184,1.7988,28.684,22.947,36.783,1272.433,1273.314,4.269
12.666666666666666,Murmansk,79.0,0.0,1082.818,43.51,0.1557,1.7988,28.684,22.947,36.783,1272.428,1273.309,3.612
12.666666666666666,Novosibirsk,9.0,0.0,1155.72075,42.94,0.1662,1.7988,28.684,22.947,36.783,1272.43,1273.311,3.855
12.666666666666666,Zheleznogorsk,9.0,0.0,1234.384625,42.37,0.1775,1.7988,28.684,22.947,36.783,1272.432,1273.313,4.117
12.666666666666666,Khabarovsk,61.0,0.0,2267.1345,37.09,0.326,1.7988,28.684,22.947,36.784,1272.467,1273.348,7.562
12.666666666666666,Vladivostok,18.0,0.0,1871.870625,38.76,0.269,1.7988,28.684,22.947,36.783,1272.451,1273.332,6.244
12.666666666666666,Minsk,41.0,0.0,1025.2138125,43.98,0.1475,1.7988,28.684,22.947,36.783,1272.427,1273.308,3.42
12.666666666666666,Almaty,51.0,0.0,1389.69725,41.34,0.1999,1.7988,28.684,22.947,36.783,1272.436,1273.316,4.636
12.833333333333334,Vladimir,88.0,0.0,1298.307,41.93,0.1867,1.7988,28.684,22.947,36.783,1272.433,1273.314,4.331
12.833333333333334,Murmansk,59.0,0.0,1104.991375,43.33,0.1589,1.7988,28.684,22.947,36.783,1272.429,1273.31,3.686
12.833333333333334,Novosibirsk,8.0,0.0,1191.0425,42.68,0.1713,1.7988,28.684,22.947,36.783,1272.431,1273.311,3.973
12.833333333333334,Zheleznogorsk,60.0,0.0,1318.74575,41.8,0.1896,1.7988,28.684,22.947,36.783,1272.434,1273.315,4.399
12.833333333333334,Khabarovsk,18.0,0.0,2263.23425,37.11,0.3253,1.7988,28.684,22.947,36.784,1272.467,1273.347,7.549
12.833333333333334,Vladivostok,17.0,0.0,2178.92025,37.44,0.3131,1.7988,28.684,22.947,36.784,1272.463,1273.344,7.268
12.833333333333334,Minsk,40.0,0.0,1010.1315,44.11,0.1453,1.7988,28.684,22.947,36.783,1272.427,1273.308,3.369
12.833333333333334,Almaty,50.0,0.0,1278.345625,42.07,0.1838,1.7988,28.684,22.947,36.783,1272.433,1273.314,4.264
13.0,Vladimir,87.0,0.0,1387.124,41.36,0.1994,1.7988,28.684,22.947,36.783,1272.435,1273.316,4.627
13.0,Murmansk,58.0,0.0,1021.58225,44.02,0.1468,1.7988,28.684,22.947,36.783,1272.427,1273.308,3.408
13.0,Novosibirsk,7.0,0.0,1304.04525,41.9,0.1874,1.7988,28.684,22.947,36.783,1272.433,1273.314,4.35
13.0,Zheleznogorsk,69.0,0.0,1137.43775,43.08,0.1636,1.7988,28.684,22.947,36.783,1272.429,1273.31,3.794
13.0,Khabarovsk,17.0,0.0,2089.971375,37.8,0.3004,1.7988,28.684,22.947,36.784,1272.459,1273.34,6.971
13.0,Vladivostok,79.0,0.0,2111.03825,37.71,0.3036,1.7988,28.684,22.947,36.784,1272.46,1273.341,7.042
13.0,Minsk,49.0,0.0,1090.729125,43.45,0.1568,1.7988,28.684,22.947,36.783,1272.428,1273.309,3.638
13.0,Almaty,7.0,0.0,1190.65375,42.69,0.1711,1.7988,28.684,22.947,36.783,1272.431,1273.311,3.972
13.166666666666666,Vladimir,86.0,0.0,1536.194375,40.47,0.2209,1.7988,28.684,22.947,36.783,1272.44,1273.321,5.124
13.166666666666666,Murmansk,57.0,0.0,1018.0330625,44.05,0.1463,1.7988,28.684,22.947,36.783,1272.427,1273.308,3.396
13.166666666666666,Novosibirsk,68.0,0.0,1406.871875,41.24,0.2022,1.7988,28.684,22.947,36.783,1272.436,1273.317,4.693
13.166666666666666,Zheleznogorsk,68.0,0.0,1028.4639375,43.96,0.1478,1.7988,28.684,22.947,36.783,1272.427,1273.308,3.431
13.166666666666666,Khabarovsk,78.0,0.0,1821.200625,38.99,0.262,1.7988,28.684,22.947,36.783,1272.449,1273.33,6.075
13.166666666666666,Vladivostok,78.0,0.0,1812.45075,39.04,0.2605,1.7988,28.684,22.947,36.783,1272.449,1273.33,6.046
13.166666666666666,Minsk,48.0,0.0,1245.563,42.29,0.1792,1.7988,28.684,22.947,36.783,1272.432,1273.313,4.155
13.166666666666666,Almaty,6.0,0.0,1064.54775,43.66,0.153,1.7988,28.684,22.947,36.783,1272.428,1273.309,3.551
13.333333333333334,Vladimir,85.0,0.0,1731.581,39.43,0.249,1.7988,28.684,22.947,36.783,1272.446,1273.327,5.776
13.333333333333334,Murmansk,56.0,0.0,1093.619,43.42,0.1573,1.7988,28.684,22.947,36.783,1272.428,1273.309,3.648
13.333333333333334,Novosibirsk,67.0,0.0,1263.8815,42.17,0.1816,1.7988,28.684,22.947,36.783,1272.432,1273.313,4.216
13.333333333333334,Zheleznogorsk,67.0,0.0,1012.759625,44.09,0.1456,1.7988,28.684,22.947,36.783,1272.427,1273.308,3.378
13.333333333333334,Khabarovsk,77.0,0.0,1549.67325,40.4,0.2227,1.7988,28.684,22.947,36.783,1272.44,1273.321,5.169
13.333333333333334,Vladivostok,77.0,0.0,1541.107,40.44,0.2217,1.7988,28.684,22.947,36.783,1272.44,1273.321,5.141
13.333333333333334,Minsk,47.0,0.0,1448.168,40.98,0.2083,1.7988,28.684,22.947,36.783,1272.437,1273.318,4.831
13.333333333333334,Almaty,5.0,0.0,1041.075625,43.85,0.1497,1.7988,28.684,22.947,36.783,1272.427,1273.308,3.473
13.5,Vladimir,84.0,0.0,1960.641125,38.35,0.282,1.7988,28.684,22.947,36.784,1272.454,1273.335,6.54
13.5,Murmansk,55.0,0.0,1232.315,42.39,0.1771,1.7988,28.684,22.947,36.783,1272.432,1273.312,4.111
13.5,Novosibirsk,66.0,0.0,1197.23825,42.64,0.1721,1.7988,28.684,22.947,36.783,1272.431,1273.312,3.994
13.5,Zheleznogorsk,66.0,0.0,1091.52625,43.44,0.1569,1.7988,28.684,22.947,36.783,1272.428,1273.309,3.641
13.5,Khabarovsk,76.0,0.0,1313.19125,41.83,0.1889,1.7988,28.684,22.947,36.783,1272.434,1273.314,4.38
13.5,Vladivostok,76.0,0.0,1312.872625,41.84,0.1887,1.7988,28.684,22.947,36.783,1272.434,1273.314,4.379
13.5,Minsk,84.0,0.0,1618.857625,40.02,0.2327,1.7988,28.684,22.947,36.783,1272.442,1273.323,5.4
13.5,Almaty,4.0,0.0,1129.97275,43.14,0.1625,1.7988,28.684,22.947,36.783,1272.429,1273.31,3.769
13.666666666666666,Vladimir,55.0,0.0,2175.75125,37.45,0.3128,1.7988,28.684,22.947,36.784,1272.463,1273.344,7.258
13.666666666666666,Murmansk,54.0,0.0,1414.125,41.19,0.2033,1.7988,28.684,22.947,36.783,1272.436,1273.317,4.717
13.666666666666666,Novosibirsk,65.0,0.0,1217.394625,42.49,0.1751,1.7988,28.684,22.947,36.783,1272.431,1273.312,4.061
13.666666666666666,Zheleznogorsk,65.0,0.0,1244.19175,42.3,0.179,1.7988,28.684,22.947,36.783,1272.432,1273.313,4.15
13.666666666666666,Khabarovsk,75.0,0.0,1131.97075,43.12,0.1628,1.7988,28.684,22.947,36.783,1272.429,1273.31,3.776
13.666666666666666,Vladivostok,75.0,0.0,1151.82475,42.97,0.1657,1.7988,28.684,22.947,36.783,1272.43,1273.311,3.842
13.666666666666666,Minsk,83.0,0.0,1749.38525,39.34,0.2516,1.7988,28.684,22.947,36.783,1272.447,1273.327,5.835
13.666666666666666,Almaty,3.0,0.0,1310.95575,41.85,0.1885,1.7988,28.684,22.947,36.783,1272.434,1273.314,4.373
13.833333333333334,Vladimir,54.0,0.0,1898.453375,38.63,0.273,1.7988,28.684,22.947,36.784,1272.452,1273.333,6.333
13.833333333333334,Murmansk,83.0,0.0,1541.7225,40.44,0.2217,1.7988,28.684,22.947,36.783,1272.44,1273.321,5.143
13.833333333333334,Novosibirsk,64.0,0.0,1318.080375,41.8,0.1896,1.7988,28.684,22.947,36.783,1272.434,1273.315,4.397
13.833333333333334,Zheleznogorsk,64.0,0.0,1444.88825,41.0,0.2078,1.7988,28.684,22.947,36.783,1272.437,1273.318,4.82
13.833333333333334,Khabarovsk,74.0,0.0,1032.82975,43.92,0.1485,1.7988,28.684,22.947,36.783,1272.427,1273.308,3.445
13.833333333333334,Vladivostok,74.0,0.0,1085.763875,43.49,0.156,1.7988,28.684,22.947,36.783,1272.428,1273.309,3.622
13.833333333333334,Minsk,82.0,0.0,1925.297625,38.51,0.2768,1.7988,28.684,22.947,36.784,1272.453,1273.334,6.422
13.833333333333334,Almaty,2.0,0.0,1553.812375,40.37,0.2235,1.7988,28.684,22.947,36.783,1272.44,1273.321,5.183
14.0,Vladimir,53.0,0.0,1640.218,39.9,0.2359,1.7988,28.684,22.947,36.783,1272.443,1273.324,5.471
14.0,Murmansk,82.0,0.0,1362.75875,41.51,0.196,1.7988,28.684,22.947,36.783,1272.435,1273.316,4.546
14.0,Novosibirsk,63.0,0.0,1480.647125,40.79,0.2129,1.7988,28.684,22.947,36.783,1272.438,1273.319,4.939
14.0,Zheleznogorsk,11.0,0.0,1552.029625,40.38,0.2232,1.7988,28.684,22.947,36.783,1272.44,1273.321,5.177
14.0,Khabarovsk,73.0,0.0,1036.4215,43.89,0.149,1.7988,28.684,22.947,36.783,1272.427,1273.308,3.457
14.0,Vladivostok,73.0,0.0,1128.586125,43.15,0.1623,1.7988,28.684,22.947,36.783,1272.429,1273.31,3.765
14.0,Minsk,81.0,0.0,2136.551,37.61,0.3071,1.7988,28.684,22.947,36.784,1272.461,1273.342,7.127
14.0,Almaty,1.0,0.0,1835.2215,38.93,0.2638,1.7988,28.684,22.947,36.783,1272.45,1273.33,6.122
14.166666666666666,Vladimir,52.0,0.0,1410.477625,41.21,0.2029,1.7988,28.684,22.947,36.783,1272.436,1273.317,4.705
14.166666666666666,Murmansk,81.0,0.0,1215.074,42.51,0.1747,1.7988,28.684,22.947,36.783,1272.431,1273.312,4.053
14.166666666666666,Novosibirsk,62.0,0.0,1685.0105,39.67,0.2422,1.7988,28.684,22.947,36.783,1272.444,1273.325,5.621
14.166666666666666,Zheleznogorsk,10.0,0.0,1405.441,41.24,0.2022,1.7988,28.684,22.947,36.783,1272.436,1273.317,4.688
14.166666666666666,Khabarovsk,72.0,0.0,1138.52325,43.07,0.1638,1.7988,28.684,22.947,36.783,1272.429,1273.31,3.798
14.166666666666666,Vladivostok,72.0,0.0,1266.327875,42.15,0.1821,1.7988,28.684,22.947,36.783,1272.432,1273.313,4.224
14.166666666666666,Minsk,52.0,0.0,1901.3515,38.62,0.2734,1.7988,28.684,22.947,36.784,1272.452,1273.333,6.342
14.166666666666666,Almaty,0.0,0.0,2140.68375,37.59,0.3078,1.7988,28.684,22.947,36.784,1272.461,1273.342,7.141
14.333333333333334,Vladimir,51.0,0.0,1223.759875,42.45,0.1759,1.7988,28.684,22.947,36.783,1272.431,1273.312,4.082
14.333333333333334,Murmansk,80.0,0.0,1113.79075,43.27,0.16,1.7988,28.684,22.947,36.783,1272.429,1273.31,3.715
14.333333333333334,Novosibirsk,0.0,0.0,1797.251375,39.11,0.2584,1.7988,28.684,22.947,36.783,1272.448,1273.329,5.995
14.333333333333334,Zheleznogorsk,19.0,0.0,1308.28275,41.87,0.188,1.7988,28.684,22.947,36.783,1272.433,1273.314,4.364
14.333333333333334,Khabarovsk,71.0,0.0,1313.232875,41.83,0.1889,1.7988,28.684,22.947,36.783,1272.434,1273.314,4.38
14.333333333333334,Vladivostok,29.0,0.0,1362.855,41.51,0.196,1.7988,28.684,22.947,36.783,1272.435,1273.316,4.546
14.333333333333334,Minsk,51.0,0.0,1633.54425,39.94,0.2348,1.7988,28.684,22.947,36.783,1272.443,1273.324,5.449
14.333333333333334,Almaty,62.0,0.0,2130.53375,37.63,0.3064,1.7988,28.684,22.947,36.784,1272.461,1273.342,7.107
14.5,Vladimir,50.0,0.0,1099.965875,43.37,0.1582,1.7988,28.684,22.947,36.783,1272.429,1273.309,3.669
14.5,Murmansk,89.0,0.0,1074.598375,43.58,0.1544,1.7988,28.684,22.947,36.783,1272.428,1273.309,3.584
14.5,Novosibirsk,18.0,0.0,1660.326125,39.8,0.2386,1.7988,28.684,22.947,36.783,1272.444,1273.324,5.538
14.5,Zheleznogorsk,18.0,0.0,1275.17675,42.09,0.1833,1.7988,28.684,22.947,36.783,1272.433,1273.313,4.254
14.5,Khabarovsk,70.0,0.0,1532.959375,40.49,0.2204,1.7988,28.684,22.947,36.783,1272.44,1273.321,5.113
14.5,Vladivostok,28.0,0.0,1476.09825,40.82,0.2122,1.7988,28.684,22.947,36.783,1272.438,1273.319,4.924
14.5,Minsk,50.0,0.0,1396.06,41.3,0.2008,1.7988,28.684,22.947,36.783,1272.436,1273.317,4.657
14.5,Almaty,61.0,0.0,1823.512125,38.98,0.2623,1.7988,28.684,22.947,36.783,1272.449,1273.33,6.083
14.666666666666666,Vladimir,59.0,0.0,1058.671625,43.71,0.1521,1.7988,28.684,22.947,36.783,1272.428,1273.309,3.531
14.666666666666666,Murmansk,88.0,0.0,1106.289875,43.32,0.1591,1.7988,28.684,22.947,36.783,1272.429,1273.31,3.69
14.666666666666666,Novosibirsk,17.0,0.0,1561.85325,40.33,0.2245,1.7988,28.684,22.947,36.783,1272.44,1273.321,5.21
14.666666666666666,Zheleznogorsk,17.0,0.0,1313.860625,41.83,0.1889,1.7988,28.684,22.947,36.783,1272.434,1273.314,4.383
14.666666666666666,Khabarovsk,79.0,0.0,1778.2895,39.2,0.2557,1.7988,28.684,22.947,36.783,1272.448,1273.328,5.932
14.666666666666666,Vladivostok,27.0,0.0,1656.57675,39.82,0.2381,1.7988,28.684,22.947,36.783,1272.443,1273.324,5.526
14.666666666666666,Minsk,59.0,0.0,1205.546625,42.58,0.1733,1.7988,28.684,22.947,36.783,1272.431,1273.312,4.021
14.666666666666666,Almaty,60.0,0.0,1539.316125,40.45,0.2214,1.7988,28.684,22.947,36.783,1272.44,1273.321,5.135
14.833333333333334,Vladimir,58.0,0.0,1106.20075,43.32,0.1591,1.7988,28.684,22.947,36.783,1272.429,1273.31,3.69
14.833333333333334,Murmansk,87.0,0.0,1205.045375,42.58,0.1733,1.7988,28.684,22.947,36.783,1272.431,1273.312,4.02
14.833333333333334,Novosibirsk,16.0,0.0,1515.554125,40.59,0.2179,1.7988,28.684,22.947,36.783,1272.439,1273.32,5.055
14.833333333333334,Zheleznogorsk,16.0,0.0,1420.869125,41.15,0.2043,1.7988,28.684,22.947,36.783,1272.436,1273.317,4.74
14.833333333333334,Khabarovsk,78.0,0.0,2037.348125,38.02,0.2929,1.7988,28.684,22.947,36.784,1272.457,1273.338,6.796
14.833333333333334,Vladivostok,26.0,0.0,1886.410125,38.69,0.2712,1.7988,28.684,22.947,36.783,1272.451,1273.332,6.292
14.833333333333334,Minsk,58.0,0.0,1085.0035,43.49,0.156,1.7988,28.684,22.947,36.783,1272.428,1273.309,3.619
14.833333333333334,Almaty,69.0,0.0,1291.926625,41.98,0.1857,1.7988,28.684,22.947,36.783,1272.433,1273.314,4.309
15.0,Vladimir,57.0,0.0,1229.3645,42.41,0.1767,1.7988,28.684,22.947,36.783,1272.431,1273.312,4.101
15.0,Murmansk,67.0,0.0,1107.35075,43.32,0.1591,1.7988,28.684,22.947,36.783,1272.429,1273.31,3.694
15.0,Novosibirsk,15.0,0.0,1528.851875,40.51,0.2199,1.7988,28.684,22.947,36.783,1272.44,1273.32,5.1
15.0,Zheleznogorsk,77.0,0.0,1452.279,40.96,0.2088,1.7988,28.684,22.947,36.783,1272.437,1273.318,4.844
15.0,Khabarovsk,26.0,0.0,2008.375125,38.14,0.2889,1.7988,28.684,22.947,36.784,1272.456,1273.337,6.699
15.0,Vladivostok,25.0,0.0,2150.7285,37.55,0.3092,1.7988,28.684,22.947,36.784,1272.462,1273.343,7.174
15.0,Minsk,57.0,0.0,1056.127375,43.73,0.1518,1.7988,28.684,22.947,36.783,1272.428,1273.309,3.523
15.0,Almaty,68.0,0.0,1104.421875,43.34,0.1588,1.7988,28.684,22.947,36.783,1272.429,1273.31,3.684
15.166666666666666,Vladimir,56.0,0.0,1405.61325,41.24,0.2022,1.7988,28.684,22.947,36.783,1272.436,1273.317,4.689
15.166666666666666,Murmansk,66.0,0.0,1064.124125,43.66,0.153,1.7988,28.684,22.947,36.783,1272.428,1273.309,3.55
15.166666666666666,Novosibirsk,14.0,0.0,1602.569125,40.1,0.2305,1.7988,28.684,22.947,36.783,1272.442,1273.323,5.346
15.166666666666666,Zheleznogorsk,76.0,0.0,1283.089125,42.04,0.1844,1.7988,28.684,22.947,36.783,1272.433,1273.314,4.28
15.166666666666666,Khabarovsk,25.0,0.0,1805.752,39.07,0.2596,1.7988,28.684,22.947,36.783,1272.448,1273.329,6.023
15.166666666666666,Vladivostok,25.0,0.0,2396.52025,36.61,0.3445,1.7988,28.684,22.947,36.784,1272.473,1273.354,7.994
15.166666666666666,Minsk,56.0,0.0,1123.256125,43.19,0.1615,1.7988,28.684,22.947,36.783,1272.429,1273.31,3.747
15.166666666666666,Almaty,67.0,0.0,1008.0393125,44.13,0.145,1.7988,28.684,22.947,36.783,1272.427,1273.308,3.362
15.333333333333334,Vladimir,4.0,0.0,1426.705375,41.11,0.2052,1.7988,28.684,22.947,36.783,1272.437,1273.317,4.759
15.333333333333334,Murmansk,65.0,0.0,1100.9375,43.37,0.1582,1.7988,28.684,22.947,36.783,1272.429,1273.309,3.672
15.333333333333334,Novosibirsk,75.0,0.0,1645.49125,39.88,0.2364,1.7988,28.684,22.947,36.783,1272.443,1273.324,5.489
15.333333333333334,Zheleznogorsk,75.0,0.0,1182.746125,42.74,0.1701,1.7988,28.684,22.947,36.783,1272.43,1273.311,3.945
15.333333333333334,Khabarovsk,24.0,0.0,1642.843625,39.89,0.2362,1.7988,28.684,22.947,36.783,1272.443,1273.324,5.48
15.333333333333334,Vladivostok,86.0,0.0,2152.29525,37.54,0.3096,1.7988,28.684,22.947,36.784,1272.462,1273.343,7.179
15.333333333333334,Minsk,55.0,0.0,1268.50875,42.14,0.1823,1.7988,28.684,22.947,36.783,1272.432,1273.313,4.231
15.333333333333334,Almaty,66.0,0.0,1025.5549375,43.98,0.1475,1.7988,28.684,22.947,36.783,1272.427,1273.308,3.421
15.5,Vladimir,3.0,0.0,1234.685125,42.37,0.1775,1.7988,28.684,22.947,36.783,1272.432,1273.313,4.118
15.5,Murmansk,64.0,0.0,1209.294375,42.55,0.1739,1.7988,28.684,22.947,36.783,1272.431,1273.312,4.034
15.5,Novosibirsk,74.0,0.0,1520.62875,40.56,0.2186,1.7988,28.684,22.947,36.783,1272.439,1273.32,5.072
15.5,Zheleznogorsk,74.0,0.0,1167.098125,42.86,0.1678,1.7988,28.684,22.947,36.783,1272.43,1273.311,3.893
15.5,Khabarovsk,23.0,0.0,1535.192,40.48,0.2207,1.7988,28.684,22.947,36.783,1272.44,1273.321,5.121
15.5,Vladivostok,85.0,0.0,1894.286875,38.65,0.2724,1.7988,28.684,22.947,36.784,1272.452,1273.333,6.319
15.5,Minsk,54.0,0.0,1466.213875,40.88,0.2107,1.7988,28.684,22.947,36.783,1272.438,1273.319,4.891
15.5,Almaty,12.0,0.0,1037.4996875,43.88,0.1492,1.7988,28.684,22.947,36.783,1272.427,1273.308,3.461
15.666666666666666,Vladimir,2.0,0.0,1091.199625,43.44,0.1569,1.7988,28.684,22.947,36.783,1272.428,1273.309,3.64
15.666666666666666,Murmansk,63.0,0.0,1371.058875,41.46,0.1971,1.7988,28.684,22.947,36.783,1272.435,1273.316,4.573
15.666666666666666,Novosibirsk,73.0,0.0,1463.02325,40.9,0.2102,1.7988,28.684,22.947,36.783,1272.438,1273.318,4.88
15.666666666666666,Zheleznogorsk,73.0,0.0,1237.103,42.35,0.1779,1.7988,28.684,22.947,36.783,1272.432,1273.313,4.127
15.666666666666666,Khabarovsk,84.0,0.0,1415.292375,41.18,0.2036,1.7988,28.684,22.947,36.783,1272.436,1273.317,4.721
15.666666666666666,Vladivostok,84.0,0.0,1675.660375,39.72,0.2408,1.7988,28.684,22.947,36.783,1272.444,1273.325,5.589
15.666666666666666,Minsk,2.0,0.0,1691.239875,39.64,0.2431,1.7988,28.684,22.947,36.783,1272.445,1273.325,5.641
15.666666666666666,Almaty,11.0,0.0,1066.4445,43.64,0.1534,1.7988,28.684,22.947,36.783,1272.428,1273.309,3.557
15.833333333333334,Vladimir,1.0,0.0,1020.954125,44.02,0.1468,1.7988,28.684,22.947,36.783,1272.427,1273.308,3.406
15.833333333333334,Murmansk,62.0,0.0,1568.491,40.29,0.2255,1.7988,28.684,22.947,36.783,1272.441,1273.322,5.232
15.833333333333334,Novosibirsk,72.0,0.0,1479.01325,40.8,0.2127,1.7988,28.684,22.947,36.783,1272.438,1273.319,4.933
15.833333333333334,Zheleznogorsk,72.0,0.0,1377.45575,41.42,0.198,1.7988,28.684,22.947,36.783,1272.435,1273.316,4.595
15.833333333333334,Khabarovsk,83.0,0.0,1210.01,42.55,0.1739,1.7988,28.684,22.947,36.783,1272.431,1273.312,4.036
15.833333333333334,Vladivostok,83.0,0.0,1512.52425,40.61,0.2174,1.7988,28.684,22.947,36.783,1272.439,1273.32,5.045
15.833333333333334,Minsk,1.0,0.0,1481.887625,40.78,0.2132,1.7988,28.684,22.947,36.783,1272.438,1273.319,4.943
15.833333333333334,Almaty,10.0,0.0,1199.604875,42.62,0.1725,1.7988,28.684,22.947,36.783,1272.431,1273.312,4.001
16.0,Vladimir,0.0,0.0,1042.4269375,43.84,0.1499,1.7988,28.684,22.947,36.783,1272.427,1273.308,3.477
16.0,Murmansk,51.0,0.0,1759.155,39.3,0.2528,1.7988,28.684,22.947,36.783,1272.447,1273.328,5.868
16.0,Novosibirsk,71.0,0.0,1564.60575,40.31,0.225,1.7988,28.684,22.947,36.783,1272.441,1273.322,5.219
16.0,Zheleznogorsk,71.0,0.0,1567.094125,40.3,0.2253,1.7988,28.684,22.947,36.783,1272.441,1273.322,5.227
16.0,Khabarovsk,82.0,0.0,1077.507,43.55,0.155,1.7988,28.684,22.947,36.783,1272.428,1273.309,3.594
16.0,Vladivostok,82.0,0.0,1422.533,41.14,0.2045,1.7988,28.684,22.947,36.783,1272.436,1273.317,4.745
16.0,Minsk,0.0,0.0,1304.793875,41.89,0.1876,1.7988,28.684,22.947,36.783,1272.433,1273.314,4.352
16.0,Almaty,19.0,0.0,1409.878625,41.22,0.2026,1.7988,28.684,22.947,36.783,1272.436,1273.317,4.703
16.166666666666668,Vladimir,9.0,0.0,1153.330375,42.96,0.1659,1.7988,28.684,22.947,36.783,1272.43,1273.311,3.847
16.166666666666668,Murmansk,80.0,0.0,1766.236125,39.26,0.2539,1.7988,28.684,22.947,36.783,1272.447,1273.328,5.892
16.166666666666668,Novosibirsk,70.0,0.0,1707.523125,39.55,0.2456,1.7988,28.684,22.947,36.783,1272.445,1273.326,5.696
16.166666666666668,Zheleznogorsk,19.0,0.0,1655.413125,39.82,0.2381,1.7988,28.684,22.947,36.783,1272.443,1273.324,5.522
16.166666666666668,Khabarovsk,81.0,0.0,1043.1134375,43.83,0.15,1.7988,28.684,22.947,36.783,1272.427,1273.308,3.479
16.166666666666668,Vladivostok,81.0,0.0,1417.6995,41.17,0.2038,1.7988,28.684,22.947,36.783,1272.436,1273.317,4.729
16.166666666666668,Minsk,9.0,0.0,1178.5615,42.77,0.1695,1.7988,28.684,22.947,36.783,1272.43,1273.311,3.931
16.166666666666668,Almaty,18.0,0.0,1669.846125,39.75,0.24,1.7988,28.684,22.947,36.783,1272.444,1273.325,5.57
16.333333333333332,Vladimir,8.0,0.0,1333.644875,41.7,0.1917,1.7988,28.684,22.947,36.783,1272.434,1273.315,4.449
16.333333333333332,Murmansk,89.0,0.0,1556.18825,40.36,0.2237,1.7988,28.684,22.947,36.783,1272.44,1273.321,5.191
16.333333333333332,Novosibirsk,18.0,0.0,1703.427125,39.57,0.245,1.7988,28.684,22.947,36.783,1272.445,1273.326,5.682
16.333333333333332,Zheleznogorsk,18.0,0.0,1547.218,40.41,0.2225,1.7988,28.684,22.947,36.783,1272.44,1273.321,5.161
16.333333333333332,Khabarovsk,80.0,0.0,1112.942,43.27,0.16,1.7988,28.684,22.947,36.783,1272.429,1273.31,3.712
16.333333333333332,Vladivostok,80.0,0.0,1496.604125,40.7,0.2151,1.7988,28.684,22.947,36.783,1272.439,1273.319,4.992
16.333333333333332,Minsk,8.0,0.0,1124.303625,43.18,0.1617,1.7988,28.684,22.947,36.783,1272.429,1273.31,3.75
16.333333333333332,Almaty,17.0,0.0,1960.7915,38.35,0.282,1.7988,28.684,22.947,36.784,1272.454,1273.335,6.54
16.5,Vladimir,69.0,0.0,1193.99025,42.66,0.1717,1.7988,28.684,22.947,36.783,1272.431,1273.312,3.983
16.5,Murmansk,88.0,0.0,1375.45175,41.43,0.1978,1.7988,28.684,22.947,36.783,1272.435,1273.316,4.588
16.5,Novosibirsk,17.0,0.0,1536.09525,40.47,0.2209,1.7988,28.684,22.947,36.783,1272.44,1273.321,5.124
16.5,Zheleznogorsk,17.0,0.0,1502.234375,40.67,0.2159,1.7988,28.684,22.947,36.783,1272.439,1273.32,5.011
16.5,Khabarovsk,89.0,0.0,1266.898,42.15,0.1821,1.7988,28.684,22.947,36.783,1272.432,1273.313,4.226
16.5,Vladivostok,89.0,0.0,1644.8805,39.88,0.2364,1.7988,28.684,22.947,36.783,1272.443,1273.324,5.487
16.5,Minsk,7.0,0.0,1155.587375,42.95,0.166,1.7988,28.684,22.947,36.783,1272.43,1273.311,3.855
16.5,Almaty,16.0,0.0,2271.406,37.08,0.3264,1.7988,28.684,22.947,36.784,1272.467,1273.348,7.577
16.666666666666668,Vladimir,68.0,0.0,1054.405875,43.74,0.1516,1.7988,28.684,22.947,36.783,1272.428,1273.308,3.517
16.666666666666668,Murmansk,87.0,0.0,1238.424,42.34,0.1781,1.7988,28.684,22.947,36.783,1272.432,1273.313,4.131
16.666666666666668,Novosibirsk,16.0,0.0,1421.130125,41.15,0.2043,1.7988,28.684,22.947,36.783,1272.436,1273.317,4.74
16.666666666666668,Zheleznogorsk,16.0,0.0,1527.84225,40.52,0.2197,1.7988,28.684,22.947,36.783,1272.439,1273.32,5.096
16.666666666666668,Khabarovsk,88.0,0.0,1476.030875,40.82,0.2122,1.7988,28.684,22.947,36.783,1272.438,1273.319,4.924
16.666666666666668,Vladivostok,88.0,0.0,1843.476625,38.89,0.265,1.7988,28.684,22.947,36.783,1272.45,1273.331,6.149
16.666666666666668,Minsk,6.0,0.0,1268.816625,42.13,0.1825,1.7988,28.684,22.947,36.783,1272.432,1273.313,4.232
16.666666666666668,Almaty,78.0,0.0,2038.289375,38.02,0.2929,1.7988,28.684,22.947,36.784,1272.457,1273.338,6.799
16.833333333333332,Vladimir,67.0,0.0,1001.9143125,44.18,0.1441,1.7988,28.684,22.947,36.783,1272.427,1273.307,3.342
16.833333333333332,Murmansk,86.0,0.0,1162.015,42.9,0.167,1.7988,28.684,22.947,36.783,1272.43,1273.311,3.876
16.833333333333332,Novosibirsk,15.0,0.0,1374.256625,41.44,0.1976,1.7988,28.684,22.947,36.783,1272.435,1273.316,4.584
16.833333333333332,Zheleznogorsk,15.0,0.0,1622.104375,40.0,0.2332,1.7988,28.684,22.947,36.783,1272.442,1273.323,5.411
16.833333333333332,Khabarovsk,87.0,0.0,1717.58325,39.5,0.247,1.7988,28.684,22.947,36.783,1272.445,1273.326,5.729
16.833333333333332,Vladivostok,34.0,0.0,1974.390625,38.29,0.2839,1.7988,28.684,22.947,36.784,1272.455,1273.336,6.586
16.833333333333332,Minsk,67.0,0.0,1422.842,41.14,0.2045,1.7988,28.684,22.947,36.783,1272.436,1273.317,4.746
16.833333333333332,Almaty,77.0,0.0,1745.626375,39.36,0.251,1.7988,28.684,22.947,36.783,1272.446,1273.327,5.823
17.0,Vladimir,66.0,0.0,1046.84325,43.8,0.1506,1.7988,28.684,22.947,36.783,1272.427,1273.308,3.492
17.0,Murmansk,85.0,0.0,1159.336625,42.92,0.1666,1.7988,28.684,22.947,36.783,1272.43,1273.311,3.867
17.0,Novosibirsk,14.0,0.0,1404.458375,41.25,0.2019,1.7988,28.684,22.947,36.783,1272.436,1273.317,4.685
17.0,Zheleznogorsk,24.0,0.0,1767.9885,39.25,0.2542,1.7988,28.684,22.947,36.783,1272.447,1273.328,5.897
17.0,Khabarovsk,86.0,0.0,1977.118125,38.28,0.2843,1.7988,28.684,22.947,36.784,1272.455,1273.336,6.595
17.0,Vladivostok,33.0,0.0,2128.15575,37.64,0.306,1.7988,28.684,22.947,36.784,1272.461,1273.342,7.099
17.0,Minsk,66.0,0.0,1311.74225,41.84,0.1887,1.7988,28.684,22.947,36.783,1272.434,1273.314,4.376
17.0,Almaty,76.0,0.0,1483.383,40.78,0.2132,1.7988,28.684,22.947,36.783,1272.438,1273.319,4.948
17.166666666666668,Vladimir,65.0,0.0,1175.238625,42.8,0.1689,1.7988,28.684,22.947,36.783,1272.43,1273.311,3.92
17.166666666666668,Murmansk,74.0,0.0,1143.77875,43.03,0.1645,1.7988,28.684,22.947,36.783,1272.43,1273.31,3.815
17.166666666666668,Novosibirsk,13.0,0.0,1508.79975,40.63,0.2169,1.7988,28.684,22.947,36.783,1272.439,1273.32,5.033
17.166666666666668,Zheleznogorsk,85.0,0.0,1657.638125,39.81,0.2384,1.7988,28.684,22.947,36.783,1272.444,1273.324,5.529
17.166666666666668,Khabarovsk,33.0,0.0,1826.966125,38.97,0.2626,1.7988,28.684,22.947,36.783,1272.449,1273.33,6.094
17.166666666666668,Vladivostok,86.0,0.0,2220.304,37.27,0.3193,1.7988,28.684,22.947,36.784,1272.465,1273.346,7.406
17.166666666666668,Minsk,65.0,0.0,1279.74525,42.06,0.184,1.7988,28.684,22.947,36.783,1272.433,1273.314,4.269
17.166666666666668,Almaty,75.0,0.0,1269.2635,42.13,0.1825,1.7988,28.684,22.947,36.783,1272.432,1273.313,4.234
17.333333333333332,Vladimir,64.0,0.0,1360.97,41.52,0.1958,1.7988,28.684,22.947,36.783,1272.435,1273.316,4.54
17.333333333333332,Murmansk,73.0,0.0,1141.1745,43.05,0.1641,1.7988,28.684,22.947,36.783,1272.429,1273.31,3.807
17.333333333333332,Novosibirsk,74.0,0.0,1543.2445,40.43,0.2219,1.7988,28.684,22.947,36.783,1272.44,1273.321,5.148
17.333333333333332,Zheleznogorsk,84.0,0.0,1509.467625,40.62,0.2171,1.7988,28.684,22.947,36.783,1272.439,1273.32,5.035
17.333333333333332,Khabarovsk,32.0,0.0,1593.260375,40.16,0.2289,1.7988,28.684,22.947,36.783,1272.441,1273.322,5.315
17.333333333333332,Vladivostok,85.0,0.0,2057.81675,37.93,0.296,1.7988,28.684,22.947,36.784,1272.458,1273.339,6.864
17.333333333333332,Minsk,64.0,0.0,1330.494,41.72,0.1913,1.7988,28.684,22.947,36.783,1272.434,1273.315,4.438
17.333333333333332,Almaty,74.0,0.0,1128.981375,43.15,0.1623,1.7988,28.684,22.947,36.783,1272.429,1273.31,3.766
17.5,Vladimir,63.0,0.0,1581.39175,40.22,0.2274,1.7988,28.684,22.947,36.783,1272.441,1273.322,5.275
17.5,Murmansk,2.0,0.0,1120.666375,43.21,0.1612,1.7988,28.684,22.947,36.783,1272.429,1273.31,3.738
17.5,Novosibirsk,73.0,0.0,1433.73525,41.07,0.2062,1.7988,28.684,22.947,36.783,1272.437,1273.318,4.782
17.5,Zheleznogorsk,83.0,0.0,1424.715875,41.13,0.2048,1.7988,28.684,22.947,36.783,1272.437,1273.317,4.752
17.5,Khabarovsk,31.0,0.0,1393.039375,41.32,0.2003,1.7988,28.684,22.947,36.783,1272.436,1273.317,4.647
17.5,Vladivostok,31.0,0.0,1937.22975,38.46,0.2784,1.7988,28.684,22.947,36.784,1272.453,1273.334,6.462
17.5,Minsk,63.0,0.0,1453.1545,40.95,0.209,1.7988,28.684,22.947,36.783,1272.437,1273.318,4.847
17.5,Almaty,73.0,0.0,1088.8195,43.46,0.1566,1.7988,28.684,22.947,36.783,1272.428,1273.309,3.632
17.666666666666668,Vladimir,10.0,0.0,1427.929625,41.11,0.2052,1.7988,28.684,22.947,36.783,1272.437,1273.317,4.763
17.666666666666668,Murmansk,1.0,0.0,1023.8875625,44.0,0.1471,1.7988,28.684,22.947,36.783,1272.427,1273.308,3.415
17.666666666666668,Novosibirsk,72.0,0.0,1387.5785,41.36,0.1994,1.7988,28.684,22.947,36.783,1272.435,1273.316,4.628
17.666666666666668,Zheleznogorsk,82.0,0.0,1413.38375,41.2,0.2031,1.7988,28.684,22.947,36.783,1272.436,1273.317,4.715
17.666666666666668,Khabarovsk,30.0,0.0,1246.337375,42.29,0.1792,1.7988,28.684,22.947,36.783,1272.432,1273.313,4.157
17.666666666666668,Vladivostok,30.0,0.0,1729.970375,39.44,0.2487,1.7988,28.684,22.947,36.783,1272.446,1273.327,5.771
17.666666666666668,Minsk,62.0,0.0,1629.357375,39.96,0.2343,1.7988,28.684,22.947,36.783,1272.443,1273.324,5.435
17.666666666666668,Almaty,72.0,0.0,1156.3205,42.94,0.1662,1.7988,28.684,22.947,36.783,1272.43,1273.311,3.857
17.833333333333332,Vladimir,19.0,0.0,1303.774125,41.9,0.1874,1.7988,28.684,22.947,36.783,1272.433,1273.314,4.349
17.833333333333332,Murmansk,0.0,0.0,1000.4135625,44.2,0.1438,1.7988,28.684,22.947,36.783,1272.427,1273.307,3.337
17.833333333333332,Novosibirsk,71.0,0.0,1408.553875,41.23,0.2024,1.7988,28.684,22.947,36.783,1272.436,1273.317,4.698
17.833333333333332,Zheleznogorsk,81.0,0.0,1475.476375,40.82,0.2122,1.7988,28.684,22.947,36.783,1272.438,1273.319,4.922
17.833333333333332,Khabarovsk,39.0,0.0,1176.9815,42.79,0.1691,1.7988,28.684,22.947,36.783,1272.43,1273.311,3.926
17.833333333333332,Vladivostok,39.0,0.0,1567.617375,40.3,0.2253,1.7988,28.684,22.947,36.783,1272.441,1273.322,5.229
17.833333333333332,Minsk,61.0,0.0,1841.619375,38.9,0.2647,1.7988,28.684,22.947,36.783,1272.45,1273.331,6.143
17.833333333333332,Almaty,71.0,0.0,1312.02725,41.84,0.1887,1.7988,28.684,22.947,36.783,1272.434,1273.314,4.376
18.0,Vladimir,18.0,0.0,1239.70025,42.33,0.1783,1.7988,28.684,22.947,36.783,1272.432,1273.313,4.135
18.0,Murmansk,9.0,0.0,1057.042625,43.72,0.152,1.7988,28.684,22.947,36.783,1272.428,1273.309,3.526
18.0,Novosibirsk,70.0,0.0,1491.261125,40.73,0.2144,1.7988,28.684,22.947,36.783,1272.438,1273.319,4.974
18.0,Zheleznogorsk,80.0,0.0,1600.656125,40.12,0.23,1.7988,28.684,22.947,36.783,1272.442,1273.323,5.339
18.0,Khabarovsk,38.0,0.0,1201.586375,42.61,0.1727,1.7988,28.684,22.947,36.783,1272.431,1273.312,4.008
18.0,Vladivostok,38.0,0.0,1468.294375,40.86,0.2112,1.7988,28.684,22.947,36.783,1272.438,1273.319,4.898
18.0,Minsk,18.0,0.0,1788.1915,39.15,0.2572,1.7988,28.684,22.947,36.783,1272.448,1273.329,5.965
18.0,Almaty,28.0,0.0,1411.17175,41.21,0.2029,1.7988,28.684,22.947,36.783,1272.436,1273.317,4.707
18.166666666666668,Vladimir,17.0,0.0,1248.156,42.28,0.1794,1.7988,28.684,22.947,36.783,1272.432,1273.313,4.163
18.166666666666668,Murmansk,8.0,0.0,1183.7685,42.74,0.1701,1.7988,28.684,22.947,36.783,1272.43,1273.311,3.949
18.166666666666668,Novosibirsk,79.0,0.0,1623.718125,39.99,0.2335,1.7988,28.684,22.947,36.783,1272.442,1273.323,5.416
18.166666666666668,Zheleznogorsk,28.0,0.0,1588.072,40.18,0.2284,1.7988,28.684,22.947,36.783,1272.441,1273.322,5.297
18.166666666666668,Khabarovsk,37.0,0.0,1317.348625,41.81,0.1893,1.7988,28.684,22.947,36.783,1272.434,1273.315,4.394
18.166666666666668,Vladivostok,37.0,0.0,1447.86325,40.99,0.2081,1.7988,28.684,22.947,36.783,1272.437,1273.318,4.83
18.166666666666668,Minsk,17.0,0.0,1638.125625,39.91,0.2356,1.7988,28.684,22.947,36.783,1272.443,1273.324,5.464
18.166666666666668,Almaty,27.0,0.0,1542.977,40.43,0.2219,1.7988,28.684,22.947,36.783,1272.44,1273.321,5.147
18.333333333333332,Vladimir,16.0,0.0,1330.420875,41.72,0.1913,1.7988,28.684,22.947,36.783,1272.434,1273.315,4.438
18.333333333333332,Murmansk,7.0,0.0,1362.19475,41.52,0.1958,1.7988,28.684,22.947,36.783,1272.435,1273.316,4.544
18.333333333333332,Novosibirsk,27.0,0.0,1725.4,39.46,0.2482,1.7988,28.684,22.947,36.783,1272.446,1273.327,5.755
18.333333333333332,Zheleznogorsk,27.0,0.0,1413.778875,41.19,0.2033,1.7988,28.684,22.947,36.783,1272.436,1273.317,4.716
18.333333333333332,Khabarovsk,36.0,0.0,1505.165375,40.65,0.2164,1.7988,28.684,22.947,36.783,1272.439,1273.32,5.021
18.333333333333332,Vladivostok,36.0,0.0,1511.85075,40.61,0.2174,1.7988,28.684,22.947,36.783,1272.439,1273.32,5.043
18.333333333333332,Minsk,16.0,0.0,1529.343875,40.51,0.2199,1.7988,28.684,22.947,36.783,1272.44,1273.32,5.101
18.333333333333332,Almaty,26.0,0.0,1736.343375,39.41,0.2496,1.7988,28.684,22.947,36.783,1272.446,1273.327,5.792
18.5,Vladimir,15.0,0.0,1476.327375,40.82,0.2122,1.7988,28.684,22.947,36.783,1272.438,1273.319,4.924
18.5,Murmansk,6.0,0.0,1575.5485,40.25,0.2266,1.7988,28.684,22.947,36.783,1272.441,1273.322,5.255
18.5,Novosibirsk,26.0,0.0,1504.1355,40.66,0.2161,1.7988,28.684,22.947,36.783,1272.439,1273.32,5.017
18.5,Zheleznogorsk,26.0,0.0,1292.834125,41.97,0.1859,1.7988,28.684,22.947,36.783,1272.433,1273.314,4.312
18.5,Khabarovsk,35.0,0.0,1743.142125,39.37,0.2507,1.7988,28.684,22.947,36.783,1272.446,1273.327,5.814
18.5,Vladivostok,35.0,0.0,1652.248375,39.84,0.2375,1.7988,28.684,22.947,36.783,1272.443,1273.324,5.511
18.5,Minsk,15.0,0.0,1474.09525,40.83,0.212,1.7988,28.684,22.947,36.783,1272.438,1273.319,4.917
18.5,Almaty,25.0,0.0,1974.4575,38.29,0.2839,1.7988,28.684,22.947,36.784,1272.455,1273.336,6.586
18.666666666666668,Vladimir,76.0,0.0,1327.017875,41.74,0.1909,1.7988,28.684,22.947,36.783,1272.434,1273.315,4.426
18.666666666666668,Murmansk,86.0,0.0,1699.445625,39.59,0.2445,1.7988,28.684,22.947,36.783,1272.445,1273.326,5.669
18.666666666666668,Novosibirsk,25.0,0.0,1316.751875,41.81,0.1893,1.7988,28.684,22.947,36.783,1272.434,1273.315,4.392
18.666666666666668,Zheleznogorsk,25.0,0.0,1243.689375,42.31,0.1787,1.7988,28.684,22.947,36.783,1272.432,1273.313,4.149
18.666666666666668,Khabarovsk,7.0,0.0,1589.78,40.17,0.2287,1.7988,28.684,22.947,36.783,1272.441,1273.322,5.303
18.666666666666668,Vladivostok,7.0,0.0,1544.492375,40.43,0.2219,1.7988,28.684,22.947,36.783,1272.44,1273.321,5.152
18.666666666666668,Minsk,14.0,0.0,1481.1935,40.79,0.2129,1.7988,28.684,22.947,36.783,1272.438,1273.319,4.941
18.666666666666668,Almaty,24.0,0.0,2243.905,37.18,0.3227,1.7988,28.684,22.947,36.784,1272.466,1273.347,7.485
18.833333333333332,Vladimir,75.0,0.0,1196.447375,42.64,0.1721,1.7988,28.684,22.947,36.783,1272.431,1273.312,3.991
18.833333333333332,Murmansk,85.0,0.0,1499.9265,40.68,0.2156,1.7988,28.684,22.947,36.783,1272.439,1273.32,5.003
18.833333333333332,Novosibirsk,24.0,0.0,1182.980125,42.74,0.1701,1.7988,28.684,22.947,36.783,1272.43,1273.311,3.946
18.833333333333332,Zheleznogorsk,24.0,0.0,1277.041625,42.08,0.1835,1.7988,28.684,22.947,36.783,1272.433,1273.314,4.26
18.833333333333332,Khabarovsk,6.0,0.0,1351.65775,41.58,0.1944,1.7988,28.684,22.947,36.783,1272.435,1273.315,4.509
18.833333333333332,Vladivostok,6.0,0.0,1308.063125,41.87,0.188,1.7988,28.684,22.947,36.783,1272.433,1273.314,4.363
18.833333333333332,Minsk,13.0,0.0,1552.205625,40.38,0.2232,1.7988,28.684,22.947,36.783,1272.44,1273.321,5.178
18.833333333333332,Almaty,24.0,0.0,2312.492,36.92,0.3325,1.7988,28.684,22.947,36.784,1272.469,1273.35,7.714
19.0,Vladimir,74.0,0.0,1146.490625,43.01,0.1649,1.7988,28.684,22.947,36.783,1272.43,1273.31,3.824
19.0,Murmansk,84.0,0.0,1338.798,41.67,0.1924,1.7988,28.684,22.947,36.783,1272.434,1273.315,4.466
19.0,Novosibirsk,23.0,0.0,1125.461,43.17,0.1619,1.7988,28.684,22.947,36.783,1272.429,1273.31,3.754
19.0,Zheleznogorsk,23.0,0.0,1388.81625,41.35,0.1996,1.7988,28.684,22.947,36.783,1272.436,1273.316,4.633
19.0,Khabarovsk,5.0,0.0,1166.32225,42.86,0.1678,1.7988,28.684,22.947,36.783,1272.43,1273.311,3.89
19.0,Vladivostok,5.0,0.0,1136.19525,43.09,0.1634,1.7988,28.684,22.947,36.783,1272.429,1273.31,3.79
19.0,Minsk,12.0,0.0,1681.034375,39.69,0.2417,1.7988,28.684,22.947,36.783,1272.444,1273.325,5.607
19.0,Almaty,85.0,0.0,2088.45275,37.8,0.3004,1.7988,28.684,22.947,36.784,1272.459,1273.34,6.966
19.166666666666668,Vladimir,73.0,0.0,1185.125,42.73,0.1703,1.7988,28.684,22.947,36.783,1272.43,1273.311,3.953
19.166666666666668,Murmansk,83.0,0.0,1231.3845,42.39,0.1771,1.7988,28.684,22.947,36.783,1272.432,1273.312,4.107
19.166666666666668,Novosibirsk,22.0,0.0,1158.4875,42.92,0.1666,1.7988,28.684,22.947,36.783,1272.43,1273.311,3.864
19.166666666666668,Zheleznogorsk,22.0,0.0,1563.642,40.32,0.2248,1.7988,28.684,22.947,36.783,1272.441,1273.321,5.216
19.166666666666668,Khabarovsk,4.0,0.0,1059.260875,43.7,0.1523,1.7988,28.684,22.947,36.783,1272.428,1273.309,3.533
19.166666666666668,Vladivostok,4.0,0.0,1058.265875,43.71,0.1521,1.7988,28.684,22.947,36.783,1272.428,1273.309,3.53
19.166666666666668,Minsk,73.0,0.0,1598.09775,40.13,0.2297,1.7988,28.684,22.947,36.783,1272.442,1273.323,5.331
19.166666666666668,Almaty,84.0,0.0,1839.379625,38.91,0.2644,1.7988,28.684,22.947,36.783,1272.45,1273.331,6.136
19.333333333333332,Vladimir,72.0,0.0,1302.136375,41.91,0.1872,1.7988,28.684,22.947,36.783,1272.433,1273.314,4.343
19.333333333333332,Murmansk,82.0,0.0,1192.179,42.67,0.1715,1.7988,28.684,22.947,36.783,1272.431,1273.312,3.977
19.333333333333332,Novosibirsk,21.0,0.0,1277.289875,42.08,0.1835,1.7988,28.684,22.947,36.783,1272.433,1273.314,4.261
19.333333333333332,Zheleznogorsk,83.0,0.0,1500.578625,40.68,0.2156,1.7988,28.684,22.947,36.783,1272.439,1273.32,5.005
19.333333333333332,Khabarovsk,3.0,0.0,1051.559625,43.76,0.1513,1.7988,28.684,22.947,36.783,1272.428,1273.308,3.508
19.333333333333332,Vladivostok,3.0,0.0,1091.594375,43.44,0.1569,1.7988,28.684,22.947,36.783,1272.428,1273.309,3.641
19.333333333333332,Minsk,72.0,0.0,1568.432625,40.29,0.2255,1.7988,28.684,22.947,36.783,1272.441,1273.322,5.232
19.333333333333332,Almaty,83.0,0.0,1633.279,39.94,0.2348,1.7988,28.684,22.947,36.783,1272.443,1273.324,5.448
19.5,Vladimir,71.0,0.0,1476.677,40.82,0.2122,1.7988,28.684,22.947,36.783,1272.438,1273.319,4.926
19.5,Murmansk,71.0,0.0,1147.1975,43.01,0.1649,1.7988,28.684,22.947,36.783,1272.43,1273.31,3.827
19.5,Novosibirsk,82.0,0.0,1316.396125,41.81,0.1893,1.7988,28.684,22.947,36.783,1272.434,1273.315,4.391
19.5,Zheleznogorsk,82.0,0.0,1420.311375,41.15,0.2043,1.7988,28.684,22.947,36.783,1272.436,1273.317,4.738
19.5,Khabarovsk,2.0,0.0,1142.006625,43.05,0.1641,1.7988,28.684,22.947,36.783,1272.429,1273.31,3.809
19.5,Vladivostok,2.0,0.0,1224.080875,42.44,0.1761,1.7988,28.684,22.947,36.783,1272.431,1273.312,4.083
19.5,Minsk,71.0,0.0,1608.676,40.07,0.2313,1.7988,28.684,22.947,36.783,1272.442,1273.323,5.366
19.5,Almaty,82.0,0.0,1486.94275,40.76,0.2137,1.7988,28.684,22.947,36.783,1272.438,1273.319,4.96
19.666666666666668,Vladimir,70.0,0.0,1688.73125,39.65,0.2428,1.7988,28.684,22.947,36.783,1272.445,1273.325,5.633
19.666666666666668,Murmansk,70.0,0.0,1112.29325,43.28,0.1599,1.7988,28.684,22.947,36.783,1272.429,1273.31,3.71
19.666666666666668,Novosibirsk,81.0,0.0,1164.316375,42.88,0.1674,1.7988,28.684,22.947,36.783,1272.43,1273.311,3.884
19.666666666666668,Zheleznogorsk,81.0,0.0,1403.856125,41.25,0.2019,1.7988,28.684,22.947,36.783,1272.436,1273.317,4.683
19.666666666666668,Khabarovsk,49.0,0.0,1304.481125,41.89,0.1876,1.7988,28.684,22.947,36.783,1272.433,1273.314,4.351
19.666666666666668,Vladivostok,1.0,0.0,1425.38725,41.12,0.205,1.7988,28.684,22.947,36.783,1272.437,1273.317,4.755
19.666666666666668,Minsk,70.0,0.0,1712.2255,39.53,0.2462,1.7988,28.684,22.947,36.783,1272.445,1273.326,5.711
19.666666666666668,Almaty,81.0,0.0,1417.332125,41.17,0.2038,1.7988,28.684,22.947,36.783,1272.436,1273.317,4.728
19.833333333333332,Vladimir,18.0,0.0,1622.98475,39.99,0.2335,1.7988,28.684,22.947,36.783,1272.442,1273.323,5.414
19.833333333333332,Murmansk,18.0,0.0,1062.225625,43.68,0.1527,1.7988,28.684,22.947,36.783,1272.428,1273.309,3.543
19.833333333333332,Novosibirsk,80.0,0.0,1087.3575,43.47,0.1564,1.7988,28.684,22.947,36.783,1272.428,1273.309,3.627
19.833333333333332,Zheleznogorsk,80.0,0.0,1450.915625,40.97,0.2086,1.7988,28.684,22.947,36.783,1272.437,1273.318,4.84
19.833333333333332,Khabarovsk,48.0,0.0,1122.546125,43.2,0.1613,1.7988,28.684,22.947,36.783,1272.429,1273.31,3.744
19.833333333333332,Vladivostok,48.0,0.0,1554.103875,40.37,0.2235,1.7988,28.684,22.947,36.783,1272.44,1273.321,5.184
19.833333333333332,Minsk,79.0,0.0,1866.7995,38.78,0.2684,1.7988,28.684,22.947,36.783,1272.451,1273.332,6.227
19.833333333333332,Almaty,80.0,0.0,1433.612125,41.07,0.2062,1.7988,28.684,22.947,36.783,1272.437,1273.318,4.782
20.0,Vladimir,17.0,0.0,1550.911875,40.39,0.223,1.7988,28.684,22.947,36.783,1272.44,1273.321,5.173
20.0,Murmansk,17.0,0.0,1077.834125,43.55,0.155,1.7988,28.684,22.947,36.783,1272.428,1273.309,3.595
20.0,Novosibirsk,89.0,0.0,1098.509125,43.39,0.1578,1.7988,28.684,22.947,36.783,1272.429,1273.309,3.664
20.0,Zheleznogorsk,89.0,0.0,1553.198625,40.38,0.2232,1.7988,28.684,22.947,36.783,1272.44,1273.321,5.181
20.0,Khabarovsk,47.0,0.0,1014.1455,44.08,0.1458,1.7988,28.684,22.947,36.783,1272.427,1273.308,3.383
20.0,Vladivostok,47.0,0.0,1339.240875,41.66,0.1926,1.7988,28.684,22.947,36.783,1272.434,1273.315,4.467
20.0,Minsk,17.0,0.0,1750.067875,39.34,0.2516,1.7988,28.684,22.947,36.783,1272.447,1273.327,5.838
20.0,Almaty,89.0,0.0,1530.76975,40.5,0.2202,1.7988,28.684,22.947,36.783,1272.44,1273.32,5.106
20.166666666666668,Vladimir,16.0,0.0,1546.0445,40.42,0.2222,1.7988,28.684,22.947,36.783,1272.44,1273.321,5.157
20.166666666666668,Murmansk,16.0,0.0,1163.7485,42.88,0.1674,1.7988,28.684,22.947,36.783,1272.43,1273.311,3.882
20.166666666666668,Novosibirsk,88.0,0.0,1192.3185,42.67,0.1715,1.7988,28.684,22.947,36.783,1272.431,1273.312,3.977
20.166666666666668,Zheleznogorsk,36.0,0.0,1648.15925,39.86,0.237,1.7988,28.684,22.947,36.783,1272.443,1273.324,5.498
20.166666666666668,Khabarovsk,46.0,0.0,1007.4684375,44.14,0.1448,1.7988,28.684,22.947,36.783,1272.427,1273.308,3.361
20.166666666666668,Vladivostok,46.0,0.0,1181.57725,42.75,0.1699,1.7988,28.684,22.947,36.783,1272.43,1273.311,3.941
20.166666666666668,Minsk,16.0,0.0,1587.403875,40.19,0.2282,1.7988,28.684,22.947,36.783,1272.441,1273.322,5.295
20.166666666666668,Almaty,88.0,0.0,1692.568125,39.63,0.2434,1.7988,28.684,22.947,36.783,1272.445,1273.326,5.646
20.333333333333332,Vladimir,15.0,0.0,1610.506375,40.06,0.2316,1.7988,28.684,22.947,36.783,1272.442,1273.323,5.372
20.333333333333332,Murmansk,6.0,0.0,1230.365,42.4,0.1769,1.7988,28.684,22.947,36.783,1272.432,1273.312,4.104
20.333333333333332,Novosibirsk,87.0,0.0,1348.754625,41.6,0.194,1.7988,28.684,22.947,36.783,1272.434,1273.315,4.499
20.333333333333332,Zheleznogorsk,35.0,0.0,1425.7495,41.12,0.205,1.7988,28.684,22.947,36.783,1272.437,1273.317,4.756
20.333333333333332,Khabarovsk,45.0,0.0,1107.62625,43.31,0.1593,1.7988,28.684,22.947,36.783,1272.429,1273.31,3.695
20.333333333333332,Vladivostok,45.0,0.0,1109.875125,43.3,0.1595,1.7988,28.684,22.947,36.783,1272.429,1273.31,3.702
20.333333333333332,Minsk,15.0,0.0,1477.542625,40.81,0.2124,1.7988,28.684,22.947,36.783,1272.438,1273.319,4.929
20.333333333333332,Almaty,87.0,0.0,1900.192625,38.63,0.273,1.7988,28.684,22.947,36.784,1272.452,1273.333,6.338
20.5,Vladimir,24.0,0.0,1677.870375,39.71,0.2411,1.7988,28.684,22.947,36.783,1272.444,1273.325,5.597
20.5,Murmansk,5.0,0.0,1317.776125,41.8,0.1896,1.7988,28.684,22.947,36.783,1272.434,1273.315,4.396
20.5,Novosibirsk,86.0,0.0,1546.164625,40.42,0.2222,1.7988,28.684,22.947,36.783,1272.44,1273.321,5.157
20.5,Zheleznogorsk,34.0,0.0,1236.47375,42.36,0.1777,1.7988,28.684,22.947,36.783,1272.432,1273.313,4.124
20.5,Khabarovsk,44.0,0.0,1292.3825,41.97,0.1859,1.7988,28.684,22.947,36.783,1272.433,1273.314,4.311
20.5,Vladivostok,44.0,0.0,1143.909875,43.03,0.1645,1.7988,28.684,22.947,36.783,1272.43,1273.31,3.816
20.5,Minsk,14.0,0.0,1435.101875,41.06,0.2064,1.7988,28.684,22.947,36.783,1272.437,1273.318,4.787
20.5,Almaty,33.0,0.0,2041.83225,38.0,0.2936,1.7988,28.684,22.947,36.784,1272.457,1273.338,6.811
20.666666666666668,Vladimir,85.0,0.0,1714.760375,39.52,0.2465,1.7988,28.684,22.947,36.783,1272.445,1273.326,5.72
20.666666666666668,Murmansk,4.0,0.0,1463.164625,40.9,0.2102,1.7988,28.684,22.947,36.783,1272.438,1273.318,4.881
20.666666666666668,Novosibirsk,33.0,0.0,1413.962875,41.19,0.2033,1.7988,28.684,22.947,36.783,1272.436,1273.317,4.716
20.666666666666668,Zheleznogorsk,33.0,0.0,1101.30175,43.36,0.1584,1.7988,28.684,22.947,36.783,1272.429,1273.309,3.674
20.666666666666668,Khabarovsk,43.0,0.0,1533.114625,40.49,0.2204,1.7988,28.684,22.947,36.783,1272.44,1273.321,5.114
20.666666666666668,Vladivostok,43.0,0.0,1277.895125,42.07,0.1838,1.7988,28.684,22.947,36.783,1272.433,1273.314,4.263
20.666666666666668,Minsk,13.0,0.0,1468.006875,40.87,0.211,1.7988,28.684,22.947,36.783,1272.438,1273.319,4.897
20.666666666666668,Almaty,32.0,0.0,2206.236,37.33,0.3171,1.7988,28.684,22.947,36.784,1272.464,1273.345,7.359
20.833333333333332,Vladimir,84.0,0.0,1543.9755,40.43,0.2219,1.7988,28.684,22.947,36.783,1272.44,1273.321,5.15
20.833333333333332,Murmansk,3.0,0.0,1651.137375,39.85,0.2373,1.7988,28.684,22.947,36.783,1272.443,1273.324,5.508
20.833333333333332,Novosibirsk,32.0,0.0,1215.222875,42.51,0.1747,1.7988,28.684,22.947,36.783,1272.431,1273.312,4.054
20.833333333333332,Zheleznogorsk,32.0,0.0,1045.0541875,43.82,0.1502,1.7988,28.684,22.947,36.783,1272.427,1273.308,3.486
20.833333333333332,Khabarovsk,14.0,0.0,1686.501375,39.66,0.2425,1.7988,28.684,22.947,36.783,1272.444,1273.325,5.626
20.833333333333332,Vladivostok,42.0,0.0,1486.914375,40.76,0.2137,1.7988,28.684,22.947,36.783,1272.438,1273.319,4.96
20.833333333333332,Minsk,74.0,0.0,1549.333,40.4,0.2227,1.7988,28.684,22.947,36.783,1272.44,1273.321,5.168
20.833333333333332,Almaty,85.0,0.0,2170.8125,37.47,0.3121,1.7988,28.684,22.947,36.784,1272.463,1273.343,7.241
21.0,Vladimir,83.0,0.0,1431.5215,41.09,0.2057,1.7988,28.684,22.947,36.783,1272.437,1273.318,4.775
21.0,Murmansk,83.0,0.0,1644.87,39.88,0.2364,1.7988,28.684,22.947,36.783,1272.443,1273.324,5.487
21.0,Novosibirsk,31.0,0.0,1067.5915,43.63,0.1535,1.7988,28.684,22.947,36.783,1272.428,1273.309,3.561
21.0,Zheleznogorsk,31.0,0.0,1083.181625,43.51,0.1557,1.7988,28.684,22.947,36.783,1272.428,1273.309,3.613
21.0,Khabarovsk,13.0,0.0,1427.843375,41.11,0.2052,1.7988,28.684,22.947,36.783,1272.437,1273.317,4.763
21.0,Vladivostok,13.0,0.0,1653.91175,39.83,0.2378,1.7988,28.684,22.947,36.783,1272.443,1273.324,5.517
21.0,Minsk,73.0,0.0,1399.010375,41.28,0.2012,1.7988,28.684,22.947,36.783,1272.436,1273.317,4.667
21.0,Almaty,84.0,0.0,2018.041375,38.1,0.2902,1.7988,28.684,22.947,36.784,1272.456,1273.337,6.731
21.166666666666668,Vladimir,82.0,0.0,1390.249125,41.34,0.1999,1.7988,28.684,22.947,36.783,1272.436,1273.316,4.637
21.166666666666668,Murmansk,82.0,0.0,1427.01325,41.11,0.2052,1.7988,28.684,22.947,36.783,1272.437,1273.317,4.76
21.166666666666668,Novosibirsk,30.0,0.0,998.0994375,44.22,0.1435,1.7988,28.684,22.947,36.783,1272.426,1273.307,3.329
21.166666666666668,Zheleznogorsk,30.0,0.0,1209.161875,42.55,0.1739,1.7988,28.684,22.947,36.783,1272.431,1273.312,4.033
21.166666666666668,Khabarovsk,12.0,0.0,1213.864,42.52,0.1745,1.7988,28.684,22.947,36.783,1272.431,1273.312,4.049
21.166666666666668,Vladivostok,12.0,0.0,1479.632375,40.8,0.2127,1.7988,28.684,22.947,36.783,1272.438,1273.319,4.936
21.166666666666668,Minsk,72.0,0.0,1311.027,41.85,0.1885,1.7988,28.684,22.947,36.783,1272.434,1273.314,4.373
21.166666666666668,Almaty,30.0,0.0,1853.47875,38.84,0.2665,1.7988,28.684,22.947,36.783,1272.45,1273.331,6.183
21.333333333333332,Vladimir,81.0,0.0,1424.702375,41.13,0.2048,1.7988,28.684,22.947,36.783,1272.437,1273.317,4.752
21.333333333333332,Murmansk,81.0,0.0,1240.29425,42.33,0.1783,1.7988,28.684,22.947,36.783,1272.432,1273.313,4.137
21.333333333333332,Novosibirsk,39.0,0.0,1026.3,43.98,0.1475,1.7988,28.684,22.947,36.783,1272.427,1273.308,3.423
21.333333333333332,Zheleznogorsk,39.0,0.0,1401.222125,41.27,0.2015,1.7988,28.684,22.947,36.783,1272.436,1273.317,4.674
21.333333333333332,Khabarovsk,11.0,0.0,1069.546625,43.62,0.1537,1.7988,28.684,22.947,36.783,1272.428,1273.309,3.568
21.333333333333332,Vladivostok,11.0,0.0,1378.09075,41.42,0.198,1.7988,28.684,22.947,36.783,1272.435,1273.316,4.597
21.333333333333332,Minsk,71.0,0.0,1295.638875,41.95,0.1863,1.7988,28.684,22.947,36.783,1272.433,1273.314,4.322
21.333333333333332,Almaty,39.0,0.0,1655.51075,39.82,0.2381,1.7988,28.684,22.947,36.783,1272.443,1273.324,5.522
21.5,Vladimir,80.0,0.0,1527.948125,40.52,0.2197,1.7988,28.684,22.947,36.783,1272.439,1273.32,5.097
21.5,Murmansk,80.0,0.0,1099.621625,43.38,0.158,1.7988,28.684,22.947,36.783,1272.429,1273.309,3.668
21.5,Novosibirsk,38.0,0.0,1147.7665,43.0,0.1651,1.7988,28.684,22.947,36.783,1272.43,1273.31,3.829
21.5,Zheleznogorsk,38.0,0.0,1637.487375,39.92,0.2354,1.7988,28.684,22.947,36.783,1272.443,1273.324,5.462
21.5,Khabarovsk,10.0,0.0,1022.02425,44.01,0.147,1.7988,28.684,22.947,36.783,1272.427,1273.308,3.409
21.5,Vladivostok,10.0,0.0,1363.590625,41.51,0.196,1.7988,28.684,22.947,36.783,1272.435,1273.316,4.548
21.5,Minsk,70.0,0.0,1352.63625,41.58,0.1944,1.7988,28.684,22.947,36.783,1272.435,1273.315,4.512
21.5,Almaty,38.0,0.0,1507.569625,40.64,0.2166,1.7988,28.684,22.947,36.783,1272.439,1273.32,5.029
21.666666666666668,Vladimir,89.0,0.0,1685.500375,39.67,0.2422,1.7988,28.684,22.947,36.783,1272.444,1273.325,5.622
21.666666666666668,Murmansk,89.0,0.0,1022.7191875,44.01,0.147,1.7988,28.684,22.947,36.783,1272.427,1273.308,3.411
21.666666666666668,Novosibirsk,37.0,0.0,1339.369,41.66,0.1926,1.7988,28.684,22.947,36.783,1272.434,1273.315,4.468
21.666666666666668,Zheleznogorsk,37.0,0.0,1902.365875,38.62,0.2734,1.7988,28.684,22.947,36.784,1272.452,1273.333,6.346
21.666666666666668,Khabarovsk,19.0,0.0,1081.0455,43.52,0.1555,1.7988,28.684,22.947,36.783,1272.428,1273.309,3.606
21.666666666666668,Vladivostok,19.0,0.0,1436.45075,41.06,0.2064,1.7988,28.684,22.947,36.783,1272.437,1273.318,4.791
21.666666666666668,Minsk,79.0,0.0,1470.9055,40.85,0.2115,1.7988,28.684,22.947,36.783,1272.438,1273.319,4.906
21.666666666666668,Almaty,37.0,0.0,1428.43175,41.1,0.2055,1.7988,28.684,22.947,36.783,1272.437,1273.318,4.765
21.833333333333332,Vladimir,27.0,0.0,1512.6475,40.61,0.2174,1.7988,28.684,22.947,36.783,1272.439,1273.32,5.046
21.833333333333332,Murmansk,88.0,0.0,1022.3395,44.01,0.147,1.7988,28.684,22.947,36.783,1272.427,1273.308,3.41
21.833333333333332,Novosibirsk,36.0,0.0,1577.18175,40.24,0.2268,1.7988,28.684,22.947,36.783,1272.441,1273.322,5.261
21.833333333333332,Zheleznogorsk,36.0,0.0,2185.97675,37.41,0.3142,1.7988,28.684,22.947,36.784,1272.463,1273.344,7.292
21.833333333333332,Khabarovsk,18.0,0.0,1228.297625,42.42,0.1765,1.7988,28.684,22.947,36.783,1272.431,1273.312,4.097
21.833333333333332,Vladivostok,18.0,0.0,1582.21725,40.22,0.2274,1.7988,28.684,22.947,36.783,1272.441,1273.322,5.278
21.833333333333332,Minsk,78.0,0.0,1634.530375,39.93,0.2351,1.7988,28.684,22.947,36.783,1272.443,1273.324,5.452
21.833333333333332,Almaty,36.0,0.0,1432.298625,41.08,0.2059,1.7988,28.684,22.947,36.783,1272.437,1273.318,4.778
22.0,Vladimir,26.0,0.0,1368.817125,41.47,0.1969,1.7988,28.684,22.947,36.783,1272.435,1273.316,4.566
22.0,Murmansk,87.0,0.0,1096.704125,43.4,0.1577,1.7988,28.684,22.947,36.783,1272.428,1273.309,3.658
22.0,Novosibirsk,35.0,0.0,1844.400125,38.88,0.2653,1.7988,28.684,22.947,36.783,1272.45,1273.331,6.152
22.0,Zheleznogorsk,46.0,0.0,2098.51975,37.76,0.3018,1.7988,28.684,22.947,36.784,1272.46,1273.341,7.0
22.0,Khabarovsk,55.0,0.0,1270.363375,42.12,0.1827,1.7988,28.684,22.947,36.783,1272.432,1273.313,4.237
22.0,Vladivostok,55.0,0.0,1596.601875,40.14,0.2295,1.7988,28.684,22.947,36.783,1272.442,1273.322,5.326
22.0,Minsk,26.0,0.0,1757.839125,39.3,0.2528,1.7988,28.684,22.947,36.783,1272.447,1273.328,5.864
22.0,Almaty,35.0,0.0,1520.745625,40.56,0.2186,1.7988,28.684,22.947,36.783,1272.439,1273.32,5.073
22.166666666666668,Vladimir,25.0,0.0,1288.54575,42.0,0.1852,1.7988,28.684,22.947,36.783,1272.433,1273.314,4.298
22.166666666666668,Murmansk,15.0,0.0,1181.6045,42.75,0.1699,1.7988,28.684,22.947,36.783,1272.43,1273.311,3.941
22.166666666666668,Novosibirsk,34.0,0.0,2130.61775,37.63,0.3064,1.7988,28.684,22.947,36.784,1272.461,1273.342,7.107
22.166666666666668,Zheleznogorsk,45.0,0.0,1851.615,38.85,0.2662,1.7988,28.684,22.947,36.783,1272.45,1273.331,6.176
22.166666666666668,Khabarovsk,54.0,0.0,1144.239375,43.03,0.1645,1.7988,28.684,22.947,36.783,1272.43,1273.31,3.817
22.166666666666668,Vladivostok,54.0,0.0,1353.73075,41.57,0.1946,1.7988,28.684,22.947,36.783,1272.435,1273.316,4.516
22.166666666666668,Minsk,25.0,0.0,1537.438375,40.47,0.2209,1.7988,28.684,22.947,36.783,1272.44,1273.321,5.128
22.166666666666668,Almaty,34.0,0.0,1682.129375,39.68,0.242,1.7988,28.684,22.947,36.783,1272.444,1273.325,5.611
22.333333333333332,Vladimir,24.0,0.0,1286.276375,42.01,0.185,1.7988,28.684,22.947,36.783,1272.433,1273.314,4.291
22.333333333333332,Murmansk,14.0,0.0,1161.484625,42.9,0.167,1.7988,28.684,22.947,36.783,1272.43,1273.311,3.874
22.333333333333332,Novosibirsk,6.0,0.0,1974.387875,38.29,0.2839,1.7988,28.684,22.947,36.784,1272.455,1273.336,6.586
22.333333333333332,Zheleznogorsk,44.0,0.0,1613.91075,40.04,0.2321,1.7988,28.684,22.947,36.783,1272.442,1273.323,5.383
22.333333333333332,Khabarovsk,53.0,0.0,1101.566625,43.36,0.1584,1.7988,28.684,22.947,36.783,1272.429,1273.309,3.674
22.333333333333332,Vladivostok,53.0,0.0,1153.113,42.96,0.1659,1.7988,28.684,22.947,36.783,1272.43,1273.311,3.846
22.333333333333332,Minsk,24.0,0.0,1351.775875,41.58,0.1944,1.7988,28.684,22.947,36.783,1272.435,1273.315,4.509
22.333333333333332,Almaty,6.0,0.0,1484.823625,40.77,0.2134,1.7988,28.684,22.947,36.783,1272.438,1273.319,4.953
22.5,Vladimir,23.0,0.0,1364.409875,41.5,0.1962,1.7988,28.684,22.947,36.783,1272.435,1273.316,4.551
22.5,Murmansk,4.0,0.0,1146.36175,43.01,0.1649,1.7988,28.684,22.947,36.783,1272.43,1273.31,3.824
22.5,Novosibirsk,5.0,0.0,1771.771375,39.23,0.2548,1.7988,28.684,22.947,36.783,1272.447,1273.328,5.91
22.5,Zheleznogorsk,43.0,0.0,1393.664875,41.32,0.2003,1.7988,28.684,22.947,36.783,1272.436,1273.317,4.649
22.5,Khabarovsk,52.0,0.0,1155.102875,42.95,0.166,1.7988,28.684,22.947,36.783,1272.43,1273.311,3.853
22.5,Vladivostok,52.0,0.0,1024.732375,43.99,0.1473,1.7988,28.684,22.947,36.783,1272.427,1273.308,3.418
22.5,Minsk,23.0,0.0,1220.27125,42.47,0.1755,1.7988,28.684,22.947,36.783,1272.431,1273.312,4.07
22.5,Almaty,5.0,0.0,1261.776875,42.18,0.1814,1.7988,28.684,22.947,36.783,1272.432,1273.313,4.209
22.666666666666668,Vladimir,22.0,0.0,1512.0435,40.61,0.2174,1.7988,28.684,22.947,36.783,1272.439,1273.32,5.044
22.666666666666668,Murmansk,3.0,0.0,1125.868625,43.17,0.1619,1.7988,28.684,22.947,36.783,1272.429,1273.31,3.755
22.666666666666668,Novosibirsk,4.0,0.0,1608.422625,40.07,0.2313,1.7988,28.684,22.947,36.783,1272.442,1273.323,5.365
22.666666666666668,Zheleznogorsk,42.0,0.0,1204.36375,42.59,0.1731,1.7988,28.684,22.947,36.783,1272.431,1273.312,4.017
22.666666666666668,Khabarovsk,51.0,0.0,1295.652875,41.95,0.1863,1.7988,28.684,22.947,36.783,1272.433,1273.314,4.322
22.666666666666668,Vladivostok,51.0,0.0,1001.2466875,44.19,0.144,1.7988,28.684,22.947,36.783,1272.427,1273.307,3.34
22.666666666666668,Minsk,22.0,0.0,1164.699375,42.88,0.1674,1.7988,28.684,22.947,36.783,1272.43,1273.311,3.885
22.666666666666668,Almaty,4.0,0.0,1110.105875,43.29,0.1597,1.7988,28.684,22.947,36.783,1272.429,1273.31,3.703
22.833333333333332,Vladimir,83.0,0.0,1573.328875,40.26,0.2263,1.7988,28.684,22.947,36.783,1272.441,1273.322,5.248
22.833333333333332,Murmansk,2.0,0.0,1182.123125,42.75,0.1699,1.7988,28.684,22.947,36.783,1272.43,1273.311,3.943
22.833333333333332,Novosibirsk,41.0,0.0,1494.9165,40.71,0.2149,1.7988,28.684,22.947,36.783,1272.439,1273.319,4.987
22.833333333333332,Zheleznogorsk,41.0,0.0,1066.705875,43.64,0.1534,1.7988,28.684,22.947,36.783,1272.428,1273.309,3.558
22.833333333333332,Khabarovsk,50.0,0.0,1500.93475,40.67,0.2159,1.7988,28.684,22.947,36.783,1272.439,1273.32,5.007
22.833333333333332,Vladivostok,50.0,0.0,1092.95925,43.43,0.1571,1.7988,28.684,22.947,36.783,1272.428,1273.309,3.646
22.833333333333332,Minsk,21.0,0.0,1198.479875,42.63,0.1723,1.7988,28.684,22.947,36.783,1272.431,1273.312,3.998
22.833333333333332,Almaty,3.0,0.0,1058.26525,43.71,0.1521,1.7988,28.684,22.947,36.783,1272.428,1273.309,3.53
23.0,Vladimir,82.0,0.0,1474.18775,40.83,0.212,1.7988,28.684,22.947,36.783,1272.438,1273.319,4.917
23.0,Murmansk,1.0,0.0,1304.266875,41.89,0.1876,1.7988,28.684,22.947,36.783,1272.433,1273.314,4.351
23.0,Novosibirsk,40.0,0.0,1308.063875,41.87,0.188,1.7988,28.684,22.947,36.783,1272.433,1273.314,4.363
23.0,Zheleznogorsk,40.0,0.0,1006.1285,44.15,0.1446,1.7988,28.684,22.947,36.783,1272.427,1273.308,3.356
23.0,Khabarovsk,59.0,0.0,1749.711,39.34,0.2516,1.7988,28.684,22.947,36.783,1272.447,1273.327,5.836
23.0,Vladivostok,59.0,0.0,1277.8125,42.07,0.1838,1.7988,28.684,22.947,36.783,1272.433,1273.314,4.262
23.0,Minsk,20.0,0.0,1316.93925,41.81,0.1893,1.7988,28.684,22.947,36.783,1272.434,1273.315,4.393
23.0,Almaty,2.0,0.0,1117.21825,43.24,0.1606,1.7988,28.684,22.947,36.783,1272.429,1273.31,3.727
23.166666666666668,Vladimir,81.0,0.0,1435.697625,41.06,0.2064,1.7988,28.684,22.947,36.783,1272.437,1273.318,4.789
23.166666666666668,Murmansk,0.0,0.0,1474.9625,40.83,0.212,1.7988,28.684,22.947,36.783,1272.438,1273.319,4.92
23.166666666666668,Novosibirsk,49.0,0.0,1167.621625,42.86,0.1678,1.7988,28.684,22.947,36.783,1272.43,1273.311,3.895
23.166666666666668,Zheleznogorsk,49.0,0.0,1039.6784375,43.86,0.1495,1.7988,28.684,22.947,36.783,1272.427,1273.308,3.468
23.166666666666668,Khabarovsk,21.0,0.0,1676.671875,39.71,0.2411,1.7988,28.684,22.947,36.783,1272.444,1273.325,5.593
23.166666666666668,Vladivostok,58.0,0.0,1524.01725,40.54,0.2191,1.7988,28.684,22.947,36.783,1272.439,1273.32,5.084
23.166666666666668,Minsk,81.0,0.0,1202.950625,42.6,0.1729,1.7988,28.684,22.947,36.783,1272.431,1273.312,4.013
23.166666666666668,Almaty,1.0,0.0,1268.588625,42.13,0.1825,1.7988,28.684,22.947,36.783,1272.432,1273.313,4.232
23.333333333333332,Vladimir,80.0,0.0,1460.28,40.91,0.21,1.7988,28.684,22.947,36.783,1272.438,1273.318,4.871
23.333333333333332,Murmansk,9.0,0.0,1678.351375,39.7,0.2414,1.7988,28.684,22.947,36.783,1272.444,1273.325,5.598
23.333333333333332,Novosibirsk,48.0,0.0,1095.52025,43.41,0.1575,1.7988,28.684,22.947,36.783,1272.428,1273.309,3.654
23.333333333333332,Zheleznogorsk,48.0,0.0,1161.947125,42.9,0.167,1.7988,28.684,22.947,36.783,1272.43,1273.311,3.876
23.333333333333332,Khabarovsk,20.0,0.0,1469.793875,40.86,0.2112,1.7988,28.684,22.947,36.783,1272.438,1273.319,4.903
23.333333333333332,Vladivostok,57.0,0.0,1807.8275,39.06,0.2599,1.7988,28.684,22.947,36.783,1272.449,1273.329,6.03
23.333333333333332,Minsk,80.0,0.0,1074.356625,43.58,0.1544,1.7988,28.684,22.947,36.783,1272.428,1273.309,3.584
23.333333333333332,Almaty,0.0,0.0,1481.39325,40.79,0.2129,1.7988,28.684,22.947,36.783,1272.438,1273.319,4.941
23.5,Vladimir,89.0,0.0,1542.438625,40.44,0.2217,1.7988,28.684,22.947,36.783,1272.44,1273.321,5.145
23.5,Murmansk,37.0,0.0,1688.6815,39.65,0.2428,1.7988,28.684,22.947,36.783,1272.445,1273.325,5.633
23.5,Novosibirsk,47.0,0.0,1108.705125,43.3,0.1595,1.7988,28.684,22.947,36.783,1272.429,1273.31,3.698
23.5,Zheleznogorsk,47.0,0.0,1351.07175,41.59,0.1942,1.7988,28.684,22.947,36.783,1272.435,1273.315,4.507
23.5,Khabarovsk,29.0,0.0,1323.420125,41.77,0.1902,1.7988,28.684,22.947,36.783,1272.434,1273.315,4.414
23.5,Vladivostok,29.0,0.0,1799.482375,39.1,0.2587,1.7988,28.684,22.947,36.783,1272.448,1273.329,6.002
23.5,Minsk,89.0,0.0,1033.492125,43.91,0.1487,1.7988,28.684,22.947,36.783,1272.427,1273.308,3.447
23.5,Almaty,47.0,0.0,1475.210125,40.82,0.2122,1.7988,28.684,22.947,36.783,1272.438,1273.319,4.921
23.666666666666668,Vladimir,88.0,0.0,1671.210375,39.74,0.2403,1.7988,28.684,22.947,36.783,1272.444,1273.325,5.575
23.666666666666668,Murmansk,36.0,0.0,1578.336375,40.24,0.2268,1.7988,28.684,22.947,36.783,1272.441,1273.322,5.265
23.666666666666668,Novosibirsk,46.0,0.0,1207.252625,42.57,0.1735,1.7988,28.684,22.947,36.783,1272.431,1273.312,4.027
23.666666666666668,Zheleznogorsk,46.0,0.0,1584.74225,40.2,0.2279,1.7988,28.684,22.947,36.783,1272.441,1273.322,5.286
23.666666666666668,Khabarovsk,28.0,0.0,1256.930125,42.21,0.1808,1.7988,28.684,22.947,36.783,1272.432,1273.313,4.193
23.666666666666668,Vladivostok,28.0,0.0,1760.382875,39.29,0.2531,1.7988,28.684,22.947,36.783,1272.447,1273.328,5.872
23.666666666666668,Minsk,88.0,0.0,1087.20525,43.47,0.1564,1.7988,28.684,22.947,36.783,1272.428,1273.309,3.627
23.666666666666668,Almaty,46.0,0.0,1272.594,42.11,0.1829,1.7988,28.684,22.947,36.783,1272.433,1273.313,4.245
23.833333333333332,Vladimir,7.0,0.0,1532.799625,40.49,0.2204,1.7988,28.684,22.947,36.783,1272.44,1273.321,5.113
23.833333333333332,Murmansk,26.0,0.0,1451.63175,40.96,0.2088,1.7988,28.684,22.947,36.783,1272.437,1273.318,4.842
23.833333333333332,Novosibirsk,45.0,0.0,1375.125875,41.43,0.1978,1.7988,28.684,22.947,36.783,1272.435,1273.316,4.587
23.833333333333332,Zheleznogorsk,45.0,0.0,1847.14425,38.87,0.2656,1.7988,28.684,22.947,36.783,1272.45,1273.331,6.161
23.833333333333332,Khabarovsk,27.0,0.0,1280.526125,42.05,0.1842,1.7988,28.684,22.947,36.783,1272.433,1273.314,4.271
23.833333333333332,Vladivostok,27.0,0.0,1791.962125,39.13,0.2578,1.7988,28.684,22.947,36.783,1272.448,1273.329,5.977
23.833333333333332,Minsk,87.0,0.0,1220.029,42.47,0.1755,1.7988,28.684,22.947,36.783,1272.431,1273.312,4.07
23.833333333333332,Almaty,45.0,0.0,1135.30475,43.1,0.1632,1.7988,28.684,22.947,36.783,1272.429,1273.31,3.787
