lat,lon,sdcm_factor,sdcm_zone,uere_autonomous_m,uere_combined_m,uere_sdcm_m,cep_autonomous_m,cep_combined_m,cep_sdcm_m
40.0,20.0,1.0,sdcm_core,3.097,1.689,0.942,9.41,1.66,0.93
40.0,22.0,1.0,sdcm_core,3.097,1.689,0.942,9.41,1.66,0.93
40.0,24.0,1.0,sdcm_core,3.097,1.689,0.942,9.41,1.66,0.93
40.0,26.0,1.0,sdcm_core,3.097,1.689,0.942,9.41,1.66,0.93
40.0,28.0,1.0,sdcm_core,3.097,1.689,0.942,9.41,1.66,0.93
40.0,30.0,1.0,sdcm_core,3.097,1.689,0.942,9.41,1.66,0.93
40.0,32.0,1.0,sdcm_core,3.097,1.689,0.942,9.41,1.66,0.93
40.0,34.0,1.0,sdcm_core,3.097,1.689,0.942,9.41,1.66,0.93
40.0,36.0,1.0,sdcm_core,3.097,1.689,0.942,9.41,1.66,0.93
40.0,38.0,1.0,sdcm_core,3.097,1.689,0.942,9.41,1.66,0.93
40.0,40.0,1.0,sdcm_core,3.097,1.689,0.942,9.41,1.66,0.93
40.0,42.0,1.0,sdcm_core,3.097,1.689,0.942,9.41,1.66,0.93
40.0,44.0,1.0,sdcm_core,3.097,1.689,0.942,9.41,1.66,0.93
40.0,46.0,1.0,sdcm_core,3.097,1.689,0.942,9.41,1.66,0.93
40.0,48.0,1.0,sdcm_core,3.097,1.689,0.942,9.41,1.66,0.93
40.0,50.0,1.0,sdcm_core,3.097,1.689,0.942,9.41,1.66,0.93
40.0,52.0,1.0,sdcm_core,3.097,1.689,0.942,9.41,1.66,0.93
40.0,54.0,1.0,sdcm_core,3.097,1.689,0.942,9.41,1.66,0.93
40.0,56.0,1.0,sdcm_core,3.097,1.689,0.942,9.41,1.66,0.93
40.0,58.0,1.0,sdcm_core,3.097,1.689,0.942,9.41,1.66,0.93
40.0,60.0,1.0,sdcm_core,3.097,1.689,0.942,9.41,1.66,0.93
40.0,62.0,1.0,sdcm_core,3.097,1.689,0.942,9.41,1.66,0.93
40.0,64.0,1.0,sdcm_core,3.097,1.689,0.942,9.41,1.66,0.93
40.0,66.0,1.0,sdcm_core,3.097,1.689,0.942,9.41,1.66,0.93
40.0,68.0,1.0,sdcm_core,3.097,1.689,0.942,9.41,1.66,0.93
40.0,70.0,1.0,sdcm_core,3.097,1.689,0.942,9.41,1.66,0.93
40.0,72.0,1.0,sdcm_core,3.097,1.689,0.942,9.41,1.66,0.93
40.0,74.0,1.0,sdcm_core,3.097,1.689,0.942,9.41,1.66,0.93
40.0,76.0,1.0,sdcm_core,3.097,1.689,0.942,9.41,1.66,0.93
40.0,78.0,1.0,sdcm_core,3.097,1.689,0.942,9.41,1.66,0.93
40.0,80.0,1.0,sdcm_core,3.097,1.689,0.942,9.41,1.66,0.93
40.0,82.0,1.0,sdcm_core,3.097,1.689,0.942,9.41,1.66,0.93
40.0,84.0,1.0,sdcm_core,3.097,1.689,0.942,9.41,1.66,0.93
40.0,86.0,1.0,sdcm_core,3.097,1.689,0.942,9.41,1.66,0.93
40.0,88.0,1.0,sdcm_core,3.097,1.689,0.942,9.41,1.66,0.93
40.0,90.0,1.0,sdcm_core,3.097,1.689,0.942,9.41,1.66,0.93
40.0,92.0,1.0,sdcm_core,3.097,1.689,0.942,9.41,1.66,0.93
40.0,94.0,1.0,sdcm_core,3.097,1.689,0.942,9.41,1.66,0.93
40.0,96.0,1.0,sdcm_core,3.097,1.689,0.942,9.41,1.66,0.93
40.0,98.0,1.0,sdcm_core,3.097,1.689,0.942,9.41,1.66,0.93
40.0,100.0,1.0,sdcm_core,3.097,1.689,0.942,9.41,1.66,0.93
40.0,102.0,1.0,sdcm_core,3.097,1.689,0.942,9.41,1.66,0.93
40.0,104.0,1.0,sdcm_core,3.097,1.689,0.942,9.41,1.66,0.93
40.0,106.0,1.0,sdcm_core,3.097,1.689,0.942,9.41,1.66,0.93
40.0,108.0,1.0,sdcm_core,3.097,1.689,0.942,9.41,1.66,0.93
40.0,110.0,1.0,sdcm_core,3.097,1.689,0.942,9.41,1.66,0.93
40.0,112.0,1.0,sdcm_core,3.097,1.689,0.942,9.41,1.66,0.93
40.0,114.0,1.0,sdcm_core,3.097,1.689,0.942,9.41,1.66,0.93
40.0,116.0,1.0,sdcm_core,3.097,1.689,0.942,9.41,1.66,0.93
40.0,118.0,1.0,sdcm_core,3.097,1.689,0.942,9.41,1.66,0.93
40.0,120.0,1.0,sdcm_core,3.097,1.689,0.942,9.41,1.66,0.93
40.0,122.0,1.0,sdcm_core,3.097,1.689,0.942,9.41,1.66,0.93
40.0,124.0,1.0,sdcm_core,3.097,1.689,0.942,9.41,1.66,0.93
40.0,126.0,1.0,sdcm_core,3.097,1.689,0.942,9.41,1.66,0.93
40.0,128.0,1.0,sdcm_core,3.097,1.689,0.942,9.41,1.66,0.93
40.0,130.0,1.0,sdcm_core,3.097,1.689,0.942,9.41,1.66,0.93
40.0,132.0,1.0,sdcm_core,3.097,1.689,0.942,9.41,1.66,0.93
40.0,134.0,1.0,sdcm_core,3.097,1.689,0.942,9.41,1.66,0.93
40.0,136.0,1.0,sdcm_core,3.097,1.689,0.942,9.41,1.66,0.93
40.0,138.0,1.0,sdcm_core,3.097,1.689,0.942,9.41,1.66,0.93
40.0,140.0,1.0,sdcm_core,3.097,1.689,0.942,9.41,1.66,0.93
40.0,142.0,1.0,sdcm_core,3.097,1.689,0.942,9.41,1.66,0.93
40.0,144.0,1.0,sdcm_core,3.097,1.689,0.942,9.41,1.66,0.93
40.0,146.0,1.0,sdcm_core,3.097,1.689,0.942,9.41,1.66,0.93
40.0,148.0,1.0,sdcm_core,3.097,1.689,0.942,9.41,1.66,0.93
40.0,150.0,1.0,sdcm_core,3.097,1.689,0.942,9.41,1.66,0.93
40.0,152.0,1.0,sdcm_core,3.097,1.689,0.942,9.41,1.66,0.93
40.0,154.0,1.0,sdcm_core,3.097,1.689,0.942,9.41,1.66,0.93
40.0,156.0,1.0,sdcm_core,3.097,1.689,0.942,9.41,1.66,0.93
40.0,158.0,1.0,sdcm_core,3.097,1.689,0.942,9.41,1.66,0.93
40.0,160.0,1.0,sdcm_core,3.097,1.689,0.942,9.41,1.66,0.93
40.0,162.0,1.0,sdcm_core,3.097,1.689,0.942,9.41,1.66,0.93
40.0,164.0,1.0,sdcm_core,3.097,1.689,0.942,9.41,1.66,0.93
40.0,166.0,1.0,sdcm_core,3.097,1.689,0.942,9.41,1.66,0.93
40.0,168.0,1.0,sdcm_core,3.097,1.689,0.942,9.41,1.66,0.93
40.0,170.0,1.0,sdcm_core,3.097,1.689,0.942,9.41,1.66,0.93
40.0,172.0,1.0,sdcm_core,3.097,1.689,0.942,9.41,1.66,0.93
40.0,174.0,1.0,sdcm_core,3.097,1.689,0.942,9.41,1.66,0.93
40.0,176.0,1.0,sdcm_core,3.097,1.689,0.942,9.41,1.66,0.93
40.0,178.0,1.0,sdcm_core,3.097,1.689,0.942,9.41,1.66,0.93
40.0,180.0,1.0,sdcm_core,3.097,1.689,0.942,9.41,1.66,0.93
42.0,20.0,1.0,sdcm_core,3.097,1.689,0.942,9.41,1.66,0.93
42.0,22.0,1.0,sdcm_core,3.097,1.689,0.942,9.41,1.66,0.93
42.0,24.0,1.0,sdcm_core,3.097,1.689,0.942,9.41,1.66,0.93
42.0,26.0,1.0,sdcm_core,3.097,1.689,0.942,9.41,1.66,0.93
42.0,28.0,1.0,sdcm_core,3.097,1.689,0.942,9.41,1.66,0.93
42.0,30.0,1.0,sdcm_core,3.097,1.689,0.942,9.41,1.66,0.93
42.0,32.0,1.0,sdcm_core,3.097,1.689,0.942,9.41,1.66,0.93
42.0,34.0,1.0,sdcm_core,3.097,1.689,0.942,9.41,1.66,0.93
42.0,36.0,1.0,sdcm_core,3.097,1.689,0.942,9.41,1.66,0.93
42.0,38.0,1.0,sdcm_core,3.097,1.689,0.942,9.41,1.66,0.93
42.0,40.0,1.0,sdcm_core,3.097,1.689,0.942,9.41,1.66,0.93
42.0,42.0,1.0,sdcm_core,3.097,1.689,0.942,9.41,1.66,0.93
42.0,44.0,1.0,sdcm_core,3.097,1.689,0.942,9.41,1.66,0.93
42.0,46.0,1.0,sdcm_core,3.097,1.689,0.942,9.41,1.66,0.93
42.0,48.0,1.0,sdcm_core,3.097,1.689,0.942,9.41,1.66,0.93
42.0,50.0,1.0,sdcm_core,3.097,1.689,0.942,9.41,1.66,0.93
42.0,52.0,1.0,sdcm_core,3.097,1.689,0.942,9.41,1.66,0.93
42.0,54.0,1.0,sdcm_core,3.097,1.689,0.942,9.41,1.66,0.93
42.0,56.0,1.0,sdcm_core,3.097,1.689,0.942,9.41,1.66,0.93
42.0,58.0,1.0,sdcm_core,3.097,1.689,0.942,9.41,1.66,0.93
42.0,60.0,1.0,sdcm_core,3.097,1.689,0.942,9.41,1.66,0.93
42.0,62.0,1.0,sdcm_core,3.097,1.689,0.942,9.41,1.66,0.93
42.0,64.0,1.0,sdcm_core,3.097,1.689,0.942,9.41,1.66,0.93
42.0,66.0,1.0,sdcm_core,3.097,1.689,0.942,9.41,1.66,0.93
42.0,68.0,1.0,sdcm_core,3.097,1.689,0.942,9.41,1.66,0.93
42.0,70.0,1.0,sdcm_core,3.097,1.689,0.942,9.41,1.66,0.93
42.0,72.0,1.0,sdcm_core,3.097,1.689,0.942,9.41,1.66,0.93
42.0,74.0,1.0,sdcm_core,3.097,1.689,0.942,9.41,1.66,0.93
42.0,76.0,1.0,sdcm_core,3.097,1.689,0.942,9.41,1.66,0.93
42.0,78.0,1.0,sdcm_core,3.097,1.689,0.942,9.41,1.66,0.93
42.0,80.0,1.0,sdcm_core,3.097,1.689,0.942,9.41,1.66,0.93
42.0,82.0,1.0,sdcm_core,3.097,1.689,0.942,9.41,1.66,0.93
42.0,84.0,1.0,sdcm_core,3.097,1.689,0.942,9.41,1.66,0.93
42.0,86.0,1.0,sdcm_core,3.097,1.689,0.942,9.41,1.66,0.93
42.0,88.0,1.0,sdcm_core,3.097,1.689,0.942,9.41,1.66,0.93
42.0,90.0,1.0,sdcm_core,3.097,1.689,0.942,9.41,1.66,0.93
42.0,92.0,1.0,sdcm_core,3.097,1.689,0.942,9.41,1.66,0.93
42.0,94.0,1.0,sdcm_core,3.097,1.689,0.942,9.41,1.66,0.93
42.0,96.0,1.0,sdcm_core,3.097,1.689,0.942,9.41,1.66,0.93
42.0,98.0,1.0,sdcm_core,3.097,1.689,0.942,9.41,1.66,0.93
42.0,100.0,1.0,sdcm_core,3.097,1.689,0.942,9.41,1.66,0.93
42.0,102.0,1.0,sdcm_core,3.097,1.689,0.942,9.41,1.66,0.93
42.0,104.0,1.0,sdcm_core,3.097,1.689,0.942,9.41,1.66,0.93
42.0,106.0,1.0,sdcm_core,3.097,1.689,0.942,9.41,1.66,0.93
42.0,108.0,1.0,sdcm_core,3.097,1.689,0.942,9.41,1.66,0.93
42.0,110.0,1.0,sdcm_core,3.097,1.689,0.942,9.41,1.66,0.93
42.0,112.0,1.0,sdcm_core,3.097,1.689,0.942,9.41,1.66,0.93
42.0,114.0,1.0,sdcm_core,3.097,1.689,0.942,9.41,1.66,0.93
42.0,116.0,1.0,sdcm_core,3.097,1.689,0.942,9.41,1.66,0.93
42.0,118.0,1.0,sdcm_core,3.097,1.689,0.942,9.41,1.66,0.93
42.0,120.0,1.0,sdcm_core,3.097,1.689,0.942,9.41,1.66,0.93
42.0,122.0,1.0,sdcm_core,3.097,1.689,0.942,9.41,1.66,0.93
42.0,124.0,1.0,sdcm_core,3.097,1.689,0.942,9.41,1.66,0.93
42.0,126.0,1.0,sdcm_core,3.097,1.689,0.942,9.41,1.66,0.93
42.0,128.0,1.0,sdcm_core,3.097,1.689,0.942,9.41,1.66,0.93
42.0,130.0,1.0,sdcm_core,3.097,1.689,0.942,9.41,1.66,0.93
42.0,132.0,1.0,sdcm_core,3.097,1.689,0.942,9.41,1.66,0.93
42.0,134.0,1.0,sdcm_core,3.097,1.689,0.942,9.41,1.66,0.93
42.0,136.0,1.0,sdcm_core,3.097,1.689,0.942,9.41,1.66,0.93
42.0,138.0,1.0,sdcm_core,3.097,1.689,0.942,9.41,1.66,0.93
42.0,140.0,1.0,sdcm_core,3.097,1.689,0.942,9.41,1.66,0.93
42.0,142.0,1.0,sdcm_core,3.097,1.689,0.942,9.41,1.66,0.93
42.0,144.0,1.0,sdcm_core,3.097,1.689,0.942,9.41,1.66,0.93
42.0,146.0,1.0,sdcm_core,3.097,1.689,0.942,9.41,1.66,0.93
42.0,148.0,1.0,sdcm_core,3.097,1.689,0.942,9.41,1.66,0.93
42.0,150.0,1.0,sdcm_core,3.097,1.689,0.942,9.41,1.66,0.93
42.0,152.0,1.0,sdcm_core,3.097,1.689,0.942,9.41,1.66,0.93
42.0,154.0,1.0,sdcm_core,3.097,1.689,0.942,9.41,1.66,0.93
42.0,156.0,1.0,sdcm_core,3.097,1.689,0.942,9.41,1.66,0.93
42.0,158.0,1.0,sdcm_core,3.097,1.689,0.942,9.41,1.66,0.93
42.0,160.0,1.0,sdcm_core,3.097,1.689,0.942,9.41,1.66,0.93
42.0,162.0,1.0,sdcm_core,3.097,1.689,0.942,9.41,1.66,0.93
42.0,164.0,1.0,sdcm_core,3.097,1.689,0.942,9.41,1.66,0.93
42.0,166.0,1.0,sdcm_core,3.097,1.689,0.942,9.41,1.66,0.93
42.0,168.0,1.0,sdcm_core,3.097,1.689,0.942,9.41,1.66,0.93
42.0,170.0,1.0,sdcm_core,3.097,1.689,0.942,9.41,1.66,0.93
42.0,172.0,1.0,sdcm_core,3.097,1.689,0.942,9.41,1.66,0.93
42.0,174.0,1.0,sdcm_core,3.097,1.689,0.942,9.41,1.66,0.93
42.0,176.0,1.0,sdcm_core,3.097,1.689,0.942,9.41,1.66,0.93
42.0,178.0,1.0,sdcm_core,3.097,1.689,0.942,9.41,1.66,0.93
42.0,180.0,1.0,sdcm_core,3.097,1.689,0.942,9.41,1.66,0.93
44.0,20.0,1.0,sdcm_core,3.097,1.689,0.942,9.41,1.66,0.93
44.0,22.0,1.0,sdcm_core,3.097,1.689,0.942,9.41,1.66,0.93
44.0,24.0,1.0,sdcm_core,3.097,1.689,0.942,9.41,1.66,0.93
44.0,26.0,1.0,sdcm_core,3.097,1.689,0.942,9.41,1.66,0.93
44.0,28.0,1.0,sdcm_core,3.097,1.689,0.942,9.41,1.66,0.93
44.0,30.0,1.0,sdcm_core,3.097,1.689,0.942,9.41,1.66,0.93
44.0,32.0,1.0,sdcm_core,3.097,1.689,0.942,9.41,1.66,0.93
44.0,34.0,1.0,sdcm_core,3.097,1.689,0.942,9.41,1.66,0.93
44.0,36.0,1.0,sdcm_core,3.097,1.689,0.942,9.41,1.66,0.93
44.0,38.0,1.0,sdcm_core,3.097,1.689,0.942,9.41,1.66,0.93
44.0,40.0,1.0,sdcm_core,3.097,1.689,0.942,9.41,1.66,0.93
44.0,42.0,1.0,sdcm_core,3.097,1.689,0.942,9.41,1.66,0.93
44.0,44.0,1.0,sdcm_core,3.097,1.689,0.942,9.41,1.66,0.93
44.0,46.0,1.0,sdcm_core,3.097,1.689,0.942,9.41,1.66,0.93
44.0,48.0,1.0,sdcm_core,3.097,1.689,0.942,9.41,1.66,0.93
44.0,50.0,1.0,sdcm_core,3.097,1.689,0.942,9.41,1.66,0.93
44.0,52.0,1.0,sdcm_core,3.097,1.689,0.942,9.41,1.66,0.93
44.0,54.0,1.0,sdcm_core,3.097,1.689,0.942,9.41,1.66,0.93
44.0,56.0,1.0,sdcm_core,3.097,1.689,0.942,9.41,1.66,0.93
44.0,58.0,1.0,sdcm_core,3.097,1.689,0.942,9.41,1.66,0.93
44.0,60.0,1.0,sdcm_core,3.097,1.689,0.942,9.41,1.66,0.93
44.0,62.0,1.0,sdcm_core,3.097,1.689,0.942,9.41,1.66,0.93
44.0,64.0,1.0,sdcm_core,3.097,1.689,0.942,9.41,1.66,0.93
44.0,66.0,1.0,sdcm_core,3.097,1.689,0.942,9.41,1.66,0.93
44.0,68.0,1.0,sdcm_core,3.097,1.689,0.942,9.41,1.66,0.93
44.0,70.0,1.0,sdcm_core,3.097,1.689,0.942,9.41,1.66,0.93
44.0,72.0,1.0,sdcm_core,3.097,1.689,0.942,9.41,1.66,0.93
44.0,74.0,1.0,sdcm_core,3.097,1.689,0.942,9.41,1.66,0.93
44.0,76.0,1.0,sdcm_core,3.097,1.689,0.942,9.41,1.66,0.93
44.0,78.0,1.0,sdcm_core,3.097,1.689,0.942,9.41,1.66,0.93
44.0,80.0,1.0,sdcm_core,3.097,1.689,0.942,9.41,1.66,0.93
44.0,82.0,1.0,sdcm_core,3.097,1.689,0.942,9.41,1.66,0.93
44.0,84.0,1.0,sdcm_core,3.097,1.689,0.942,9.41,1.66,0.93
44.0,86.0,1.0,sdcm_core,3.097,1.689,0.942,9.41,1.66,0.93
44.0,88.0,1.0,sdcm_core,3.097,1.689,0.942,9.41,1.66,0.93
44.0,90.0,1.0,sdcm_core,3.097,1.689,0.942,9.41,1.66,0.93
44.0,92.0,1.0,sdcm_core,3.097,1.689,0.942,9.41,1.66,0.93
44.0,94.0,1.0,sdcm_core,3.097,1.689,0.942,9.41,1.66,0.93
44.0,96.0,1.0,sdcm_core,3.097,1.689,0.942,9.41,1.66,0.93
44.0,98.0,1.0,sdcm_core,3.097,1.689,0.942,9.41,1.66,0.93
44.0,100.0,1.0,sdcm_core,3.097,1.689,0.942,9.41,1.66,0.93
44.0,102.0,1.0,sdcm_core,3.097,1.689,0.942,9.41,1.66,0.93
44.0,104.0,1.0,sdcm_core,3.097,1.689,0.942,9.41,1.66,0.93
44.0,106.0,1.0,sdcm_core,3.097,1.689,0.942,9.41,1.66,0.93
44.0,108.0,1.0,sdcm_core,3.097,1.689,0.942,9.41,1.66,0.93
44.0,110.0,1.0,sdcm_core,3.097,1.689,0.942,9.41,1.66,0.93
44.0,112.0,1.0,sdcm_core,3.097,1.689,0.942,9.41,1.66,0.93
44.0,114.0,1.0,sdcm_core,3.097,1.689,0.942,9.41,1.66,0.93
44.0,116.0,1.0,sdcm_core,3.097,1.689,0.942,9.41,1.66,0.93
44.0,118.0,1.0,sdcm_core,3.097,1.689,0.942,9.41,1.66,0.93
44.0,120.0,1.0,sdcm_core,3.097,1.689,0.942,9.41,1.66,0.93
44.0,122.0,1.0,sdcm_core,3.097,1.689,0.942,9.41,1.66,0.93
44.0,124.0,1.0,sdcm_core,3.097,1.689,0.942,9.41,1.66,0.93
44.0,126.0,1.0,sdcm_core,3.097,1.689,0.942,9.41,1.66,0.93
44.0,128.0,1.0,sdcm_core,3.097,1.689,0.942,9.41,1.66,0.93
44.0,130.0,1.0,sdcm_core,3.097,1.689,0.942,9.41,1.66,0.93
44.0,132.0,1.0,sdcm_core,3.097,1.689,0.942,9.41,1.66,0.93
44.0,134.0,1.0,sdcm_core,3.097,1.689,0.942,9.41,1.66,0.93
44.0,136.0,1.0,sdcm_core,3.097,1.689,0.942,9.41,1.66,0.93
44.0,138.0,1.0,sdcm_core,3.097,1.689,0.942,9.41,1.66,0.93
44.0,140.0,1.0,sdcm_core,3.097,1.689,0.942,9.41,1.66,0.93
44.0,142.0,1.0,sdcm_core,3.097,1.689,0.942,9.41,1.66,0.93
44.0,144.0,1.0,sdcm_core,3.097,1.689,0.942,9.41,1.66,0.93
44.0,146.0,1.0,sdcm_core,3.097,1.689,0.942,9.41,1.66,0.93
44.0,148.0,1.0,sdcm_core,3.097,1.689,0.942,9.41,1.66,0.93
44.0,150.0,1.0,sdcm_core,3.097,1.689,0.942,9.41,1.66,0.93
44.0,152.0,1.0,sdcm_core,3.097,1.689,0.942,9.41,1.66,0.93
44.0,154.0,1.0,sdcm_core,3.097,1.689,0.942,9.41,1.66,0.93
44.0,156.0,1.0,sdcm_core,3.097,1.689,0.942,9.41,1.66,0.93
44.0,158.0,1.0,sdcm_core,3.097,1.689,0.942,9.41,1.66,0.93
44.0,160.0,1.0,sdcm_core,3.097,1.689,0.942,9.41,1.66,0.93
44.0,162.0,1.0,sdcm_core,3.097,1.689,0.942,9.41,1.66,0.93
44.0,164.0,1.0,sdcm_core,3.097,1.689,0.942,9.41,1.66,0.93
44.0,166.0,1.0,sdcm_core,3.097,1.689,0.942,9.41,1.66,0.93
44.0,168.0,1.0,sdcm_core,3.097,1.689,0.942,9.41,1.66,0.93
44.0,170.0,1.0,sdcm_core,3.097,1.689,0.942,9.41,1.66,0.93
44.0,172.0,1.0,sdcm_core,3.097,1.689,0.942,9.41,1.66,0.93
44.0,174.0,1.0,sdcm_core,3.097,1.689,0.942,9.41,1.66,0.93
44.0,176.0,1.0,sdcm_core,3.097,1.689,0.942,9.41,1.66,0.93
44.0,178.0,1.0,sdcm_core,3.097,1.689,0.942,9.41,1.66,0.93
44.0,180.0,1.0,sdcm_core,3.097,1.689,0.942,9.41,1.66,0.93
46.0,20.0,1.0,sdcm_core,3.097,1.689,0.942,9.41,1.66,0.93
46.0,22.0,1.0,sdcm_core,3.097,1.689,0.942,9.41,1.66,0.93
46.0,24.0,1.0,sdcm_core,3.097,1.689,0.942,9.41,1.66,0.93
46.0,26.0,1.0,sdcm_core,3.097,1.689,0.942,9.41,1.66,0.93
46.0,28.0,1.0,sdcm_core,3.097,1.689,0.942,9.41,1.66,0.93
46.0,30.0,1.0,sdcm_core,3.097,1.689,0.942,9.41,1.66,0.93
46.0,32.0,1.0,sdcm_core,3.097,1.689,0.942,9.41,1.66,0.93
46.0,34.0,1.0,sdcm_core,3.097,1.689,0.942,9.41,1.66,0.93
46.0,36.0,1.0,sdcm_core,3.097,1.689,0.942,9.41,1.66,0.93
46.0,38.0,1.0,sdcm_core,3.097,1.689,0.942,9.41,1.66,0.93
46.0,40.0,1.0,sdcm_core,3.097,1.689,0.942,9.41,1.66,0.93
46.0,42.0,1.0,sdcm_core,3.097,1.689,0.942,9.41,1.66,0.93
46.0,44.0,1.0,sdcm_core,3.097,1.689,0.942,9.41,1.66,0.93
46.0,46.0,1.0,sdcm_core,3.097,1.689,0.942,9.41,1.66,0.93
46.0,48.0,1.0,sdcm_core,3.097,1.689,0.942,9.41,1.66,0.93
46.0,50.0,1.0,sdcm_core,3.097,1.689,0.942,9.41,1.66,0.93
46.0,52.0,1.0,sdcm_core,3.097,1.689,0.942,9.41,1.66,0.93
46.0,54.0,1.0,sdcm_core,3.097,1.689,0.942,9.41,1.66,0.93
46.0,56.0,1.0,sdcm_core,3.097,1.689,0.942,9.41,1.66,0.93
46.0,58.0,1.0,sdcm_core,3.097,1.689,0.942,9.41,1.66,0.93
46.0,60.0,1.0,sdcm_core,3.097,1.689,0.942,9.41,1.66,0.93
46.0,62.0,1.0,sdcm_core,3.097,1.689,0.942,9.41,1.66,0.93
46.0,64.0,1.0,sdcm_core,3.097,1.689,0.942,9.41,1.66,0.93
46.0,66.0,1.0,sdcm_core,3.097,1.689,0.942,9.41,1.66,0.93
46.0,68.0,1.0,sdcm_core,3.097,1.689,0.942,9.41,1.66,0.93
46.0,70.0,1.0,sdcm_core,3.097,1.689,0.942,9.41,1.66,0.93
46.0,72.0,1.0,sdcm_core,3.097,1.689,0.942,9.41,1.66,0.93
46.0,74.0,1.0,sdcm_core,3.097,1.689,0.942,9.41,1.66,0.93
46.0,76.0,1.0,sdcm_core,3.097,1.689,0.942,9.41,1.66,0.93
46.0,78.0,1.0,sdcm_core,3.097,1.689,0.942,9.41,1.66,0.93
46.0,80.0,1.0,sdcm_core,3.097,1.689,0.942,9.41,1.66,0.93
46.0,82.0,1.0,sdcm_core,3.097,1.689,0.942,9.41,1.66,0.93
46.0,84.0,1.0,sdcm_core,3.097,1.689,0.942,9.41,1.66,0.93
46.0,86.0,1.0,sdcm_core,3.097,1.689,0.942,9.41,1.66,0.93
46.0,88.0,1.0,sdcm_core,3.097,1.689,0.942,9.41,1.66,0.93
46.0,90.0,1.0,sdcm_core,3.097,1.689,0.942,9.41,1.66,0.93
46.0,92.0,1.0,sdcm_core,3.097,1.689,0.942,9.41,1.66,0.93
46.0,94.0,1.0,sdcm_core,3.097,1.689,0.942,9.41,1.66,0.93
46.0,96.0,1.0,sdcm_core,3.097,1.689,0.942,9.41,1.66,0.93
46.0,98.0,1.0,sdcm_core,3.097,1.689,0.942,9.41,1.66,0.93
46.0,100.0,1.0,sdcm_core,3.097,1.689,0.942,9.41,1.66,0.93
46.0,102.0,1.0,sdcm_core,3.097,1.689,0.942,9.41,1.66,0.93
46.0,104.0,1.0,sdcm_core,3.097,1.689,0.942,9.41,1.66,0.93
46.0,106.0,1.0,sdcm_core,3.097,1.689,0.942,9.41,1.66,0.93
46.0,108.0,1.0,sdcm_core,3.097,1.689,0.942,9.41,1.66,0.93
46.0,110.0,1.0,sdcm_core,3.097,1.689,0.942,9.41,1.66,0.93
46.0,112.0,1.0,sdcm_core,3.097,1.689,0.942,9.41,1.66,0.93
46.0,114.0,1.0,sdcm_core,3.097,1.689,0.942,9.41,1.66,0.93
46.0,116.0,1.0,sdcm_core,3.097,1.689,0.942,9.41,1.66,0.93
46.0,118.0,1.0,sdcm_core,3.097,1.689,0.942,9.41,1.66,0.93
46.0,120.0,1.0,sdcm_core,3.097,1.689,0.942,9.41,1.66,0.93
46.0,122.0,1.0,sdcm_core,3.097,1.689,0.942,9.41,1.66,0.93
46.0,124.0,1.0,sdcm_core,3.097,1.689,0.942,9.41,1.66,0.93
46.0,126.0,1.0,sdcm_core,3.097,1.689,0.942,9.41,1.66,0.93
46.0,128.0,1.0,sdcm_core,3.097,1.689,0.942,9.41,1.66,0.93
46.0,130.0,1.0,sdcm_core,3.097,1.689,0.942,9.41,1.66,0.93
46.0,132.0,1.0,sdcm_core,3.097,1.689,0.942,9.41,1.66,0.93
46.0,134.0,1.0,sdcm_core,3.097,1.689,0.942,9.41,1.66,0.93
46.0,136.0,1.0,sdcm_core,3.097,1.689,0.942,9.41,1.66,0.93
46.0,138.0,1.0,sdcm_core,3.097,1.689,0.942,9.41,1.66,0.93
46.0,140.0,1.0,sdcm_core,3.097,1.689,0.942,9.41,1.66,0.93
46.0,142.0,1.0,sdcm_core,3.097,1.689,0.942,9.41,1.66,0.93
46.0,144.0,1.0,sdcm_core,3.097,1.689,0.942,9.41,1.66,0.93
46.0,146.0,1.0,sdcm_core,3.097,1.689,0.942,9.41,1.66,0.93
46.0,148.0,1.0,sdcm_core,3.097,1.689,0.942,9.41,1.66,0.93
46.0,150.0,1.0,sdcm_core,3.097,1.689,0.942,9.41,1.66,0.93
46.0,152.0,1.0,sdcm_core,3.097,1.689,0.942,9.41,1.66,0.93
46.0,154.0,1.0,sdcm_core,3.097,1.689,0.942,9.41,1.66,0.93
46.0,156.0,1.0,sdcm_core,3.097,1.689,0.942,9.41,1.66,0.93
46.0,158.0,1.0,sdcm_core,3.097,1.689,0.942,9.41,1.66,0.93
46.0,160.0,1.0,sdcm_core,3.097,1.689,0.942,9.41,1.66,0.93
46.0,162.0,1.0,sdcm_core,3.097,1.689,0.942,9.41,1.66,0.93
46.0,164.0,1.0,sdcm_core,3.097,1.689,0.942,9.41,1.66,0.93
46.0,166.0,1.0,sdcm_core,3.097,1.689,0.942,9.41,1.66,0.93
46.0,168.0,1.0,sdcm_core,3.097,1.689,0.942,9.41,1.66,0.93
46.0,170.0,1.0,sdcm_core,3.097,1.689,0.942,9.41,1.66,0.93
46.0,172.0,1.0,sdcm_core,3.097,1.689,0.942,9.41,1.66,0.93
46.0,174.0,1.0,sdcm_core,3.097,1.689,0.942,9.41,1.66,0.93
46.0,176.0,1.0,sdcm_core,3.097,1.689,0.942,9.41,1.66,0.93
46.0,178.0,1.0,sdcm_core,3.097,1.689,0.942,9.41,1.66,0.93
46.0,180.0,1.0,sdcm_core,3.097,1.689,0.942,9.41,1.66,0.93
48.0,20.0,1.0,sdcm_core,3.097,1.689,0.942,9.41,1.66,0.93
48.0,22.0,1.0,sdcm_core,3.097,1.689,0.942,9.41,1.66,0.93
48.0,24.0,1.0,sdcm_core,3.097,1.689,0.942,9.41,1.66,0.93
48.0,26.0,1.0,sdcm_core,3.097,1.689,0.942,9.41,1.66,0.93
48.0,28.0,1.0,sdcm_core,3.097,1.689,0.942,9.41,1.66,0.93
48.0,30.0,1.0,sdcm_core,3.097,1.689,0.942,9.41,1.66,0.93
48.0,32.0,1.0,sdcm_core,3.097,1.689,0.942,9.41,1.66,0.93
48.0,34.0,1.0,sdcm_core,3.097,1.689,0.942,9.41,1.66,0.93
48.0,36.0,1.0,sdcm_core,3.097,1.689,0.942,9.41,1.66,0.93
48.0,38.0,1.0,sdcm_core,3.097,1.689,0.942,9.41,1.66,0.93
48.0,40.0,1.0,sdcm_core,3.097,1.689,0.942,9.41,1.66,0.93
48.0,42.0,1.0,sdcm_core,3.097,1.689,0.942,9.41,1.66,0.93
48.0,44.0,1.0,sdcm_core,3.097,1.689,0.942,9.41,1.66,0.93
48.0,46.0,1.0,sdcm_core,3.097,1.689,0.942,9.41,1.66,0.93
48.0,48.0,1.0,sdcm_core,3.097,1.689,0.942,9.41,1.66,0.93
48.0,50.0,1.0,sdcm_core,3.097,1.689,0.942,9.41,1.66,0.93
48.0,52.0,1.0,sdcm_core,3.097,1.689,0.942,9.41,1.66,0.93
48.0,54.0,1.0,sdcm_core,3.097,1.689,0.942,9.41,1.66,0.93
48.0,56.0,1.0,sdcm_core,3.097,1.689,0.942,9.41,1.66,0.93
48.0,58.0,1.0,sdcm_core,3.097,1.689,0.942,9.41,1.66,0.93
48.0,60.0,1.0,sdcm_core,3.097,1.689,0.942,9.41,1.66,0.93
48.0,62.0,1.0,sdcm_core,3.097,1.689,0.942,9.41,1.66,0.93
48.0,64.0,1.0,sdcm_core,3.097,1.689,0.942,9.41,1.66,0.93
48.0,66.0,1.0,sdcm_core,3.097,1.689,0.942,9.41,1.66,0.93
48.0,68.0,1.0,sdcm_core,3.097,1.689,0.942,9.41,1.66,0.93
48.0,70.0,1.0,sdcm_core,3.097,1.689,0.942,9.41,1.66,0.93
48.0,72.0,1.0,sdcm_core,3.097,1.689,0.942,9.41,1.66,0.93
48.0,74.0,1.0,sdcm_core,3.097,1.689,0.942,9.41,1.66,0.93
48.0,76.0,1.0,sdcm_core,3.097,1.689,0.942,9.41,1.66,0.93
48.0,78.0,1.0,sdcm_core,3.097,1.689,0.942,9.41,1.66,0.93
48.0,80.0,1.0,sdcm_core,3.097,1.689,0.942,9.41,1.66,0.93
48.0,82.0,1.0,sdcm_core,3.097,1.689,0.942,9.41,1.66,0.93
48.0,84.0,1.0,sdcm_core,3.097,1.689,0.942,9.41,1.66,0.93
48.0,86.0,1.0,sdcm_core,3.097,1.689,0.942,9.41,1.66,0.93
48.0,88.0,1.0,sdcm_core,3.097,1.689,0.942,9.41,1.66,0.93
48.0,90.0,1.0,sdcm_core,3.097,1.689,0.942,9.41,1.66,0.93
48.0,92.0,1.0,sdcm_core,3.097,1.689,0.942,9.41,1.66,0.93
48.0,94.0,1.0,sdcm_core,3.097,1.689,0.942,9.41,1.66,0.93
48.0,96.0,1.0,sdcm_core,3.097,1.689,0.942,9.41,1.66,0.93
48.0,98.0,1.0,sdcm_core,3.097,1.689,0.942,9.41,1.66,0.93
48.0,100.0,1.0,sdcm_core,3.097,1.689,0.942,9.41,1.66,0.93
48.0,102.0,1.0,sdcm_core,3.097,1.689,0.942,9.41,1.66,0.93
48.0,104.0,1.0,sdcm_core,3.097,1.689,0.942,9.41,1.66,0.93
48.0,106.0,1.0,sdcm_core,3.097,1.689,0.942,9.41,1.66,0.93
48.0,108.0,1.0,sdcm_core,3.097,1.689,0.942,9.41,1.66,0.93
48.0,110.0,1.0,sdcm_core,3.097,1.689,0.942,9.41,1.66,0.93
48.0,112.0,1.0,sdcm_core,3.097,1.689,0.942,9.41,1.66,0.93
48.0,114.0,1.0,sdcm_core,3.097,1.689,0.942,9.41,1.66,0.93
48.0,116.0,1.0,sdcm_core,3.097,1.689,0.942,9.41,1.66,0.93
48.0,118.0,1.0,sdcm_core,3.097,1.689,0.942,9.41,1.66,0.93
48.0,120.0,1.0,sdcm_core,3.097,1.689,0.942,9.41,1.66,0.93
48.0,122.0,1.0,sdcm_core,3.097,1.689,0.942,9.41,1.66,0.93
48.0,124.0,1.0,sdcm_core,3.097,1.689,0.942,9.41,1.66,0.93
48.0,126.0,1.0,sdcm_core,3.097,1.689,0.942,9.41,1.66,0.93
48.0,128.0,1.0,sdcm_core,3.097,1.689,0.942,9.41,1.66,0.93
48.0,130.0,1.0,sdcm_core,3.097,1.689,0.942,9.41,1.66,0.93
48.0,132.0,1.0,sdcm_core,3.097,1.689,0.942,9.41,1.66,0.93
48.0,134.0,1.0,sdcm_core,3.097,1.689,0.942,9.41,1.66,0.93
48.0,136.0,1.0,sdcm_core,3.097,1.689,0.942,9.41,1.66,0.93
48.0,138.0,1.0,sdcm_core,3.097,1.689,0.942,9.41,1.66,0.93
48.0,140.0,1.0,sdcm_core,3.097,1.689,0.942,9.41,1.66,0.93
48.0,142.0,1.0,sdcm_core,3.097,1.689,0.942,9.41,1.66,0.93
48.0,144.0,1.0,sdcm_core,3.097,1.689,0.942,9.41,1.66,0.93
48.0,146.0,1.0,sdcm_core,3.097,1.689,0.942,9.41,1.66,0.93
48.0,148.0,1.0,sdcm_core,3.097,1.689,0.942,9.41,1.66,0.93
48.0,150.0,1.0,sdcm_core,3.097,1.689,0.942,9.41,1.66,0.93
48.0,152.0,1.0,sdcm_core,3.097,1.689,0.942,9.41,1.66,0.93
48.0,154.0,1.0,sdcm_core,3.097,1.689,0.942,9.41,1.66,0.93
48.0,156.0,1.0,sdcm_core,3.097,1.689,0.942,9.41,1.66,0.93
48.0,158.0,1.0,sdcm_core,3.097,1.689,0.942,9.41,1.66,0.93
48.0,160.0,1.0,sdcm_core,3.097,1.689,0.942,9.41,1.66,0.93
48.0,162.0,1.0,sdcm_core,3.097,1.689,0.942,9.41,1.66,0.93
48.0,164.0,1.0,sdcm_core,3.097,1.689,0.942,9.41,1.66,0.93
48.0,166.0,1.0,sdcm_core,3.097,1.689,0.942,9.41,1.66,0.93
48.0,168.0,1.0,sdcm_core,3.097,1.689,0.942,9.41,1.66,0.93
48.0,170.0,1.0,sdcm_core,3.097,1.689,0.942,9.41,1.66,0.93
48.0,172.0,1.0,sdcm_core,3.097,1.689,0.942,9.41,1.66,0.93
48.0,174.0,1.0,sdcm_core,3.097,1.689,0.942,9.41,1.66,0.93
48.0,176.0,1.0,sdcm_core,3.097,1.689,0.942,9.41,1.66,0.93
48.0,178.0,1.0,sdcm_core,3.097,1.689,0.942,9.41,1.66,0.93
48.0,180.0,1.0,sdcm_core,3.097,1.689,0.942,9.41,1.66,0.93
50.0,20.0,1.0,sdcm_core,3.097,1.689,0.942,9.41,1.66,0.93
50.0,22.0,1.0,sdcm_core,3.097,1.689,0.942,9.41,1.66,0.93
50.0,24.0,1.0,sdcm_core,3.097,1.689,0.942,9.41,1.66,0.93
50.0,26.0,1.0,sdcm_core,3.097,1.689,0.942,9.41,1.66,0.93
50.0,28.0,1.0,sdcm_core,3.097,1.689,0.942,9.41,1.66,0.93
50.0,30.0,1.0,sdcm_core,3.097,1.689,0.942,9.41,1.66,0.93
50.0,32.0,1.0,sdcm_core,3.097,1.689,0.942,9.41,1.66,0.93
50.0,34.0,1.0,sdcm_core,3.097,1.689,0.942,9.41,1.66,0.93
50.0,36.0,1.0,sdcm_core,3.097,1.689,0.942,9.41,1.66,0.93
50.0,38.0,1.0,sdcm_core,3.097,1.689,0.942,9.41,1.66,0.93
50.0,40.0,1.0,sdcm_core,3.097,1.689,0.942,9.41,1.66,0.93
50.0,42.0,1.0,sdcm_core,3.097,1.689,0.942,9.41,1.66,0.93
50.0,44.0,1.0,sdcm_core,3.097,1.689,0.942,9.41,1.66,0.93
50.0,46.0,1.0,sdcm_core,3.097,1.689,0.942,9.41,1.66,0.93
50.0,48.0,1.0,sdcm_core,3.097,1.689,0.942,9.41,1.66,0.93
50.0,50.0,1.0,sdcm_core,3.097,1.689,0.942,9.41,1.66,0.93
50.0,52.0,1.0,sdcm_core,3.097,1.689,0.942,9.41,1.66,0.93
50.0,54.0,1.0,sdcm_core,3.097,1.689,0.942,9.41,1.66,0.93
50.0,56.0,1.0,sdcm_core,3.097,1.689,0.942,9.41,1.66,0.93
50.0,58.0,1.0,sdcm_core,3.097,1.689,0.942,9.41,1.66,0.93
50.0,60.0,1.0,sdcm_core,3.097,1.689,0.942,9.41,1.66,0.93
50.0,62.0,1.0,sdcm_core,3.097,1.689,0.942,9.41,1.66,0.93
50.0,64.0,1.0,sdcm_core,3.097,1.689,0.942,9.41,1.66,0.93
50.0,66.0,1.0,sdcm_core,3.097,1.689,0.942,9.41,1.66,0.93
50.0,68.0,1.0,sdcm_core,3.097,1.689,0.942,9.41,1.66,0.93
50.0,70.0,1.0,sdcm_core,3.097,1.689,0.942,9.41,1.66,0.93
50.0,72.0,1.0,sdcm_core,3.097,1.689,0.942,9.41,1.66,0.93
50.0,74.0,1.0,sdcm_core,3.097,1.689,0.942,9.41,1.66,0.93
50.0,76.0,1.0,sdcm_core,3.097,1.689,0.942,9.41,1.66,0.93
50.0,78.0,1.0,sdcm_core,3.097,1.689,0.942,9.41,1.66,0.93
50.0,80.0,1.0,sdcm_core,3.097,1.689,0.942,9.41,1.66,0.93
50.0,82.0,1.0,sdcm_core,3.097,1.689,0.942,9.41,1.66,0.93
50.0,84.0,1.0,sdcm_core,3.097,1.689,0.942,9.41,1.66,0.93
50.0,86.0,1.0,sdcm_core,3.097,1.689,0.942,9.41,1.66,0.93
50.0,88.0,1.0,sdcm_core,3.097,1.689,0.942,9.41,1.66,0.93
50.0,90.0,1.0,sdcm_core,3.097,1.689,0.942,9.41,1.66,0.93
50.0,92.0,1.0,sdcm_core,3.097,1.689,0.942,9.41,1.66,0.93
50.0,94.0,1.0,sdcm_core,3.097,1.689,0.942,9.41,1.66,0.93
50.0,96.0,1.0,sdcm_core,3.097,1.689,0.942,9.41,1.66,0.93
50.0,98.0,1.0,sdcm_core,3.097,1.689,0.942,9.41,1.66,0.93
50.0,100.0,1.0,sdcm_core,3.097,1.689,0.942,9.41,1.66,0.93
50.0,102.0,1.0,sdcm_core,3.097,1.689,0.942,9.41,1.66,0.93
50.0,104.0,1.0,sdcm_core,3.097,1.689,0.942,9.41,1.66,0.93
50.0,106.0,1.0,sdcm_core,3.097,1.689,0.942,9.41,1.66,0.93
50.0,108.0,1.0,sdcm_core,3.097,1.689,0.942,9.41,1.66,0.93
50.0,110.0,1.0,sdcm_core,3.097,1.689,0.942,9.41,1.66,0.93
50.0,112.0,1.0,sdcm_core,3.097,1.689,0.942,9.41,1.66,0.93
50.0,114.0,1.0,sdcm_core,3.097,1.689,0.942,9.41,1.66,0.93
50.0,116.0,1.0,sdcm_core,3.097,1.689,0.942,9.41,1.66,0.93
50.0,118.0,1.0,sdcm_core,3.097,1.689,0.942,9.41,1.66,0.93
50.0,120.0,1.0,sdcm_core,3.097,1.689,0.942,9.41,1.66,0.93
50.0,122.0,1.0,sdcm_core,3.097,1.689,0.942,9.41,1.66,0.93
50.0,124.0,1.0,sdcm_core,3.097,1.689,0.942,9.41,1.66,0.93
50.0,126.0,1.0,sdcm_core,3.097,1.689,0.942,9.41,1.66,0.93
50.0,128.0,1.0,sdcm_core,3.097,1.689,0.942,9.41,1.66,0.93
50.0,130.0,1.0,sdcm_core,3.097,1.689,0.942,9.41,1.66,0.93
50.0,132.0,1.0,sdcm_core,3.097,1.689,0.942,9.41,1.66,0.93
50.0,134.0,1.0,sdcm_core,3.097,1.689,0.942,9.41,1.66,0.93
50.0,136.0,1.0,sdcm_core,3.097,1.689,0.942,9.41,1.66,0.93
50.0,138.0,1.0,sdcm_core,3.097,1.689,0.942,9.41,1.66,0.93
50.0,140.0,1.0,sdcm_core,3.097,1.689,0.942,9.41,1.66,0.93
50.0,142.0,1.0,sdcm_core,3.097,1.689,0.942,9.41,1.66,0.93
50.0,144.0,1.0,sdcm_core,3.097,1.689,0.942,9.41,1.66,0.93
50.0,146.0,1.0,sdcm_core,3.097,1.689,0.942,9.41,1.66,0.93
50.0,148.0,1.0,sdcm_core,3.097,1.689,0.942,9.41,1.66,0.93
50.0,150.0,1.0,sdcm_core,3.097,1.689,0.942,9.41,1.66,0.93
50.0,152.0,1.0,sdcm_core,3.097,1.689,0.942,9.41,1.66,0.93
50.0,154.0,1.0,sdcm_core,3.097,1.689,0.942,9.41,1.66,0.93
50.0,156.0,1.0,sdcm_core,3.097,1.689,0.942,9.41,1.66,0.93
50.0,158.0,1.0,sdcm_core,3.097,1.689,0.942,9.41,1.66,0.93
50.0,160.0,1.0,sdcm_core,3.097,1.689,0.942,9.41,1.66,0.93
50.0,162.0,1.0,sdcm_core,3.097,1.689,0.942,9.41,1.66,0.93
50.0,164.0,1.0,sdcm_core,3.097,1.689,0.942,9.41,1.66,0.93
50.0,166.0,1.0,sdcm_core,3.097,1.689,0.942,9.41,1.66,0.93
50.0,168.0,1.0,sdcm_core,3.097,1.689,0.942,9.41,1.66,0.93
50.0,170.0,1.0,sdcm_core,3.097,1.689,0.942,9.41,1.66,0.93
50.0,172.0,1.0,sdcm_core,3.097,1.689,0.942,9.41,1.66,0.93
50.0,174.0,1.0,sdcm_core,3.097,1.689,0.942,9.41,1.66,0.93
50.0,176.0,1.0,sdcm_core,3.097,1.689,0.942,9.41,1.66,0.93
50.0,178.0,1.0,sdcm_core,3.097,1.689,0.942,9.41,1.66,0.93
50.0,180.0,1.0,sdcm_core,3.097,1.689,0.942,9.41,1.66,0.93
52.0,20.0,1.0,sdcm_core,3.097,1.689,0.942,9.41,1.66,0.93
52.0,22.0,1.0,sdcm_core,3.097,1.689,0.942,9.41,1.66,0.93
52.0,24.0,1.0,sdcm_core,3.097,1.689,0.942,9.41,1.66,0.93
52.0,26.0,1.0,sdcm_core,3.097,1.689,0.942,9.41,1.66,0.93
52.0,28.0,1.0,sdcm_core,3.097,1.689,0.942,9.41,1.66,0.93
52.0,30.0,1.0,sdcm_core,3.097,1.689,0.942,9.41,1.66,0.93
52.0,32.0,1.0,sdcm_core,3.097,1.689,0.942,9.41,1.66,0.93
52.0,34.0,1.0,sdcm_core,3.097,1.689,0.942,9.41,1.66,0.93
52.0,36.0,1.0,sdcm_core,3.097,1.689,0.942,9.41,1.66,0.93
52.0,38.0,1.0,sdcm_core,3.097,1.689,0.942,9.41,1.66,0.93
52.0,40.0,1.0,sdcm_core,3.097,1.689,0.942,9.41,1.66,0.93
52.0,42.0,1.0,sdcm_core,3.097,1.689,0.942,9.41,1.66,0.93
52.0,44.0,1.0,sdcm_core,3.097,1.689,0.942,9.41,1.66,0.93
52.0,46.0,1.0,sdcm_core,3.097,1.689,0.942,9.41,1.66,0.93
52.0,48.0,1.0,sdcm_core,3.097,1.689,0.942,9.41,1.66,0.93
52.0,50.0,1.0,sdcm_core,3.097,1.689,0.942,9.41,1.66,0.93
52.0,52.0,1.0,sdcm_core,3.097,1.689,0.942,9.41,1.66,0.93
52.0,54.0,1.0,sdcm_core,3.097,1.689,0.942,9.41,1.66,0.93
52.0,56.0,1.0,sdcm_core,3.097,1.689,0.942,9.41,1.66,0.93
52.0,58.0,1.0,sdcm_core,3.097,1.689,0.942,9.41,1.66,0.93
52.0,60.0,1.0,sdcm_core,3.097,1.689,0.942,9.41,1.66,0.93
52.0,62.0,1.0,sdcm_core,3.097,1.689,0.942,9.41,1.66,0.93
52.0,64.0,1.0,sdcm_core,3.097,1.689,0.942,9.41,1.66,0.93
52.0,66.0,1.0,sdcm_core,3.097,1.689,0.942,9.41,1.66,0.93
52.0,68.0,1.0,sdcm_core,3.097,1.689,0.942,9.41,1.66,0.93
52.0,70.0,1.0,sdcm_core,3.097,1.689,0.942,9.41,1.66,0.93
52.0,72.0,1.0,sdcm_core,3.097,1.689,0.942,9.41,1.66,0.93
52.0,74.0,1.0,sdcm_core,3.097,1.689,0.942,9.41,1.66,0.93
52.0,76.0,1.0,sdcm_core,3.097,1.689,0.942,9.41,1.66,0.93
52.0,78.0,1.0,sdcm_core,3.097,1.689,0.942,9.41,1.66,0.93
52.0,80.0,1.0,sdcm_core,3.097,1.689,0.942,9.41,1.66,0.93
52.0,82.0,1.0,sdcm_core,3.097,1.689,0.942,9.41,1.66,0.93
52.0,84.0,1.0,sdcm_core,3.097,1.689,0.942,9.41,1.66,0.93
52.0,86.0,1.0,sdcm_core,3.097,1.689,0.942,9.41,1.66,0.93
52.0,88.0,1.0,sdcm_core,3.097,1.689,0.942,9.41,1.66,0.93
52.0,90.0,1.0,sdcm_core,3.097,1.689,0.942,9.41,1.66,0.93
52.0,92.0,1.0,sdcm_core,3.097,1.689,0.942,9.41,1.66,0.93
52.0,94.0,1.0,sdcm_core,3.097,1.689,0.942,9.41,1.66,0.93
52.0,96.0,1.0,sdcm_core,3.097,1.689,0.942,9.41,1.66,0.93
52.0,98.0,1.0,sdcm_core,3.097,1.689,0.942,9.41,1.66,0.93
52.0,100.0,1.0,sdcm_core,3.097,1.689,0.942,9.41,1.66,0.93
52.0,102.0,1.0,sdcm_core,3.097,1.689,0.942,9.41,1.66,0.93
52.0,104.0,1.0,sdcm_core,3.097,1.689,0.942,9.41,1.66,0.93
52.0,106.0,1.0,sdcm_core,3.097,1.689,0.942,9.41,1.66,0.93
52.0,108.0,1.0,sdcm_core,3.097,1.689,0.942,9.41,1.66,0.93
52.0,110.0,1.0,sdcm_core,3.097,1.689,0.942,9.41,1.66,0.93
52.0,112.0,1.0,sdcm_core,3.097,1.689,0.942,9.41,1.66,0.93
52.0,114.0,1.0,sdcm_core,3.097,1.689,0.942,9.41,1.66,0.93
52.0,116.0,1.0,sdcm_core,3.097,1.689,0.942,9.41,1.66,0.93
52.0,118.0,1.0,sdcm_core,3.097,1.689,0.942,9.41,1.66,0.93
52.0,120.0,1.0,sdcm_core,3.097,1.689,0.942,9.41,1.66,0.93
52.0,122.0,1.0,sdcm_core,3.097,1.689,0.942,9.41,1.66,0.93
52.0,124.0,1.0,sdcm_core,3.097,1.689,0.942,9.41,1.66,0.93
52.0,126.0,1.0,sdcm_core,3.097,1.689,0.942,9.41,1.66,0.93
52.0,128.0,1.0,sdcm_core,3.097,1.689,0.942,9.41,1.66,0.93
52.0,130.0,1.0,sdcm_core,3.097,1.689,0.942,9.41,1.66,0.93
52.0,132.0,1.0,sdcm_core,3.097,1.689,0.942,9.41,1.66,0.93
52.0,134.0,1.0,sdcm_core,3.097,1.689,0.942,9.41,1.66,0.93
52.0,136.0,1.0,sdcm_core,3.097,1.689,0.942,9.41,1.66,0.93
52.0,138.0,1.0,sdcm_core,3.097,1.689,0.942,9.41,1.66,0.93
52.0,140.0,1.0,sdcm_core,3.097,1.689,0.942,9.41,1.66,0.93
52.0,142.0,1.0,sdcm_core,3.097,1.689,0.942,9.41,1.66,0.93
52.0,144.0,1.0,sdcm_core,3.097,1.689,0.942,9.41,1.66,0.93
52.0,146.0,1.0,sdcm_core,3.097,1.689,0.942,9.41,1.66,0.93
52.0,148.0,1.0,sdcm_core,3.097,1.689,0.942,9.41,1.66,0.93
52.0,150.0,1.0,sdcm_core,3.097,1.689,0.942,9.41,1.66,0.93
52.0,152.0,1.0,sdcm_core,3.097,1.689,0.942,9.41,1.66,0.93
52.0,154.0,1.0,sdcm_core,3.097,1.689,0.942,9.41,1.66,0.93
52.0,156.0,1.0,sdcm_core,3.097,1.689,0.942,9.41,1.66,0.93
52.0,158.0,1.0,sdcm_core,3.097,1.689,0.942,9.41,1.66,0.93
52.0,160.0,1.0,sdcm_core,3.097,1.689,0.942,9.41,1.66,0.93
52.0,162.0,1.0,sdcm_core,3.097,1.689,0.942,9.41,1.66,0.93
52.0,164.0,1.0,sdcm_core,3.097,1.689,0.942,9.41,1.66,0.93
52.0,166.0,1.0,sdcm_core,3.097,1.689,0.942,9.41,1.66,0.93
52.0,168.0,1.0,sdcm_core,3.097,1.689,0.942,9.41,1.66,0.93
52.0,170.0,1.0,sdcm_core,3.097,1.689,0.942,9.41,1.66,0.93
52.0,172.0,1.0,sdcm_core,3.097,1.689,0.942,9.41,1.66,0.93
52.0,174.0,1.0,sdcm_core,3.097,1.689,0.942,9.41,1.66,0.93
52.0,176.0,1.0,sdcm_core,3.097,1.689,0.942,9.41,1.66,0.93
52.0,178.0,1.0,sdcm_core,3.097,1.689,0.942,9.41,1.66,0.93
52.0,180.0,1.0,sdcm_core,3.097,1.689,0.942,9.41,1.66,0.93
54.0,20.0,1.0,sdcm_core,3.097,1.689,0.942,9.41,1.66,0.93
54.0,22.0,1.0,sdcm_core,3.097,1.689,0.942,9.41,1.66,0.93
54.0,24.0,1.0,sdcm_core,3.097,1.689,0.942,9.41,1.66,0.93
54.0,26.0,1.0,sdcm_core,3.097,1.689,0.942,9.41,1.66,0.93
54.0,28.0,1.0,sdcm_core,3.097,1.689,0.942,9.41,1.66,0.93
54.0,30.0,1.0,sdcm_core,3.097,1.689,0.942,9.41,1.66,0.93
54.0,32.0,1.0,sdcm_core,3.097,1.689,0.942,9.41,1.66,0.93
54.0,34.0,1.0,sdcm_core,3.097,1.689,0.942,9.41,1.66,0.93
54.0,36.0,1.0,sdcm_core,3.097,1.689,0.942,9.41,1.66,0.93
54.0,38.0,1.0,sdcm_core,3.097,1.689,0.942,9.41,1.66,0.93
54.0,40.0,1.0,sdcm_core,3.097,1.689,0.942,9.41,1.66,0.93
54.0,42.0,1.0,sdcm_core,3.097,1.689,0.942,9.41,1.66,0.93
54.0,44.0,1.0,sdcm_core,3.097,1.689,0.942,9.41,1.66,0.93
54.0,46.0,1.0,sdcm_core,3.097,1.689,0.942,9.41,1.66,0.93
54.0,48.0,1.0,sdcm_core,3.097,1.689,0.942,9.41,1.66,0.93
54.0,50.0,1.0,sdcm_core,3.097,1.689,0.942,9.41,1.66,0.93
54.0,52.0,1.0,sdcm_core,3.097,1.689,0.942,9.41,1.66,0.93
54.0,54.0,1.0,sdcm_core,3.097,1.689,0.942,9.41,1.66,0.93
54.0,56.0,1.0,sdcm_core,3.097,1.689,0.942,9.41,1.66,0.93
54.0,58.0,1.0,sdcm_core,3.097,1.689,0.942,9.41,1.66,0.93
54.0,60.0,1.0,sdcm_core,3.097,1.689,0.942,9.41,1.66,0.93
54.0,62.0,1.0,sdcm_core,3.097,1.689,0.942,9.41,1.66,0.93
54.0,64.0,1.0,sdcm_core,3.097,1.689,0.942,9.41,1.66,0.93
54.0,66.0,1.0,sdcm_core,3.097,1.689,0.942,9.41,1.66,0.93
54.0,68.0,1.0,sdcm_core,3.097,1.689,0.942,9.41,1.66,0.93
54.0,70.0,1.0,sdcm_core,3.097,1.689,0.942,9.41,1.66,0.93
54.0,72.0,1.0,sdcm_core,3.097,1.689,0.942,9.41,1.66,0.93
54.0,74.0,1.0,sdcm_core,3.097,1.689,0.942,9.41,1.66,0.93
54.0,76.0,1.0,sdcm_core,3.097,1.689,0.942,9.41,1.66,0.93
54.0,78.0,1.0,sdcm_core,3.097,1.689,0.942,9.41,1.66,0.93
54.0,80.0,1.0,sdcm_core,3.097,1.689,0.942,9.41,1.66,0.93
54.0,82.0,1.0,sdcm_core,3.097,1.689,0.942,9.41,1.66,0.93
54.0,84.0,1.0,sdcm_core,3.097,1.689,0.942,9.41,1.66,0.93
54.0,86.0,1.0,sdcm_core,3.097,1.689,0.942,9.41,1.66,0.93
54.0,88.0,1.0,sdcm_core,3.097,1.689,0.942,9.41,1.66,0.93
54.0,90.0,1.0,sdcm_core,3.097,1.689,0.942,9.41,1.66,0.93
54.0,92.0,1.0,sdcm_core,3.097,1.689,0.942,9.41,1.66,0.93
54.0,94.0,1.0,sdcm_core,3.097,1.689,0.942,9.41,1.66,0.93
54.0,96.0,1.0,sdcm_core,3.097,1.689,0.942,9.41,1.66,0.93
54.0,98.0,1.0,sdcm_core,3.097,1.689,0.942,9.41,1.66,0.93
54.0,100.0,1.0,sdcm_core,3.097,1.689,0.942,9.41,1.66,0.93
54.0,102.0,1.0,sdcm_core,3.097,1.689,0.942,9.41,1.66,0.93
54.0,104.0,1.0,sdcm_core,3.097,1.689,0.942,9.41,1.66,0.93
54.0,106.0,1.0,sdcm_core,3.097,1.689,0.942,9.41,1.66,0.93
54.0,108.0,1.0,sdcm_core,3.097,1.689,0.942,9.41,1.66,0.93
54.0,110.0,1.0,sdcm_core,3.097,1.689,0.942,9.41,1.66,0.93
54.0,112.0,1.0,sdcm_core,3.097,1.689,0.942,9.41,1.66,0.93
54.0,114.0,1.0,sdcm_core,3.097,1.689,0.942,9.41,1.66,0.93
54.0,116.0,1.0,sdcm_core,3.097,1.689,0.942,9.41,1.66,0.93
54.0,118.0,1.0,sdcm_core,3.097,1.689,0.942,9.41,1.66,0.93
54.0,120.0,1.0,sdcm_core,3.097,1.689,0.942,9.41,1.66,0.93
54.0,122.0,1.0,sdcm_core,3.097,1.689,0.942,9.41,1.66,0.93
54.0,124.0,1.0,sdcm_core,3.097,1.689,0.942,9.41,1.66,0.93
54.0,126.0,1.0,sdcm_core,3.097,1.689,0.942,9.41,1.66,0.93
54.0,128.0,1.0,sdcm_core,3.097,1.689,0.942,9.41,1.66,0.93
54.0,130.0,1.0,sdcm_core,3.097,1.689,0.942,9.41,1.66,0.93
54.0,132.0,1.0,sdcm_core,3.097,1.689,0.942,9.41,1.66,0.93
54.0,134.0,1.0,sdcm_core,3.097,1.689,0.942,9.41,1.66,0.93
54.0,136.0,1.0,sdcm_core,3.097,1.689,0.942,9.41,1.66,0.93
54.0,138.0,1.0,sdcm_core,3.097,1.689,0.942,9.41,1.66,0.93
54.0,140.0,1.0,sdcm_core,3.097,1.689,0.942,9.41,1.66,0.93
54.0,142.0,1.0,sdcm_core,3.097,1.689,0.942,9.41,1.66,0.93
54.0,144.0,1.0,sdcm_core,3.097,1.689,0.942,9.41,1.66,0.93
54.0,146.0,1.0,sdcm_core,3.097,1.689,0.942,9.41,1.66,0.93
54.0,148.0,1.0,sdcm_core,3.097,1.689,0.942,9.41,1.66,0.93
54.0,150.0,1.0,sdcm_core,3.097,1.689,0.942,9.41,1.66,0.93
54.0,152.0,1.0,sdcm_core,3.097,1.689,0.942,9.41,1.66,0.93
54.0,154.0,1.0,sdcm_core,3.097,1.689,0.942,9.41,1.66,0.93
54.0,156.0,1.0,sdcm_core,3.097,1.689,0.942,9.41,1.66,0.93
54.0,158.0,1.0,sdcm_core,3.097,1.689,0.942,9.41,1.66,0.93
54.0,160.0,1.0,sdcm_core,3.097,1.689,0.942,9.41,1.66,0.93
54.0,162.0,1.0,sdcm_core,3.097,1.689,0.942,9.41,1.66,0.93
54.0,164.0,1.0,sdcm_core,3.097,1.689,0.942,9.41,1.66,0.93
54.0,166.0,1.0,sdcm_core,3.097,1.689,0.942,9.41,1.66,0.93
54.0,168.0,1.0,sdcm_core,3.097,1.689,0.942,9.41,1.66,0.93
54.0,170.0,1.0,sdcm_core,3.097,1.689,0.942,9.41,1.66,0.93
54.0,172.0,1.0,sdcm_core,3.097,1.689,0.942,9.41,1.66,0.93
54.0,174.0,1.0,sdcm_core,3.097,1.689,0.942,9.41,1.66,0.93
54.0,176.0,1.0,sdcm_core,3.097,1.689,0.942,9.41,1.66,0.93
54.0,178.0,1.0,sdcm_core,3.097,1.689,0.942,9.41,1.66,0.93
54.0,180.0,1.0,sdcm_core,3.097,1.689,0.942,9.41,1.66,0.93
56.0,20.0,1.0,sdcm_core,3.097,1.689,0.942,9.41,1.66,0.93
56.0,22.0,1.0,sdcm_core,3.097,1.689,0.942,9.41,1.66,0.93
56.0,24.0,1.0,sdcm_core,3.097,1.689,0.942,9.41,1.66,0.93
56.0,26.0,1.0,sdcm_core,3.097,1.689,0.942,9.41,1.66,0.93
56.0,28.0,1.0,sdcm_core,3.097,1.689,0.942,9.41,1.66,0.93
56.0,30.0,1.0,sdcm_core,3.097,1.689,0.942,9.41,1.66,0.93
56.0,32.0,1.0,sdcm_core,3.097,1.689,0.942,9.41,1.66,0.93
56.0,34.0,1.0,sdcm_core,3.097,1.689,0.942,9.41,1.66,0.93
56.0,36.0,1.0,sdcm_core,3.097,1.689,0.942,9.41,1.66,0.93
56.0,38.0,1.0,sdcm_core,3.097,1.689,0.942,9.41,1.66,0.93
56.0,40.0,1.0,sdcm_core,3.097,1.689,0.942,9.41,1.66,0.93
56.0,42.0,1.0,sdcm_core,3.097,1.689,0.942,9.41,1.66,0.93
56.0,44.0,1.0,sdcm_core,3.097,1.689,0.942,9.41,1.66,0.93
56.0,46.0,1.0,sdcm_core,3.097,1.689,0.942,9.41,1.66,0.93
56.0,48.0,1.0,sdcm_core,3.097,1.689,0.942,9.41,1.66,0.93
56.0,50.0,1.0,sdcm_core,3.097,1.689,0.942,9.41,1.66,0.93
56.0,52.0,1.0,sdcm_core,3.097,1.689,0.942,9.41,1.66,0.93
56.0,54.0,1.0,sdcm_core,3.097,1.689,0.942,9.41,1.66,0.93
56.0,56.0,1.0,sdcm_core,3.097,1.689,0.942,9.41,1.66,0.93
56.0,58.0,1.0,sdcm_core,3.097,1.689,0.942,9.41,1.66,0.93
56.0,60.0,1.0,sdcm_core,3.097,1.689,0.942,9.41,1.66,0.93
56.0,62.0,1.0,sdcm_core,3.097,1.689,0.942,9.41,1.66,0.93
56.0,64.0,1.0,sdcm_core,3.097,1.689,0.942,9.41,1.66,0.93
56.0,66.0,1.0,sdcm_core,3.097,1.689,0.942,9.41,1.66,0.93
56.0,68.0,1.0,sdcm_core,3.097,1.689,0.942,9.41,1.66,0.93
56.0,70.0,1.0,sdcm_core,3.097,1.689,0.942,9.41,1.66,0.93
56.0,72.0,1.0,sdcm_core,3.097,1.689,0.942,9.41,1.66,0.93
56.0,74.0,1.0,sdcm_core,3.097,1.689,0.942,9.41,1.66,0.93
56.0,76.0,1.0,sdcm_core,3.097,1.689,0.942,9.41,1.66,0.93
56.0,78.0,1.0,sdcm_core,3.097,1.689,0.942,9.41,1.66,0.93
56.0,80.0,1.0,sdcm_core,3.097,1.689,0.942,9.41,1.66,0.93
56.0,82.0,1.0,sdcm_core,3.097,1.689,0.942,9.41,1.66,0.93
56.0,84.0,1.0,sdcm_core,3.097,1.689,0.942,9.41,1.66,0.93
56.0,86.0,1.0,sdcm_core,3.097,1.689,0.942,9.41,1.66,0.93
56.0,88.0,1.0,sdcm_core,3.097,1.689,0.942,9.41,1.66,0.93
56.0,90.0,1.0,sdcm_core,3.097,1.689,0.942,9.41,1.66,0.93
56.0,92.0,1.0,sdcm_core,3.097,1.689,0.942,9.41,1.66,0.93
56.0,94.0,1.0,sdcm_core,3.097,1.689,0.942,9.41,1.66,0.93
56.0,96.0,1.0,sdcm_core,3.097,1.689,0.942,9.41,1.66,0.93
56.0,98.0,1.0,sdcm_core,3.097,1.689,0.942,9.41,1.66,0.93
56.0,100.0,1.0,sdcm_core,3.097,1.689,0.942,9.41,1.66,0.93
56.0,102.0,1.0,sdcm_core,3.097,1.689,0.942,9.41,1.66,0.93
56.0,104.0,1.0,sdcm_core,3.097,1.689,0.942,9.41,1.66,0.93
56.0,106.0,1.0,sdcm_core,3.097,1.689,0.942,9.41,1.66,0.93
56.0,108.0,1.0,sdcm_core,3.097,1.689,0.942,9.41,1.66,0.93
56.0,110.0,1.0,sdcm_core,3.097,1.689,0.942,9.41,1.66,0.93
56.0,112.0,1.0,sdcm_core,3.097,1.689,0.942,9.41,1.66,0.93
56.0,114.0,1.0,sdcm_core,3.097,1.689,0.942,9.41,1.66,0.93
56.0,116.0,1.0,sdcm_core,3.097,1.689,0.942,9.41,1.66,0.93
56.0,118.0,1.0,sdcm_core,3.097,1.689,0.942,9.41,1.66,0.93
56.0,120.0,1.0,sdcm_core,3.097,1.689,0.942,9.41,1.66,0.93
56.0,122.0,1.0,sdcm_core,3.097,1.689,0.942,9.41,1.66,0.93
56.0,124.0,1.0,sdcm_core,3.097,1.689,0.942,9.41,1.66,0.93
56.0,126.0,1.0,sdcm_core,3.097,1.689,0.942,9.41,1.66,0.93
56.0,128.0,1.0,sdcm_core,3.097,1.689,0.942,9.41,1.66,0.93
56.0,130.0,1.0,sdcm_core,3.097,1.689,0.942,9.41,1.66,0.93
56.0,132.0,1.0,sdcm_core,3.097,1.689,0.942,9.41,1.66,0.93
56.0,134.0,1.0,sdcm_core,3.097,1.689,0.942,9.41,1.66,0.93
56.0,136.0,1.0,sdcm_core,3.097,1.689,0.942,9.41,1.66,0.93
56.0,138.0,1.0,sdcm_core,3.097,1.689,0.942,9.41,1.66,0.93
56.0,140.0,1.0,sdcm_core,3.097,1.689,0.942,9.41,1.66,0.93
56.0,142.0,1.0,sdcm_core,3.097,1.689,0.942,9.41,1.66,0.93
56.0,144.0,1.0,sdcm_core,3.097,1.689,0.942,9.41,1.66,0.93
56.0,146.0,1.0,sdcm_core,3.097,1.689,0.942,9.41,1.66,0.93
56.0,148.0,1.0,sdcm_core,3.097,1.689,0.942,9.41,1.66,0.93
56.0,150.0,1.0,sdcm_core,3.097,1.689,0.942,9.41,1.66,0.93
56.0,152.0,1.0,sdcm_core,3.097,1.689,0.942,9.41,1.66,0.93
56.0,154.0,1.0,sdcm_core,3.097,1.689,0.942,9.41,1.66,0.93
56.0,156.0,1.0,sdcm_core,3.097,1.689,0.942,9.41,1.66,0.93
56.0,158.0,1.0,sdcm_core,3.097,1.689,0.942,9.41,1.66,0.93
56.0,160.0,1.0,sdcm_core,3.097,1.689,0.942,9.41,1.66,0.93
56.0,162.0,1.0,sdcm_core,3.097,1.689,0.942,9.41,1.66,0.93
56.0,164.0,1.0,sdcm_core,3.097,1.689,0.942,9.41,1.66,0.93
56.0,166.0,1.0,sdcm_core,3.097,1.689,0.942,9.41,1.66,0.93
56.0,168.0,1.0,sdcm_core,3.097,1.689,0.942,9.41,1.66,0.93
56.0,170.0,1.0,sdcm_core,3.097,1.689,0.942,9.41,1.66,0.93
56.0,172.0,1.0,sdcm_core,3.097,1.689,0.942,9.41,1.66,0.93
56.0,174.0,1.0,sdcm_core,3.097,1.689,0.942,9.41,1.66,0.93
56.0,176.0,1.0,sdcm_core,3.097,1.689,0.942,9.41,1.66,0.93
56.0,178.0,1.0,sdcm_core,3.097,1.689,0.942,9.41,1.66,0.93
56.0,180.0,1.0,sdcm_core,3.097,1.689,0.942,9.41,1.66,0.93
58.0,20.0,1.0,sdcm_core,3.097,1.689,0.942,9.41,1.66,0.93
58.0,22.0,1.0,sdcm_core,3.097,1.689,0.942,9.41,1.66,0.93
58.0,24.0,1.0,sdcm_core,3.097,1.689,0.942,9.41,1.66,0.93
58.0,26.0,1.0,sdcm_core,3.097,1.689,0.942,9.41,1.66,0.93
58.0,28.0,1.0,sdcm_core,3.097,1.689,0.942,9.41,1.66,0.93
58.0,30.0,1.0,sdcm_core,3.097,1.689,0.942,9.41,1.66,0.93
58.0,32.0,1.0,sdcm_core,3.097,1.689,0.942,9.41,1.66,0.93
58.0,34.0,1.0,sdcm_core,3.097,1.689,0.942,9.41,1.66,0.93
58.0,36.0,1.0,sdcm_core,3.097,1.689,0.942,9.41,1.66,0.93
58.0,38.0,1.0,sdcm_core,3.097,1.689,0.942,9.41,1.66,0.93
58.0,40.0,1.0,sdcm_core,3.097,1.689,0.942,9.41,1.66,0.93
58.0,42.0,1.0,sdcm_core,3.097,1.689,0.942,9.41,1.66,0.93
58.0,44.0,1.0,sdcm_core,3.097,1.689,0.942,9.41,1.66,0.93
58.0,46.0,1.0,sdcm_core,3.097,1.689,0.942,9.41,1.66,0.93
58.0,48.0,1.0,sdcm_core,3.097,1.689,0.942,9.41,1.66,0.93
58.0,50.0,1.0,sdcm_core,3.097,1.689,0.942,9.41,1.66,0.93
58.0,52.0,1.0,sdcm_core,3.097,1.689,0.942,9.41,1.66,0.93
58.0,54.0,1.0,sdcm_core,3.097,1.689,0.942,9.41,1.66,0.93
58.0,56.0,1.0,sdcm_core,3.097,1.689,0.942,9.41,1.66,0.93
58.0,58.0,1.0,sdcm_core,3.097,1.689,0.942,9.41,1.66,0.93
58.0,60.0,1.0,sdcm_core,3.097,1.689,0.942,9.41,1.66,0.93
58.0,62.0,1.0,sdcm_core,3.097,1.689,0.942,9.41,1.66,0.93
58.0,64.0,1.0,sdcm_core,3.097,1.689,0.942,9.41,1.66,0.93
58.0,66.0,1.0,sdcm_core,3.097,1.689,0.942,9.41,1.66,0.93
58.0,68.0,1.0,sdcm_core,3.097,1.689,0.942,9.41,1.66,0.93
58.0,70.0,1.0,sdcm_core,3.097,1.689,0.942,9.41,1.66,0.93
58.0,72.0,1.0,sdcm_core,3.097,1.689,0.942,9.41,1.66,0.93
58.0,74.0,1.0,sdcm_core,3.097,1.689,0.942,9.41,1.66,0.93
58.0,76.0,1.0,sdcm_core,3.097,1.689,0.942,9.41,1.66,0.93
58.0,78.0,1.0,sdcm_core,3.097,1.689,0.942,9.41,1.66,0.93
58.0,80.0,1.0,sdcm_core,3.097,1.689,0.942,9.41,1.66,0.93
58.0,82.0,1.0,sdcm_core,3.097,1.689,0.942,9.41,1.66,0.93
58.0,84.0,1.0,sdcm_core,3.097,1.689,0.942,9.41,1.66,0.93
58.0,86.0,1.0,sdcm_core,3.097,1.689,0.942,9.41,1.66,0.93
58.0,88.0,1.0,sdcm_core,3.097,1.689,0.942,9.41,1.66,0.93
58.0,90.0,1.0,sdcm_core,3.097,1.689,0.942,9.41,1.66,0.93
58.0,92.0,1.0,sdcm_core,3.097,1.689,0.942,9.41,1.66,0.93
58.0,94.0,1.0,sdcm_core,3.097,1.689,0.942,9.41,1.66,0.93
58.0,96.0,1.0,sdcm_core,3.097,1.689,0.942,9.41,1.66,0.93
58.0,98.0,1.0,sdcm_core,3.097,1.689,0.942,9.41,1.66,0.93
58.0,100.0,1.0,sdcm_core,3.097,1.689,0.942,9.41,1.66,0.93
58.0,102.0,1.0,sdcm_core,3.097,1.689,0.942,9.41,1.66,0.93
58.0,104.0,1.0,sdcm_core,3.097,1.689,0.942,9.41,1.66,0.93
58.0,106.0,1.0,sdcm_core,3.097,1.689,0.942,9.41,1.66,0.93
58.0,108.0,1.0,sdcm_core,3.097,1.689,0.942,9.41,1.66,0.93
58.0,110.0,1.0,sdcm_core,3.097,1.689,0.942,9.41,1.66,0.93
58.0,112.0,1.0,sdcm_core,3.097,1.689,0.942,9.41,1.66,0.93
58.0,114.0,1.0,sdcm_core,3.097,1.689,0.942,9.41,1.66,0.93
58.0,116.0,1.0,sdcm_core,3.097,1.689,0.942,9.41,1.66,0.93
58.0,118.0,1.0,sdcm_core,3.097,1.689,0.942,9.41,1.66,0.93
58.0,120.0,1.0,sdcm_core,3.097,1.689,0.942,9.41,1.66,0.93
58.0,122.0,1.0,sdcm_core,3.097,1.689,0.942,9.41,1.66,0.93
58.0,124.0,1.0,sdcm_core,3.097,1.689,0.942,9.41,1.66,0.93
58.0,126.0,1.0,sdcm_core,3.097,1.689,0.942,9.41,1.66,0.93
58.0,128.0,1.0,sdcm_core,3.097,1.689,0.942,9.41,1.66,0.93
58.0,130.0,1.0,sdcm_core,3.097,1.689,0.942,9.41,1.66,0.93
58.0,132.0,1.0,sdcm_core,3.097,1.689,0.942,9.41,1.66,0.93
58.0,134.0,1.0,sdcm_core,3.097,1.689,0.942,9.41,1.66,0.93
58.0,136.0,1.0,sdcm_core,3.097,1.689,0.942,9.41,1.66,0.93
58.0,138.0,1.0,sdcm_core,3.097,1.689,0.942,9.41,1.66,0.93
58.0,140.0,1.0,sdcm_core,3.097,1.689,0.942,9.41,1.66,0.93
58.0,142.0,1.0,sdcm_core,3.097,1.689,0.942,9.41,1.66,0.93
58.0,144.0,1.0,sdcm_core,3.097,1.689,0.942,9.41,1.66,0.93
58.0,146.0,1.0,sdcm_core,3.097,1.689,0.942,9.41,1.66,0.93
58.0,148.0,1.0,sdcm_core,3.097,1.689,0.942,9.41,1.66,0.93
58.0,150.0,1.0,sdcm_core,3.097,1.689,0.942,9.41,1.66,0.93
58.0,152.0,1.0,sdcm_core,3.097,1.689,0.942,9.41,1.66,0.93
58.0,154.0,1.0,sdcm_core,3.097,1.689,0.942,9.41,1.66,0.93
58.0,156.0,1.0,sdcm_core,3.097,1.689,0.942,9.41,1.66,0.93
58.0,158.0,1.0,sdcm_core,3.097,1.689,0.942,9.41,1.66,0.93
58.0,160.0,1.0,sdcm_core,3.097,1.689,0.942,9.41,1.66,0.93
58.0,162.0,1.0,sdcm_core,3.097,1.689,0.942,9.41,1.66,0.93
58.0,164.0,1.0,sdcm_core,3.097,1.689,0.942,9.41,1.66,0.93
58.0,166.0,1.0,sdcm_core,3.097,1.689,0.942,9.41,1.66,0.93
58.0,168.0,1.0,sdcm_core,3.097,1.689,0.942,9.41,1.66,0.93
58.0,170.0,1.0,sdcm_core,3.097,1.689,0.942,9.41,1.66,0.93
58.0,172.0,1.0,sdcm_core,3.097,1.689,0.942,9.41,1.66,0.93
58.0,174.0,1.0,sdcm_core,3.097,1.689,0.942,9.41,1.66,0.93
58.0,176.0,1.0,sdcm_core,3.097,1.689,0.942,9.41,1.66,0.93
58.0,178.0,1.0,sdcm_core,3.097,1.689,0.942,9.41,1.66,0.93
58.0,180.0,1.0,sdcm_core,3.097,1.689,0.942,9.41,1.66,0.93
60.0,20.0,1.0,sdcm_core,3.097,1.689,0.942,9.41,1.66,0.93
60.0,22.0,1.0,sdcm_core,3.097,1.689,0.942,9.41,1.66,0.93
60.0,24.0,1.0,sdcm_core,3.097,1.689,0.942,9.41,1.66,0.93
60.0,26.0,1.0,sdcm_core,3.097,1.689,0.942,9.41,1.66,0.93
60.0,28.0,1.0,sdcm_core,3.097,1.689,0.942,9.41,1.66,0.93
60.0,30.0,1.0,sdcm_core,3.097,1.689,0.942,9.41,1.66,0.93
60.0,32.0,1.0,sdcm_core,3.097,1.689,0.942,9.41,1.66,0.93
60.0,34.0,1.0,sdcm_core,3.097,1.689,0.942,9.41,1.66,0.93
60.0,36.0,1.0,sdcm_core,3.097,1.689,0.942,9.41,1.66,0.93
60.0,38.0,1.0,sdcm_core,3.097,1.689,0.942,9.41,1.66,0.93
60.0,40.0,1.0,sdcm_core,3.097,1.689,0.942,9.41,1.66,0.93
60.0,42.0,1.0,sdcm_core,3.097,1.689,0.942,9.41,1.66,0.93
60.0,44.0,1.0,sdcm_core,3.097,1.689,0.942,9.41,1.66,0.93
60.0,46.0,1.0,sdcm_core,3.097,1.689,0.942,9.41,1.66,0.93
60.0,48.0,1.0,sdcm_core,3.097,1.689,0.942,9.41,1.66,0.93
60.0,50.0,1.0,sdcm_core,3.097,1.689,0.942,9.41,1.66,0.93
60.0,52.0,1.0,sdcm_core,3.097,1.689,0.942,9.41,1.66,0.93
60.0,54.0,1.0,sdcm_core,3.097,1.689,0.942,9.41,1.66,0.93
60.0,56.0,1.0,sdcm_core,3.097,1.689,0.942,9.41,1.66,0.93
60.0,58.0,1.0,sdcm_core,3.097,1.689,0.942,9.41,1.66,0.93
60.0,60.0,1.0,sdcm_core,3.097,1.689,0.942,9.41,1.66,0.93
60.0,62.0,1.0,sdcm_core,3.097,1.689,0.942,9.41,1.66,0.93
60.0,64.0,1.0,sdcm_core,3.097,1.689,0.942,9.41,1.66,0.93
60.0,66.0,1.0,sdcm_core,3.097,1.689,0.942,9.41,1.66,0.93
60.0,68.0,1.0,sdcm_core,3.097,1.689,0.942,9.41,1.66,0.93
60.0,70.0,1.0,sdcm_core,3.097,1.689,0.942,9.41,1.66,0.93
60.0,72.0,1.0,sdcm_core,3.097,1.689,0.942,9.41,1.66,0.93
60.0,74.0,1.0,sdcm_core,3.097,1.689,0.942,9.41,1.66,0.93
60.0,76.0,1.0,sdcm_core,3.097,1.689,0.942,9.41,1.66,0.93
60.0,78.0,1.0,sdcm_core,3.097,1.689,0.942,9.41,1.66,0.93
60.0,80.0,1.0,sdcm_core,3.097,1.689,0.942,9.41,1.66,0.93
60.0,82.0,1.0,sdcm_core,3.097,1.689,0.942,9.41,1.66,0.93
60.0,84.0,1.0,sdcm_core,3.097,1.689,0.942,9.41,1.66,0.93
60.0,86.0,1.0,sdcm_core,3.097,1.689,0.942,9.41,1.66,0.93
60.0,88.0,1.0,sdcm_core,3.097,1.689,0.942,9.41,1.66,0.93
60.0,90.0,1.0,sdcm_core,3.097,1.689,0.942,9.41,1.66,0.93
60.0,92.0,1.0,sdcm_core,3.097,1.689,0.942,9.41,1.66,0.93
60.0,94.0,1.0,sdcm_core,3.097,1.689,0.942,9.41,1.66,0.93
60.0,96.0,1.0,sdcm_core,3.097,1.689,0.942,9.41,1.66,0.93
60.0,98.0,1.0,sdcm_core,3.097,1.689,0.942,9.41,1.66,0.93
60.0,100.0,1.0,sdcm_core,3.097,1.689,0.942,9.41,1.66,0.93
60.0,102.0,1.0,sdcm_core,3.097,1.689,0.942,9.41,1.66,0.93
60.0,104.0,1.0,sdcm_core,3.097,1.689,0.942,9.41,1.66,0.93
60.0,106.0,1.0,sdcm_core,3.097,1.689,0.942,9.41,1.66,0.93
60.0,108.0,1.0,sdcm_core,3.097,1.689,0.942,9.41,1.66,0.93
60.0,110.0,1.0,sdcm_core,3.097,1.689,0.942,9.41,1.66,0.93
60.0,112.0,1.0,sdcm_core,3.097,1.689,0.942,9.41,1.66,0.93
60.0,114.0,1.0,sdcm_core,3.097,1.689,0.942,9.41,1.66,0.93
60.0,116.0,1.0,sdcm_core,3.097,1.689,0.942,9.41,1.66,0.93
60.0,118.0,1.0,sdcm_core,3.097,1.689,0.942,9.41,1.66,0.93
60.0,120.0,1.0,sdcm_core,3.097,1.689,0.942,9.41,1.66,0.93
60.0,122.0,1.0,sdcm_core,3.097,1.689,0.942,9.41,1.66,0.93
60.0,124.0,1.0,sdcm_core,3.097,1.689,0.942,9.41,1.66,0.93
60.0,126.0,1.0,sdcm_core,3.097,1.689,0.942,9.41,1.66,0.93
60.0,128.0,1.0,sdcm_core,3.097,1.689,0.942,9.41,1.66,0.93
60.0,130.0,1.0,sdcm_core,3.097,1.689,0.942,9.41,1.66,0.93
60.0,132.0,1.0,sdcm_core,3.097,1.689,0.942,9.41,1.66,0.93
60.0,134.0,1.0,sdcm_core,3.097,1.689,0.942,9.41,1.66,0.93
60.0,136.0,1.0,sdcm_core,3.097,1.689,0.942,9.41,1.66,0.93
60.0,138.0,1.0,sdcm_core,3.097,1.689,0.942,9.41,1.66,0.93
60.0,140.0,1.0,sdcm_core,3.097,1.689,0.942,9.41,1.66,0.93
60.0,142.0,1.0,sdcm_core,3.097,1.689,0.942,9.41,1.66,0.93
60.0,144.0,1.0,sdcm_core,3.097,1.689,0.942,9.41,1.66,0.93
60.0,146.0,1.0,sdcm_core,3.097,1.689,0.942,9.41,1.66,0.93
60.0,148.0,1.0,sdcm_core,3.097,1.689,0.942,9.41,1.66,0.93
60.0,150.0,1.0,sdcm_core,3.097,1.689,0.942,9.41,1.66,0.93
60.0,152.0,1.0,sdcm_core,3.097,1.689,0.942,9.41,1.66,0.93
60.0,154.0,1.0,sdcm_core,3.097,1.689,0.942,9.41,1.66,0.93
60.0,156.0,1.0,sdcm_core,3.097,1.689,0.942,9.41,1.66,0.93
60.0,158.0,1.0,sdcm_core,3.097,1.689,0.942,9.41,1.66,0.93
60.0,160.0,1.0,sdcm_core,3.097,1.689,0.942,9.41,1.66,0.93
60.0,162.0,1.0,sdcm_core,3.097,1.689,0.942,9.41,1.66,0.93
60.0,164.0,1.0,sdcm_core,3.097,1.689,0.942,9.41,1.66,0.93
60.0,166.0,1.0,sdcm_core,3.097,1.689,0.942,9.41,1.66,0.93
60.0,168.0,1.0,sdcm_core,3.097,1.689,0.942,9.41,1.66,0.93
60.0,170.0,1.0,sdcm_core,3.097,1.689,0.942,9.41,1.66,0.93
60.0,172.0,1.0,sdcm_core,3.097,1.689,0.942,9.41,1.66,0.93
60.0,174.0,1.0,sdcm_core,3.097,1.689,0.942,9.41,1.66,0.93
60.0,176.0,1.0,sdcm_core,3.097,1.689,0.942,9.41,1.66,0.93
60.0,178.0,1.0,sdcm_core,3.097,1.689,0.942,9.41,1.66,0.93
60.0,180.0,1.0,sdcm_core,3.097,1.689,0.942,9.41,1.66,0.93
62.0,20.0,1.0,sdcm_core,3.097,1.689,0.942,9.41,1.66,0.93
62.0,22.0,1.0,sdcm_core,3.097,1.689,0.942,9.41,1.66,0.93
62.0,24.0,1.0,sdcm_core,3.097,1.689,0.942,9.41,1.66,0.93
62.0,26.0,1.0,sdcm_core,3.097,1.689,0.942,9.41,1.66,0.93
62.0,28.0,1.0,sdcm_core,3.097,1.689,0.942,9.41,1.66,0.93
62.0,30.0,1.0,sdcm_core,3.097,1.689,0.942,9.41,1.66,0.93
62.0,32.0,1.0,sdcm_core,3.097,1.689,0.942,9.41,1.66,0.93
62.0,34.0,1.0,sdcm_core,3.097,1.689,0.942,9.41,1.66,0.93
62.0,36.0,1.0,sdcm_core,3.097,1.689,0.942,9.41,1.66,0.93
62.0,38.0,1.0,sdcm_core,3.097,1.689,0.942,9.41,1.66,0.93
62.0,40.0,1.0,sdcm_core,3.097,1.689,0.942,9.41,1.66,0.93
62.0,42.0,1.0,sdcm_core,3.097,1.689,0.942,9.41,1.66,0.93
62.0,44.0,1.0,sdcm_core,3.097,1.689,0.942,9.41,1.66,0.93
62.0,46.0,1.0,sdcm_core,3.097,1.689,0.942,9.41,1.66,0.93
62.0,48.0,1.0,sdcm_core,3.097,1.689,0.942,9.41,1.66,0.93
62.0,50.0,1.0,sdcm_core,3.097,1.689,0.942,9.41,1.66,0.93
62.0,52.0,1.0,sdcm_core,3.097,1.689,0.942,9.41,1.66,0.93
62.0,54.0,1.0,sdcm_core,3.097,1.689,0.942,9.41,1.66,0.93
62.0,56.0,1.0,sdcm_core,3.097,1.689,0.942,9.41,1.66,0.93
62.0,58.0,1.0,sdcm_core,3.097,1.689,0.942,9.41,1.66,0.93
62.0,60.0,1.0,sdcm_core,3.097,1.689,0.942,9.41,1.66,0.93
62.0,62.0,1.0,sdcm_core,3.097,1.689,0.942,9.41,1.66,0.93
62.0,64.0,1.0,sdcm_core,3.097,1.689,0.942,9.41,1.66,0.93
62.0,66.0,1.0,sdcm_core,3.097,1.689,0.942,9.41,1.66,0.93
62.0,68.0,1.0,sdcm_core,3.097,1.689,0.942,9.41,1.66,0.93
62.0,70.0,1.0,sdcm_core,3.097,1.689,0.942,9.41,1.66,0.93
62.0,72.0,1.0,sdcm_core,3.097,1.689,0.942,9.41,1.66,0.93
62.0,74.0,1.0,sdcm_core,3.097,1.689,0.942,9.41,1.66,0.93
62.0,76.0,1.0,sdcm_core,3.097,1.689,0.942,9.41,1.66,0.93
62.0,78.0,1.0,sdcm_core,3.097,1.689,0.942,9.41,1.66,0.93
62.0,80.0,1.0,sdcm_core,3.097,1.689,0.942,9.41,1.66,0.93
62.0,82.0,1.0,sdcm_core,3.097,1.689,0.942,9.41,1.66,0.93
62.0,84.0,1.0,sdcm_core,3.097,1.689,0.942,9.41,1.66,0.93
62.0,86.0,1.0,sdcm_core,3.097,1.689,0.942,9.41,1.66,0.93
62.0,88.0,1.0,sdcm_core,3.097,1.689,0.942,9.41,1.66,0.93
62.0,90.0,1.0,sdcm_core,3.097,1.689,0.942,9.41,1.66,0.93
62.0,92.0,1.0,sdcm_core,3.097,1.689,0.942,9.41,1.66,0.93
62.0,94.0,1.0,sdcm_core,3.097,1.689,0.942,9.41,1.66,0.93
62.0,96.0,1.0,sdcm_core,3.097,1.689,0.942,9.41,1.66,0.93
62.0,98.0,1.0,sdcm_core,3.097,1.689,0.942,9.41,1.66,0.93
62.0,100.0,1.0,sdcm_core,3.097,1.689,0.942,9.41,1.66,0.93
62.0,102.0,1.0,sdcm_core,3.097,1.689,0.942,9.41,1.66,0.93
62.0,104.0,1.0,sdcm_core,3.097,1.689,0.942,9.41,1.66,0.93
62.0,106.0,1.0,sdcm_core,3.097,1.689,0.942,9.41,1.66,0.93
62.0,108.0,1.0,sdcm_core,3.097,1.689,0.942,9.41,1.66,0.93
62.0,110.0,1.0,sdcm_core,3.097,1.689,0.942,9.41,1.66,0.93
62.0,112.0,1.0,sdcm_core,3.097,1.689,0.942,9.41,1.66,0.93
62.0,114.0,1.0,sdcm_core,3.097,1.689,0.942,9.41,1.66,0.93
62.0,116.0,1.0,sdcm_core,3.097,1.689,0.942,9.41,1.66,0.93
62.0,118.0,1.0,sdcm_core,3.097,1.689,0.942,9.41,1.66,0.93
62.0,120.0,1.0,sdcm_core,3.097,1.689,0.942,9.41,1.66,0.93
62.0,122.0,1.0,sdcm_core,3.097,1.689,0.942,9.41,1.66,0.93
62.0,124.0,1.0,sdcm_core,3.097,1.689,0.942,9.41,1.66,0.93
62.0,126.0,1.0,sdcm_core,3.097,1.689,0.942,9.41,1.66,0.93
62.0,128.0,1.0,sdcm_core,3.097,1.689,0.942,9.41,1.66,0.93
62.0,130.0,1.0,sdcm_core,3.097,1.689,0.942,9.41,1.66,0.93
62.0,132.0,1.0,sdcm_core,3.097,1.689,0.942,9.41,1.66,0.93
62.0,134.0,1.0,sdcm_core,3.097,1.689,0.942,9.41,1.66,0.93
62.0,136.0,1.0,sdcm_core,3.097,1.689,0.942,9.41,1.66,0.93
62.0,138.0,1.0,sdcm_core,3.097,1.689,0.942,9.41,1.66,0.93
62.0,140.0,1.0,sdcm_core,3.097,1.689,0.942,9.41,1.66,0.93
62.0,142.0,1.0,sdcm_core,3.097,1.689,0.942,9.41,1.66,0.93
62.0,144.0,1.0,sdcm_core,3.097,1.689,0.942,9.41,1.66,0.93
62.0,146.0,1.0,sdcm_core,3.097,1.689,0.942,9.41,1.66,0.93
62.0,148.0,1.0,sdcm_core,3.097,1.689,0.942,9.41,1.66,0.93
62.0,150.0,1.0,sdcm_core,3.097,1.689,0.942,9.41,1.66,0.93
62.0,152.0,1.0,sdcm_core,3.097,1.689,0.942,9.41,1.66,0.93
62.0,154.0,1.0,sdcm_core,3.097,1.689,0.942,9.41,1.66,0.93
62.0,156.0,1.0,sdcm_core,3.097,1.689,0.942,9.41,1.66,0.93
62.0,158.0,1.0,sdcm_core,3.097,1.689,0.942,9.41,1.66,0.93
62.0,160.0,1.0,sdcm_core,3.097,1.689,0.942,9.41,1.66,0.93
62.0,162.0,1.0,sdcm_core,3.097,1.689,0.942,9.41,1.66,0.93
62.0,164.0,1.0,sdcm_core,3.097,1.689,0.942,9.41,1.66,0.93
62.0,166.0,1.0,sdcm_core,3.097,1.689,0.942,9.41,1.66,0.93
62.0,168.0,1.0,sdcm_core,3.097,1.689,0.942,9.41,1.66,0.93
62.0,170.0,1.0,sdcm_core,3.097,1.689,0.942,9.41,1.66,0.93
62.0,172.0,1.0,sdcm_core,3.097,1.689,0.942,9.41,1.66,0.93
62.0,174.0,1.0,sdcm_core,3.097,1.689,0.942,9.41,1.66,0.93
62.0,176.0,1.0,sdcm_core,3.097,1.689,0.942,9.41,1.66,0.93
62.0,178.0,1.0,sdcm_core,3.097,1.689,0.942,9.41,1.66,0.93
62.0,180.0,1.0,sdcm_core,3.097,1.689,0.942,9.41,1.66,0.93
64.0,20.0,1.0,sdcm_core,3.097,1.689,0.942,9.41,1.66,0.93
64.0,22.0,1.0,sdcm_core,3.097,1.689,0.942,9.41,1.66,0.93
64.0,24.0,1.0,sdcm_core,3.097,1.689,0.942,9.41,1.66,0.93
64.0,26.0,1.0,sdcm_core,3.097,1.689,0.942,9.41,1.66,0.93
64.0,28.0,1.0,sdcm_core,3.097,1.689,0.942,9.41,1.66,0.93
64.0,30.0,1.0,sdcm_core,3.097,1.689,0.942,9.41,1.66,0.93
64.0,32.0,1.0,sdcm_core,3.097,1.689,0.942,9.41,1.66,0.93
64.0,34.0,1.0,sdcm_core,3.097,1.689,0.942,9.41,1.66,0.93
64.0,36.0,1.0,sdcm_core,3.097,1.689,0.942,9.41,1.66,0.93
64.0,38.0,1.0,sdcm_core,3.097,1.689,0.942,9.41,1.66,0.93
64.0,40.0,1.0,sdcm_core,3.097,1.689,0.942,9.41,1.66,0.93
64.0,42.0,1.0,sdcm_core,3.097,1.689,0.942,9.41,1.66,0.93
64.0,44.0,1.0,sdcm_core,3.097,1.689,0.942,9.41,1.66,0.93
64.0,46.0,1.0,sdcm_core,3.097,1.689,0.942,9.41,1.66,0.93
64.0,48.0,1.0,sdcm_core,3.097,1.689,0.942,9.41,1.66,0.93
64.0,50.0,1.0,sdcm_core,3.097,1.689,0.942,9.41,1.66,0.93
64.0,52.0,1.0,sdcm_core,3.097,1.689,0.942,9.41,1.66,0.93
64.0,54.0,1.0,sdcm_core,3.097,1.689,0.942,9.41,1.66,0.93
64.0,56.0,1.0,sdcm_core,3.097,1.689,0.942,9.41,1.66,0.93
64.0,58.0,1.0,sdcm_core,3.097,1.689,0.942,9.41,1.66,0.93
64.0,60.0,1.0,sdcm_core,3.097,1.689,0.942,9.41,1.66,0.93
64.0,62.0,1.0,sdcm_core,3.097,1.689,0.942,9.41,1.66,0.93
64.0,64.0,1.0,sdcm_core,3.097,1.689,0.942,9.41,1.66,0.93
64.0,66.0,1.0,sdcm_core,3.097,1.689,0.942,9.41,1.66,0.93
64.0,68.0,1.0,sdcm_core,3.097,1.689,0.942,9.41,1.66,0.93
64.0,70.0,1.0,sdcm_core,3.097,1.689,0.942,9.41,1.66,0.93
64.0,72.0,1.0,sdcm_core,3.097,1.689,0.942,9.41,1.66,0.93
64.0,74.0,1.0,sdcm_core,3.097,1.689,0.942,9.41,1.66,0.93
64.0,76.0,1.0,sdcm_core,3.097,1.689,0.942,9.41,1.66,0.93
64.0,78.0,1.0,sdcm_core,3.097,1.689,0.942,9.41,1.66,0.93
64.0,80.0,1.0,sdcm_core,3.097,1.689,0.942,9.41,1.66,0.93
64.0,82.0,1.0,sdcm_core,3.097,1.689,0.942,9.41,1.66,0.93
64.0,84.0,1.0,sdcm_core,3.097,1.689,0.942,9.41,1.66,0.93
64.0,86.0,1.0,sdcm_core,3.097,1.689,0.942,9.41,1.66,0.93
64.0,88.0,1.0,sdcm_core,3.097,1.689,0.942,9.41,1.66,0.93
64.0,90.0,1.0,sdcm_core,3.097,1.689,0.942,9.41,1.66,0.93
64.0,92.0,1.0,sdcm_core,3.097,1.689,0.942,9.41,1.66,0.93
64.0,94.0,1.0,sdcm_core,3.097,1.689,0.942,9.41,1.66,0.93
64.0,96.0,1.0,sdcm_core,3.097,1.689,0.942,9.41,1.66,0.93
64.0,98.0,1.0,sdcm_core,3.097,1.689,0.942,9.41,1.66,0.93
64.0,100.0,1.0,sdcm_core,3.097,1.689,0.942,9.41,1.66,0.93
64.0,102.0,1.0,sdcm_core,3.097,1.689,0.942,9.41,1.66,0.93
64.0,104.0,1.0,sdcm_core,3.097,1.689,0.942,9.41,1.66,0.93
64.0,106.0,1.0,sdcm_core,3.097,1.689,0.942,9.41,1.66,0.93
64.0,108.0,1.0,sdcm_core,3.097,1.689,0.942,9.41,1.66,0.93
64.0,110.0,1.0,sdcm_core,3.097,1.689,0.942,9.41,1.66,0.93
64.0,112.0,1.0,sdcm_core,3.097,1.689,0.942,9.41,1.66,0.93
64.0,114.0,1.0,sdcm_core,3.097,1.689,0.942,9.41,1.66,0.93
64.0,116.0,1.0,sdcm_core,3.097,1.689,0.942,9.41,1.66,0.93
64.0,118.0,1.0,sdcm_core,3.097,1.689,0.942,9.41,1.66,0.93
64.0,120.0,1.0,sdcm_core,3.097,1.689,0.942,9.41,1.66,0.93
64.0,122.0,1.0,sdcm_core,3.097,1.689,0.942,9.41,1.66,0.93
64.0,124.0,1.0,sdcm_core,3.097,1.689,0.942,9.41,1.66,0.93
64.0,126.0,1.0,sdcm_core,3.097,1.689,0.942,9.41,1.66,0.93
64.0,128.0,1.0,sdcm_core,3.097,1.689,0.942,9.41,1.66,0.93
64.0,130.0,1.0,sdcm_core,3.097,1.689,0.942,9.41,1.66,0.93
64.0,132.0,1.0,sdcm_core,3.097,1.689,0.942,9.41,1.66,0.93
64.0,134.0,1.0,sdcm_core,3.097,1.689,0.942,9.41,1.66,0.93
64.0,136.0,1.0,sdcm_core,3.097,1.689,0.942,9.41,1.66,0.93
64.0,138.0,1.0,sdcm_core,3.097,1.689,0.942,9.41,1.66,0.93
64.0,140.0,1.0,sdcm_core,3.097,1.689,0.942,9.41,1.66,0.93
64.0,142.0,1.0,sdcm_core,3.097,1.689,0.942,9.41,1.66,0.93
64.0,144.0,1.0,sdcm_core,3.097,1.689,0.942,9.41,1.66,0.93
64.0,146.0,1.0,sdcm_core,3.097,1.689,0.942,9.41,1.66,0.93
64.0,148.0,1.0,sdcm_core,3.097,1.689,0.942,9.41,1.66,0.93
64.0,150.0,1.0,sdcm_core,3.097,1.689,0.942,9.41,1.66,0.93
64.0,152.0,1.0,sdcm_core,3.097,1.689,0.942,9.41,1.66,0.93
64.0,154.0,1.0,sdcm_core,3.097,1.689,0.942,9.41,1.66,0.93
64.0,156.0,1.0,sdcm_core,3.097,1.689,0.942,9.41,1.66,0.93
64.0,158.0,1.0,sdcm_core,3.097,1.689,0.942,9.41,1.66,0.93
64.0,160.0,1.0,sdcm_core,3.097,1.689,0.942,9.41,1.66,0.93
64.0,162.0,1.0,sdcm_core,3.097,1.689,0.942,9.41,1.66,0.93
64.0,164.0,1.0,sdcm_core,3.097,1.689,0.942,9.41,1.66,0.93
64.0,166.0,1.0,sdcm_core,3.097,1.689,0.942,9.41,1.66,0.93
64.0,168.0,1.0,sdcm_core,3.097,1.689,0.942,9.41,1.66,0.93
64.0,170.0,1.0,sdcm_core,3.097,1.689,0.942,9.41,1.66,0.93
64.0,172.0,1.0,sdcm_core,3.097,1.689,0.942,9.41,1.66,0.93
64.0,174.0,1.0,sdcm_core,3.097,1.689,0.942,9.41,1.66,0.93
64.0,176.0,1.0,sdcm_core,3.097,1.689,0.942,9.41,1.66,0.93
64.0,178.0,1.0,sdcm_core,3.097,1.689,0.942,9.41,1.66,0.93
64.0,180.0,1.0,sdcm_core,3.097,1.689,0.942,9.41,1.66,0.93
66.0,20.0,1.0,sdcm_core,3.097,1.689,0.942,9.41,1.66,0.93
66.0,22.0,1.0,sdcm_core,3.097,1.689,0.942,9.41,1.66,0.93
66.0,24.0,1.0,sdcm_core,3.097,1.689,0.942,9.41,1.66,0.93
66.0,26.0,1.0,sdcm_core,3.097,1.689,0.942,9.41,1.66,0.93
66.0,28.0,1.0,sdcm_core,3.097,1.689,0.942,9.41,1.66,0.93
66.0,30.0,1.0,sdcm_core,3.097,1.689,0.942,9.41,1.66,0.93
66.0,32.0,1.0,sdcm_core,3.097,1.689,0.942,9.41,1.66,0.93
66.0,34.0,1.0,sdcm_core,3.097,1.689,0.942,9.41,1.66,0.93
66.0,36.0,1.0,sdcm_core,3.097,1.689,0.942,9.41,1.66,0.93
66.0,38.0,1.0,sdcm_core,3.097,1.689,0.942,9.41,1.66,0.93
66.0,40.0,1.0,sdcm_core,3.097,1.689,0.942,9.41,1.66,0.93
66.0,42.0,1.0,sdcm_core,3.097,1.689,0.942,9.41,1.66,0.93
66.0,44.0,1.0,sdcm_core,3.097,1.689,0.942,9.41,1.66,0.93
66.0,46.0,1.0,sdcm_core,3.097,1.689,0.942,9.41,1.66,0.93
66.0,48.0,1.0,sdcm_core,3.097,1.689,0.942,9.41,1.66,0.93
66.0,50.0,1.0,sdcm_core,3.097,1.689,0.942,9.41,1.66,0.93
66.0,52.0,1.0,sdcm_core,3.097,1.689,0.942,9.41,1.66,0.93
66.0,54.0,1.0,sdcm_core,3.097,1.689,0.942,9.41,1.66,0.93
66.0,56.0,1.0,sdcm_core,3.097,1.689,0.942,9.41,1.66,0.93
66.0,58.0,1.0,sdcm_core,3.097,1.689,0.942,9.41,1.66,0.93
66.0,60.0,1.0,sdcm_core,3.097,1.689,0.942,9.41,1.66,0.93
66.0,62.0,1.0,sdcm_core,3.097,1.689,0.942,9.41,1.66,0.93
66.0,64.0,1.0,sdcm_core,3.097,1.689,0.942,9.41,1.66,0.93
66.0,66.0,1.0,sdcm_core,3.097,1.689,0.942,9.41,1.66,0.93
66.0,68.0,1.0,sdcm_core,3.097,1.689,0.942,9.41,1.66,0.93
66.0,70.0,1.0,sdcm_core,3.097,1.689,0.942,9.41,1.66,0.93
66.0,72.0,1.0,sdcm_core,3.097,1.689,0.942,9.41,1.66,0.93
66.0,74.0,1.0,sdcm_core,3.097,1.689,0.942,9.41,1.66,0.93
66.0,76.0,1.0,sdcm_core,3.097,1.689,0.942,9.41,1.66,0.93
66.0,78.0,1.0,sdcm_core,3.097,1.689,0.942,9.41,1.66,0.93
66.0,80.0,1.0,sdcm_core,3.097,1.689,0.942,9.41,1.66,0.93
66.0,82.0,1.0,sdcm_core,3.097,1.689,0.942,9.41,1.66,0.93
66.0,84.0,1.0,sdcm_core,3.097,1.689,0.942,9.41,1.66,0.93
66.0,86.0,1.0,sdcm_core,3.097,1.689,0.942,9.41,1.66,0.93
66.0,88.0,1.0,sdcm_core,3.097,1.689,0.942,9.41,1.66,0.93
66.0,90.0,1.0,sdcm_core,3.097,1.689,0.942,9.41,1.66,0.93
66.0,92.0,1.0,sdcm_core,3.097,1.689,0.942,9.41,1.66,0.93
66.0,94.0,1.0,sdcm_core,3.097,1.689,0.942,9.41,1.66,0.93
66.0,96.0,1.0,sdcm_core,3.097,1.689,0.942,9.41,1.66,0.93
66.0,98.0,1.0,sdcm_core,3.097,1.689,0.942,9.41,1.66,0.93
66.0,100.0,1.0,sdcm_core,3.097,1.689,0.942,9.41,1.66,0.93
66.0,102.0,1.0,sdcm_core,3.097,1.689,0.942,9.41,1.66,0.93
66.0,104.0,1.0,sdcm_core,3.097,1.689,0.942,9.41,1.66,0.93
66.0,106.0,1.0,sdcm_core,3.097,1.689,0.942,9.41,1.66,0.93
66.0,108.0,1.0,sdcm_core,3.097,1.689,0.942,9.41,1.66,0.93
66.0,110.0,1.0,sdcm_core,3.097,1.689,0.942,9.41,1.66,0.93
66.0,112.0,1.0,sdcm_core,3.097,1.689,0.942,9.41,1.66,0.93
66.0,114.0,1.0,sdcm_core,3.097,1.689,0.942,9.41,1.66,0.93
66.0,116.0,1.0,sdcm_core,3.097,1.689,0.942,9.41,1.66,0.93
66.0,118.0,1.0,sdcm_core,3.097,1.689,0.942,9.41,1.66,0.93
66.0,120.0,1.0,sdcm_core,3.097,1.689,0.942,9.41,1.66,0.93
66.0,122.0,1.0,sdcm_core,3.097,1.689,0.942,9.41,1.66,0.93
66.0,124.0,1.0,sdcm_core,3.097,1.689,0.942,9.41,1.66,0.93
66.0,126.0,1.0,sdcm_core,3.097,1.689,0.942,9.41,1.66,0.93
66.0,128.0,1.0,sdcm_core,3.097,1.689,0.942,9.41,1.66,0.93
66.0,130.0,1.0,sdcm_core,3.097,1.689,0.942,9.41,1.66,0.93
66.0,132.0,1.0,sdcm_core,3.097,1.689,0.942,9.41,1.66,0.93
66.0,134.0,1.0,sdcm_core,3.097,1.689,0.942,9.41,1.66,0.93
66.0,136.0,1.0,sdcm_core,3.097,1.689,0.942,9.41,1.66,0.93
66.0,138.0,1.0,sdcm_core,3.097,1.689,0.942,9.41,1.66,0.93
66.0,140.0,1.0,sdcm_core,3.097,1.689,0.942,9.41,1.66,0.93
66.0,142.0,1.0,sdcm_core,3.097,1.689,0.942,9.41,1.66,0.93
66.0,144.0,1.0,sdcm_core,3.097,1.689,0.942,9.41,1.66,0.93
66.0,146.0,1.0,sdcm_core,3.097,1.689,0.942,9.41,1.66,0.93
66.0,148.0,1.0,sdcm_core,3.097,1.689,0.942,9.41,1.66,0.93
66.0,150.0,1.0,sdcm_core,3.097,1.689,0.942,9.41,1.66,0.93
66.0,152.0,1.0,sdcm_core,3.097,1.689,0.942,9.41,1.66,0.93
66.0,154.0,1.0,sdcm_core,3.097,1.689,0.942,9.41,1.66,0.93
66.0,156.0,1.0,sdcm_core,3.097,1.689,0.942,9.41,1.66,0.93
66.0,158.0,1.0,sdcm_core,3.097,1.689,0.942,9.41,1.66,0.93
66.0,160.0,1.0,sdcm_core,3.097,1.689,0.942,9.41,1.66,0.93
66.0,162.0,1.0,sdcm_core,3.097,1.689,0.942,9.41,1.66,0.93
66.0,164.0,1.0,sdcm_core,3.097,1.689,0.942,9.41,1.66,0.93
66.0,166.0,1.0,sdcm_core,3.097,1.689,0.942,9.41,1.66,0.93
66.0,168.0,1.0,sdcm_core,3.097,1.689,0.942,9.41,1.66,0.93
66.0,170.0,1.0,sdcm_core,3.097,1.689,0.942,9.41,1.66,0.93
66.0,172.0,1.0,sdcm_core,3.097,1.689,0.942,9.41,1.66,0.93
66.0,174.0,1.0,sdcm_core,3.097,1.689,0.942,9.41,1.66,0.93
66.0,176.0,1.0,sdcm_core,3.097,1.689,0.942,9.41,1.66,0.93
66.0,178.0,1.0,sdcm_core,3.097,1.689,0.942,9.41,1.66,0.93
66.0,180.0,1.0,sdcm_core,3.097,1.689,0.942,9.41,1.66,0.93
68.0,20.0,1.0,sdcm_core,3.097,1.689,0.942,9.41,1.66,0.93
68.0,22.0,1.0,sdcm_core,3.097,1.689,0.942,9.41,1.66,0.93
68.0,24.0,1.0,sdcm_core,3.097,1.689,0.942,9.41,1.66,0.93
68.0,26.0,1.0,sdcm_core,3.097,1.689,0.942,9.41,1.66,0.93
68.0,28.0,1.0,sdcm_core,3.097,1.689,0.942,9.41,1.66,0.93
68.0,30.0,1.0,sdcm_core,3.097,1.689,0.942,9.41,1.66,0.93
68.0,32.0,1.0,sdcm_core,3.097,1.689,0.942,9.41,1.66,0.93
68.0,34.0,1.0,sdcm_core,3.097,1.689,0.942,9.41,1.66,0.93
68.0,36.0,1.0,sdcm_core,3.097,1.689,0.942,9.41,1.66,0.93
68.0,38.0,1.0,sdcm_core,3.097,1.689,0.942,9.41,1.66,0.93
68.0,40.0,1.0,sdcm_core,3.097,1.689,0.942,9.41,1.66,0.93
68.0,42.0,1.0,sdcm_core,3.097,1.689,0.942,9.41,1.66,0.93
68.0,44.0,1.0,sdcm_core,3.097,1.689,0.942,9.41,1.66,0.93
68.0,46.0,1.0,sdcm_core,3.097,1.689,0.942,9.41,1.66,0.93
68.0,48.0,1.0,sdcm_core,3.097,1.689,0.942,9.41,1.66,0.93
68.0,50.0,1.0,sdcm_core,3.097,1.689,0.942,9.41,1.66,0.93
68.0,52.0,1.0,sdcm_core,3.097,1.689,0.942,9.41,1.66,0.93
68.0,54.0,1.0,sdcm_core,3.097,1.689,0.942,9.41,1.66,0.93
68.0,56.0,1.0,sdcm_core,3.097,1.689,0.942,9.41,1.66,0.93
68.0,58.0,1.0,sdcm_core,3.097,1.689,0.942,9.41,1.66,0.93
68.0,60.0,1.0,sdcm_core,3.097,1.689,0.942,9.41,1.66,0.93
68.0,62.0,1.0,sdcm_core,3.097,1.689,0.942,9.41,1.66,0.93
68.0,64.0,1.0,sdcm_core,3.097,1.689,0.942,9.41,1.66,0.93
68.0,66.0,1.0,sdcm_core,3.097,1.689,0.942,9.41,1.66,0.93
68.0,68.0,1.0,sdcm_core,3.097,1.689,0.942,9.41,1.66,0.93
68.0,70.0,1.0,sdcm_core,3.097,1.689,0.942,9.41,1.66,0.93
68.0,72.0,1.0,sdcm_core,3.097,1.689,0.942,9.41,1.66,0.93
68.0,74.0,1.0,sdcm_core,3.097,1.689,0.942,9.41,1.66,0.93
68.0,76.0,1.0,sdcm_core,3.097,1.689,0.942,9.41,1.66,0.93
68.0,78.0,1.0,sdcm_core,3.097,1.689,0.942,9.41,1.66,0.93
68.0,80.0,1.0,sdcm_core,3.097,1.689,0.942,9.41,1.66,0.93
68.0,82.0,1.0,sdcm_core,3.097,1.689,0.942,9.41,1.66,0.93
68.0,84.0,1.0,sdcm_core,3.097,1.689,0.942,9.41,1.66,0.93
68.0,86.0,1.0,sdcm_core,3.097,1.689,0.942,9.41,1.66,0.93
68.0,88.0,1.0,sdcm_core,3.097,1.689,0.942,9.41,1.66,0.93
68.0,90.0,1.0,sdcm_core,3.097,1.689,0.942,9.41,1.66,0.93
68.0,92.0,1.0,sdcm_core,3.097,1.689,0.942,9.41,1.66,0.93
68.0,94.0,1.0,sdcm_core,3.097,1.689,0.942,9.41,1.66,0.93
68.0,96.0,1.0,sdcm_core,3.097,1.689,0.942,9.41,1.66,0.93
68.0,98.0,1.0,sdcm_core,3.097,1.689,0.942,9.41,1.66,0.93
68.0,100.0,1.0,sdcm_core,3.097,1.689,0.942,9.41,1.66,0.93
68.0,102.0,1.0,sdcm_core,3.097,1.689,0.942,9.41,1.66,0.93
68.0,104.0,1.0,sdcm_core,3.097,1.689,0.942,9.41,1.66,0.93
68.0,106.0,1.0,sdcm_core,3.097,1.689,0.942,9.41,1.66,0.93
68.0,108.0,1.0,sdcm_core,3.097,1.689,0.942,9.41,1.66,0.93
68.0,110.0,1.0,sdcm_core,3.097,1.689,0.942,9.41,1.66,0.93
68.0,112.0,1.0,sdcm_core,3.097,1.689,0.942,9.41,1.66,0.93
68.0,114.0,1.0,sdcm_core,3.097,1.689,0.942,9.41,1.66,0.93
68.0,116.0,1.0,sdcm_core,3.097,1.689,0.942,9.41,1.66,0.93
68.0,118.0,1.0,sdcm_core,3.097,1.689,0.942,9.41,1.66,0.93
68.0,120.0,1.0,sdcm_core,3.097,1.689,0.942,9.41,1.66,0.93
68.0,122.0,1.0,sdcm_core,3.097,1.689,0.942,9.41,1.66,0.93
68.0,124.0,1.0,sdcm_core,3.097,1.689,0.942,9.41,1.66,0.93
68.0,126.0,1.0,sdcm_core,3.097,1.689,0.942,9.41,1.66,0.93
68.0,128.0,1.0,sdcm_core,3.097,1.689,0.942,9.41,1.66,0.93
68.0,130.0,1.0,sdcm_core,3.097,1.689,0.942,9.41,1.66,0.93
68.0,132.0,1.0,sdcm_core,3.097,1.689,0.942,9.41,1.66,0.93
68.0,134.0,1.0,sdcm_core,3.097,1.689,0.942,9.41,1.66,0.93
68.0,136.0,1.0,sdcm_core,3.097,1.689,0.942,9.41,1.66,0.93
68.0,138.0,1.0,sdcm_core,3.097,1.689,0.942,9.41,1.66,0.93
68.0,140.0,1.0,sdcm_core,3.097,1.689,0.942,9.41,1.66,0.93
68.0,142.0,1.0,sdcm_core,3.097,1.689,0.942,9.41,1.66,0.93
68.0,144.0,1.0,sdcm_core,3.097,1.689,0.942,9.41,1.66,0.93
68.0,146.0,1.0,sdcm_core,3.097,1.689,0.942,9.41,1.66,0.93
68.0,148.0,1.0,sdcm_core,3.097,1.689,0.942,9.41,1.66,0.93
68.0,150.0,1.0,sdcm_core,3.097,1.689,0.942,9.41,1.66,0.93
68.0,152.0,1.0,sdcm_core,3.097,1.689,0.942,9.41,1.66,0.93
68.0,154.0,1.0,sdcm_core,3.097,1.689,0.942,9.41,1.66,0.93
68.0,156.0,1.0,sdcm_core,3.097,1.689,0.942,9.41,1.66,0.93
68.0,158.0,1.0,sdcm_core,3.097,1.689,0.942,9.41,1.66,0.93
68.0,160.0,1.0,sdcm_core,3.097,1.689,0.942,9.41,1.66,0.93
68.0,162.0,1.0,sdcm_core,3.097,1.689,0.942,9.41,1.66,0.93
68.0,164.0,1.0,sdcm_core,3.097,1.689,0.942,9.41,1.66,0.93
68.0,166.0,1.0,sdcm_core,3.097,1.689,0.942,9.41,1.66,0.93
68.0,168.0,1.0,sdcm_core,3.097,1.689,0.942,9.41,1.66,0.93
68.0,170.0,1.0,sdcm_core,3.097,1.689,0.942,9.41,1.66,0.93
68.0,172.0,1.0,sdcm_core,3.097,1.689,0.942,9.41,1.66,0.93
68.0,174.0,1.0,sdcm_core,3.097,1.689,0.942,9.41,1.66,0.93
68.0,176.0,1.0,sdcm_core,3.097,1.689,0.942,9.41,1.66,0.93
68.0,178.0,1.0,sdcm_core,3.097,1.689,0.942,9.41,1.66,0.93
68.0,180.0,1.0,sdcm_core,3.097,1.689,0.942,9.41,1.66,0.93
70.0,20.0,1.0,sdcm_core,3.097,1.689,0.942,9.41,1.66,0.93
70.0,22.0,1.0,sdcm_core,3.097,1.689,0.942,9.41,1.66,0.93
70.0,24.0,1.0,sdcm_core,3.097,1.689,0.942,9.41,1.66,0.93
70.0,26.0,1.0,sdcm_core,3.097,1.689,0.942,9.41,1.66,0.93
70.0,28.0,1.0,sdcm_core,3.097,1.689,0.942,9.41,1.66,0.93
70.0,30.0,1.0,sdcm_core,3.097,1.689,0.942,9.41,1.66,0.93
70.0,32.0,1.0,sdcm_core,3.097,1.689,0.942,9.41,1.66,0.93
70.0,34.0,1.0,sdcm_core,3.097,1.689,0.942,9.41,1.66,0.93
70.0,36.0,1.0,sdcm_core,3.097,1.689,0.942,9.41,1.66,0.93
70.0,38.0,1.0,sdcm_core,3.097,1.689,0.942,9.41,1.66,0.93
70.0,40.0,1.0,sdcm_core,3.097,1.689,0.942,9.41,1.66,0.93
70.0,42.0,1.0,sdcm_core,3.097,1.689,0.942,9.41,1.66,0.93
70.0,44.0,1.0,sdcm_core,3.097,1.689,0.942,9.41,1.66,0.93
70.0,46.0,1.0,sdcm_core,3.097,1.689,0.942,9.41,1.66,0.93
70.0,48.0,1.0,sdcm_core,3.097,1.689,0.942,9.41,1.66,0.93
70.0,50.0,1.0,sdcm_core,3.097,1.689,0.942,9.41,1.66,0.93
70.0,52.0,1.0,sdcm_core,3.097,1.689,0.942,9.41,1.66,0.93
70.0,54.0,1.0,sdcm_core,3.097,1.689,0.942,9.41,1.66,0.93
70.0,56.0,1.0,sdcm_core,3.097,1.689,0.942,9.41,1.66,0.93
70.0,58.0,1.0,sdcm_core,3.097,1.689,0.942,9.41,1.66,0.93
70.0,60.0,1.0,sdcm_core,3.097,1.689,0.942,9.41,1.66,0.93
70.0,62.0,1.0,sdcm_core,3.097,1.689,0.942,9.41,1.66,0.93
70.0,64.0,1.0,sdcm_core,3.097,1.689,0.942,9.41,1.66,0.93
70.0,66.0,1.0,sdcm_core,3.097,1.689,0.942,9.41,1.66,0.93
70.0,68.0,1.0,sdcm_core,3.097,1.689,0.942,9.41,1.66,0.93
70.0,70.0,1.0,sdcm_core,3.097,1.689,0.942,9.41,1.66,0.93
70.0,72.0,1.0,sdcm_core,3.097,1.689,0.942,9.41,1.66,0.93
70.0,74.0,1.0,sdcm_core,3.097,1.689,0.942,9.41,1.66,0.93
70.0,76.0,1.0,sdcm_core,3.097,1.689,0.942,9.41,1.66,0.93
70.0,78.0,1.0,sdcm_core,3.097,1.689,0.942,9.41,1.66,0.93
70.0,80.0,1.0,sdcm_core,3.097,1.689,0.942,9.41,1.66,0.93
70.0,82.0,1.0,sdcm_core,3.097,1.689,0.942,9.41,1.66,0.93
70.0,84.0,1.0,sdcm_core,3.097,1.689,0.942,9.41,1.66,0.93
70.0,86.0,1.0,sdcm_core,3.097,1.689,0.942,9.41,1.66,0.93
70.0,88.0,1.0,sdcm_core,3.097,1.689,0.942,9.41,1.66,0.93
70.0,90.0,1.0,sdcm_core,3.097,1.689,0.942,9.41,1.66,0.93
70.0,92.0,1.0,sdcm_core,3.097,1.689,0.942,9.41,1.66,0.93
70.0,94.0,1.0,sdcm_core,3.097,1.689,0.942,9.41,1.66,0.93
70.0,96.0,1.0,sdcm_core,3.097,1.689,0.942,9.41,1.66,0.93
70.0,98.0,1.0,sdcm_core,3.097,1.689,0.942,9.41,1.66,0.93
70.0,100.0,1.0,sdcm_core,3.097,1.689,0.942,9.41,1.66,0.93
70.0,102.0,1.0,sdcm_core,3.097,1.689,0.942,9.41,1.66,0.93
70.0,104.0,1.0,sdcm_core,3.097,1.689,0.942,9.41,1.66,0.93
70.0,106.0,1.0,sdcm_core,3.097,1.689,0.942,9.41,1.66,0.93
70.0,108.0,1.0,sdcm_core,3.097,1.689,0.942,9.41,1.66,0.93
70.0,110.0,1.0,sdcm_core,3.097,1.689,0.942,9.41,1.66,0.93
70.0,112.0,1.0,sdcm_core,3.097,1.689,0.942,9.41,1.66,0.93
70.0,114.0,1.0,sdcm_core,3.097,1.689,0.942,9.41,1.66,0.93
70.0,116.0,1.0,sdcm_core,3.097,1.689,0.942,9.41,1.66,0.93
70.0,118.0,1.0,sdcm_core,3.097,1.689,0.942,9.41,1.66,0.93
70.0,120.0,1.0,sdcm_core,3.097,1.689,0.942,9.41,1.66,0.93
70.0,122.0,1.0,sdcm_core,3.097,1.689,0.942,9.41,1.66,0.93
70.0,124.0,1.0,sdcm_core,3.097,1.689,0.942,9.41,1.66,0.93
70.0,126.0,1.0,sdcm_core,3.097,1.689,0.942,9.41,1.66,0.93
70.0,128.0,1.0,sdcm_core,3.097,1.689,0.942,9.41,1.66,0.93
70.0,130.0,1.0,sdcm_core,3.097,1.689,0.942,9.41,1.66,0.93
70.0,132.0,1.0,sdcm_core,3.097,1.689,0.942,9.41,1.66,0.93
70.0,134.0,1.0,sdcm_core,3.097,1.689,0.942,9.41,1.66,0.93
70.0,136.0,1.0,sdcm_core,3.097,1.689,0.942,9.41,1.66,0.93
70.0,138.0,1.0,sdcm_core,3.097,1.689,0.942,9.41,1.66,0.93
70.0,140.0,1.0,sdcm_core,3.097,1.689,0.942,9.41,1.66,0.93
70.0,142.0,1.0,sdcm_core,3.097,1.689,0.942,9.41,1.66,0.93
70.0,144.0,1.0,sdcm_core,3.097,1.689,0.942,9.41,1.66,0.93
70.0,146.0,1.0,sdcm_core,3.097,1.689,0.942,9.41,1.66,0.93
70.0,148.0,1.0,sdcm_core,3.097,1.689,0.942,9.41,1.66,0.93
70.0,150.0,1.0,sdcm_core,3.097,1.689,0.942,9.41,1.66,0.93
70.0,152.0,1.0,sdcm_core,3.097,1.689,0.942,9.41,1.66,0.93
70.0,154.0,1.0,sdcm_core,3.097,1.689,0.942,9.41,1.66,0.93
70.0,156.0,1.0,sdcm_core,3.097,1.689,0.942,9.41,1.66,0.93
70.0,158.0,1.0,sdcm_core,3.097,1.689,0.942,9.41,1.66,0.93
70.0,160.0,1.0,sdcm_core,3.097,1.689,0.942,9.41,1.66,0.93
70.0,162.0,1.0,sdcm_core,3.097,1.689,0.942,9.41,1.66,0.93
70.0,164.0,1.0,sdcm_core,3.097,1.689,0.942,9.41,1.66,0.93
70.0,166.0,1.0,sdcm_core,3.097,1.689,0.942,9.41,1.66,0.93
70.0,168.0,1.0,sdcm_core,3.097,1.689,0.942,9.41,1.66,0.93
70.0,170.0,1.0,sdcm_core,3.097,1.689,0.942,9.41,1.66,0.93
70.0,172.0,1.0,sdcm_core,3.097,1.689,0.942,9.41,1.66,0.93
70.0,174.0,1.0,sdcm_core,3.097,1.689,0.942,9.41,1.66,0.93
70.0,176.0,1.0,sdcm_core,3.097,1.689,0.942,9.41,1.66,0.93
70.0,178.0,1.0,sdcm_core,3.097,1.689,0.942,9.41,1.66,0.93
70.0,180.0,1.0,sdcm_core,3.097,1.689,0.942,9.41,1.66,0.93
72.0,20.0,1.0,sdcm_core,3.097,1.689,0.942,9.41,1.66,0.93
72.0,22.0,1.0,sdcm_core,3.097,1.689,0.942,9.41,1.66,0.93
72.0,24.0,1.0,sdcm_core,3.097,1.689,0.942,9.41,1.66,0.93
72.0,26.0,1.0,sdcm_core,3.097,1.689,0.942,9.41,1.66,0.93
72.0,28.0,1.0,sdcm_core,3.097,1.689,0.942,9.41,1.66,0.93
72.0,30.0,1.0,sdcm_core,3.097,1.689,0.942,9.41,1.66,0.93
72.0,32.0,1.0,sdcm_core,3.097,1.689,0.942,9.41,1.66,0.93
72.0,34.0,1.0,sdcm_core,3.097,1.689,0.942,9.41,1.66,0.93
72.0,36.0,1.0,sdcm_core,3.097,1.689,0.942,9.41,1.66,0.93
72.0,38.0,1.0,sdcm_core,3.097,1.689,0.942,9.41,1.66,0.93
72.0,40.0,1.0,sdcm_core,3.097,1.689,0.942,9.41,1.66,0.93
72.0,42.0,1.0,sdcm_core,3.097,1.689,0.942,9.41,1.66,0.93
72.0,44.0,1.0,sdcm_core,3.097,1.689,0.942,9.41,1.66,0.93
72.0,46.0,1.0,sdcm_core,3.097,1.689,0.942,9.41,1.66,0.93
72.0,48.0,1.0,sdcm_core,3.097,1.689,0.942,9.41,1.66,0.93
72.0,50.0,1.0,sdcm_core,3.097,1.689,0.942,9.41,1.66,0.93
72.0,52.0,1.0,sdcm_core,3.097,1.689,0.942,9.41,1.66,0.93
72.0,54.0,1.0,sdcm_core,3.097,1.689,0.942,9.41,1.66,0.93
72.0,56.0,1.0,sdcm_core,3.097,1.689,0.942,9.41,1.66,0.93
72.0,58.0,1.0,sdcm_core,3.097,1.689,0.942,9.41,1.66,0.93
72.0,60.0,1.0,sdcm_core,3.097,1.689,0.942,9.41,1.66,0.93
72.0,62.0,1.0,sdcm_core,3.097,1.689,0.942,9.41,1.66,0.93
72.0,64.0,1.0,sdcm_core,3.097,1.689,0.942,9.41,1.66,0.93
72.0,66.0,1.0,sdcm_core,3.097,1.689,0.942,9.41,1.66,0.93
72.0,68.0,1.0,sdcm_core,3.097,1.689,0.942,9.41,1.66,0.93
72.0,70.0,1.0,sdcm_core,3.097,1.689,0.942,9.41,1.66,0.93
72.0,72.0,1.0,sdcm_core,3.097,1.689,0.942,9.41,1.66,0.93
72.0,74.0,1.0,sdcm_core,3.097,1.689,0.942,9.41,1.66,0.93
72.0,76.0,1.0,sdcm_core,3.097,1.689,0.942,9.41,1.66,0.93
72.0,78.0,1.0,sdcm_core,3.097,1.689,0.942,9.41,1.66,0.93
72.0,80.0,1.0,sdcm_core,3.097,1.689,0.942,9.41,1.66,0.93
72.0,82.0,1.0,sdcm_core,3.097,1.689,0.942,9.41,1.66,0.93
72.0,84.0,1.0,sdcm_core,3.097,1.689,0.942,9.41,1.66,0.93
72.0,86.0,1.0,sdcm_core,3.097,1.689,0.942,9.41,1.66,0.93
72.0,88.0,1.0,sdcm_core,3.097,1.689,0.942,9.41,1.66,0.93
72.0,90.0,1.0,sdcm_core,3.097,1.689,0.942,9.41,1.66,0.93
72.0,92.0,1.0,sdcm_core,3.097,1.689,0.942,9.41,1.66,0.93
72.0,94.0,1.0,sdcm_core,3.097,1.689,0.942,9.41,1.66,0.93
72.0,96.0,1.0,sdcm_core,3.097,1.689,0.942,9.41,1.66,0.93
72.0,98.0,1.0,sdcm_core,3.097,1.689,0.942,9.41,1.66,0.93
72.0,100.0,1.0,sdcm_core,3.097,1.689,0.942,9.41,1.66,0.93
72.0,102.0,1.0,sdcm_core,3.097,1.689,0.942,9.41,1.66,0.93
72.0,104.0,1.0,sdcm_core,3.097,1.689,0.942,9.41,1.66,0.93
72.0,106.0,1.0,sdcm_core,3.097,1.689,0.942,9.41,1.66,0.93
72.0,108.0,1.0,sdcm_core,3.097,1.689,0.942,9.41,1.66,0.93
72.0,110.0,1.0,sdcm_core,3.097,1.689,0.942,9.41,1.66,0.93
72.0,112.0,1.0,sdcm_core,3.097,1.689,0.942,9.41,1.66,0.93
72.0,114.0,1.0,sdcm_core,3.097,1.689,0.942,9.41,1.66,0.93
72.0,116.0,1.0,sdcm_core,3.097,1.689,0.942,9.41,1.66,0.93
72.0,118.0,1.0,sdcm_core,3.097,1.689,0.942,9.41,1.66,0.93
72.0,120.0,1.0,sdcm_core,3.097,1.689,0.942,9.41,1.66,0.93
72.0,122.0,1.0,sdcm_core,3.097,1.689,0.942,9.41,1.66,0.93
72.0,124.0,1.0,sdcm_core,3.097,1.689,0.942,9.41,1.66,0.93
72.0,126.0,1.0,sdcm_core,3.097,1.689,0.942,9.41,1.66,0.93
72.0,128.0,1.0,sdcm_core,3.097,1.689,0.942,9.41,1.66,0.93
72.0,130.0,1.0,sdcm_core,3.097,1.689,0.942,9.41,1.66,0.93
72.0,132.0,1.0,sdcm_core,3.097,1.689,0.942,9.41,1.66,0.93
72.0,134.0,1.0,sdcm_core,3.097,1.689,0.942,9.41,1.66,0.93
72.0,136.0,1.0,sdcm_core,3.097,1.689,0.942,9.41,1.66,0.93
72.0,138.0,1.0,sdcm_core,3.097,1.689,0.942,9.41,1.66,0.93
72.0,140.0,1.0,sdcm_core,3.097,1.689,0.942,9.41,1.66,0.93
72.0,142.0,1.0,sdcm_core,3.097,1.689,0.942,9.41,1.66,0.93
72.0,144.0,1.0,sdcm_core,3.097,1.689,0.942,9.41,1.66,0.93
72.0,146.0,1.0,sdcm_core,3.097,1.689,0.942,9.41,1.66,0.93
72.0,148.0,1.0,sdcm_core,3.097,1.689,0.942,9.41,1.66,0.93
72.0,150.0,1.0,sdcm_core,3.097,1.689,0.942,9.41,1.66,0.93
72.0,152.0,1.0,sdcm_core,3.097,1.689,0.942,9.41,1.66,0.93
72.0,154.0,1.0,sdcm_core,3.097,1.689,0.942,9.41,1.66,0.93
72.0,156.0,1.0,sdcm_core,3.097,1.689,0.942,9.41,1.66,0.93
72.0,158.0,1.0,sdcm_core,3.097,1.689,0.942,9.41,1.66,0.93
72.0,160.0,1.0,sdcm_core,3.097,1.689,0.942,9.41,1.66,0.93
72.0,162.0,1.0,sdcm_core,3.097,1.689,0.942,9.41,1.66,0.93
72.0,164.0,1.0,sdcm_core,3.097,1.689,0.942,9.41,1.66,0.93
72.0,166.0,1.0,sdcm_core,3.097,1.689,0.942,9.41,1.66,0.93
72.0,168.0,1.0,sdcm_core,3.097,1.689,0.942,9.41,1.66,0.93
72.0,170.0,1.0,sdcm_core,3.097,1.689,0.942,9.41,1.66,0.93
72.0,172.0,1.0,sdcm_core,3.097,1.689,0.942,9.41,1.66,0.93
72.0,174.0,1.0,sdcm_core,3.097,1.689,0.942,9.41,1.66,0.93
72.0,176.0,1.0,sdcm_core,3.097,1.689,0.942,9.41,1.66,0.93
72.0,178.0,1.0,sdcm_core,3.097,1.689,0.942,9.41,1.66,0.93
72.0,180.0,1.0,sdcm_core,3.097,1.689,0.942,9.41,1.66,0.93
74.0,20.0,1.0,sdcm_core,3.097,1.689,0.942,9.41,1.66,0.93
74.0,22.0,1.0,sdcm_core,3.097,1.689,0.942,9.41,1.66,0.93
74.0,24.0,1.0,sdcm_core,3.097,1.689,0.942,9.41,1.66,0.93
74.0,26.0,1.0,sdcm_core,3.097,1.689,0.942,9.41,1.66,0.93
74.0,28.0,1.0,sdcm_core,3.097,1.689,0.942,9.41,1.66,0.93
74.0,30.0,1.0,sdcm_core,3.097,1.689,0.942,9.41,1.66,0.93
74.0,32.0,1.0,sdcm_core,3.097,1.689,0.942,9.41,1.66,0.93
74.0,34.0,1.0,sdcm_core,3.097,1.689,0.942,9.41,1.66,0.93
74.0,36.0,1.0,sdcm_core,3.097,1.689,0.942,9.41,1.66,0.93
74.0,38.0,1.0,sdcm_core,3.097,1.689,0.942,9.41,1.66,0.93
74.0,40.0,1.0,sdcm_core,3.097,1.689,0.942,9.41,1.66,0.93
74.0,42.0,1.0,sdcm_core,3.097,1.689,0.942,9.41,1.66,0.93
74.0,44.0,1.0,sdcm_core,3.097,1.689,0.942,9.41,1.66,0.93
74.0,46.0,1.0,sdcm_core,3.097,1.689,0.942,9.41,1.66,0.93
74.0,48.0,1.0,sdcm_core,3.097,1.689,0.942,9.41,1.66,0.93
74.0,50.0,1.0,sdcm_core,3.097,1.689,0.942,9.41,1.66,0.93
74.0,52.0,1.0,sdcm_core,3.097,1.689,0.942,9.41,1.66,0.93
74.0,54.0,1.0,sdcm_core,3.097,1.689,0.942,9.41,1.66,0.93
74.0,56.0,1.0,sdcm_core,3.097,1.689,0.942,9.41,1.66,0.93
74.0,58.0,1.0,sdcm_core,3.097,1.689,0.942,9.41,1.66,0.93
74.0,60.0,1.0,sdcm_core,3.097,1.689,0.942,9.41,1.66,0.93
74.0,62.0,1.0,sdcm_core,3.097,1.689,0.942,9.41,1.66,0.93
74.0,64.0,1.0,sdcm_core,3.097,1.689,0.942,9.41,1.66,0.93
74.0,66.0,1.0,sdcm_core,3.097,1.689,0.942,9.41,1.66,0.93
74.0,68.0,1.0,sdcm_core,3.097,1.689,0.942,9.41,1.66,0.93
74.0,70.0,1.0,sdcm_core,3.097,1.689,0.942,9.41,1.66,0.93
74.0,72.0,1.0,sdcm_core,3.097,1.689,0.942,9.41,1.66,0.93
74.0,74.0,1.0,sdcm_core,3.097,1.689,0.942,9.41,1.66,0.93
74.0,76.0,1.0,sdcm_core,3.097,1.689,0.942,9.41,1.66,0.93
74.0,78.0,1.0,sdcm_core,3.097,1.689,0.942,9.41,1.66,0.93
74.0,80.0,1.0,sdcm_core,3.097,1.689,0.942,9.41,1.66,0.93
74.0,82.0,1.0,sdcm_core,3.097,1.689,0.942,9.41,1.66,0.93
74.0,84.0,1.0,sdcm_core,3.097,1.689,0.942,9.41,1.66,0.93
74.0,86.0,1.0,sdcm_core,3.097,1.689,0.942,9.41,1.66,0.93
74.0,88.0,1.0,sdcm_core,3.097,1.689,0.942,9.41,1.66,0.93
74.0,90.0,1.0,sdcm_core,3.097,1.689,0.942,9.41,1.66,0.93
74.0,92.0,1.0,sdcm_core,3.097,1.689,0.942,9.41,1.66,0.93
74.0,94.0,1.0,sdcm_core,3.097,1.689,0.942,9.41,1.66,0.93
74.0,96.0,1.0,sdcm_core,3.097,1.689,0.942,9.41,1.66,0.93
74.0,98.0,1.0,sdcm_core,3.097,1.689,0.942,9.41,1.66,0.93
74.0,100.0,1.0,sdcm_core,3.097,1.689,0.942,9.41,1.66,0.93
74.0,102.0,1.0,sdcm_core,3.097,1.689,0.942,9.41,1.66,0.93
74.0,104.0,1.0,sdcm_core,3.097,1.689,0.942,9.41,1.66,0.93
74.0,106.0,1.0,sdcm_core,3.097,1.689,0.942,9.41,1.66,0.93
74.0,108.0,1.0,sdcm_core,3.097,1.689,0.942,9.41,1.66,0.93
74.0,110.0,1.0,sdcm_core,3.097,1.689,0.942,9.41,1.66,0.93
74.0,112.0,1.0,sdcm_core,3.097,1.689,0.942,9.41,1.66,0.93
74.0,114.0,1.0,sdcm_core,3.097,1.689,0.942,9.41,1.66,0.93
74.0,116.0,1.0,sdcm_core,3.097,1.689,0.942,9.41,1.66,0.93
74.0,118.0,1.0,sdcm_core,3.097,1.689,0.942,9.41,1.66,0.93
74.0,120.0,1.0,sdcm_core,3.097,1.689,0.942,9.41,1.66,0.93
74.0,122.0,1.0,sdcm_core,3.097,1.689,0.942,9.41,1.66,0.93
74.0,124.0,1.0,sdcm_core,3.097,1.689,0.942,9.41,1.66,0.93
74.0,126.0,1.0,sdcm_core,3.097,1.689,0.942,9.41,1.66,0.93
74.0,128.0,1.0,sdcm_core,3.097,1.689,0.942,9.41,1.66,0.93
74.0,130.0,1.0,sdcm_core,3.097,1.689,0.942,9.41,1.66,0.93
74.0,132.0,1.0,sdcm_core,3.097,1.689,0.942,9.41,1.66,0.93
74.0,134.0,1.0,sdcm_core,3.097,1.689,0.942,9.41,1.66,0.93
74.0,136.0,1.0,sdcm_core,3.097,1.689,0.942,9.41,1.66,0.93
74.0,138.0,1.0,sdcm_core,3.097,1.689,0.942,9.41,1.66,0.93
74.0,140.0,1.0,sdcm_core,3.097,1.689,0.942,9.41,1.66,0.93
74.0,142.0,1.0,sdcm_core,3.097,1.689,0.942,9.41,1.66,0.93
74.0,144.0,1.0,sdcm_core,3.097,1.689,0.942,9.41,1.66,0.93
74.0,146.0,1.0,sdcm_core,3.097,1.689,0.942,9.41,1.66,0.93
74.0,148.0,1.0,sdcm_core,3.097,1.689,0.942,9.41,1.66,0.93
74.0,150.0,1.0,sdcm_core,3.097,1.689,0.942,9.41,1.66,0.93
74.0,152.0,1.0,sdcm_core,3.097,1.689,0.942,9.41,1.66,0.93
74.0,154.0,1.0,sdcm_core,3.097,1.689,0.942,9.41,1.66,0.93
74.0,156.0,1.0,sdcm_core,3.097,1.689,0.942,9.41,1.66,0.93
74.0,158.0,1.0,sdcm_core,3.097,1.689,0.942,9.41,1.66,0.93
74.0,160.0,1.0,sdcm_core,3.097,1.689,0.942,9.41,1.66,0.93
74.0,162.0,1.0,sdcm_core,3.097,1.689,0.942,9.41,1.66,0.93
74.0,164.0,1.0,sdcm_core,3.097,1.689,0.942,9.41,1.66,0.93
74.0,166.0,1.0,sdcm_core,3.097,1.689,0.942,9.41,1.66,0.93
74.0,168.0,1.0,sdcm_core,3.097,1.689,0.942,9.41,1.66,0.93
74.0,170.0,1.0,sdcm_core,3.097,1.689,0.942,9.41,1.66,0.93
74.0,172.0,1.0,sdcm_core,3.097,1.689,0.942,9.41,1.66,0.93
74.0,174.0,1.0,sdcm_core,3.097,1.689,0.942,9.41,1.66,0.93
74.0,176.0,1.0,sdcm_core,3.097,1.689,0.942,9.41,1.66,0.93
74.0,178.0,1.0,sdcm_core,3.097,1.689,0.942,9.41,1.66,0.93
74.0,180.0,1.0,sdcm_core,3.097,1.689,0.942,9.41,1.66,0.93
76.0,20.0,1.0,sdcm_core,3.097,1.689,0.942,9.41,1.66,0.93
76.0,22.0,1.0,sdcm_core,3.097,1.689,0.942,9.41,1.66,0.93
76.0,24.0,1.0,sdcm_core,3.097,1.689,0.942,9.41,1.66,0.93
76.0,26.0,1.0,sdcm_core,3.097,1.689,0.942,9.41,1.66,0.93
76.0,28.0,1.0,sdcm_core,3.097,1.689,0.942,9.41,1.66,0.93
76.0,30.0,1.0,sdcm_core,3.097,1.689,0.942,9.41,1.66,0.93
76.0,32.0,1.0,sdcm_core,3.097,1.689,0.942,9.41,1.66,0.93
76.0,34.0,1.0,sdcm_core,3.097,1.689,0.942,9.41,1.66,0.93
76.0,36.0,1.0,sdcm_core,3.097,1.689,0.942,9.41,1.66,0.93
76.0,38.0,1.0,sdcm_core,3.097,1.689,0.942,9.41,1.66,0.93
76.0,40.0,1.0,sdcm_core,3.097,1.689,0.942,9.41,1.66,0.93
76.0,42.0,1.0,sdcm_core,3.097,1.689,0.942,9.41,1.66,0.93
76.0,44.0,1.0,sdcm_core,3.097,1.689,0.942,9.41,1.66,0.93
76.0,46.0,1.0,sdcm_core,3.097,1.689,0.942,9.41,1.66,0.93
76.0,48.0,1.0,sdcm_core,3.097,1.689,0.942,9.41,1.66,0.93
76.0,50.0,1.0,sdcm_core,3.097,1.689,0.942,9.41,1.66,0.93
76.0,52.0,1.0,sdcm_core,3.097,1.689,0.942,9.41,1.66,0.93
76.0,54.0,1.0,sdcm_core,3.097,1.689,0.942,9.41,1.66,0.93
76.0,56.0,1.0,sdcm_core,3.097,1.689,0.942,9.41,1.66,0.93
76.0,58.0,1.0,sdcm_core,3.097,1.689,0.942,9.41,1.66,0.93
76.0,60.0,1.0,sdcm_core,3.097,1.689,0.942,9.41,1.66,0.93
76.0,62.0,1.0,sdcm_core,3.097,1.689,0.942,9.41,1.66,0.93
76.0,64.0,1.0,sdcm_core,3.097,1.689,0.942,9.41,1.66,0.93
76.0,66.0,1.0,sdcm_core,3.097,1.689,0.942,9.41,1.66,0.93
76.0,68.0,1.0,sdcm_core,3.097,1.689,0.942,9.41,1.66,0.93
76.0,70.0,1.0,sdcm_core,3.097,1.689,0.942,9.41,1.66,0.93
76.0,72.0,1.0,sdcm_core,3.097,1.689,0.942,9.41,1.66,0.93
76.0,74.0,1.0,sdcm_core,3.097,1.689,0.942,9.41,1.66,0.93
76.0,76.0,1.0,sdcm_core,3.097,1.689,0.942,9.41,1.66,0.93
76.0,78.0,1.0,sdcm_core,3.097,1.689,0.942,9.41,1.66,0.93
76.0,80.0,1.0,sdcm_core,3.097,1.689,0.942,9.41,1.66,0.93
76.0,82.0,1.0,sdcm_core,3.097,1.689,0.942,9.41,1.66,0.93
76.0,84.0,1.0,sdcm_core,3.097,1.689,0.942,9.41,1.66,0.93
76.0,86.0,1.0,sdcm_core,3.097,1.689,0.942,9.41,1.66,0.93
76.0,88.0,1.0,sdcm_core,3.097,1.689,0.942,9.41,1.66,0.93
76.0,90.0,1.0,sdcm_core,3.097,1.689,0.942,9.41,1.66,0.93
76.0,92.0,1.0,sdcm_core,3.097,1.689,0.942,9.41,1.66,0.93
76.0,94.0,1.0,sdcm_core,3.097,1.689,0.942,9.41,1.66,0.93
76.0,96.0,1.0,sdcm_core,3.097,1.689,0.942,9.41,1.66,0.93
76.0,98.0,1.0,sdcm_core,3.097,1.689,0.942,9.41,1.66,0.93
76.0,100.0,1.0,sdcm_core,3.097,1.689,0.942,9.41,1.66,0.93
76.0,102.0,1.0,sdcm_core,3.097,1.689,0.942,9.41,1.66,0.93
76.0,104.0,1.0,sdcm_core,3.097,1.689,0.942,9.41,1.66,0.93
76.0,106.0,0.987,sdcm_core,3.097,1.689,0.942,9.41,1.66,0.93
76.0,108.0,1.0,sdcm_core,3.097,1.689,0.942,9.41,1.66,0.93
76.0,110.0,1.0,sdcm_core,3.097,1.689,0.942,9.41,1.66,0.93
76.0,112.0,1.0,sdcm_core,3.097,1.689,0.942,9.41,1.66,0.93
76.0,114.0,1.0,sdcm_core,3.097,1.689,0.942,9.41,1.66,0.93
76.0,116.0,1.0,sdcm_core,3.097,1.689,0.942,9.41,1.66,0.93
76.0,118.0,1.0,sdcm_core,3.097,1.689,0.942,9.41,1.66,0.93
76.0,120.0,1.0,sdcm_core,3.097,1.689,0.942,9.41,1.66,0.93
76.0,122.0,1.0,sdcm_core,3.097,1.689,0.942,9.41,1.66,0.93
76.0,124.0,1.0,sdcm_core,3.097,1.689,0.942,9.41,1.66,0.93
76.0,126.0,1.0,sdcm_core,3.097,1.689,0.942,9.41,1.66,0.93
76.0,128.0,1.0,sdcm_core,3.097,1.689,0.942,9.41,1.66,0.93
76.0,130.0,1.0,sdcm_core,3.097,1.689,0.942,9.41,1.66,0.93
76.0,132.0,1.0,sdcm_core,3.097,1.689,0.942,9.41,1.66,0.93
76.0,134.0,1.0,sdcm_core,3.097,1.689,0.942,9.41,1.66,0.93
76.0,136.0,1.0,sdcm_core,3.097,1.689,0.942,9.41,1.66,0.93
76.0,138.0,1.0,sdcm_core,3.097,1.689,0.942,9.41,1.66,0.93
76.0,140.0,1.0,sdcm_core,3.097,1.689,0.942,9.41,1.66,0.93
76.0,142.0,1.0,sdcm_core,3.097,1.689,0.942,9.41,1.66,0.93
76.0,144.0,1.0,sdcm_core,3.097,1.689,0.942,9.41,1.66,0.93
76.0,146.0,1.0,sdcm_core,3.097,1.689,0.942,9.41,1.66,0.93
76.0,148.0,1.0,sdcm_core,3.097,1.689,0.942,9.41,1.66,0.93
76.0,150.0,1.0,sdcm_core,3.097,1.689,0.942,9.41,1.66,0.93
76.0,152.0,1.0,sdcm_core,3.097,1.689,0.942,9.41,1.66,0.93
76.0,154.0,1.0,sdcm_core,3.097,1.689,0.942,9.41,1.66,0.93
76.0,156.0,1.0,sdcm_core,3.097,1.689,0.942,9.41,1.66,0.93
76.0,158.0,1.0,sdcm_core,3.097,1.689,0.942,9.41,1.66,0.93
76.0,160.0,1.0,sdcm_core,3.097,1.689,0.942,9.41,1.66,0.93
76.0,162.0,1.0,sdcm_core,3.097,1.689,0.942,9.41,1.66,0.93
76.0,164.0,1.0,sdcm_core,3.097,1.689,0.942,9.41,1.66,0.93
76.0,166.0,1.0,sdcm_core,3.097,1.689,0.942,9.41,1.66,0.93
76.0,168.0,1.0,sdcm_core,3.097,1.689,0.942,9.41,1.66,0.93
76.0,170.0,1.0,sdcm_core,3.097,1.689,0.942,9.41,1.66,0.93
76.0,172.0,1.0,sdcm_core,3.097,1.689,0.942,9.41,1.66,0.93
76.0,174.0,1.0,sdcm_core,3.097,1.689,0.942,9.41,1.66,0.93
76.0,176.0,1.0,sdcm_core,3.097,1.689,0.942,9.41,1.66,0.93
76.0,178.0,1.0,sdcm_core,3.097,1.689,0.942,9.41,1.66,0.93
76.0,180.0,1.0,sdcm_core,3.097,1.689,0.942,9.41,1.66,0.93
78.0,20.0,0.904,sdcm_core,3.097,1.689,0.942,9.41,1.66,0.93
78.0,22.0,0.943,sdcm_core,3.097,1.689,0.942,9.41,1.66,0.93
78.0,24.0,0.977,sdcm_core,3.097,1.689,0.942,9.41,1.66,0.93
78.0,26.0,1.0,sdcm_core,3.097,1.689,0.942,9.41,1.66,0.93
78.0,28.0,1.0,sdcm_core,3.097,1.689,0.942,9.41,1.66,0.93
78.0,30.0,1.0,sdcm_core,3.097,1.689,0.942,9.41,1.66,0.93
78.0,32.0,1.0,sdcm_core,3.097,1.689,0.942,9.41,1.66,0.93
78.0,34.0,1.0,sdcm_core,3.097,1.689,0.942,9.41,1.66,0.93
78.0,36.0,1.0,sdcm_core,3.097,1.689,0.942,9.41,1.66,0.93
78.0,38.0,1.0,sdcm_core,3.097,1.689,0.942,9.41,1.66,0.93
78.0,40.0,1.0,sdcm_core,3.097,1.689,0.942,9.41,1.66,0.93
78.0,42.0,1.0,sdcm_core,3.097,1.689,0.942,9.41,1.66,0.93
78.0,44.0,1.0,sdcm_core,3.097,1.689,0.942,9.41,1.66,0.93
78.0,46.0,1.0,sdcm_core,3.097,1.689,0.942,9.41,1.66,0.93
78.0,48.0,1.0,sdcm_core,3.097,1.689,0.942,9.41,1.66,0.93
78.0,50.0,1.0,sdcm_core,3.097,1.689,0.942,9.41,1.66,0.93
78.0,52.0,0.97,sdcm_core,3.097,1.689,0.942,9.41,1.66,0.93
78.0,54.0,0.935,sdcm_core,3.097,1.689,0.942,9.41,1.66,0.93
78.0,56.0,0.896,sdcm_core,3.097,1.689,0.942,9.41,1.66,0.93
78.0,58.0,0.852,sdcm_core,3.097,1.689,0.942,9.41,1.66,0.93
78.0,60.0,0.805,sdcm_core,3.097,1.689,0.942,9.41,1.66,0.93
78.0,62.0,0.753,sdcm_core,3.097,1.689,0.942,9.41,1.66,0.93
78.0,64.0,0.699,sdcm_core,3.097,1.689,0.942,9.41,1.66,0.93
78.0,66.0,0.715,sdcm_core,3.097,1.689,0.942,9.41,1.66,0.93
78.0,68.0,0.751,sdcm_core,3.097,1.689,0.942,9.41,1.66,0.93
78.0,70.0,0.783,sdcm_core,3.097,1.689,0.942,9.41,1.66,0.93
78.0,72.0,0.811,sdcm_core,3.097,1.689,0.942,9.41,1.66,0.93
78.0,74.0,0.834,sdcm_core,3.097,1.689,0.942,9.41,1.66,0.93
78.0,76.0,0.853,sdcm_core,3.097,1.689,0.942,9.41,1.66,0.93
78.0,78.0,0.866,sdcm_core,3.097,1.689,0.942,9.41,1.66,0.93
78.0,80.0,0.876,sdcm_core,3.097,1.689,0.942,9.41,1.66,0.93
78.0,82.0,0.88,sdcm_core,3.097,1.689,0.942,9.41,1.66,0.93
78.0,84.0,0.88,sdcm_core,3.097,1.689,0.942,9.41,1.66,0.93
78.0,86.0,0.875,sdcm_core,3.097,1.689,0.942,9.41,1.66,0.93
78.0,88.0,0.865,sdcm_core,3.097,1.689,0.942,9.41,1.66,0.93
78.0,90.0,0.851,sdcm_core,3.097,1.689,0.942,9.41,1.66,0.93
78.0,92.0,0.832,sdcm_core,3.097,1.689,0.942,9.41,1.66,0.93
78.0,94.0,0.808,sdcm_core,3.097,1.689,0.942,9.41,1.66,0.93
78.0,96.0,0.78,sdcm_core,3.097,1.689,0.942,9.41,1.66,0.93
78.0,98.0,0.748,sdcm_core,3.097,1.689,0.942,9.41,1.66,0.93
78.0,100.0,0.711,sdcm_core,3.097,1.689,0.942,9.41,1.66,0.93
78.0,102.0,0.671,sdcm_core,3.097,1.689,0.942,9.41,1.66,0.93
78.0,104.0,0.724,sdcm_core,3.097,1.689,0.942,9.41,1.66,0.93
78.0,106.0,0.808,sdcm_core,3.097,1.689,0.942,9.41,1.66,0.93
78.0,108.0,0.891,sdcm_core,3.097,1.689,0.942,9.41,1.66,0.93
78.0,110.0,0.971,sdcm_core,3.097,1.689,0.942,9.41,1.66,0.93
78.0,112.0,1.0,sdcm_core,3.097,1.689,0.942,9.41,1.66,0.93
78.0,114.0,1.0,sdcm_core,3.097,1.689,0.942,9.41,1.66,0.93
78.0,116.0,1.0,sdcm_core,3.097,1.689,0.942,9.41,1.66,0.93
78.0,118.0,1.0,sdcm_core,3.097,1.689,0.942,9.41,1.66,0.93
78.0,120.0,1.0,sdcm_core,3.097,1.689,0.942,9.41,1.66,0.93
78.0,122.0,1.0,sdcm_core,3.097,1.689,0.942,9.41,1.66,0.93
78.0,124.0,1.0,sdcm_core,3.097,1.689,0.942,9.41,1.66,0.93
78.0,126.0,1.0,sdcm_core,3.097,1.689,0.942,9.41,1.66,0.93
78.0,128.0,1.0,sdcm_core,3.097,1.689,0.942,9.41,1.66,0.93
78.0,130.0,1.0,sdcm_core,3.097,1.689,0.942,9.41,1.66,0.93
78.0,132.0,1.0,sdcm_core,3.097,1.689,0.942,9.41,1.66,0.93
78.0,134.0,1.0,sdcm_core,3.097,1.689,0.942,9.41,1.66,0.93
78.0,136.0,1.0,sdcm_core,3.097,1.689,0.942,9.41,1.66,0.93
78.0,138.0,1.0,sdcm_core,3.097,1.689,0.942,9.41,1.66,0.93
78.0,140.0,1.0,sdcm_core,3.097,1.689,0.942,9.41,1.66,0.93
78.0,142.0,1.0,sdcm_core,3.097,1.689,0.942,9.41,1.66,0.93
78.0,144.0,1.0,sdcm_core,3.097,1.689,0.942,9.41,1.66,0.93
78.0,146.0,1.0,sdcm_core,3.097,1.689,0.942,9.41,1.66,0.93
78.0,148.0,1.0,sdcm_core,3.097,1.689,0.942,9.41,1.66,0.93
78.0,150.0,1.0,sdcm_core,3.097,1.689,0.942,9.41,1.66,0.93
78.0,152.0,1.0,sdcm_core,3.097,1.689,0.942,9.41,1.66,0.93
78.0,154.0,1.0,sdcm_core,3.097,1.689,0.942,9.41,1.66,0.93
78.0,156.0,1.0,sdcm_core,3.097,1.689,0.942,9.41,1.66,0.93
78.0,158.0,1.0,sdcm_core,3.097,1.689,0.942,9.41,1.66,0.93
78.0,160.0,1.0,sdcm_core,3.097,1.689,0.942,9.41,1.66,0.93
78.0,162.0,1.0,sdcm_core,3.097,1.689,0.942,9.41,1.66,0.93
78.0,164.0,1.0,sdcm_core,3.097,1.689,0.942,9.41,1.66,0.93
78.0,166.0,1.0,sdcm_core,3.097,1.689,0.942,9.41,1.66,0.93
78.0,168.0,1.0,sdcm_core,3.097,1.689,0.942,9.41,1.66,0.93
78.0,170.0,1.0,sdcm_core,3.097,1.689,0.942,9.41,1.66,0.93
78.0,172.0,1.0,sdcm_core,3.097,1.689,0.942,9.41,1.66,0.93
78.0,174.0,1.0,sdcm_core,3.097,1.689,0.942,9.41,1.66,0.93
78.0,176.0,1.0,sdcm_core,3.097,1.689,0.942,9.41,1.66,0.93
78.0,178.0,1.0,sdcm_core,3.097,1.689,0.942,9.41,1.66,0.93
78.0,180.0,1.0,sdcm_core,3.097,1.689,0.942,9.41,1.66,0.93
80.0,20.0,0.501,sdcm_core,3.097,1.689,0.942,9.41,1.66,0.93
80.0,22.0,0.531,sdcm_core,3.097,1.689,0.942,9.41,1.66,0.93
80.0,24.0,0.558,sdcm_core,3.097,1.689,0.942,9.41,1.66,0.93
80.0,26.0,0.581,sdcm_core,3.097,1.689,0.942,9.41,1.66,0.93
80.0,28.0,0.601,sdcm_core,3.097,1.689,0.942,9.41,1.66,0.93
80.0,30.0,0.617,sdcm_core,3.097,1.689,0.942,9.41,1.66,0.93
80.0,32.0,0.629,sdcm_core,3.097,1.689,0.942,9.41,1.66,0.93
80.0,34.0,0.638,sdcm_core,3.097,1.689,0.942,9.41,1.66,0.93
80.0,36.0,0.643,sdcm_core,3.097,1.689,0.942,9.41,1.66,0.93
80.0,38.0,0.645,sdcm_core,3.097,1.689,0.942,9.41,1.66,0.93
80.0,40.0,0.643,sdcm_core,3.097,1.689,0.942,9.41,1.66,0.93
80.0,42.0,0.637,sdcm_core,3.097,1.689,0.942,9.41,1.66,0.93
80.0,44.0,0.627,sdcm_core,3.097,1.689,0.942,9.41,1.66,0.93
80.0,46.0,0.614,sdcm_core,3.097,1.689,0.942,9.41,1.66,0.93
80.0,48.0,0.597,sdcm_core,3.097,1.689,0.942,9.41,1.66,0.93
80.0,50.0,0.577,sdcm_core,3.097,1.689,0.942,9.41,1.66,0.93
80.0,52.0,0.553,sdcm_core,3.097,1.689,0.942,9.41,1.66,0.93
80.0,54.0,0.525,sdcm_core,3.097,1.689,0.942,9.41,1.66,0.93
80.0,56.0,0.495,sdcm_edge,3.097,1.689,1.353,9.41,1.66,1.33
80.0,58.0,0.461,sdcm_edge,3.097,1.689,1.376,9.41,1.66,1.36
80.0,60.0,0.424,sdcm_edge,3.097,1.689,1.401,9.41,1.66,1.38
80.0,62.0,0.384,sdcm_edge,3.097,1.689,1.428,9.41,1.66,1.41
80.0,64.0,0.341,sdcm_edge,3.097,1.689,1.457,9.41,1.66,1.44
80.0,66.0,0.308,sdcm_edge,3.097,1.689,1.48,9.41,1.66,1.46
80.0,68.0,0.336,sdcm_edge,3.097,1.689,1.461,9.41,1.66,1.44
80.0,70.0,0.361,sdcm_edge,3.097,1.689,1.444,9.41,1.66,1.42
80.0,72.0,0.382,sdcm_edge,3.097,1.689,1.429,9.41,1.66,1.41
80.0,74.0,0.4,sdcm_edge,3.097,1.689,1.417,9.41,1.66,1.4
80.0,76.0,0.414,sdcm_edge,3.097,1.689,1.407,9.41,1.66,1.39
80.0,78.0,0.425,sdcm_edge,3.097,1.689,1.4,9.41,1.66,1.38
80.0,80.0,0.432,sdcm_edge,3.097,1.689,1.395,9.41,1.66,1.37
80.0,82.0,0.435,sdcm_edge,3.097,1.689,1.393,9.41,1.66,1.37
80.0,84.0,0.435,sdcm_edge,3.097,1.689,1.393,9.41,1.66,1.37
80.0,86.0,0.431,sdcm_edge,3.097,1.689,1.396,9.41,1.66,1.38
80.0,88.0,0.424,sdcm_edge,3.097,1.689,1.401,9.41,1.66,1.38
80.0,90.0,0.413,sdcm_edge,3.097,1.689,1.408,9.41,1.66,1.39
80.0,92.0,0.398,sdcm_edge,3.097,1.689,1.418,9.41,1.66,1.4
80.0,94.0,0.38,sdcm_edge,3.097,1.689,1.431,9.41,1.66,1.41
80.0,96.0,0.358,sdcm_edge,3.097,1.689,1.445,9.41,1.66,1.42
80.0,98.0,0.373,sdcm_edge,3.097,1.689,1.436,9.41,1.66,1.41
80.0,100.0,0.449,sdcm_edge,3.097,1.689,1.384,9.41,1.66,1.36
80.0,102.0,0.525,sdcm_core,3.097,1.689,0.942,9.41,1.66,0.93
80.0,104.0,0.602,sdcm_core,3.097,1.689,0.942,9.41,1.66,0.93
80.0,106.0,0.679,sdcm_core,3.097,1.689,0.942,9.41,1.66,0.93
80.0,108.0,0.756,sdcm_core,3.097,1.689,0.942,9.41,1.66,0.93
80.0,110.0,0.833,sdcm_core,3.097,1.689,0.942,9.41,1.66,0.93
80.0,112.0,0.911,sdcm_core,3.097,1.689,0.942,9.41,1.66,0.93
80.0,114.0,0.988,sdcm_core,3.097,1.689,0.942,9.41,1.66,0.93
80.0,116.0,1.0,sdcm_core,3.097,1.689,0.942,9.41,1.66,0.93
80.0,118.0,1.0,sdcm_core,3.097,1.689,0.942,9.41,1.66,0.93
80.0,120.0,1.0,sdcm_core,3.097,1.689,0.942,9.41,1.66,0.93
80.0,122.0,1.0,sdcm_core,3.097,1.689,0.942,9.41,1.66,0.93
80.0,124.0,1.0,sdcm_core,3.097,1.689,0.942,9.41,1.66,0.93
80.0,126.0,1.0,sdcm_core,3.097,1.689,0.942,9.41,1.66,0.93
80.0,128.0,1.0,sdcm_core,3.097,1.689,0.942,9.41,1.66,0.93
80.0,130.0,1.0,sdcm_core,3.097,1.689,0.942,9.41,1.66,0.93
80.0,132.0,1.0,sdcm_core,3.097,1.689,0.942,9.41,1.66,0.93
80.0,134.0,1.0,sdcm_core,3.097,1.689,0.942,9.41,1.66,0.93
80.0,136.0,1.0,sdcm_core,3.097,1.689,0.942,9.41,1.66,0.93
80.0,138.0,1.0,sdcm_core,3.097,1.689,0.942,9.41,1.66,0.93
80.0,140.0,1.0,sdcm_core,3.097,1.689,0.942,9.41,1.66,0.93
80.0,142.0,1.0,sdcm_core,3.097,1.689,0.942,9.41,1.66,0.93
80.0,144.0,1.0,sdcm_core,3.097,1.689,0.942,9.41,1.66,0.93
80.0,146.0,1.0,sdcm_core,3.097,1.689,0.942,9.41,1.66,0.93
80.0,148.0,1.0,sdcm_core,3.097,1.689,0.942,9.41,1.66,0.93
80.0,150.0,1.0,sdcm_core,3.097,1.689,0.942,9.41,1.66,0.93
80.0,152.0,1.0,sdcm_core,3.097,1.689,0.942,9.41,1.66,0.93
80.0,154.0,1.0,sdcm_core,3.097,1.689,0.942,9.41,1.66,0.93
80.0,156.0,1.0,sdcm_core,3.097,1.689,0.942,9.41,1.66,0.93
80.0,158.0,1.0,sdcm_core,3.097,1.689,0.942,9.41,1.66,0.93
80.0,160.0,1.0,sdcm_core,3.097,1.689,0.942,9.41,1.66,0.93
80.0,162.0,1.0,sdcm_core,3.097,1.689,0.942,9.41,1.66,0.93
80.0,164.0,1.0,sdcm_core,3.097,1.689,0.942,9.41,1.66,0.93
80.0,166.0,1.0,sdcm_core,3.097,1.689,0.942,9.41,1.66,0.93
80.0,168.0,1.0,sdcm_core,3.097,1.689,0.942,9.41,1.66,0.93
80.0,170.0,1.0,sdcm_core,3.097,1.689,0.942,9.41,1.66,0.93
80.0,172.0,1.0,sdcm_core,3.097,1.689,0.942,9.41,1.66,0.93
80.0,174.0,1.0,sdcm_core,3.097,1.689,0.942,9.41,1.66,0.93
80.0,176.0,1.0,sdcm_core,3.097,1.689,0.942,9.41,1.66,0.93
80.0,178.0,1.0,sdcm_core,3.097,1.689,0.942,9.41,1.66,0.93
80.0,180.0,1.0,sdcm_core,3.097,1.689,0.942,9.41,1.66,0.93
82.0,20.0,0.093,sdcm_edge,3.097,1.689,1.626,9.41,1.66,1.6
82.0,22.0,0.115,sdcm_edge,3.097,1.689,1.61,9.41,1.66,1.59
82.0,24.0,0.135,sdcm_edge,3.097,1.689,1.597,9.41,1.66,1.57
82.0,26.0,0.152,sdcm_edge,3.097,1.689,1.585,9.41,1.66,1.56
82.0,28.0,0.167,sdcm_edge,3.097,1.689,1.575,9.41,1.66,1.55
82.0,30.0,0.179,sdcm_edge,3.097,1.689,1.567,9.41,1.66,1.54
82.0,32.0,0.189,sdcm_edge,3.097,1.689,1.56,9.41,1.66,1.54
82.0,34.0,0.195,sdcm_edge,3.097,1.689,1.556,9.41,1.66,1.53
82.0,36.0,0.199,sdcm_edge,3.097,1.689,1.553,9.41,1.66,1.53
82.0,38.0,0.2,sdcm_edge,3.097,1.689,1.553,9.41,1.66,1.53
82.0,40.0,0.198,sdcm_edge,3.097,1.689,1.554,9.41,1.66,1.53
82.0,42.0,0.194,sdcm_edge,3.097,1.689,1.557,9.41,1.66,1.53
82.0,44.0,0.187,sdcm_edge,3.097,1.689,1.562,9.41,1.66,1.54
82.0,46.0,0.177,sdcm_edge,3.097,1.689,1.568,9.41,1.66,1.55
82.0,48.0,0.164,sdcm_edge,3.097,1.689,1.577,9.41,1.66,1.55
82.0,50.0,0.149,sdcm_edge,3.097,1.689,1.587,9.41,1.66,1.56
82.0,52.0,0.131,sdcm_edge,3.097,1.689,1.599,9.41,1.66,1.58
82.0,54.0,0.111,sdcm_edge,3.097,1.689,1.613,9.41,1.66,1.59
82.0,56.0,0.088,sdcm_edge,3.097,1.689,1.629,9.41,1.66,1.6
82.0,58.0,0.063,sdcm_edge,3.097,1.689,1.646,9.41,1.66,1.62
82.0,60.0,0.035,sdcm_edge,3.097,1.689,1.665,9.41,1.66,1.64
82.0,62.0,0.004,sdcm_edge,3.097,1.689,1.686,9.41,1.66,1.66
82.0,64.0,0.0,none,3.097,1.689,1.689,9.41,1.66,1.66
82.0,66.0,0.0,none,3.097,1.689,1.689,9.41,1.66,1.66
82.0,68.0,0.0,none,3.097,1.689,1.689,9.41,1.66,1.66
82.0,70.0,0.0,none,3.097,1.689,1.689,9.41,1.66,1.66
82.0,72.0,0.0,none,3.097,1.689,1.689,9.41,1.66,1.66
82.0,74.0,0.0,none,3.097,1.689,1.689,9.41,1.66,1.66
82.0,76.0,0.0,none,3.097,1.689,1.689,9.41,1.66,1.66
82.0,78.0,0.0,none,3.097,1.689,1.689,9.41,1.66,1.66
82.0,80.0,0.0,none,3.097,1.689,1.689,9.41,1.66,1.66
82.0,82.0,0.0,none,3.097,1.689,1.689,9.41,1.66,1.66
82.0,84.0,0.019,sdcm_edge,3.097,1.689,1.676,9.41,1.66,1.65
82.0,86.0,0.078,sdcm_edge,3.097,1.689,1.636,9.41,1.66,1.61
82.0,88.0,0.137,sdcm_edge,3.097,1.689,1.595,9.41,1.66,1.57
82.0,90.0,0.197,sdcm_edge,3.097,1.689,1.555,9.41,1.66,1.53
82.0,92.0,0.257,sdcm_edge,3.097,1.689,1.514,9.41,1.66,1.49
82.0,94.0,0.318,sdcm_edge,3.097,1.689,1.473,9.41,1.66,1.45
82.0,96.0,0.379,sdcm_edge,3.097,1.689,1.431,9.41,1.66,1.41
82.0,98.0,0.44,sdcm_edge,3.097,1.689,1.39,9.41,1.66,1.37
82.0,100.0,0.502,sdcm_core,3.097,1.689,0.942,9.41,1.66,0.93
82.0,102.0,0.564,sdcm_core,3.097,1.689,0.942,9.41,1.66,0.93
82.0,104.0,0.626,sdcm_core,3.097,1.689,0.942,9.41,1.66,0.93
82.0,106.0,0.688,sdcm_core,3.097,1.689,0.942,9.41,1.66,0.93
82.0,108.0,0.749,sdcm_core,3.097,1.689,0.942,9.41,1.66,0.93
82.0,110.0,0.811,sdcm_core,3.097,1.689,0.942,9.41,1.66,0.93
82.0,112.0,0.873,sdcm_core,3.097,1.689,0.942,9.41,1.66,0.93
82.0,114.0,0.934,sdcm_core,3.097,1.689,0.942,9.41,1.66,0.93
82.0,116.0,0.995,sdcm_core,3.097,1.689,0.942,9.41,1.66,0.93
82.0,118.0,1.0,sdcm_core,3.097,1.689,0.942,9.41,1.66,0.93
82.0,120.0,1.0,sdcm_core,3.097,1.689,0.942,9.41,1.66,0.93
82.0,122.0,1.0,sdcm_core,3.097,1.689,0.942,9.41,1.66,0.93
82.0,124.0,1.0,sdcm_core,3.097,1.689,0.942,9.41,1.66,0.93
82.0,126.0,1.0,sdcm_core,3.097,1.689,0.942,9.41,1.66,0.93
82.0,128.0,1.0,sdcm_core,3.097,1.689,0.942,9.41,1.66,0.93
82.0,130.0,1.0,sdcm_core,3.097,1.689,0.942,9.41,1.66,0.93
82.0,132.0,1.0,sdcm_core,3.097,1.689,0.942,9.41,1.66,0.93
82.0,134.0,1.0,sdcm_core,3.097,1.689,0.942,9.41,1.66,0.93
82.0,136.0,1.0,sdcm_core,3.097,1.689,0.942,9.41,1.66,0.93
82.0,138.0,1.0,sdcm_core,3.097,1.689,0.942,9.41,1.66,0.93
82.0,140.0,1.0,sdcm_core,3.097,1.689,0.942,9.41,1.66,0.93
82.0,142.0,1.0,sdcm_core,3.097,1.689,0.942,9.41,1.66,0.93
82.0,144.0,1.0,sdcm_core,3.097,1.689,0.942,9.41,1.66,0.93
82.0,146.0,1.0,sdcm_core,3.097,1.689,0.942,9.41,1.66,0.93
82.0,148.0,1.0,sdcm_core,3.097,1.689,0.942,9.41,1.66,0.93
82.0,150.0,1.0,sdcm_core,3.097,1.689,0.942,9.41,1.66,0.93
82.0,152.0,1.0,sdcm_core,3.097,1.689,0.942,9.41,1.66,0.93
82.0,154.0,1.0,sdcm_core,3.097,1.689,0.942,9.41,1.66,0.93
82.0,156.0,1.0,sdcm_core,3.097,1.689,0.942,9.41,1.66,0.93
82.0,158.0,1.0,sdcm_core,3.097,1.689,0.942,9.41,1.66,0.93
82.0,160.0,1.0,sdcm_core,3.097,1.689,0.942,9.41,1.66,0.93
82.0,162.0,1.0,sdcm_core,3.097,1.689,0.942,9.41,1.66,0.93
82.0,164.0,1.0,sdcm_core,3.097,1.689,0.942,9.41,1.66,0.93
82.0,166.0,1.0,sdcm_core,3.097,1.689,0.942,9.41,1.66,0.93
82.0,168.0,1.0,sdcm_core,3.097,1.689,0.942,9.41,1.66,0.93
82.0,170.0,1.0,sdcm_core,3.097,1.689,0.942,9.41,1.66,0.93
82.0,172.0,1.0,sdcm_core,3.097,1.689,0.942,9.41,1.66,0.93
82.0,174.0,1.0,sdcm_core,3.097,1.689,0.942,9.41,1.66,0.93
82.0,176.0,1.0,sdcm_core,3.097,1.689,0.942,9.41,1.66,0.93
82.0,178.0,1.0,sdcm_core,3.097,1.689,0.942,9.41,1.66,0.93
82.0,180.0,1.0,sdcm_core,3.097,1.689,0.942,9.41,1.66,0.93
