time_h,gs_name,sat_id,distance_km,elevation_deg,fspl_db,atm_loss_db,rx_power_dbw,cn0_dbhz,snr_db,doppler_hz,link_margin_db
0.0,Vladimir,5,1429.84175,0.0,159.5,34.38,-160.88,41.1,-29.0,38643.9,6.1
0.0,Murmansk,4,1404.4815,0.0,159.35,34.38,-160.73,41.25,-28.85,38643.9,6.25
0.0,Novosibirsk,77,1177.919,0.0,157.82,34.38,-159.2,42.78,-27.32,38643.9,7.78
0.0,Zheleznogorsk,20,1578.390125,0.0,160.36,34.38,-161.74,40.24,-29.86,38643.9,5.24
0.0,Yakutsk,49,1153.573,0.0,157.64,34.38,-159.02,42.96,-27.14,38643.9,7.96
0.0,Khabarovsk,107,1414.49325,0.0,159.41,34.38,-160.79,41.19,-28.91,38643.9,6.19
0.0,Vladivostok,36,1431.05375,0.0,159.51,34.38,-160.89,41.09,-29.01,38643.9,6.09
0.0,Minsk,47,1394.528625,0.0,159.28,34.38,-160.66,41.31,-28.79,38643.9,6.31
0.0,Almaty,6,1584.982,0.0,160.4,34.38,-161.78,40.2,-29.9,38643.9,5.2
0.0,Tehran,76,1346.41625,0.0,158.98,34.38,-160.36,41.62,-28.48,38643.9,6.62
0.16666666666666666,Vladimir,61,997.8041875,0.0,156.38,34.38,-157.76,44.22,-25.88,38643.9,9.22
0.16666666666666666,Murmansk,3,1011.3800625,0.0,156.49,34.38,-157.87,44.1,-26.0,38643.9,9.1
0.16666666666666666,Novosibirsk,18,1074.366375,0.0,157.02,34.38,-158.4,43.58,-26.52,38643.9,8.58
0.16666666666666666,Zheleznogorsk,91,1096.574375,0.0,157.2,34.38,-158.58,43.4,-26.7,38643.9,8.4
0.16666666666666666,Yakutsk,106,1301.008625,0.0,158.68,34.38,-160.06,41.92,-28.18,38643.9,6.92
0.16666666666666666,Khabarovsk,105,1503.949375,0.0,159.94,34.38,-161.32,40.66,-29.44,38643.9,5.66
0.16666666666666666,Vladivostok,105,1282.0255,0.0,158.55,34.38,-159.93,42.04,-28.06,38643.9,7.04
0.16666666666666666,Minsk,168,1188.40075,0.0,157.89,34.38,-159.27,42.7,-27.4,38643.9,7.7
0.16666666666666666,Almaty,75,1585.720625,0.0,160.4,34.38,-161.78,40.2,-29.9,38643.9,5.2
0.16666666666666666,Tehran,75,1766.515875,0.0,161.34,34.38,-162.72,39.26,-30.84,38643.9,4.26
0.3333333333333333,Vladimir,2,1182.711375,0.0,157.85,34.38,-159.23,42.74,-27.36,38643.9,7.74
0.3333333333333333,Murmansk,45,1145.506375,0.0,157.58,34.38,-158.95,43.02,-27.08,38643.9,8.02
0.3333333333333333,Novosibirsk,17,1258.147875,0.0,158.39,34.38,-159.77,42.21,-27.89,38643.9,7.21
0.3333333333333333,Zheleznogorsk,17,1393.354,0.0,159.28,34.38,-160.66,41.32,-28.78,38643.9,6.32
0.3333333333333333,Yakutsk,46,1393.659125,0.0,159.28,34.38,-160.66,41.32,-28.78,38643.9,6.32
0.3333333333333333,Khabarovsk,119,1351.3395,0.0,159.01,34.38,-160.39,41.59,-28.51,38643.9,6.59
0.3333333333333333,Vladivostok,33,1422.6055,0.0,159.46,34.38,-160.84,41.14,-28.96,38643.9,6.14
0.3333333333333333,Minsk,167,1150.142125,0.0,157.61,34.38,-158.99,42.99,-27.11,38643.9,7.99
0.3333333333333333,Almaty,104,1468.35425,0.0,159.73,34.38,-161.11,40.86,-29.23,38643.9,5.86
0.3333333333333333,Tehran,88,1147.1955,0.0,157.59,34.38,-158.97,43.01,-27.09,38643.9,8.01
0.5,Vladimir,73,1212.936625,0.0,158.07,34.38,-159.45,42.52,-27.57,38643.9,7.52
0.5,Murmansk,0,1075.246875,0.0,157.03,34.38,-158.41,43.57,-26.53,38643.9,8.57
0.5,Novosibirsk,103,1250.693125,0.0,158.34,34.38,-159.72,42.26,-27.84,38643.9,7.26
0.5,Zheleznogorsk,103,1095.544375,0.0,157.19,34.38,-158.57,43.41,-26.69,38643.9,8.41
0.5,Yakutsk,45,1023.8450625,0.0,156.6,34.38,-157.98,44.0,-26.1,38643.9,9.0
0.5,Khabarovsk,133,1734.399,0.0,161.18,34.38,-162.56,39.42,-30.68,38643.9,4.42
0.5,Vladivostok,117,1731.236875,0.0,161.16,34.38,-162.54,39.43,-30.66,38643.9,4.43
0.5,Minsk,73,1075.57775,0.0,157.03,34.38,-158.41,43.57,-26.53,38643.9,8.57
0.5,Almaty,16,1590.786,0.0,160.43,34.38,-161.81,40.17,-29.93,38643.9,5.17
0.5,Tehran,87,1271.3285,0.0,158.48,34.38,-159.86,42.12,-27.98,38643.9,7.12
0.6666666666666666,Vladimir,72,1185.7485,0.0,157.88,34.38,-159.25,42.72,-27.38,38643.9,7.72
0.6666666666666666,Murmansk,57,1029.40575,0.0,156.65,34.38,-158.03,43.95,-26.15,38643.9,8.95
0.6666666666666666,Novosibirsk,29,1073.24175,0.0,157.01,34.38,-158.39,43.59,-26.51,38643.9,8.59
0.6666666666666666,Zheleznogorsk,102,1229.6035,0.0,158.19,34.38,-159.57,42.41,-27.69,38643.9,7.41
0.6666666666666666,Yakutsk,59,1683.910875,0.0,160.92,34.38,-162.3,39.67,-30.42,38643.9,4.67
0.6666666666666666,Khabarovsk,59,1145.4725,0.0,157.58,34.38,-158.95,43.02,-27.08,38643.9,8.02
0.6666666666666666,Vladivostok,131,1447.376125,0.0,159.61,34.38,-160.99,40.99,-29.11,38643.9,5.99
0.6666666666666666,Minsk,179,1155.408375,0.0,157.65,34.38,-159.03,42.95,-27.15,38643.9,7.95
0.6666666666666666,Almaty,101,1195.822,0.0,157.95,34.38,-159.33,42.65,-27.45,38643.9,7.65
0.6666666666666666,Tehran,0,1270.178625,0.0,158.47,34.38,-159.85,42.12,-27.97,38643.9,7.12
0.8333333333333334,Vladimir,13,1114.1135,0.0,157.33,34.38,-158.71,43.26,-26.84,38643.9,8.26
0.8333333333333334,Murmansk,71,1302.45375,0.0,158.69,34.38,-160.07,41.91,-28.19,38643.9,6.91
0.8333333333333334,Novosibirsk,100,1213.37975,0.0,158.08,34.38,-159.45,42.52,-27.58,38643.9,7.52
0.8333333333333334,Zheleznogorsk,43,1360.753125,0.0,159.07,34.38,-160.45,41.53,-28.57,38643.9,6.53
0.8333333333333334,Yakutsk,115,1057.339625,0.0,156.88,34.38,-158.26,43.72,-26.38,38643.9,8.72
0.8333333333333334,Khabarovsk,130,1294.490125,0.0,158.64,34.38,-160.02,41.96,-28.14,38643.9,6.96
0.8333333333333334,Vladivostok,58,1409.900875,0.0,159.38,34.38,-160.76,41.22,-28.88,38643.9,6.22
0.8333333333333334,Minsk,70,1140.5065,0.0,157.54,34.38,-158.92,43.06,-27.04,38643.9,8.06
0.8333333333333334,Almaty,28,1140.02975,0.0,157.53,34.38,-158.91,43.06,-27.04,38643.9,8.06
0.8333333333333334,Tehran,84,1047.2290625,0.0,156.8,34.38,-158.18,43.8,-26.3,38643.9,8.8
1.0,Vladimir,69,1207.843625,0.0,158.04,34.38,-159.42,42.56,-27.54,38643.9,7.56
1.0,Murmansk,11,1102.228875,0.0,157.24,34.38,-158.62,43.36,-26.74,38643.9,8.36
1.0,Novosibirsk,99,1204.232625,0.0,158.01,34.38,-159.39,42.59,-27.51,38643.9,7.59
1.0,Zheleznogorsk,99,1049.101125,0.0,156.81,34.38,-158.19,43.78,-26.31,38643.9,8.78
1.0,Yakutsk,114,1300.295375,0.0,158.68,34.38,-160.06,41.92,-28.18,38643.9,6.92
1.0,Khabarovsk,56,1284.218125,0.0,158.57,34.38,-159.95,42.03,-28.07,38643.9,7.03
1.0,Vladivostok,128,1324.524625,0.0,158.84,34.38,-160.22,41.76,-28.34,38643.9,6.76
1.0,Minsk,69,1165.630375,0.0,157.73,34.38,-159.11,42.87,-27.23,38643.9,7.87
1.0,Almaty,98,1270.844875,0.0,158.48,34.38,-159.86,42.12,-27.98,38643.9,7.12
1.0,Tehran,12,1415.234875,0.0,159.41,34.38,-160.79,41.18,-28.91,38643.9,6.18
1.1666666666666667,Vladimir,10,1002.837125,0.0,156.42,34.38,-157.8,44.18,-25.92,38643.9,9.18
1.1666666666666667,Murmansk,68,1089.026625,0.0,157.14,34.38,-158.52,43.46,-26.64,38643.9,8.46
1.1666666666666667,Novosibirsk,40,1460.32275,0.0,159.68,34.38,-161.06,40.91,-29.19,38643.9,5.91
1.1666666666666667,Zheleznogorsk,40,1050.009375,0.0,156.82,34.38,-158.2,43.78,-26.32,38643.9,8.78
1.1666666666666667,Yakutsk,54,1379.241375,0.0,159.19,34.38,-160.57,41.41,-28.69,38643.9,6.41
1.1666666666666667,Khabarovsk,55,1055.323125,0.0,156.86,34.38,-158.24,43.73,-26.37,38643.9,8.73
1.1666666666666667,Vladivostok,55,1112.058125,0.0,157.32,34.38,-158.7,43.28,-26.82,38643.9,8.28
1.1666666666666667,Minsk,10,1287.119375,0.0,158.59,34.38,-159.97,42.01,-28.09,38643.9,7.01
1.1666666666666667,Almaty,25,1031.801125,0.0,156.67,34.38,-158.05,43.93,-26.17,38643.9,8.93
1.1666666666666667,Tehran,11,1002.8273125,0.0,156.42,34.38,-157.8,44.18,-25.92,38643.9,9.18
1.3333333333333333,Vladimir,9,1471.89875,0.0,159.75,34.38,-161.13,40.84,-29.26,38643.9,5.84
1.3333333333333333,Murmansk,8,1179.7515,0.0,157.83,34.38,-159.21,42.77,-27.33,38643.9,7.77
1.3333333333333333,Novosibirsk,96,997.8598125,0.0,156.38,34.38,-157.76,44.22,-25.88,38643.9,9.22
1.3333333333333333,Zheleznogorsk,96,1224.133625,0.0,158.15,34.38,-159.53,42.44,-27.65,38643.9,7.44
1.3333333333333333,Yakutsk,111,1108.70875,0.0,157.29,34.38,-158.67,43.3,-26.79,38643.9,8.3
1.3333333333333333,Khabarovsk,126,1437.367,0.0,159.55,34.38,-160.93,41.05,-29.05,38643.9,6.05
1.3333333333333333,Vladivostok,54,1455.534,0.0,159.66,34.38,-161.04,40.94,-29.16,38643.9,5.94
1.3333333333333333,Minsk,66,1066.922875,0.0,156.96,34.38,-158.34,43.64,-26.46,38643.9,8.64
1.3333333333333333,Almaty,24,1331.763625,0.0,158.88,34.38,-160.26,41.71,-28.39,38643.9,6.71
1.3333333333333333,Tehran,80,1569.997375,0.0,160.31,34.38,-161.69,40.28,-29.82,38643.9,5.28
1.5,Vladimir,79,1179.702375,0.0,157.83,34.38,-159.21,42.77,-27.33,38643.9,7.77
1.5,Murmansk,21,1092.08525,0.0,157.16,34.38,-158.54,43.44,-26.66,38643.9,8.44
1.5,Novosibirsk,37,1231.76975,0.0,158.21,34.38,-159.59,42.39,-27.71,38643.9,7.39
1.5,Zheleznogorsk,37,1084.09575,0.0,157.1,34.38,-158.48,43.5,-26.6,38643.9,8.5
1.5,Yakutsk,125,1558.881125,0.0,160.25,34.38,-161.63,40.34,-29.75,38643.9,5.34
1.5,Khabarovsk,52,1080.58525,0.0,157.07,34.38,-158.45,43.53,-26.57,38643.9,8.53
1.5,Vladivostok,124,991.3394375,0.0,156.32,34.38,-157.7,44.28,-25.82,38643.9,9.28
1.5,Minsk,7,1212.60975,0.0,158.07,34.38,-159.45,42.53,-27.57,38643.9,7.53
1.5,Almaty,94,1084.604875,0.0,157.1,34.38,-158.48,43.5,-26.6,38643.9,8.5
1.5,Tehran,8,1156.169375,0.0,157.66,34.38,-159.04,42.94,-27.16,38643.9,7.94
1.6666666666666667,Vladimir,6,1253.617375,0.0,158.36,34.38,-159.74,42.24,-27.86,38643.9,7.24
1.6666666666666667,Murmansk,64,1227.84475,0.0,158.18,34.38,-159.56,42.42,-27.68,38643.9,7.42
1.6666666666666667,Novosibirsk,93,1160.078,0.0,157.69,34.38,-159.06,42.91,-27.19,38643.9,7.91
1.6666666666666667,Zheleznogorsk,36,1238.828625,0.0,158.26,34.38,-159.64,42.34,-27.76,38643.9,7.34
1.6666666666666667,Yakutsk,108,1234.92125,0.0,158.23,34.38,-159.61,42.37,-27.73,38643.9,7.37
1.6666666666666667,Khabarovsk,123,1116.19725,0.0,157.35,34.38,-158.73,43.25,-26.85,38643.9,8.25
1.6666666666666667,Vladivostok,51,1102.935125,0.0,157.25,34.38,-158.63,43.35,-26.75,38643.9,8.35
1.6666666666666667,Minsk,6,1255.225375,0.0,158.37,34.38,-159.75,42.23,-27.87,38643.9,7.23
1.6666666666666667,Almaty,21,1182.672875,0.0,157.85,34.38,-159.23,42.74,-27.35,38643.9,7.74
1.6666666666666667,Tehran,7,1452.955625,0.0,159.64,34.38,-161.02,40.96,-29.14,38643.9,5.96
1.8333333333333333,Vladimir,76,1157.310125,0.0,157.66,34.38,-159.04,42.93,-27.17,38643.9,7.93
1.8333333333333333,Murmansk,18,1034.4701875,0.0,156.69,34.38,-158.07,43.91,-26.19,38643.9,8.91
1.8333333333333333,Novosibirsk,92,1286.148125,0.0,158.58,34.38,-159.96,42.02,-28.08,38643.9,7.02
1.8333333333333333,Zheleznogorsk,106,1297.0275,0.0,158.65,34.38,-160.03,41.94,-28.16,38643.9,6.94
1.8333333333333333,Yakutsk,64,1206.317875,0.0,158.02,34.38,-159.4,42.57,-27.53,38643.9,7.57
1.8333333333333333,Khabarovsk,49,1435.672125,0.0,159.54,34.38,-160.92,41.06,-29.04,38643.9,6.06
1.8333333333333333,Vladivostok,121,1209.203125,0.0,158.05,34.38,-159.42,42.55,-27.55,38643.9,7.55
1.8333333333333333,Minsk,62,1413.237375,0.0,159.4,34.38,-160.78,41.2,-28.9,38643.9,6.2
1.8333333333333333,Almaty,91,1484.64775,0.0,159.83,34.38,-161.21,40.77,-29.33,38643.9,5.77
1.8333333333333333,Tehran,5,1629.806,0.0,160.64,34.38,-162.02,39.96,-30.14,38643.9,4.96
2.0,Vladimir,75,1209.712,0.0,158.05,34.38,-159.43,42.55,-27.55,38643.9,7.55
2.0,Murmansk,61,1008.116125,0.0,156.47,34.38,-157.85,44.13,-25.97,38643.9,9.13
2.0,Novosibirsk,33,1096.87625,0.0,157.2,34.38,-158.58,43.4,-26.7,38643.9,8.4
2.0,Zheleznogorsk,33,1102.872125,0.0,157.25,34.38,-158.63,43.35,-26.75,38643.9,8.35
2.0,Yakutsk,47,1586.268875,0.0,160.4,34.38,-161.78,40.19,-29.91,38643.9,5.19
2.0,Khabarovsk,120,1141.292625,0.0,157.54,34.38,-158.92,43.05,-27.05,38643.9,8.05
2.0,Vladivostok,48,1130.764125,0.0,157.46,34.38,-158.84,43.13,-26.97,38643.9,8.13
2.0,Minsk,3,1000.66325,0.0,156.4,34.38,-157.78,44.2,-25.9,38643.9,9.2
2.0,Almaty,18,1395.595,0.0,159.29,34.38,-160.67,41.31,-28.79,38643.9,6.31
2.0,Tehran,104,1562.058375,0.0,160.27,34.38,-161.65,40.33,-29.77,38643.9,5.33
2.1666666666666665,Vladimir,16,1417.7135,0.0,159.43,34.38,-160.81,41.17,-28.93,38643.9,6.17
2.1666666666666665,Murmansk,15,1271.355,0.0,158.48,34.38,-159.86,42.12,-27.98,38643.9,7.12
2.1666666666666665,Novosibirsk,104,1259.36375,0.0,158.4,34.38,-159.78,42.2,-27.9,38643.9,7.2
2.1666666666666665,Zheleznogorsk,118,1387.085625,0.0,159.24,34.38,-160.62,41.36,-28.74,38643.9,6.36
2.1666666666666665,Yakutsk,61,1067.46025,0.0,156.96,34.38,-158.34,43.63,-26.46,38643.9,8.63
2.1666666666666665,Khabarovsk,134,1601.512375,0.0,160.49,34.38,-161.87,40.11,-29.99,38643.9,5.11
2.1666666666666665,Vladivostok,47,1665.2115,0.0,160.83,34.38,-162.2,39.77,-30.33,38643.9,4.77
2.1666666666666665,Minsk,88,1317.78825,0.0,158.79,34.38,-160.17,41.8,-28.29,38643.9,6.8
2.1666666666666665,Almaty,32,1675.739375,0.0,160.88,34.38,-162.26,39.72,-30.38,38643.9,4.72
2.1666666666666665,Tehran,103,1232.0595,0.0,158.21,34.38,-159.59,42.39,-27.71,38643.9,7.39
2.3333333333333335,Vladimir,87,1009.5004375,0.0,156.48,34.38,-157.86,44.12,-25.98,38643.9,9.12
2.3333333333333335,Murmansk,29,1065.233,0.0,156.94,34.38,-158.32,43.65,-26.45,38643.9,8.65
2.3333333333333335,Novosibirsk,30,1011.9623125,0.0,156.5,34.38,-157.88,44.1,-26.0,38643.9,9.1
2.3333333333333335,Zheleznogorsk,117,1079.1665,0.0,157.06,34.38,-158.44,43.54,-26.56,38643.9,8.54
2.3333333333333335,Yakutsk,133,1401.901,0.0,159.33,34.38,-160.71,41.27,-28.83,38643.9,6.27
2.3333333333333335,Khabarovsk,60,1433.68975,0.0,159.52,34.38,-160.9,41.07,-29.03,38643.9,6.07
2.3333333333333335,Vladivostok,132,1408.450625,0.0,159.37,34.38,-160.75,41.23,-28.87,38643.9,6.23
2.3333333333333335,Minsk,0,1119.62875,0.0,157.38,34.38,-158.76,43.22,-26.88,38643.9,8.22
2.3333333333333335,Almaty,116,1587.968125,0.0,160.41,34.38,-161.79,40.18,-29.91,38643.9,5.18
2.3333333333333335,Tehran,15,1671.179375,0.0,160.86,34.38,-162.24,39.74,-30.36,38643.9,4.74
2.5,Vladimir,28,1108.5785,0.0,157.29,34.38,-158.67,43.31,-26.79,38643.9,8.31
2.5,Murmansk,72,1258.316125,0.0,158.39,34.38,-159.77,42.21,-27.89,38643.9,7.21
2.5,Novosibirsk,44,1403.881625,0.0,159.34,34.38,-160.72,41.25,-28.84,38643.9,6.25
2.5,Zheleznogorsk,58,1351.291375,0.0,159.01,34.38,-160.39,41.59,-28.51,38643.9,6.59
2.5,Yakutsk,131,1252.45125,0.0,158.35,34.38,-159.73,42.25,-27.85,38643.9,7.25
2.5,Khabarovsk,74,1326.82025,0.0,158.85,34.38,-160.23,41.74,-28.35,38643.9,6.74
2.5,Vladivostok,74,1597.882375,0.0,160.47,34.38,-161.85,40.13,-29.97,38643.9,5.13
2.5,Minsk,14,1308.11525,0.0,158.73,34.38,-160.11,41.87,-28.23,38643.9,6.87
2.5,Almaty,44,1312.53425,0.0,158.76,34.38,-160.14,41.84,-28.26,38643.9,6.84
2.5,Tehran,100,1020.9784375,0.0,156.58,34.38,-157.96,44.02,-26.08,38643.9,9.02
2.6666666666666665,Vladimir,84,1171.522,0.0,157.77,34.38,-159.15,42.83,-27.27,38643.9,7.83
2.6666666666666665,Murmansk,26,1036.785125,0.0,156.71,34.38,-158.09,43.89,-26.21,38643.9,8.89
2.6666666666666665,Novosibirsk,114,1166.287375,0.0,157.73,34.38,-159.11,42.86,-27.23,38643.9,7.86
2.6666666666666665,Zheleznogorsk,114,1021.6875,0.0,156.58,34.38,-157.96,44.01,-26.08,38643.9,9.01
2.6666666666666665,Yakutsk,72,1073.108,0.0,157.01,34.38,-158.39,43.59,-26.51,38643.9,8.59
2.6666666666666665,Khabarovsk,72,1623.801,0.0,160.61,34.38,-161.99,39.99,-30.11,38643.9,4.99
2.6666666666666665,Vladivostok,143,1783.670875,0.0,161.42,34.38,-162.8,39.17,-30.92,38643.9,4.17
2.6666666666666665,Minsk,84,1038.7185625,0.0,156.73,34.38,-158.1,43.87,-26.23,38643.9,8.87
2.6666666666666665,Almaty,43,1594.7785,0.0,160.45,34.38,-161.83,40.15,-29.95,38643.9,5.15
2.6666666666666665,Tehran,99,1389.985,0.0,159.26,34.38,-160.64,41.34,-28.76,38643.9,6.34
2.8333333333333335,Vladimir,25,1132.801625,0.0,157.48,34.38,-158.86,43.12,-26.98,38643.9,8.12
2.8333333333333335,Murmansk,69,1060.911875,0.0,156.91,34.38,-158.29,43.69,-26.41,38643.9,8.69
2.8333333333333335,Novosibirsk,41,1201.60325,0.0,157.99,34.38,-159.37,42.61,-27.49,38643.9,7.61
2.8333333333333335,Zheleznogorsk,55,1173.7735,0.0,157.79,34.38,-159.17,42.81,-27.29,38643.9,7.81
2.8333333333333335,Yakutsk,128,1641.296125,0.0,160.7,34.38,-162.08,39.9,-30.2,38643.9,4.9
2.8333333333333335,Khabarovsk,71,1048.332125,0.0,156.81,34.38,-158.18,43.79,-26.31,38643.9,8.79
2.8333333333333335,Vladivostok,142,1289.00925,0.0,158.6,34.38,-159.98,42.0,-28.1,38643.9,7.0
2.8333333333333335,Minsk,11,1277.88325,0.0,158.53,34.38,-159.9,42.07,-28.03,38643.9,7.07
2.8333333333333335,Almaty,112,1067.6275,0.0,156.96,34.38,-158.34,43.63,-26.47,38643.9,8.63
2.8333333333333335,Tehran,26,1105.290375,0.0,157.27,34.38,-158.64,43.33,-26.77,38643.9,8.33
3.0,Vladimir,24,1188.462,0.0,157.9,34.38,-159.27,42.7,-27.4,38643.9,7.7
3.0,Murmansk,23,1281.986375,0.0,158.55,34.38,-159.93,42.04,-28.06,38643.9,7.04
3.0,Novosibirsk,111,1079.86025,0.0,157.06,34.38,-158.44,43.53,-26.57,38643.9,8.53
3.0,Zheleznogorsk,111,1312.831,0.0,158.76,34.38,-160.14,41.84,-28.26,38643.9,6.84
3.0,Yakutsk,127,1030.930375,0.0,156.66,34.38,-158.04,43.94,-26.16,38643.9,8.94
3.0,Khabarovsk,141,1275.422375,0.0,158.51,34.38,-159.89,42.09,-28.01,38643.9,7.09
3.0,Vladivostok,70,1361.39275,0.0,159.08,34.38,-160.45,41.52,-28.58,38643.9,6.52
3.0,Minsk,81,1058.84675,0.0,156.89,34.38,-158.27,43.7,-26.39,38643.9,8.7
3.0,Almaty,40,1131.9385,0.0,157.47,34.38,-158.85,43.12,-26.97,38643.9,8.12
3.0,Tehran,96,1186.449375,0.0,157.88,34.38,-159.26,42.72,-27.38,38643.9,7.72
3.1666666666666665,Vladimir,80,1291.905125,0.0,158.62,34.38,-160.0,41.98,-28.12,38643.9,6.98
3.1666666666666665,Murmansk,37,1072.974375,0.0,157.01,34.38,-158.39,43.59,-26.51,38643.9,8.59
3.1666666666666665,Novosibirsk,110,1298.506875,0.0,158.66,34.38,-160.04,41.93,-28.17,38643.9,6.93
3.1666666666666665,Zheleznogorsk,110,1142.800125,0.0,157.56,34.38,-158.93,43.04,-27.06,38643.9,8.04
3.1666666666666665,Yakutsk,126,1446.634875,0.0,159.6,34.38,-160.98,40.99,-29.1,38643.9,5.99
3.1666666666666665,Khabarovsk,68,1160.575875,0.0,157.69,34.38,-159.07,42.91,-27.19,38643.9,7.91
3.1666666666666665,Vladivostok,139,1141.269375,0.0,157.54,34.38,-158.92,43.05,-27.05,38643.9,8.05
3.1666666666666665,Minsk,80,1297.310375,0.0,158.66,34.38,-160.04,41.94,-28.16,38643.9,6.94
3.1666666666666665,Almaty,109,1141.631,0.0,157.55,34.38,-158.93,43.05,-27.05,38643.9,8.05
3.1666666666666665,Tehran,23,1266.157375,0.0,158.45,34.38,-159.82,42.15,-27.95,38643.9,7.15
3.3333333333333335,Vladimir,21,1029.5116875,0.0,156.65,34.38,-158.03,43.95,-26.15,38643.9,8.95
3.3333333333333335,Murmansk,79,1086.77875,0.0,157.12,34.38,-158.5,43.48,-26.62,38643.9,8.48
3.3333333333333335,Novosibirsk,108,1329.20275,0.0,158.87,34.38,-160.25,41.73,-28.37,38643.9,6.73
3.3333333333333335,Zheleznogorsk,51,1056.718625,0.0,156.87,34.38,-158.25,43.72,-26.38,38643.9,8.72
3.3333333333333335,Yakutsk,66,1297.951375,0.0,158.66,34.38,-160.04,41.94,-28.16,38643.9,6.94
3.3333333333333335,Khabarovsk,138,1006.908125,0.0,156.46,34.38,-157.83,44.14,-25.96,38643.9,9.14
3.3333333333333335,Vladivostok,67,1029.9741875,0.0,156.65,34.38,-158.03,43.94,-26.15,38643.9,8.94
3.3333333333333335,Minsk,21,1226.28175,0.0,158.17,34.38,-159.55,42.43,-27.67,38643.9,7.43
3.3333333333333335,Almaty,37,1004.114,0.0,156.43,34.38,-157.81,44.17,-25.93,38643.9,9.17
3.3333333333333335,Tehran,22,1086.021125,0.0,157.11,34.38,-158.49,43.48,-26.61,38643.9,8.48
3.5,Vladimir,92,1498.815875,0.0,159.91,34.38,-161.29,40.69,-29.41,38643.9,5.69
3.5,Murmansk,34,1205.135,0.0,158.02,34.38,-159.4,42.58,-27.52,38643.9,7.58
3.5,Novosibirsk,107,1051.223,0.0,156.83,34.38,-158.21,43.77,-26.33,38643.9,8.77
3.5,Zheleznogorsk,107,1252.032875,0.0,158.35,34.38,-159.73,42.25,-27.85,38643.9,7.25
3.5,Yakutsk,123,1204.736625,0.0,158.01,34.38,-159.39,42.58,-27.52,38643.9,7.58
3.5,Khabarovsk,65,1563.32375,0.0,160.28,34.38,-161.66,40.32,-29.78,38643.9,5.32
3.5,Vladivostok,136,1372.753375,0.0,159.15,34.38,-160.53,41.45,-28.65,38643.9,6.45
3.5,Minsk,77,1155.91175,0.0,157.65,34.38,-159.03,42.94,-27.16,38643.9,7.94
3.5,Almaty,36,1512.043375,0.0,159.99,34.38,-161.37,40.61,-29.49,38643.9,5.61
3.5,Tehran,20,1727.008875,0.0,161.14,34.38,-162.52,39.46,-30.64,38643.9,4.46
3.6666666666666665,Vladimir,91,1123.1385,0.0,157.4,34.38,-158.78,43.19,-26.91,38643.9,8.19
3.6666666666666665,Murmansk,76,1044.781375,0.0,156.78,34.38,-158.16,43.82,-26.28,38643.9,8.82
3.6666666666666665,Novosibirsk,48,1137.76425,0.0,157.52,34.38,-158.9,43.08,-27.02,38643.9,8.08
3.6666666666666665,Zheleznogorsk,48,1030.31925,0.0,156.66,34.38,-158.03,43.94,-26.16,38643.9,8.94
3.6666666666666665,Yakutsk,136,1616.370375,0.0,160.57,34.38,-161.95,40.03,-30.07,38643.9,5.03
3.6666666666666665,Khabarovsk,135,1126.20925,0.0,157.43,34.38,-158.81,43.17,-26.93,38643.9,8.17
3.6666666666666665,Vladivostok,135,1037.4344375,0.0,156.71,34.38,-158.09,43.88,-26.22,38643.9,8.88
3.6666666666666665,Minsk,18,1091.765125,0.0,157.16,34.38,-158.54,43.44,-26.66,38643.9,8.44
3.6666666666666665,Almaty,105,1169.429125,0.0,157.76,34.38,-159.13,42.84,-27.26,38643.9,7.84
3.6666666666666665,Tehran,19,1236.49375,0.0,158.24,34.38,-159.62,42.36,-27.74,38643.9,7.36
3.8333333333333335,Vladimir,17,1440.677,0.0,159.57,34.38,-160.95,41.03,-29.07,38643.9,6.03
3.8333333333333335,Murmansk,75,1345.549,0.0,158.97,34.38,-160.35,41.62,-28.48,38643.9,6.62
3.8333333333333335,Novosibirsk,119,1155.326,0.0,157.65,34.38,-159.03,42.95,-27.15,38643.9,7.95
3.8333333333333335,Zheleznogorsk,47,1395.719625,0.0,159.29,34.38,-160.67,41.31,-28.79,38643.9,6.31
3.8333333333333335,Yakutsk,120,1253.60725,0.0,158.36,34.38,-159.74,42.24,-27.86,38643.9,7.24
3.8333333333333335,Khabarovsk,149,1254.10175,0.0,158.36,34.38,-159.74,42.23,-27.86,38643.9,7.23
3.8333333333333335,Vladivostok,63,1248.0235,0.0,158.32,34.38,-159.7,42.28,-27.82,38643.9,7.28
3.8333333333333335,Minsk,17,1330.654375,0.0,158.88,34.38,-160.26,41.72,-28.38,38643.9,6.72
3.8333333333333335,Almaty,33,1378.688875,0.0,159.19,34.38,-160.56,41.41,-28.69,38643.9,6.41
3.8333333333333335,Tehran,118,1484.552,0.0,159.83,34.38,-161.21,40.77,-29.33,38643.9,5.77
4.0,Vladimir,103,1047.077875,0.0,156.8,34.38,-158.17,43.8,-26.3,38643.9,8.8
4.0,Murmansk,30,1000.58,0.0,156.4,34.38,-157.78,44.2,-25.9,38643.9,9.2
4.0,Novosibirsk,45,1182.640375,0.0,157.85,34.38,-159.23,42.74,-27.35,38643.9,7.74
4.0,Zheleznogorsk,133,1159.6465,0.0,157.68,34.38,-159.06,42.91,-27.18,38643.9,7.91
4.0,Yakutsk,148,1227.831,0.0,158.18,34.38,-159.56,42.42,-27.68,38643.9,7.42
4.0,Khabarovsk,61,1469.895375,0.0,159.74,34.38,-161.12,40.86,-29.24,38643.9,5.86
4.0,Vladivostok,147,1231.932625,0.0,158.21,34.38,-159.59,42.39,-27.71,38643.9,7.39
4.0,Minsk,15,1309.754625,0.0,158.74,34.38,-160.12,41.86,-28.24,38643.9,6.86
4.0,Almaty,117,1533.925125,0.0,160.11,34.38,-161.49,40.49,-29.61,38643.9,5.49
4.0,Tehran,16,1690.868875,0.0,160.96,34.38,-162.34,39.64,-30.46,38643.9,4.64
4.166666666666667,Vladimir,44,1273.549625,0.0,158.5,34.38,-159.88,42.1,-28.0,38643.9,7.1
4.166666666666667,Murmansk,87,1057.5275,0.0,156.88,34.38,-158.26,43.72,-26.38,38643.9,8.72
4.166666666666667,Novosibirsk,59,1149.034125,0.0,157.6,34.38,-158.98,42.99,-27.1,38643.9,7.99
4.166666666666667,Zheleznogorsk,59,1235.544125,0.0,158.23,34.38,-159.61,42.36,-27.73,38643.9,7.36
4.166666666666667,Yakutsk,88,1550.763,0.0,160.21,34.38,-161.59,40.39,-29.71,38643.9,5.39
4.166666666666667,Khabarovsk,146,1240.4945,0.0,158.27,34.38,-159.65,42.33,-27.77,38643.9,7.33
4.166666666666667,Vladivostok,60,1264.41575,0.0,158.43,34.38,-159.81,42.16,-27.94,38643.9,7.16
4.166666666666667,Minsk,29,1047.0105,0.0,156.79,34.38,-158.17,43.8,-26.3,38643.9,8.8
4.166666666666667,Almaty,30,1559.092,0.0,160.25,34.38,-161.63,40.34,-29.76,38643.9,5.34
4.166666666666667,Tehran,115,1319.26775,0.0,158.8,34.38,-160.18,41.79,-28.3,38643.9,6.79
4.333333333333333,Vladimir,100,1311.396875,0.0,158.75,34.38,-160.13,41.85,-28.25,38643.9,6.85
4.333333333333333,Murmansk,42,1160.05075,0.0,157.69,34.38,-159.06,42.91,-27.19,38643.9,7.91
4.333333333333333,Novosibirsk,130,1364.387875,0.0,159.09,34.38,-160.47,41.5,-28.6,38643.9,6.5
4.333333333333333,Zheleznogorsk,130,1218.339,0.0,158.11,34.38,-159.49,42.49,-27.61,38643.9,7.49
4.333333333333333,Yakutsk,87,1019.2941875,0.0,156.56,34.38,-157.94,44.04,-26.06,38643.9,9.04
4.333333333333333,Khabarovsk,160,1745.245375,0.0,161.23,34.38,-162.61,39.36,-30.73,38643.9,4.36
4.333333333333333,Vladivostok,144,1722.69,0.0,161.12,34.38,-162.5,39.48,-30.62,38643.9,4.48
4.333333333333333,Minsk,100,1160.451125,0.0,157.69,34.38,-159.07,42.91,-27.19,38643.9,7.91
4.333333333333333,Almaty,58,1595.4,0.0,160.45,34.38,-161.83,40.14,-29.96,38643.9,5.14
4.333333333333333,Tehran,114,1202.56425,0.0,158.0,34.38,-159.38,42.6,-27.5,38643.9,7.6
4.5,Vladimir,99,1079.65825,0.0,157.06,34.38,-158.44,43.54,-26.56,38643.9,8.54
4.5,Murmansk,84,1040.181125,0.0,156.74,34.38,-158.12,43.86,-26.24,38643.9,8.86
4.5,Novosibirsk,56,1014.10775,0.0,156.52,34.38,-157.9,44.08,-26.02,38643.9,9.08
4.5,Zheleznogorsk,129,1126.107875,0.0,157.43,34.38,-158.81,43.17,-26.93,38643.9,8.17
4.5,Yakutsk,86,1527.616,0.0,160.08,34.38,-161.46,40.52,-29.58,38643.9,5.52
4.5,Khabarovsk,86,1266.921375,0.0,158.45,34.38,-159.83,42.15,-27.95,38643.9,7.15
4.5,Vladivostok,143,1566.651375,0.0,160.3,34.38,-161.67,40.3,-29.8,38643.9,5.3
4.5,Minsk,26,1114.188875,0.0,157.33,34.38,-158.71,43.26,-26.84,38643.9,8.26
4.5,Almaty,128,1355.7935,0.0,159.04,34.38,-160.42,41.56,-28.54,38643.9,6.56
4.5,Tehran,42,1446.292625,0.0,159.6,34.38,-160.98,41.0,-29.1,38643.9,6.0
4.666666666666667,Vladimir,40,1079.39125,0.0,157.06,34.38,-158.44,43.54,-26.56,38643.9,8.54
4.666666666666667,Murmansk,98,1263.345,0.0,158.43,34.38,-159.81,42.17,-27.93,38643.9,7.17
4.666666666666667,Novosibirsk,127,1377.1235,0.0,159.18,34.38,-160.55,41.42,-28.68,38643.9,6.42
4.666666666666667,Zheleznogorsk,70,1326.858,0.0,158.85,34.38,-160.23,41.74,-28.35,38643.9,6.74
4.666666666666667,Yakutsk,142,1136.18125,0.0,157.5,34.38,-158.88,43.09,-27.01,38643.9,8.09
4.666666666666667,Khabarovsk,85,1327.685625,0.0,158.86,34.38,-160.24,41.74,-28.36,38643.9,6.74
4.666666666666667,Vladivostok,85,1468.04825,0.0,159.73,34.38,-161.11,40.87,-29.23,38643.9,5.87
4.666666666666667,Minsk,97,1272.6345,0.0,158.49,34.38,-159.87,42.11,-27.99,38643.9,7.11
4.666666666666667,Almaty,55,1187.38075,0.0,157.89,34.38,-159.27,42.71,-27.39,38643.9,7.71
4.666666666666667,Tehran,111,991.5335625,0.0,156.32,34.38,-157.7,44.27,-25.82,38643.9,9.27
4.833333333333333,Vladimir,96,1178.335625,0.0,157.82,34.38,-159.2,42.78,-27.32,38643.9,7.78
4.833333333333333,Murmansk,38,1047.7345625,0.0,156.8,34.38,-158.18,43.8,-26.3,38643.9,8.8
4.833333333333333,Novosibirsk,126,1147.511125,0.0,157.59,34.38,-158.97,43.01,-27.09,38643.9,8.01
4.833333333333333,Zheleznogorsk,126,1010.2589375,0.0,156.48,34.38,-157.86,44.11,-25.99,38643.9,9.11
4.833333333333333,Yakutsk,83,1170.979375,0.0,157.77,34.38,-159.15,42.83,-27.27,38643.9,7.83
4.833333333333333,Khabarovsk,83,1442.2775,0.0,159.58,34.38,-160.96,41.02,-29.08,38643.9,6.02
4.833333333333333,Vladivostok,155,1526.527125,0.0,160.07,34.38,-161.45,40.53,-29.57,38643.9,5.53
4.833333333333333,Minsk,96,1071.953875,0.0,157.0,34.38,-158.38,43.6,-26.5,38643.9,8.6
4.833333333333333,Almaty,125,1445.60425,0.0,159.6,34.38,-160.98,41.0,-29.1,38643.9,6.0
4.833333333333333,Tehran,110,1560.696875,0.0,160.26,34.38,-161.64,40.33,-29.76,38643.9,5.33
5.0,Vladimir,37,1042.3384375,0.0,156.76,34.38,-158.14,43.84,-26.26,38643.9,8.84
5.0,Murmansk,80,1124.08525,0.0,157.41,34.38,-158.79,43.19,-26.91,38643.9,8.19
5.0,Novosibirsk,52,1378.5015,0.0,159.18,34.38,-160.56,41.41,-28.69,38643.9,6.41
5.0,Zheleznogorsk,67,1083.852375,0.0,157.1,34.38,-158.47,43.5,-26.6,38643.9,8.5
5.0,Yakutsk,81,1505.84175,0.0,159.95,34.38,-161.33,40.65,-29.45,38643.9,5.65
5.0,Khabarovsk,82,1013.92575,0.0,156.52,34.38,-157.9,44.08,-26.02,38643.9,9.08
5.0,Vladivostok,154,1198.559625,0.0,157.97,34.38,-159.35,42.63,-27.47,38643.9,7.63
5.0,Minsk,37,1357.132125,0.0,159.05,34.38,-160.43,41.55,-28.55,38643.9,6.55
5.0,Almaty,124,1021.905625,0.0,156.58,34.38,-157.96,44.01,-26.09,38643.9,9.01
5.0,Tehran,38,1007.5083125,0.0,156.46,34.38,-157.84,44.14,-25.96,38643.9,9.14
5.166666666666667,Vladimir,36,1311.520125,0.0,158.75,34.38,-160.13,41.85,-28.25,38643.9,6.85
5.166666666666667,Murmansk,35,1214.16825,0.0,158.08,34.38,-159.46,42.52,-27.58,38643.9,7.52
5.166666666666667,Novosibirsk,123,1005.9643125,0.0,156.45,34.38,-157.83,44.15,-25.95,38643.9,9.15
5.166666666666667,Zheleznogorsk,123,1256.955625,0.0,158.38,34.38,-159.76,42.21,-27.88,38643.9,7.21
5.166666666666667,Yakutsk,138,1053.044125,0.0,156.84,34.38,-158.22,43.75,-26.35,38643.9,8.75
5.166666666666667,Khabarovsk,153,1323.545375,0.0,158.83,34.38,-160.21,41.77,-28.33,38643.9,6.77
5.166666666666667,Vladivostok,81,1370.107,0.0,159.13,34.38,-160.51,41.47,-28.63,38643.9,6.47
5.166666666666667,Minsk,93,1039.6878125,0.0,156.73,34.38,-158.11,43.86,-26.24,38643.9,8.86
5.166666666666667,Almaty,51,1198.642375,0.0,157.97,34.38,-159.35,42.63,-27.47,38643.9,7.63
5.166666666666667,Tehran,107,1377.41,0.0,159.18,34.38,-160.56,41.42,-28.68,38643.9,6.42
5.333333333333333,Vladimir,106,1272.69275,0.0,158.49,34.38,-159.87,42.11,-27.99,38643.9,7.11
5.333333333333333,Murmansk,48,1061.764125,0.0,156.92,34.38,-158.3,43.68,-26.42,38643.9,8.68
5.333333333333333,Novosibirsk,64,1337.11725,0.0,158.92,34.38,-160.3,41.68,-28.42,38643.9,6.68
5.333333333333333,Zheleznogorsk,64,1188.81375,0.0,157.9,34.38,-159.28,42.7,-27.4,38643.9,7.7
5.333333333333333,Yakutsk,152,1525.477,0.0,160.06,34.38,-161.44,40.53,-29.57,38643.9,5.53
5.333333333333333,Khabarovsk,79,1093.563625,0.0,157.17,34.38,-158.55,43.42,-26.67,38643.9,8.42
5.333333333333333,Vladivostok,151,1024.696875,0.0,156.61,34.38,-157.99,43.99,-26.11,38643.9,8.99
5.333333333333333,Minsk,34,1350.357375,0.0,159.0,34.38,-160.38,41.59,-28.51,38643.9,6.59
5.333333333333333,Almaty,121,1084.8485,0.0,157.1,34.38,-158.48,43.49,-26.61,38643.9,8.49
5.333333333333333,Tehran,35,1182.276125,0.0,157.85,34.38,-159.23,42.75,-27.35,38643.9,7.75
5.5,Vladimir,33,1122.118125,0.0,157.4,34.38,-158.78,43.2,-26.9,38643.9,8.2
5.5,Murmansk,91,1133.77725,0.0,157.49,34.38,-158.87,43.11,-26.99,38643.9,8.11
5.5,Novosibirsk,120,1228.402875,0.0,158.18,34.38,-159.56,42.41,-27.68,38643.9,7.41
5.5,Zheleznogorsk,63,1121.530375,0.0,157.39,34.38,-158.77,43.2,-26.89,38643.9,8.2
5.5,Yakutsk,77,1263.86975,0.0,158.43,34.38,-159.81,42.17,-27.93,38643.9,7.17
5.5,Khabarovsk,150,1029.0205,0.0,156.64,34.38,-158.02,43.95,-26.15,38643.9,8.95
5.5,Vladivostok,78,1026.1615,0.0,156.62,34.38,-158.0,43.98,-26.12,38643.9,8.98
5.5,Minsk,33,1207.935375,0.0,158.04,34.38,-159.42,42.56,-27.54,38643.9,7.56
5.5,Almaty,48,1065.45725,0.0,156.95,34.38,-158.33,43.65,-26.45,38643.9,8.65
5.5,Tehran,34,1253.88775,0.0,158.36,34.38,-159.74,42.24,-27.86,38643.9,7.24
5.666666666666667,Vladimir,118,1305.125875,0.0,158.71,34.38,-160.09,41.89,-28.21,38643.9,6.89
5.666666666666667,Murmansk,45,1105.59825,0.0,157.27,34.38,-158.65,43.33,-26.77,38643.9,8.33
5.666666666666667,Novosibirsk,134,1155.54575,0.0,157.65,34.38,-159.03,42.95,-27.15,38643.9,7.95
5.666666666666667,Zheleznogorsk,134,1315.562875,0.0,158.78,34.38,-160.16,41.82,-28.28,38643.9,6.82
5.666666666666667,Yakutsk,91,1198.392125,0.0,157.97,34.38,-159.35,42.63,-27.47,38643.9,7.63
5.666666666666667,Khabarovsk,76,1485.183625,0.0,159.83,34.38,-161.21,40.77,-29.33,38643.9,5.77
5.666666666666667,Vladivostok,163,1269.747875,0.0,158.47,34.38,-159.85,42.13,-27.97,38643.9,7.13
5.666666666666667,Minsk,104,1280.821125,0.0,158.55,34.38,-159.92,42.05,-28.05,38643.9,7.05
5.666666666666667,Almaty,133,1514.2465,0.0,160.0,34.38,-161.38,40.6,-29.5,38643.9,5.6
5.666666666666667,Tehran,32,1664.69925,0.0,160.82,34.38,-162.2,39.77,-30.32,38643.9,4.77
5.833333333333333,Vladimir,117,1132.372625,0.0,157.48,34.38,-158.85,43.12,-26.98,38643.9,8.12
5.833333333333333,Murmansk,103,1001.898375,0.0,156.41,34.38,-157.79,44.18,-25.91,38643.9,9.18
5.833333333333333,Novosibirsk,60,1084.92175,0.0,157.1,34.38,-158.48,43.49,-26.61,38643.9,8.49
5.833333333333333,Zheleznogorsk,60,1040.759125,0.0,156.74,34.38,-158.12,43.85,-26.24,38643.9,8.85
5.833333333333333,Yakutsk,89,1639.2825,0.0,160.69,34.38,-162.07,39.91,-30.19,38643.9,4.91
5.833333333333333,Khabarovsk,162,1113.761375,0.0,157.33,34.38,-158.71,43.27,-26.83,38643.9,8.27
5.833333333333333,Vladivostok,75,1093.855625,0.0,157.17,34.38,-158.55,43.42,-26.68,38643.9,8.42
5.833333333333333,Minsk,30,1015.00275,0.0,156.53,34.38,-157.9,44.07,-26.03,38643.9,9.07
5.833333333333333,Almaty,132,1307.000625,0.0,158.72,34.38,-160.1,41.88,-28.22,38643.9,6.88
5.833333333333333,Tehran,31,1395.940875,0.0,159.29,34.38,-160.67,41.3,-28.8,38643.9,6.3
6.0,Vladimir,58,1404.3495,0.0,159.35,34.38,-160.72,41.25,-28.85,38643.9,6.25
6.0,Murmansk,57,1409.547125,0.0,159.38,34.38,-160.76,41.22,-28.88,38643.9,6.22
6.0,Novosibirsk,131,1198.445875,0.0,157.97,34.38,-159.35,42.63,-27.47,38643.9,7.63
6.0,Zheleznogorsk,145,1576.03875,0.0,160.35,34.38,-161.73,40.25,-29.85,38643.9,5.25
6.0,Yakutsk,103,1147.38925,0.0,157.59,34.38,-158.97,43.01,-27.09,38643.9,8.01
6.0,Khabarovsk,161,1424.29675,0.0,159.47,34.38,-160.85,41.13,-28.97,38643.9,6.13
6.0,Vladivostok,89,1448.869625,0.0,159.62,34.38,-161.0,40.98,-29.12,38643.9,5.98
6.0,Minsk,101,1421.033875,0.0,159.45,34.38,-160.83,41.15,-28.95,38643.9,6.15
6.0,Almaty,59,1617.389875,0.0,160.57,34.38,-161.95,40.02,-30.07,38643.9,5.02
6.0,Tehran,130,1306.543125,0.0,158.72,34.38,-160.1,41.88,-28.22,38643.9,6.88
6.166666666666667,Vladimir,114,998.0703125,0.0,156.38,34.38,-157.76,44.22,-25.88,38643.9,9.22
6.166666666666667,Murmansk,56,1009.912375,0.0,156.48,34.38,-157.86,44.12,-25.98,38643.9,9.12
6.166666666666667,Novosibirsk,72,1073.428375,0.0,157.01,34.38,-158.39,43.59,-26.51,38643.9,8.59
6.166666666666667,Zheleznogorsk,144,1080.571375,0.0,157.07,34.38,-158.45,43.53,-26.57,38643.9,8.53
6.166666666666667,Yakutsk,160,1289.438625,0.0,158.6,34.38,-159.98,41.99,-28.11,38643.9,6.99
6.166666666666667,Khabarovsk,159,1532.975875,0.0,160.11,34.38,-161.49,40.49,-29.61,38643.9,5.49
6.166666666666667,Vladivostok,159,1314.9895,0.0,158.77,34.38,-160.15,41.82,-28.28,38643.9,6.82
6.166666666666667,Minsk,42,1196.04175,0.0,157.95,34.38,-159.33,42.65,-27.45,38643.9,7.65
6.166666666666667,Almaty,129,1625.205,0.0,160.61,34.38,-161.99,39.98,-30.12,38643.9,4.98
6.166666666666667,Tehran,129,1742.30525,0.0,161.22,34.38,-162.6,39.38,-30.72,38643.9,4.38
6.333333333333333,Vladimir,55,1166.132625,0.0,157.73,34.38,-159.11,42.87,-27.23,38643.9,7.87
6.333333333333333,Murmansk,99,1143.122125,0.0,157.56,34.38,-158.94,43.04,-27.06,38643.9,8.04
6.333333333333333,Novosibirsk,71,1254.720375,0.0,158.37,34.38,-159.75,42.23,-27.87,38643.9,7.23
6.333333333333333,Zheleznogorsk,85,1383.14775,0.0,159.21,34.38,-160.59,41.38,-28.72,38643.9,6.38
6.333333333333333,Yakutsk,100,1396.0135,0.0,159.29,34.38,-160.67,41.3,-28.8,38643.9,6.3
6.333333333333333,Khabarovsk,101,1344.2145,0.0,158.97,34.38,-160.34,41.63,-28.47,38643.9,6.63
6.333333333333333,Vladivostok,86,1458.9235,0.0,159.68,34.38,-161.06,40.92,-29.18,38643.9,5.92
6.333333333333333,Minsk,41,1157.6925,0.0,157.67,34.38,-159.05,42.93,-27.17,38643.9,7.93
6.333333333333333,Almaty,142,1430.124875,0.0,159.5,34.38,-160.88,41.09,-29.01,38643.9,6.09
6.333333333333333,Tehran,127,1128.10675,0.0,157.44,34.38,-158.82,43.15,-26.94,38643.9,8.15
6.5,Vladimir,111,1226.855625,0.0,158.17,34.38,-159.55,42.43,-27.67,38643.9,7.43
6.5,Murmansk,53,1080.314625,0.0,157.07,34.38,-158.45,43.53,-26.57,38643.9,8.53
6.5,Novosibirsk,141,1225.887125,0.0,158.16,34.38,-159.54,42.43,-27.67,38643.9,7.43
6.5,Zheleznogorsk,141,1093.84225,0.0,157.17,34.38,-158.55,43.42,-26.68,38643.9,8.42
6.5,Yakutsk,99,1018.9553125,0.0,156.56,34.38,-157.94,44.04,-26.06,38643.9,9.04
6.5,Khabarovsk,171,1703.522875,0.0,161.02,34.38,-162.4,39.57,-30.52,38643.9,4.57
6.5,Vladivostok,156,1771.397375,0.0,161.36,34.38,-162.74,39.23,-30.86,38643.9,4.23
6.5,Minsk,111,1060.33425,0.0,156.9,34.38,-158.28,43.69,-26.41,38643.9,8.69
6.5,Almaty,70,1556.486,0.0,160.24,34.38,-161.62,40.36,-29.74,38643.9,5.36
6.5,Tehran,126,1259.443375,0.0,158.4,34.38,-159.78,42.2,-27.9,38643.9,7.2
6.666666666666667,Vladimir,110,1193.372,0.0,157.93,34.38,-159.31,42.67,-27.43,38643.9,7.67
6.666666666666667,Murmansk,96,1033.69225,0.0,156.68,34.38,-158.06,43.91,-26.19,38643.9,8.91
6.666666666666667,Novosibirsk,68,1085.519625,0.0,157.11,34.38,-158.49,43.49,-26.61,38643.9,8.49
6.666666666666667,Zheleznogorsk,140,1225.568,0.0,158.16,34.38,-159.54,42.43,-27.66,38643.9,7.43
6.666666666666667,Yakutsk,98,1677.780875,0.0,160.89,34.38,-162.27,39.71,-30.39,38643.9,4.71
6.666666666666667,Khabarovsk,98,1128.1115,0.0,157.44,34.38,-158.82,43.15,-26.94,38643.9,8.15
6.666666666666667,Vladivostok,169,1408.697375,0.0,159.37,34.38,-160.75,41.22,-28.87,38643.9,6.22
6.666666666666667,Minsk,38,1177.7175,0.0,157.82,34.38,-159.2,42.78,-27.32,38643.9,7.78
6.666666666666667,Almaty,139,1169.52725,0.0,157.76,34.38,-159.14,42.84,-27.26,38643.9,7.84
6.666666666666667,Tehran,53,1244.533125,0.0,158.3,34.38,-159.68,42.3,-27.8,38643.9,7.3
6.833333333333333,Vladimir,51,1103.74,0.0,157.25,34.38,-158.63,43.34,-26.75,38643.9,8.34
6.833333333333333,Murmansk,109,1290.5575,0.0,158.61,34.38,-159.99,41.99,-28.11,38643.9,6.99
6.833333333333333,Novosibirsk,138,1201.46425,0.0,157.99,34.38,-159.37,42.61,-27.49,38643.9,7.61
6.833333333333333,Zheleznogorsk,81,1339.37625,0.0,158.93,34.38,-160.31,41.66,-28.44,38643.9,6.66
6.833333333333333,Yakutsk,154,1063.3745,0.0,156.93,34.38,-158.31,43.67,-26.43,38643.9,8.67
6.833333333333333,Khabarovsk,168,1266.755125,0.0,158.45,34.38,-159.83,42.15,-27.95,38643.9,7.15
6.833333333333333,Vladivostok,97,1374.896125,0.0,159.16,34.38,-160.54,41.44,-28.66,38643.9,6.44
6.833333333333333,Minsk,108,1141.813875,0.0,157.55,34.38,-158.93,43.05,-27.05,38643.9,8.05
6.833333333333333,Almaty,67,1116.72,0.0,157.35,34.38,-158.73,43.24,-26.86,38643.9,8.24
6.833333333333333,Tehran,123,1061.502875,0.0,156.91,34.38,-158.29,43.68,-26.42,38643.9,8.68
7.0,Vladimir,107,1228.140125,0.0,158.18,34.38,-159.56,42.42,-27.68,38643.9,7.42
7.0,Murmansk,49,1109.633125,0.0,157.3,34.38,-158.68,43.3,-26.8,38643.9,8.3
7.0,Novosibirsk,137,1192.956,0.0,157.93,34.38,-159.31,42.67,-27.43,38643.9,7.67
7.0,Zheleznogorsk,137,1058.186,0.0,156.89,34.38,-158.27,43.71,-26.39,38643.9,8.71
7.0,Yakutsk,153,1298.952875,0.0,158.67,34.38,-160.05,41.93,-28.17,38643.9,6.93
7.0,Khabarovsk,95,1284.648,0.0,158.57,34.38,-159.95,42.03,-28.07,38643.9,7.03
7.0,Vladivostok,166,1302.058,0.0,158.69,34.38,-160.07,41.91,-28.19,38643.9,6.91
7.0,Minsk,107,1164.417,0.0,157.72,34.38,-159.1,42.88,-27.22,38643.9,7.88
7.0,Almaty,136,1267.414,0.0,158.45,34.38,-159.83,42.14,-27.96,38643.9,7.14
7.0,Tehran,50,1413.48,0.0,159.4,34.38,-160.78,41.2,-28.9,38643.9,6.2
7.166666666666667,Vladimir,48,1007.4231875,0.0,156.46,34.38,-157.84,44.14,-25.96,38643.9,9.14
7.166666666666667,Murmansk,106,1079.973375,0.0,157.06,34.38,-158.44,43.53,-26.57,38643.9,8.53
7.166666666666667,Novosibirsk,78,1433.408875,0.0,159.52,34.38,-160.9,41.07,-29.03,38643.9,6.07
7.166666666666667,Zheleznogorsk,78,1038.6210625,0.0,156.72,34.38,-158.1,43.87,-26.23,38643.9,8.87
7.166666666666667,Yakutsk,93,1390.546875,0.0,159.26,34.38,-160.64,41.34,-28.76,38643.9,6.34
7.166666666666667,Khabarovsk,165,1050.480375,0.0,156.82,34.38,-158.2,43.77,-26.33,38643.9,8.77
7.166666666666667,Vladivostok,94,1092.07975,0.0,157.16,34.38,-158.54,43.44,-26.66,38643.9,8.44
7.166666666666667,Minsk,48,1263.36625,0.0,158.43,34.38,-159.81,42.17,-27.93,38643.9,7.17
7.166666666666667,Almaty,64,1031.4311875,0.0,156.66,34.38,-158.04,43.93,-26.17,38643.9,8.93
7.166666666666667,Tehran,49,1003.3520625,0.0,156.42,34.38,-157.8,44.17,-25.93,38643.9,9.17
7.333333333333333,Vladimir,47,1474.527875,0.0,159.77,34.38,-161.15,40.83,-29.27,38643.9,5.83
7.333333333333333,Murmansk,46,1191.94325,0.0,157.92,34.38,-159.3,42.68,-27.42,38643.9,7.68
7.333333333333333,Novosibirsk,149,999.6365625,0.0,156.39,34.38,-157.77,44.2,-25.89,38643.9,9.2
7.333333333333333,Zheleznogorsk,149,1245.100625,0.0,158.3,34.38,-159.68,42.3,-27.8,38643.9,7.3
7.333333333333333,Yakutsk,150,1116.782,0.0,157.36,34.38,-158.73,43.24,-26.86,38643.9,8.24
7.333333333333333,Khabarovsk,179,1427.8185,0.0,159.49,34.38,-160.87,41.11,-28.99,38643.9,6.11
7.333333333333333,Vladivostok,93,1439.36675,0.0,159.56,34.38,-160.94,41.04,-29.06,38643.9,6.04
7.333333333333333,Minsk,119,1081.1375,0.0,157.07,34.38,-158.45,43.52,-26.58,38643.9,8.52
7.333333333333333,Almaty,63,1333.323,0.0,158.89,34.38,-160.27,41.7,-28.4,38643.9,6.7
7.333333333333333,Tehran,134,1597.095625,0.0,160.46,34.38,-161.84,40.13,-29.96,38643.9,5.13
7.5,Vladimir,133,1158.589,0.0,157.67,34.38,-159.05,42.92,-27.18,38643.9,7.92
7.5,Murmansk,60,1084.779625,0.0,157.1,34.38,-158.48,43.49,-26.6,38643.9,8.49
7.5,Novosibirsk,75,1214.12725,0.0,158.08,34.38,-159.46,42.52,-27.58,38643.9,7.52
7.5,Zheleznogorsk,75,1087.2095,0.0,157.12,34.38,-158.5,43.47,-26.62,38643.9,8.47
7.5,Yakutsk,178,1539.937375,0.0,160.15,34.38,-161.52,40.45,-29.65,38643.9,5.45
7.5,Khabarovsk,91,1099.35275,0.0,157.22,34.38,-158.6,43.38,-26.72,38643.9,8.38
7.5,Vladivostok,177,992.937375,0.0,156.33,34.38,-157.71,44.26,-25.84,38643.9,9.26
7.5,Minsk,45,1201.934625,0.0,157.99,34.38,-159.37,42.6,-27.5,38643.9,7.6
7.5,Almaty,147,1106.321,0.0,157.27,34.38,-158.65,43.32,-26.78,38643.9,8.32
7.5,Tehran,46,1183.08075,0.0,157.86,34.38,-159.24,42.74,-27.36,38643.9,7.74
7.666666666666667,Vladimir,59,1270.293,0.0,158.47,34.38,-159.85,42.12,-27.98,38643.9,7.12
7.666666666666667,Murmansk,117,1221.582,0.0,158.13,34.38,-159.51,42.46,-27.64,38643.9,7.46
7.666666666666667,Novosibirsk,146,1176.365625,0.0,157.81,34.38,-159.19,42.79,-27.31,38643.9,7.79
7.666666666666667,Zheleznogorsk,89,1239.579375,0.0,158.26,34.38,-159.64,42.34,-27.76,38643.9,7.34
7.666666666666667,Yakutsk,162,1251.901875,0.0,158.35,34.38,-159.73,42.25,-27.85,38643.9,7.25
7.666666666666667,Khabarovsk,176,1121.0905,0.0,157.39,34.38,-158.77,43.21,-26.89,38643.9,8.21
7.666666666666667,Vladivostok,90,1107.074,0.0,157.28,34.38,-158.66,43.32,-26.78,38643.9,8.32
7.666666666666667,Minsk,59,1238.65525,0.0,158.25,34.38,-159.63,42.34,-27.76,38643.9,7.34
7.666666666666667,Almaty,60,1207.08625,0.0,158.03,34.38,-159.41,42.57,-27.53,38643.9,7.57
7.666666666666667,Tehran,45,1481.01925,0.0,159.81,34.38,-161.19,40.79,-29.31,38643.9,5.79
7.833333333333333,Vladimir,130,1149.365875,0.0,157.6,34.38,-158.98,42.99,-27.11,38643.9,7.99
7.833333333333333,Murmansk,72,1034.1241875,0.0,156.69,34.38,-158.07,43.91,-26.19,38643.9,8.91
7.833333333333333,Novosibirsk,145,1294.107375,0.0,158.64,34.38,-160.01,41.96,-28.14,38643.9,6.96
7.833333333333333,Zheleznogorsk,160,1274.347,0.0,158.5,34.38,-159.88,42.1,-28.0,38643.9,7.1
7.833333333333333,Yakutsk,117,1190.501625,0.0,157.91,34.38,-159.29,42.69,-27.41,38643.9,7.69
7.833333333333333,Khabarovsk,103,1462.887125,0.0,159.7,34.38,-161.08,40.9,-29.2,38643.9,5.9
7.833333333333333,Vladivostok,174,1232.4665,0.0,158.21,34.38,-159.59,42.39,-27.71,38643.9,7.39
7.833333333333333,Minsk,115,1428.07675,0.0,159.49,34.38,-160.87,41.11,-28.99,38643.9,6.11
7.833333333333333,Almaty,144,1518.736625,0.0,160.03,34.38,-161.4,40.57,-29.53,38643.9,5.57
7.833333333333333,Tehran,58,1666.088,0.0,160.83,34.38,-162.21,39.77,-30.33,38643.9,4.77
8.0,Vladimir,129,1201.4225,0.0,157.99,34.38,-159.37,42.61,-27.49,38643.9,7.61
8.0,Murmansk,114,1006.848125,0.0,156.45,34.38,-157.83,44.14,-25.96,38643.9,9.14
8.0,Novosibirsk,86,1084.5875,0.0,157.1,34.38,-158.48,43.5,-26.6,38643.9,8.5
8.0,Zheleznogorsk,86,1118.404875,0.0,157.37,34.38,-158.75,43.23,-26.87,38643.9,8.23
8.0,Yakutsk,101,1607.526875,0.0,160.52,34.38,-161.9,40.08,-30.02,38643.9,5.08
8.0,Khabarovsk,173,1164.581,0.0,157.72,34.38,-159.1,42.88,-27.22,38643.9,7.88
8.0,Vladivostok,102,1157.430375,0.0,157.67,34.38,-159.04,42.93,-27.17,38643.9,7.93
8.0,Minsk,56,998.525125,0.0,156.38,34.38,-157.76,44.21,-25.88,38643.9,9.21
8.0,Almaty,72,1433.69175,0.0,159.52,34.38,-160.9,41.07,-29.03,38643.9,6.07
8.0,Tehran,142,1530.46525,0.0,160.09,34.38,-161.47,40.5,-29.59,38643.9,5.5
8.166666666666666,Vladimir,70,1393.364875,0.0,159.28,34.38,-160.66,41.32,-28.78,38643.9,6.32
8.166666666666666,Murmansk,69,1276.22425,0.0,158.51,34.38,-159.89,42.08,-28.02,38643.9,7.08
8.166666666666666,Novosibirsk,142,1280.187375,0.0,158.54,34.38,-159.92,42.06,-28.04,38643.9,7.06
8.166666666666666,Zheleznogorsk,157,1377.7595,0.0,159.18,34.38,-160.56,41.42,-28.68,38643.9,6.42
8.166666666666666,Yakutsk,114,1061.03325,0.0,156.91,34.38,-158.29,43.69,-26.41,38643.9,8.69
8.166666666666666,Khabarovsk,172,1612.37325,0.0,160.55,34.38,-161.92,40.05,-30.05,38643.9,5.05
8.166666666666666,Vladivostok,101,1688.442,0.0,160.95,34.38,-162.32,39.65,-30.45,38643.9,4.65
8.166666666666666,Minsk,127,1295.069,0.0,158.64,34.38,-160.02,41.96,-28.14,38643.9,6.96
8.166666666666666,Almaty,85,1635.665375,0.0,160.67,34.38,-162.05,39.93,-30.17,38643.9,4.93
8.166666666666666,Tehran,141,1200.606125,0.0,157.98,34.38,-159.36,42.61,-27.49,38643.9,7.61
8.333333333333334,Vladimir,126,1013.951,0.0,156.52,34.38,-157.9,44.08,-26.02,38643.9,9.08
8.333333333333334,Murmansk,68,1064.189,0.0,156.94,34.38,-158.32,43.66,-26.44,38643.9,8.66
8.333333333333334,Novosibirsk,83,1015.32725,0.0,156.53,34.38,-157.91,44.07,-26.03,38643.9,9.07
8.333333333333334,Zheleznogorsk,156,1068.03675,0.0,156.97,34.38,-158.35,43.63,-26.47,38643.9,8.63
8.333333333333334,Yakutsk,113,1392.256125,0.0,159.27,34.38,-160.65,41.33,-28.77,38643.9,6.33
8.333333333333334,Khabarovsk,113,1414.87425,0.0,159.41,34.38,-160.79,41.19,-28.91,38643.9,6.19
8.333333333333334,Vladivostok,170,1443.31275,0.0,159.58,34.38,-160.96,41.01,-29.08,38643.9,6.01
8.333333333333334,Minsk,53,1132.449,0.0,157.48,34.38,-158.86,43.12,-26.98,38643.9,8.12
8.333333333333334,Almaty,155,1553.780125,0.0,160.22,34.38,-161.6,40.37,-29.73,38643.9,5.37
8.333333333333334,Tehran,69,1642.27975,0.0,160.7,34.38,-162.08,39.89,-30.21,38643.9,4.89
8.5,Vladimir,67,1092.931625,0.0,157.17,34.38,-158.55,43.43,-26.67,38643.9,8.43
8.5,Murmansk,110,1255.153875,0.0,158.37,34.38,-159.75,42.23,-27.87,38643.9,7.23
8.5,Novosibirsk,82,1405.594,0.0,159.35,34.38,-160.73,41.24,-28.85,38643.9,6.24
8.5,Zheleznogorsk,97,1327.287625,0.0,158.86,34.38,-160.23,41.74,-28.36,38643.9,6.74
8.5,Yakutsk,169,1253.741625,0.0,158.36,34.38,-159.74,42.24,-27.86,38643.9,7.24
8.5,Khabarovsk,112,1299.113125,0.0,158.67,34.38,-160.05,41.93,-28.17,38643.9,6.93
8.5,Vladivostok,112,1560.01,0.0,160.26,34.38,-161.64,40.34,-29.76,38643.9,5.34
8.5,Minsk,52,1320.561125,0.0,158.81,34.38,-160.19,41.79,-28.31,38643.9,6.79
8.5,Almaty,82,1282.027875,0.0,158.55,34.38,-159.93,42.04,-28.06,38643.9,7.04
8.5,Tehran,138,1013.7201875,0.0,156.51,34.38,-157.89,44.08,-26.02,38643.9,9.08
8.666666666666666,Vladimir,123,1189.2085,0.0,157.9,34.38,-159.28,42.7,-27.4,38643.9,7.7
8.666666666666666,Murmansk,65,1042.5796875,0.0,156.76,34.38,-158.14,43.84,-26.26,38643.9,8.84
8.666666666666666,Novosibirsk,153,1145.878875,0.0,157.58,34.38,-158.96,43.02,-27.08,38643.9,8.02
8.666666666666666,Zheleznogorsk,153,1024.9015,0.0,156.61,34.38,-157.99,43.99,-26.11,38643.9,8.99
8.666666666666666,Yakutsk,110,1070.7335,0.0,156.99,34.38,-158.37,43.61,-26.49,38643.9,8.61
8.666666666666666,Khabarovsk,110,1619.282,0.0,160.58,34.38,-161.96,40.01,-30.08,38643.9,5.01
8.666666666666666,Vladivostok,2,1753.693875,0.0,161.27,34.38,-162.65,39.32,-30.78,38643.9,4.32
8.666666666666666,Minsk,123,1029.151125,0.0,156.65,34.38,-158.02,43.95,-26.15,38643.9,8.95
8.666666666666666,Almaty,81,1566.367125,0.0,160.29,34.38,-161.67,40.3,-29.8,38643.9,5.3
8.666666666666666,Tehran,137,1387.647625,0.0,159.24,34.38,-160.62,41.36,-28.74,38643.9,6.36
8.833333333333334,Vladimir,64,1131.1805,0.0,157.47,34.38,-158.85,43.13,-26.97,38643.9,8.13
8.833333333333334,Murmansk,107,1063.76675,0.0,156.93,34.38,-158.31,43.66,-26.43,38643.9,8.66
8.833333333333334,Novosibirsk,79,1218.37875,0.0,158.11,34.38,-159.49,42.49,-27.61,38643.9,7.49
8.833333333333334,Zheleznogorsk,94,1160.138625,0.0,157.69,34.38,-159.07,42.91,-27.19,38643.9,7.91
8.833333333333334,Yakutsk,166,1650.58525,0.0,160.75,34.38,-162.13,39.85,-30.25,38643.9,4.85
8.833333333333334,Khabarovsk,109,1035.135,0.0,156.7,34.38,-158.07,43.9,-26.2,38643.9,8.9
8.833333333333334,Vladivostok,1,1255.446875,0.0,158.37,34.38,-159.75,42.23,-27.87,38643.9,7.23
8.833333333333334,Minsk,49,1304.209625,0.0,158.7,34.38,-160.08,41.89,-28.2,38643.9,6.89
8.833333333333334,Almaty,151,1049.22775,0.0,156.81,34.38,-158.19,43.78,-26.32,38643.9,8.78
8.833333333333334,Tehran,65,1085.91525,0.0,157.11,34.38,-158.49,43.49,-26.61,38643.9,8.49
9.0,Vladimir,63,1182.877625,0.0,157.85,34.38,-159.23,42.74,-27.36,38643.9,7.74
9.0,Murmansk,62,1291.195875,0.0,158.62,34.38,-159.99,41.98,-28.12,38643.9,6.98
9.0,Novosibirsk,150,1072.820125,0.0,157.01,34.38,-158.39,43.59,-26.51,38643.9,8.59
9.0,Zheleznogorsk,150,1328.23375,0.0,158.86,34.38,-160.24,41.74,-28.36,38643.9,6.74
9.0,Yakutsk,165,1038.899625,0.0,156.73,34.38,-158.11,43.87,-26.23,38643.9,8.87
9.0,Khabarovsk,0,1254.388,0.0,158.36,34.38,-159.74,42.23,-27.87,38643.9,7.23
9.0,Vladivostok,108,1331.422375,0.0,158.88,34.38,-160.26,41.71,-28.38,38643.9,6.71
9.0,Minsk,120,1065.945625,0.0,156.95,34.38,-158.33,43.65,-26.45,38643.9,8.65
9.0,Almaty,78,1116.98475,0.0,157.36,34.38,-158.74,43.24,-26.86,38643.9,8.24
9.0,Tehran,149,1208.552375,0.0,158.04,34.38,-159.42,42.56,-27.54,38643.9,7.56
9.166666666666666,Vladimir,134,1311.859625,0.0,158.75,34.38,-160.13,41.84,-28.26,38643.9,6.84
9.166666666666666,Murmansk,75,1068.45025,0.0,156.97,34.38,-158.35,43.63,-26.47,38643.9,8.63
9.166666666666666,Novosibirsk,164,1291.535625,0.0,158.62,34.38,-160.0,41.98,-28.12,38643.9,6.98
9.166666666666666,Zheleznogorsk,164,1153.337125,0.0,157.63,34.38,-159.01,42.96,-27.14,38643.9,7.96
9.166666666666666,Yakutsk,179,1445.3875,0.0,159.6,34.38,-160.97,41.0,-29.1,38643.9,6.0
9.166666666666666,Khabarovsk,106,1166.5125,0.0,157.73,34.38,-159.11,42.86,-27.24,38643.9,7.86
9.166666666666666,Vladivostok,13,1126.0275,0.0,157.43,34.38,-158.81,43.17,-26.93,38643.9,8.17
9.166666666666666,Minsk,134,1299.0135,0.0,158.67,34.38,-160.05,41.93,-28.17,38643.9,6.93
9.166666666666666,Almaty,163,1147.678625,0.0,157.59,34.38,-158.97,43.0,-27.09,38643.9,8.0
9.166666666666666,Tehran,62,1273.184875,0.0,158.49,34.38,-159.87,42.1,-28.0,38643.9,7.1
9.333333333333334,Vladimir,60,1039.0096875,0.0,156.73,34.38,-158.11,43.87,-26.23,38643.9,8.87
9.333333333333334,Murmansk,133,1079.0,0.0,157.06,34.38,-158.44,43.54,-26.56,38643.9,8.54
9.333333333333334,Novosibirsk,162,1337.024375,0.0,158.92,34.38,-160.3,41.68,-28.42,38643.9,6.68
9.333333333333334,Zheleznogorsk,90,1049.1845,0.0,156.81,34.38,-158.19,43.78,-26.31,38643.9,8.78
9.333333333333334,Yakutsk,119,1312.23025,0.0,158.76,34.38,-160.14,41.84,-28.26,38643.9,6.84
9.333333333333334,Khabarovsk,12,1000.268875,0.0,156.4,34.38,-157.78,44.2,-25.9,38643.9,9.2
9.333333333333334,Vladivostok,105,1017.0631875,0.0,156.54,34.38,-157.92,44.05,-26.04,38643.9,9.05
9.333333333333334,Minsk,60,1203.675875,0.0,158.01,34.38,-159.39,42.59,-27.51,38643.9,7.59
9.333333333333334,Almaty,75,1013.5190625,0.0,156.51,34.38,-157.89,44.08,-26.01,38643.9,9.08
9.333333333333334,Tehran,61,1099.328375,0.0,157.22,34.38,-158.6,43.38,-26.72,38643.9,8.38
9.5,Vladimir,145,1484.356,0.0,159.83,34.38,-161.21,40.77,-29.33,38643.9,5.77
9.5,Murmansk,87,1207.136375,0.0,158.03,34.38,-159.41,42.57,-27.53,38643.9,7.57
9.5,Novosibirsk,161,1056.86125,0.0,156.88,34.38,-158.26,43.72,-26.38,38643.9,8.72
9.5,Zheleznogorsk,161,1274.259375,0.0,158.5,34.38,-159.88,42.1,-28.0,38643.9,7.1
9.5,Yakutsk,176,1211.9275,0.0,158.07,34.38,-159.44,42.53,-27.57,38643.9,7.53
9.5,Khabarovsk,11,1573.04425,0.0,160.33,34.38,-161.71,40.27,-29.83,38643.9,5.27
9.5,Vladivostok,10,1380.271625,0.0,159.2,34.38,-160.57,41.4,-28.7,38643.9,6.4
9.5,Minsk,131,1171.8535,0.0,157.77,34.38,-159.15,42.82,-27.28,38643.9,7.82
9.5,Almaty,89,1521.502625,0.0,160.04,34.38,-161.42,40.56,-29.54,38643.9,5.56
9.5,Tehran,74,1748.0005,0.0,161.25,34.38,-162.63,39.35,-30.75,38643.9,4.35
9.666666666666666,Vladimir,144,1106.58575,0.0,157.28,34.38,-158.65,43.32,-26.78,38643.9,8.32
9.666666666666666,Murmansk,130,1043.2365625,0.0,156.76,34.38,-158.14,43.83,-26.27,38643.9,8.83
9.666666666666666,Novosibirsk,102,1120.6995,0.0,157.39,34.38,-158.76,43.21,-26.89,38643.9,8.21
9.666666666666666,Zheleznogorsk,102,1037.7310625,0.0,156.72,34.38,-158.1,43.88,-26.22,38643.9,8.88
9.666666666666666,Yakutsk,10,1600.656,0.0,160.48,34.38,-161.86,40.12,-29.98,38643.9,5.12
9.666666666666666,Khabarovsk,9,1139.918125,0.0,157.53,34.38,-158.91,43.06,-27.04,38643.9,8.06
9.666666666666666,Vladivostok,9,1047.9785625,0.0,156.8,34.38,-158.18,43.79,-26.3,38643.9,8.79
9.666666666666666,Minsk,72,1082.833625,0.0,157.09,34.38,-158.47,43.51,-26.59,38643.9,8.51
9.666666666666666,Almaty,159,1196.54875,0.0,157.95,34.38,-159.33,42.64,-27.46,38643.9,7.64
9.666666666666666,Tehran,73,1272.9995,0.0,158.49,34.38,-159.87,42.1,-27.99,38643.9,7.1
9.833333333333334,Vladimir,85,1421.103125,0.0,159.45,34.38,-160.83,41.15,-28.95,38643.9,6.15
9.833333333333334,Murmansk,129,1339.69925,0.0,158.94,34.38,-160.32,41.66,-28.44,38643.9,6.66
9.833333333333334,Novosibirsk,158,1174.9375,0.0,157.8,34.38,-159.18,42.8,-27.3,38643.9,7.8
9.833333333333334,Zheleznogorsk,101,1401.043,0.0,159.32,34.38,-160.7,41.27,-28.83,38643.9,6.27
9.833333333333334,Yakutsk,130,1256.272,0.0,158.38,34.38,-159.76,42.22,-27.88,38643.9,7.22
9.833333333333334,Khabarovsk,8,1262.899375,0.0,158.42,34.38,-159.8,42.17,-27.93,38643.9,7.17
9.833333333333334,Vladivostok,116,1261.0115,0.0,158.41,34.38,-159.79,42.19,-27.91,38643.9,7.19
9.833333333333334,Minsk,71,1319.28475,0.0,158.8,34.38,-160.18,41.79,-28.3,38643.9,6.79
9.833333333333334,Almaty,86,1408.657375,0.0,159.37,34.38,-160.75,41.22,-28.87,38643.9,6.22
9.833333333333334,Tehran,157,1440.381375,0.0,159.57,34.38,-160.94,41.03,-29.07,38643.9,6.03
10.0,Vladimir,141,1043.9746875,0.0,156.77,34.38,-158.15,43.83,-26.27,38643.9,8.83
10.0,Murmansk,83,999.63575,0.0,156.39,34.38,-157.77,44.2,-25.89,38643.9,9.2
10.0,Novosibirsk,99,1179.9345,0.0,157.83,34.38,-159.21,42.76,-27.33,38643.9,7.76
10.0,Zheleznogorsk,171,1140.45825,0.0,157.54,34.38,-158.92,43.06,-27.04,38643.9,8.06
10.0,Yakutsk,7,1213.764875,0.0,158.08,34.38,-159.46,42.52,-27.58,38643.9,7.52
10.0,Khabarovsk,114,1502.87275,0.0,159.93,34.38,-161.31,40.66,-29.44,38643.9,5.66
10.0,Vladivostok,6,1261.935625,0.0,158.42,34.38,-159.8,42.18,-27.92,38643.9,7.18
10.0,Minsk,69,1314.41775,0.0,158.77,34.38,-160.15,41.83,-28.27,38643.9,6.83
10.0,Almaty,156,1571.954125,0.0,160.32,34.38,-161.7,40.27,-29.83,38643.9,5.27
10.0,Tehran,156,1669.4395,0.0,160.85,34.38,-162.23,39.75,-30.35,38643.9,4.75
10.166666666666666,Vladimir,82,1257.938875,0.0,158.39,34.38,-159.77,42.21,-27.89,38643.9,7.21
10.166666666666666,Murmansk,126,1055.99075,0.0,156.87,34.38,-158.25,43.73,-26.37,38643.9,8.73
10.166666666666666,Novosibirsk,98,1141.71825,0.0,157.55,34.38,-158.93,43.05,-27.05,38643.9,8.05
10.166666666666666,Zheleznogorsk,98,1254.886375,0.0,158.37,34.38,-159.75,42.23,-27.87,38643.9,7.23
10.166666666666666,Yakutsk,127,1553.335375,0.0,160.22,34.38,-161.6,40.38,-29.72,38643.9,5.38
10.166666666666666,Khabarovsk,5,1266.079,0.0,158.44,34.38,-159.82,42.15,-27.95,38643.9,7.15
10.166666666666666,Vladivostok,113,1297.637625,0.0,158.66,34.38,-160.04,41.94,-28.16,38643.9,6.94
10.166666666666666,Minsk,68,1050.648,0.0,156.82,34.38,-158.2,43.77,-26.33,38643.9,8.77
10.166666666666666,Almaty,169,1537.466125,0.0,160.13,34.38,-161.51,40.46,-29.63,38643.9,5.46
10.166666666666666,Tehran,154,1293.981625,0.0,158.63,34.38,-160.01,41.96,-28.14,38643.9,6.96
10.333333333333334,Vladimir,138,1321.930125,0.0,158.82,34.38,-160.2,41.78,-28.32,38643.9,6.78
10.333333333333334,Murmansk,80,1165.0205,0.0,157.72,34.38,-159.1,42.87,-27.22,38643.9,7.87
10.333333333333334,Novosibirsk,168,1337.18225,0.0,158.92,34.38,-160.3,41.68,-28.42,38643.9,6.68
10.333333333333334,Zheleznogorsk,168,1213.311875,0.0,158.08,34.38,-159.45,42.52,-27.58,38643.9,7.52
10.333333333333334,Yakutsk,126,1013.5738125,0.0,156.51,34.38,-157.89,44.08,-26.01,38643.9,9.08
10.333333333333334,Khabarovsk,18,1709.970625,0.0,161.06,34.38,-162.43,39.54,-30.56,38643.9,4.54
10.333333333333334,Vladivostok,3,1760.2485,0.0,161.31,34.38,-162.69,39.29,-30.81,38643.9,4.29
10.333333333333334,Minsk,138,1141.66625,0.0,157.55,34.38,-158.93,43.05,-27.05,38643.9,8.05
10.333333333333334,Almaty,97,1557.745125,0.0,160.25,34.38,-161.62,40.35,-29.75,38643.9,5.35
10.333333333333334,Tehran,153,1181.98675,0.0,157.85,34.38,-159.23,42.75,-27.35,38643.9,7.75
10.5,Vladimir,137,1086.869375,0.0,157.12,34.38,-158.5,43.48,-26.62,38643.9,8.48
10.5,Murmansk,123,1045.671875,0.0,156.78,34.38,-158.16,43.81,-26.29,38643.9,8.81
10.5,Novosibirsk,95,1022.7214375,0.0,156.59,34.38,-157.97,44.01,-26.09,38643.9,9.01
10.5,Zheleznogorsk,167,1119.52725,0.0,157.38,34.38,-158.76,43.22,-26.88,38643.9,8.22
10.5,Yakutsk,125,1519.315875,0.0,160.03,34.38,-161.41,40.57,-29.53,38643.9,5.57
10.5,Khabarovsk,125,1248.755125,0.0,158.33,34.38,-159.7,42.27,-27.83,38643.9,7.27
10.5,Vladivostok,16,1574.229875,0.0,160.34,34.38,-161.72,40.26,-29.84,38643.9,5.26
10.5,Minsk,65,1132.628875,0.0,157.48,34.38,-158.86,43.12,-26.98,38643.9,8.12
10.5,Almaty,166,1325.595375,0.0,158.84,34.38,-160.22,41.75,-28.35,38643.9,6.75
10.5,Tehran,80,1418.98375,0.0,159.44,34.38,-160.81,41.16,-28.94,38643.9,6.16
10.666666666666666,Vladimir,78,1066.29775,0.0,156.95,34.38,-158.33,43.64,-26.46,38643.9,8.64
10.666666666666666,Murmansk,136,1249.82125,0.0,158.33,34.38,-159.71,42.26,-27.83,38643.9,7.26
10.666666666666666,Novosibirsk,165,1362.509,0.0,159.08,34.38,-160.46,41.51,-28.58,38643.9,6.51
10.666666666666666,Zheleznogorsk,108,1303.86425,0.0,158.7,34.38,-160.08,41.9,-28.2,38643.9,6.9
10.666666666666666,Yakutsk,1,1140.480125,0.0,157.54,34.38,-158.92,43.06,-27.04,38643.9,8.06
10.666666666666666,Khabarovsk,124,1305.111875,0.0,158.71,34.38,-160.09,41.89,-28.21,38643.9,6.89
10.666666666666666,Vladivostok,124,1431.103,0.0,159.51,34.38,-160.89,41.09,-29.01,38643.9,6.09
10.666666666666666,Minsk,135,1269.92875,0.0,158.47,34.38,-159.85,42.13,-27.97,38643.9,7.13
10.666666666666666,Almaty,94,1159.98475,0.0,157.68,34.38,-159.06,42.91,-27.19,38643.9,7.91
10.666666666666666,Tehran,150,997.574125,0.0,156.37,34.38,-157.75,44.22,-25.88,38643.9,9.22
10.833333333333334,Vladimir,149,1198.40525,0.0,157.97,34.38,-159.35,42.63,-27.47,38643.9,7.63
10.833333333333334,Murmansk,76,1054.533,0.0,156.86,34.38,-158.24,43.74,-26.36,38643.9,8.74
10.833333333333334,Novosibirsk,179,1132.273875,0.0,157.47,34.38,-158.85,43.12,-26.98,38643.9,8.12
10.833333333333334,Zheleznogorsk,179,1017.6860625,0.0,156.55,34.38,-157.93,44.05,-26.05,38643.9,9.05
10.833333333333334,Yakutsk,0,1170.976625,0.0,157.77,34.38,-159.15,42.83,-27.27,38643.9,7.83
10.833333333333334,Khabarovsk,122,1440.1875,0.0,159.56,34.38,-160.94,41.03,-29.07,38643.9,6.03
10.833333333333334,Vladivostok,28,1500.562125,0.0,159.92,34.38,-161.3,40.68,-29.42,38643.9,5.68
10.833333333333334,Minsk,149,1067.791,0.0,156.97,34.38,-158.34,43.63,-26.47,38643.9,8.63
10.833333333333334,Almaty,178,1436.35525,0.0,159.54,34.38,-160.92,41.06,-29.04,38643.9,6.06
10.833333333333334,Tehran,164,1565.430875,0.0,160.29,34.38,-161.67,40.31,-29.79,38643.9,5.31
11.0,Vladimir,75,1043.938125,0.0,156.77,34.38,-158.15,43.83,-26.27,38643.9,8.83
11.0,Murmansk,148,1122.985,0.0,157.4,34.38,-158.78,43.19,-26.91,38643.9,8.19
11.0,Novosibirsk,91,1398.811,0.0,159.31,34.38,-160.69,41.29,-28.81,38643.9,6.29
11.0,Zheleznogorsk,105,1071.167,0.0,156.99,34.38,-158.37,43.6,-26.49,38643.9,8.6
11.0,Yakutsk,120,1515.226625,0.0,160.01,34.38,-161.38,40.59,-29.51,38643.9,5.59
11.0,Khabarovsk,121,1007.3000625,0.0,156.46,34.38,-157.84,44.14,-25.96,38643.9,9.14
11.0,Vladivostok,27,1172.354625,0.0,157.78,34.38,-159.16,42.82,-27.28,38643.9,7.82
11.0,Minsk,75,1334.1645,0.0,158.9,34.38,-160.28,41.7,-28.4,38643.9,6.7
11.0,Almaty,177,1013.2365,0.0,156.51,34.38,-157.89,44.09,-26.01,38643.9,9.09
11.0,Tehran,76,998.451125,0.0,156.38,34.38,-157.76,44.21,-25.88,38643.9,9.21
11.166666666666666,Vladimir,89,1310.877625,0.0,158.75,34.38,-160.13,41.85,-28.25,38643.9,6.85
11.166666666666666,Murmansk,88,1224.9565,0.0,158.16,34.38,-159.54,42.44,-27.66,38643.9,7.44
11.166666666666666,Novosibirsk,176,1004.302375,0.0,156.43,34.38,-157.81,44.16,-25.93,38643.9,9.16
11.166666666666666,Zheleznogorsk,176,1276.09275,0.0,158.51,34.38,-159.89,42.08,-28.02,38643.9,7.08
11.166666666666666,Yakutsk,12,1061.867875,0.0,156.92,34.38,-158.3,43.68,-26.42,38643.9,8.68
11.166666666666666,Khabarovsk,26,1309.344875,0.0,158.74,34.38,-160.12,41.86,-28.24,38643.9,6.86
11.166666666666666,Vladivostok,120,1347.389875,0.0,158.99,34.38,-160.36,41.61,-28.49,38643.9,6.61
11.166666666666666,Minsk,146,1051.776,0.0,156.83,34.38,-158.21,43.76,-26.34,38643.9,8.76
11.166666666666666,Almaty,90,1193.38425,0.0,157.93,34.38,-159.31,42.67,-27.43,38643.9,7.67
11.166666666666666,Tehran,161,1403.81275,0.0,159.34,34.38,-160.72,41.25,-28.84,38643.9,6.25
11.333333333333334,Vladimir,160,1248.910625,0.0,158.33,34.38,-159.71,42.27,-27.83,38643.9,7.27
11.333333333333334,Murmansk,102,1055.68225,0.0,156.87,34.38,-158.25,43.73,-26.37,38643.9,8.73
11.333333333333334,Novosibirsk,117,1320.6745,0.0,158.81,34.38,-160.19,41.79,-28.31,38643.9,6.79
11.333333333333334,Zheleznogorsk,117,1189.834125,0.0,157.91,34.38,-159.28,42.69,-27.41,38643.9,7.69
11.333333333333334,Yakutsk,25,1503.614625,0.0,159.94,34.38,-161.32,40.66,-29.44,38643.9,5.66
11.333333333333334,Khabarovsk,133,1106.579375,0.0,157.28,34.38,-158.65,43.32,-26.78,38643.9,8.32
11.333333333333334,Vladivostok,24,1018.849375,0.0,156.56,34.38,-157.94,44.04,-26.06,38643.9,9.04
11.333333333333334,Minsk,87,1340.02125,0.0,158.94,34.38,-160.32,41.66,-28.44,38643.9,6.66
11.333333333333334,Almaty,174,1100.599125,0.0,157.23,34.38,-158.61,43.37,-26.73,38643.9,8.37
11.333333333333334,Tehran,88,1200.26525,0.0,157.98,34.38,-159.36,42.62,-27.48,38643.9,7.62
11.5,Vladimir,86,1136.227625,0.0,157.51,34.38,-158.88,43.09,-27.01,38643.9,8.09
11.5,Murmansk,144,1127.056375,0.0,157.43,34.38,-158.81,43.16,-26.94,38643.9,8.16
11.5,Novosibirsk,173,1241.350875,0.0,158.27,34.38,-159.65,42.32,-27.78,38643.9,7.32
11.5,Zheleznogorsk,116,1118.798625,0.0,157.37,34.38,-158.75,43.23,-26.87,38643.9,8.23
11.5,Yakutsk,131,1281.468,0.0,158.55,34.38,-159.93,42.05,-28.05,38643.9,7.05
11.5,Khabarovsk,23,1029.902,0.0,156.65,34.38,-158.03,43.95,-26.15,38643.9,8.95
11.5,Vladivostok,132,1022.9100625,0.0,156.59,34.38,-157.97,44.0,-26.09,38643.9,9.0
11.5,Minsk,86,1188.188,0.0,157.89,34.38,-159.27,42.7,-27.4,38643.9,7.7
11.5,Almaty,102,1084.414375,0.0,157.1,34.38,-158.48,43.5,-26.6,38643.9,8.5
11.5,Tehran,87,1277.14475,0.0,158.52,34.38,-159.9,42.08,-28.02,38643.9,7.08
11.666666666666666,Vladimir,157,1294.303625,0.0,158.64,34.38,-160.02,41.96,-28.14,38643.9,6.96
11.666666666666666,Murmansk,99,1106.46625,0.0,157.27,34.38,-158.65,43.32,-26.78,38643.9,8.32
11.666666666666666,Novosibirsk,172,1163.439125,0.0,157.71,34.38,-159.09,42.89,-27.21,38643.9,7.89
11.666666666666666,Zheleznogorsk,172,1337.6845,0.0,158.92,34.38,-160.3,41.67,-28.42,38643.9,6.67
11.666666666666666,Yakutsk,144,1183.05,0.0,157.86,34.38,-159.23,42.74,-27.36,38643.9,7.74
11.666666666666666,Khabarovsk,130,1507.149625,0.0,159.96,34.38,-161.34,40.64,-29.46,38643.9,5.64
11.666666666666666,Vladivostok,21,1286.40375,0.0,158.58,34.38,-159.96,42.01,-28.09,38643.9,7.01
11.666666666666666,Minsk,142,1297.000875,0.0,158.65,34.38,-160.03,41.94,-28.16,38643.9,6.94
11.666666666666666,Almaty,171,1543.723625,0.0,160.17,34.38,-161.55,40.43,-29.67,38643.9,5.43
11.666666666666666,Tehran,85,1694.06025,0.0,160.97,34.38,-162.35,39.62,-30.48,38643.9,4.62
11.833333333333334,Vladimir,156,1120.728,0.0,157.39,34.38,-158.76,43.21,-26.89,38643.9,8.21
11.833333333333334,Murmansk,141,1000.9228125,0.0,156.4,34.38,-157.78,44.19,-25.91,38643.9,9.19
11.833333333333334,Novosibirsk,113,1070.0675,0.0,156.98,34.38,-158.36,43.61,-26.49,38643.9,8.61
11.833333333333334,Zheleznogorsk,113,1053.04575,0.0,156.84,34.38,-158.22,43.75,-26.35,38643.9,8.75
11.833333333333334,Yakutsk,128,1657.6095,0.0,160.79,34.38,-162.16,39.81,-30.29,38643.9,4.81
11.833333333333334,Khabarovsk,20,1133.98675,0.0,157.49,34.38,-158.87,43.11,-26.99,38643.9,8.11
11.833333333333334,Vladivostok,129,1113.932875,0.0,157.33,34.38,-158.71,43.26,-26.83,38643.9,8.26
11.833333333333334,Minsk,83,1009.5215,0.0,156.48,34.38,-157.86,44.12,-25.98,38643.9,9.12
11.833333333333334,Almaty,170,1336.6785,0.0,158.92,34.38,-160.3,41.68,-28.42,38643.9,6.68
11.833333333333334,Tehran,84,1438.9635,0.0,159.56,34.38,-160.94,41.04,-29.06,38643.9,6.04
12.0,Vladimir,97,1379.261,0.0,159.19,34.38,-160.57,41.41,-28.69,38643.9,6.41
12.0,Murmansk,96,1414.735125,0.0,159.41,34.38,-160.79,41.19,-28.91,38643.9,6.19
12.0,Novosibirsk,169,1219.717625,0.0,158.12,34.38,-159.5,42.48,-27.62,38643.9,7.48
12.0,Zheleznogorsk,4,1564.27125,0.0,160.28,34.38,-161.66,40.31,-29.78,38643.9,5.31
12.0,Yakutsk,141,1141.743125,0.0,157.55,34.38,-158.93,43.05,-27.05,38643.9,8.05
12.0,Khabarovsk,19,1435.18375,0.0,159.53,34.38,-160.91,41.06,-29.04,38643.9,6.06
12.0,Vladivostok,128,1468.68225,0.0,159.73,34.38,-161.11,40.86,-29.24,38643.9,5.86
12.0,Minsk,82,1445.230625,0.0,159.59,34.38,-160.97,41.0,-29.1,38643.9,6.0
12.0,Almaty,98,1651.146375,0.0,160.75,34.38,-162.13,39.85,-30.25,38643.9,4.85
12.0,Tehran,168,1268.277375,0.0,158.46,34.38,-159.84,42.14,-27.96,38643.9,7.14
12.166666666666666,Vladimir,153,999.847625,0.0,156.39,34.38,-157.77,44.2,-25.9,38643.9,9.2
12.166666666666666,Murmansk,95,1008.898,0.0,156.47,34.38,-157.85,44.12,-25.97,38643.9,9.12
12.166666666666666,Novosibirsk,110,1073.80375,0.0,157.01,34.38,-158.39,43.58,-26.52,38643.9,8.58
12.166666666666666,Zheleznogorsk,3,1065.816125,0.0,156.95,34.38,-158.33,43.65,-26.45,38643.9,8.65
12.166666666666666,Yakutsk,18,1278.436,0.0,158.53,34.38,-159.91,42.07,-28.03,38643.9,7.07
12.166666666666666,Khabarovsk,17,1562.881875,0.0,160.27,34.38,-161.65,40.32,-29.78,38643.9,5.32
12.166666666666666,Vladivostok,17,1349.002625,0.0,159.0,34.38,-160.38,41.6,-28.5,38643.9,6.6
12.166666666666666,Minsk,80,1204.880625,0.0,158.01,34.38,-159.39,42.58,-27.52,38643.9,7.58
12.166666666666666,Almaty,167,1665.18125,0.0,160.82,34.38,-162.2,39.77,-30.33,38643.9,4.77
12.166666666666666,Tehran,167,1719.55325,0.0,161.1,34.38,-162.48,39.49,-30.61,38643.9,4.49
12.333333333333334,Vladimir,94,1150.329,0.0,157.61,34.38,-158.99,42.98,-27.11,38643.9,7.98
12.333333333333334,Murmansk,137,1140.961625,0.0,157.54,34.38,-158.92,43.06,-27.04,38643.9,8.06
12.333333333333334,Novosibirsk,109,1252.779125,0.0,158.35,34.38,-159.73,42.24,-27.86,38643.9,7.24
12.333333333333334,Zheleznogorsk,124,1359.752125,0.0,159.06,34.38,-160.44,41.53,-28.57,38643.9,6.53
12.333333333333334,Yakutsk,138,1398.783125,0.0,159.31,34.38,-160.69,41.29,-28.81,38643.9,6.29
12.333333333333334,Khabarovsk,139,1314.138375,0.0,158.77,34.38,-160.15,41.83,-28.27,38643.9,6.83
12.333333333333334,Vladivostok,125,1496.46125,0.0,159.9,34.38,-161.28,40.7,-29.4,38643.9,5.7
12.333333333333334,Minsk,79,1166.894375,0.0,157.74,34.38,-159.12,42.86,-27.24,38643.9,7.86
12.333333333333334,Almaty,1,1392.918375,0.0,159.27,34.38,-160.65,41.32,-28.78,38643.9,6.32
12.333333333333334,Tehran,165,1112.054,0.0,157.32,34.38,-158.7,43.28,-26.82,38643.9,8.28
12.5,Vladimir,150,1241.881,0.0,158.28,34.38,-159.66,42.32,-27.78,38643.9,7.32
12.5,Murmansk,92,1085.738875,0.0,157.11,34.38,-158.49,43.49,-26.61,38643.9,8.49
12.5,Novosibirsk,0,1202.092125,0.0,157.99,34.38,-159.37,42.6,-27.5,38643.9,7.6
12.5,Zheleznogorsk,0,1093.66025,0.0,157.17,34.38,-158.55,43.42,-26.68,38643.9,8.42
12.5,Yakutsk,137,1014.998125,0.0,156.53,34.38,-157.9,44.07,-26.03,38643.9,9.07
12.5,Khabarovsk,30,1673.361875,0.0,160.87,34.38,-162.25,39.73,-30.37,38643.9,4.73
12.5,Vladivostok,29,1812.05925,0.0,161.56,34.38,-162.94,39.04,-31.06,38643.9,4.04
12.5,Minsk,150,1046.618875,0.0,156.79,34.38,-158.17,43.81,-26.29,38643.9,8.81
12.5,Almaty,108,1523.211375,0.0,160.05,34.38,-161.43,40.55,-29.55,38643.9,5.55
12.5,Tehran,179,1250.028125,0.0,158.33,34.38,-159.71,42.26,-27.84,38643.9,7.26
12.666666666666666,Vladimir,164,1201.87875,0.0,157.99,34.38,-159.37,42.6,-27.49,38643.9,7.6
12.666666666666666,Murmansk,149,1038.2506875,0.0,156.72,34.38,-158.1,43.88,-26.22,38643.9,8.88
12.666666666666666,Novosibirsk,106,1099.300875,0.0,157.22,34.38,-158.6,43.38,-26.72,38643.9,8.38
12.666666666666666,Zheleznogorsk,14,1222.502,0.0,158.14,34.38,-159.52,42.46,-27.64,38643.9,7.46
12.666666666666666,Yakutsk,136,1672.428875,0.0,160.86,34.38,-162.24,39.73,-30.36,38643.9,4.73
12.666666666666666,Khabarovsk,136,1112.226375,0.0,157.32,34.38,-158.7,43.28,-26.82,38643.9,8.28
12.666666666666666,Vladivostok,43,1371.151375,0.0,159.14,34.38,-160.52,41.46,-28.64,38643.9,6.46
12.666666666666666,Minsk,76,1201.19,0.0,157.99,34.38,-159.37,42.61,-27.49,38643.9,7.61
12.666666666666666,Almaty,13,1145.25475,0.0,157.57,34.38,-158.95,43.02,-27.08,38643.9,8.02
12.666666666666666,Tehran,92,1220.908,0.0,158.13,34.38,-159.51,42.47,-27.63,38643.9,7.47
12.833333333333334,Vladimir,90,1094.692375,0.0,157.18,34.38,-158.56,43.42,-26.68,38643.9,8.42
12.833333333333334,Murmansk,163,1278.953375,0.0,158.53,34.38,-159.91,42.06,-28.03,38643.9,7.06
12.833333333333334,Novosibirsk,12,1191.0425,0.0,157.91,34.38,-159.29,42.68,-27.42,38643.9,7.68
12.833333333333334,Zheleznogorsk,120,1318.74575,0.0,158.8,34.38,-160.18,41.8,-28.3,38643.9,6.8
12.833333333333334,Yakutsk,27,1070.31,0.0,156.99,34.38,-158.37,43.61,-26.49,38643.9,8.61
12.833333333333334,Khabarovsk,42,1240.241375,0.0,158.27,34.38,-159.65,42.33,-27.77,38643.9,7.33
12.833333333333334,Vladivostok,135,1340.918125,0.0,158.94,34.38,-160.32,41.65,-28.45,38643.9,6.65
12.833333333333334,Minsk,162,1144.787125,0.0,157.57,34.38,-158.95,43.03,-27.07,38643.9,8.03
12.833333333333334,Almaty,105,1095.38425,0.0,157.19,34.38,-158.57,43.41,-26.69,38643.9,8.41
12.833333333333334,Tehran,176,1078.67025,0.0,157.05,34.38,-158.43,43.54,-26.56,38643.9,8.54
13.0,Vladimir,161,1249.0475,0.0,158.33,34.38,-159.71,42.27,-27.83,38643.9,7.27
13.0,Murmansk,117,1110.215125,0.0,157.3,34.38,-158.68,43.29,-26.81,38643.9,8.29
13.0,Novosibirsk,11,1182.79625,0.0,157.85,34.38,-159.23,42.74,-27.36,38643.9,7.74
13.0,Zheleznogorsk,11,1068.389625,0.0,156.97,34.38,-158.35,43.63,-26.47,38643.9,8.63
13.0,Yakutsk,26,1298.0855,0.0,158.66,34.38,-160.04,41.94,-28.16,38643.9,6.94
13.0,Khabarovsk,148,1286.523875,0.0,158.58,34.38,-159.96,42.01,-28.09,38643.9,7.01
13.0,Vladivostok,40,1281.661625,0.0,158.55,34.38,-159.93,42.05,-28.05,38643.9,7.05
13.0,Minsk,161,1164.429625,0.0,157.72,34.38,-159.1,42.88,-27.22,38643.9,7.88
13.0,Almaty,10,1266.415875,0.0,158.45,34.38,-159.83,42.15,-27.95,38643.9,7.15
13.0,Tehran,104,1413.871375,0.0,159.4,34.38,-160.78,41.19,-28.91,38643.9,6.19
13.166666666666666,Vladimir,102,1013.4599375,0.0,156.51,34.38,-157.89,44.08,-26.01,38643.9,9.08
13.166666666666666,Murmansk,160,1071.3845,0.0,156.99,34.38,-158.37,43.6,-26.5,38643.9,8.6
13.166666666666666,Novosibirsk,132,1406.871875,0.0,159.36,34.38,-160.74,41.24,-28.86,38643.9,6.24
13.166666666666666,Zheleznogorsk,132,1028.4639375,0.0,156.64,34.38,-158.02,43.96,-26.14,38643.9,8.96
13.166666666666666,Yakutsk,146,1402.347625,0.0,159.33,34.38,-160.71,41.26,-28.83,38643.9,6.26
13.166666666666666,Khabarovsk,39,1038.1709375,0.0,156.72,34.38,-158.1,43.88,-26.22,38643.9,8.88
13.166666666666666,Vladivostok,147,1074.109875,0.0,157.02,34.38,-158.4,43.58,-26.52,38643.9,8.58
13.166666666666666,Minsk,102,1240.263125,0.0,158.27,34.38,-159.65,42.33,-27.77,38643.9,7.33
13.166666666666666,Almaty,117,1033.611125,0.0,156.68,34.38,-158.06,43.91,-26.18,38643.9,8.91
13.166666666666666,Tehran,103,1007.4353125,0.0,156.46,34.38,-157.84,44.14,-25.96,38643.9,9.14
13.333333333333334,Vladimir,101,1478.462625,0.0,159.79,34.38,-161.17,40.8,-29.29,38643.9,5.8
13.333333333333334,Murmansk,100,1204.50125,0.0,158.01,34.38,-159.39,42.58,-27.51,38643.9,7.58
13.333333333333334,Novosibirsk,8,1002.9399375,0.0,156.42,34.38,-157.8,44.18,-25.92,38643.9,9.18
13.333333333333334,Zheleznogorsk,8,1266.768,0.0,158.45,34.38,-159.83,42.15,-27.95,38643.9,7.15
13.333333333333334,Yakutsk,23,1125.40175,0.0,157.42,34.38,-158.8,43.17,-26.92,38643.9,8.17
13.333333333333334,Khabarovsk,38,1419.514875,0.0,159.44,34.38,-160.82,41.16,-28.94,38643.9,6.16
13.333333333333334,Vladivostok,146,1425.1615,0.0,159.47,34.38,-160.85,41.12,-28.97,38643.9,6.12
13.333333333333334,Minsk,158,1096.538,0.0,157.2,34.38,-158.58,43.4,-26.7,38643.9,8.4
13.333333333333334,Almaty,116,1337.22425,0.0,158.92,34.38,-160.3,41.68,-28.42,38643.9,6.68
13.333333333333334,Tehran,172,1625.475625,0.0,160.62,34.38,-161.99,39.98,-30.12,38643.9,4.98
13.5,Vladimir,171,1138.554125,0.0,157.52,34.38,-158.9,43.07,-27.02,38643.9,8.07
13.5,Murmansk,113,1077.751,0.0,157.05,34.38,-158.43,43.55,-26.55,38643.9,8.55
13.5,Novosibirsk,129,1197.23825,0.0,157.96,34.38,-159.34,42.64,-27.46,38643.9,7.64
13.5,Zheleznogorsk,129,1091.52625,0.0,157.16,34.38,-158.54,43.44,-26.66,38643.9,8.44
13.5,Yakutsk,37,1521.402125,0.0,160.04,34.38,-161.42,40.56,-29.54,38643.9,5.56
13.5,Khabarovsk,144,1119.854375,0.0,157.38,34.38,-158.76,43.22,-26.88,38643.9,8.22
13.5,Vladivostok,36,997.2934375,0.0,156.37,34.38,-157.75,44.22,-25.87,38643.9,9.22
13.5,Minsk,99,1192.26525,0.0,157.92,34.38,-159.3,42.67,-27.43,38643.9,7.67
13.5,Almaty,6,1129.97275,0.0,157.46,34.38,-158.84,43.14,-26.96,38643.9,8.14
13.5,Tehran,100,1212.2675,0.0,158.07,34.38,-159.45,42.53,-27.57,38643.9,7.53
13.666666666666666,Vladimir,98,1288.200375,0.0,158.6,34.38,-159.97,42.0,-28.1,38643.9,7.0
13.666666666666666,Murmansk,156,1215.572,0.0,158.09,34.38,-159.47,42.51,-27.59,38643.9,7.51
13.666666666666666,Novosibirsk,5,1193.76475,0.0,157.93,34.38,-159.31,42.66,-27.44,38643.9,7.66
13.666666666666666,Zheleznogorsk,128,1241.763875,0.0,158.28,34.38,-159.66,42.32,-27.78,38643.9,7.32
13.666666666666666,Yakutsk,20,1269.221625,0.0,158.47,34.38,-159.85,42.13,-27.97,38643.9,7.13
13.666666666666666,Khabarovsk,35,1127.69725,0.0,157.44,34.38,-158.82,43.16,-26.94,38643.9,8.16
13.666666666666666,Vladivostok,143,1113.892875,0.0,157.33,34.38,-158.71,43.26,-26.83,38643.9,8.26
13.666666666666666,Minsk,98,1223.32075,0.0,158.15,34.38,-159.53,42.45,-27.65,38643.9,7.45
13.666666666666666,Almaty,113,1233.48975,0.0,158.22,34.38,-159.6,42.38,-27.72,38643.9,7.38
13.666666666666666,Tehran,99,1511.16475,0.0,159.98,34.38,-161.36,40.61,-29.48,38643.9,5.61
13.833333333333334,Vladimir,168,1142.907375,0.0,157.56,34.38,-158.94,43.04,-27.06,38643.9,8.04
13.833333333333334,Murmansk,110,1034.0868125,0.0,156.69,34.38,-158.07,43.91,-26.19,38643.9,8.91
13.833333333333334,Novosibirsk,4,1302.8865,0.0,158.69,34.38,-160.07,41.9,-28.2,38643.9,6.9
13.833333333333334,Zheleznogorsk,18,1252.713625,0.0,158.35,34.38,-159.73,42.24,-27.85,38643.9,7.24
13.833333333333334,Yakutsk,156,1175.156125,0.0,157.8,34.38,-159.18,42.8,-27.3,38643.9,7.8
13.833333333333334,Khabarovsk,141,1491.064125,0.0,159.87,34.38,-161.24,40.73,-29.37,38643.9,5.73
13.833333333333334,Vladivostok,33,1257.53575,0.0,158.39,34.38,-159.77,42.21,-27.89,38643.9,7.21
13.833333333333334,Minsk,168,1402.39775,0.0,159.33,34.38,-160.71,41.26,-28.84,38643.9,6.26
13.833333333333334,Almaty,3,1553.812375,0.0,160.22,34.38,-161.6,40.37,-29.73,38643.9,5.37
13.833333333333334,Tehran,3,1646.0595,0.0,160.72,34.38,-162.1,39.87,-30.23,38643.9,4.87
14.0,Vladimir,167,1194.15775,0.0,157.94,34.38,-159.32,42.66,-27.44,38643.9,7.66
14.0,Murmansk,153,1005.9738125,0.0,156.45,34.38,-157.83,44.15,-25.95,38643.9,9.15
14.0,Novosibirsk,125,1073.665625,0.0,157.01,34.38,-158.39,43.58,-26.52,38643.9,8.58
14.0,Zheleznogorsk,125,1135.2265,0.0,157.5,34.38,-158.88,43.1,-27.0,38643.9,8.1
14.0,Yakutsk,139,1629.15,0.0,160.63,34.38,-162.01,39.96,-30.14,38643.9,4.96
14.0,Khabarovsk,32,1189.113875,0.0,157.9,34.38,-159.28,42.7,-27.4,38643.9,7.7
14.0,Vladivostok,140,1185.9465,0.0,157.88,34.38,-159.26,42.72,-27.38,38643.9,7.72
14.0,Minsk,95,998.11225,0.0,156.38,34.38,-157.76,44.22,-25.88,38643.9,9.22
14.0,Almaty,110,1472.793125,0.0,159.76,34.38,-161.14,40.84,-29.26,38643.9,5.84
14.0,Tehran,1,1500.83925,0.0,159.92,34.38,-161.3,40.67,-29.42,38643.9,5.67
14.166666666666666,Vladimir,108,1369.56225,0.0,159.13,34.38,-160.51,41.47,-28.63,38643.9,6.47
14.166666666666666,Murmansk,107,1281.286,0.0,158.55,34.38,-159.93,42.05,-28.05,38643.9,7.05
14.166666666666666,Novosibirsk,1,1301.591375,0.0,158.69,34.38,-160.06,41.91,-28.19,38643.9,6.91
14.166666666666666,Zheleznogorsk,15,1369.7635,0.0,159.13,34.38,-160.51,41.47,-28.63,38643.9,6.47
14.166666666666666,Yakutsk,153,1055.286625,0.0,156.86,34.38,-158.24,43.73,-26.37,38643.9,8.73
14.166666666666666,Khabarovsk,31,1624.079375,0.0,160.61,34.38,-161.99,39.99,-30.11,38643.9,4.99
14.166666666666666,Vladivostok,139,1713.3185,0.0,161.07,34.38,-162.45,39.52,-30.57,38643.9,4.52
14.166666666666666,Minsk,165,1273.575875,0.0,158.5,34.38,-159.88,42.1,-28.0,38643.9,7.1
14.166666666666666,Almaty,124,1596.104125,0.0,160.46,34.38,-161.84,40.14,-29.96,38643.9,5.14
14.166666666666666,Tehran,0,1171.3025,0.0,157.77,34.38,-159.15,42.83,-27.27,38643.9,7.83
14.333333333333334,Vladimir,179,1019.7319375,0.0,156.57,34.38,-157.94,44.03,-26.07,38643.9,9.03
14.333333333333334,Murmansk,106,1063.649125,0.0,156.93,34.38,-158.31,43.67,-26.43,38643.9,8.67
14.333333333333334,Novosibirsk,122,1020.198875,0.0,156.57,34.38,-157.95,44.03,-26.07,38643.9,9.03
14.333333333333334,Zheleznogorsk,29,1058.1655,0.0,156.89,34.38,-158.27,43.71,-26.39,38643.9,8.71
14.333333333333334,Yakutsk,152,1381.84575,0.0,159.2,34.38,-160.58,41.39,-28.71,38643.9,6.39
14.333333333333334,Khabarovsk,152,1396.978125,0.0,159.3,34.38,-160.68,41.3,-28.8,38643.9,6.3
14.333333333333334,Vladivostok,44,1478.926875,0.0,159.79,34.38,-161.17,40.8,-29.3,38643.9,5.8
14.333333333333334,Minsk,92,1146.555875,0.0,157.58,34.38,-158.96,43.01,-27.09,38643.9,8.01
14.333333333333334,Almaty,28,1520.953875,0.0,160.04,34.38,-161.42,40.56,-29.54,38643.9,5.56
14.333333333333334,Tehran,107,1614.58575,0.0,160.56,34.38,-161.94,40.04,-30.06,38643.9,5.04
14.5,Vladimir,105,1078.265,0.0,157.05,34.38,-158.43,43.55,-26.55,38643.9,8.55
14.5,Murmansk,164,1252.142,0.0,158.35,34.38,-159.73,42.25,-27.85,38643.9,7.25
14.5,Novosibirsk,121,1408.72775,0.0,159.37,34.38,-160.75,41.22,-28.87,38643.9,6.22
14.5,Zheleznogorsk,135,1303.749625,0.0,158.7,34.38,-160.08,41.9,-28.2,38643.9,6.9
14.5,Yakutsk,43,1255.996875,0.0,158.38,34.38,-159.75,42.22,-27.88,38643.9,7.22
14.5,Khabarovsk,151,1272.49425,0.0,158.49,34.38,-159.87,42.11,-27.99,38643.9,7.11
14.5,Vladivostok,151,1522.692125,0.0,160.05,34.38,-161.43,40.55,-29.55,38643.9,5.55
14.5,Minsk,91,1334.474125,0.0,158.9,34.38,-160.28,41.69,-28.4,38643.9,6.69
14.5,Almaty,121,1252.6885,0.0,158.35,34.38,-159.73,42.24,-27.85,38643.9,7.24
14.5,Tehran,12,1009.9849375,0.0,156.48,34.38,-157.86,44.11,-25.98,38643.9,9.11
14.666666666666666,Vladimir,176,1207.822875,0.0,158.04,34.38,-159.41,42.56,-27.54,38643.9,7.56
14.666666666666666,Murmansk,118,1048.8115,0.0,156.81,34.38,-158.19,43.79,-26.31,38643.9,8.79
14.666666666666666,Novosibirsk,26,1126.612625,0.0,157.43,34.38,-158.81,43.17,-26.93,38643.9,8.17
14.666666666666666,Zheleznogorsk,26,1029.594875,0.0,156.65,34.38,-158.03,43.95,-26.15,38643.9,8.95
14.666666666666666,Yakutsk,164,1069.367625,0.0,156.98,34.38,-158.36,43.62,-26.48,38643.9,8.62
14.666666666666666,Khabarovsk,164,1615.711875,0.0,160.56,34.38,-161.94,40.03,-30.06,38643.9,5.03
14.666666666666666,Vladivostok,55,1725.152,0.0,161.13,34.38,-162.51,39.46,-30.63,38643.9,4.46
14.666666666666666,Minsk,176,1021.154875,0.0,156.58,34.38,-157.96,44.02,-26.08,38643.9,9.02
14.666666666666666,Almaty,120,1539.316125,0.0,160.14,34.38,-161.52,40.45,-29.64,38643.9,5.45
14.666666666666666,Tehran,11,1387.520125,0.0,159.24,34.38,-160.62,41.36,-28.74,38643.9,6.36
14.833333333333334,Vladimir,117,1130.650375,0.0,157.46,34.38,-158.84,43.13,-26.96,38643.9,8.13
14.833333333333334,Murmansk,161,1066.837,0.0,156.96,34.38,-158.34,43.64,-26.46,38643.9,8.64
14.833333333333334,Novosibirsk,133,1236.4885,0.0,158.24,34.38,-159.62,42.36,-27.74,38643.9,7.36
14.833333333333334,Zheleznogorsk,147,1147.33475,0.0,157.59,34.38,-158.97,43.01,-27.09,38643.9,8.01
14.833333333333334,Yakutsk,40,1660.57425,0.0,160.8,34.38,-162.18,39.8,-30.3,38643.9,4.8
14.833333333333334,Khabarovsk,163,1023.8186875,0.0,156.6,34.38,-157.98,44.0,-26.1,38643.9,9.0
14.833333333333334,Vladivostok,54,1223.352625,0.0,158.15,34.38,-159.53,42.45,-27.65,38643.9,7.45
14.833333333333334,Minsk,103,1331.532875,0.0,158.88,34.38,-160.26,41.71,-28.38,38643.9,6.71
14.833333333333334,Almaty,24,1033.2801875,0.0,156.68,34.38,-158.06,43.92,-26.18,38643.9,8.92
14.833333333333334,Tehran,118,1069.26925,0.0,156.98,34.38,-158.36,43.62,-26.48,38643.9,8.62
15.0,Vladimir,116,1178.702125,0.0,157.82,34.38,-159.2,42.77,-27.33,38643.9,7.77
15.0,Murmansk,115,1300.671125,0.0,158.68,34.38,-160.06,41.92,-28.18,38643.9,6.92
15.0,Novosibirsk,23,1067.412,0.0,156.96,34.38,-158.34,43.63,-26.46,38643.9,8.63
15.0,Zheleznogorsk,23,1344.637,0.0,158.97,34.38,-160.35,41.63,-28.47,38643.9,6.63
15.0,Yakutsk,39,1047.6546875,0.0,156.8,34.38,-158.18,43.8,-26.3,38643.9,8.8
15.0,Khabarovsk,53,1234.7305,0.0,158.23,34.38,-159.61,42.37,-27.73,38643.9,7.37
15.0,Vladivostok,162,1302.888,0.0,158.69,34.38,-160.07,41.9,-28.2,38643.9,6.9
15.0,Minsk,173,1074.6465,0.0,157.02,34.38,-158.4,43.58,-26.52,38643.9,8.58
15.0,Almaty,132,1104.421875,0.0,157.26,34.38,-158.64,43.34,-26.76,38643.9,8.34
15.0,Tehran,8,1232.820375,0.0,158.21,34.38,-159.59,42.38,-27.72,38643.9,7.38
15.166666666666666,Vladimir,172,1332.297625,0.0,158.89,34.38,-160.27,41.71,-28.39,38643.9,6.71
15.166666666666666,Murmansk,129,1064.124125,0.0,156.94,34.38,-158.31,43.66,-26.44,38643.9,8.66
15.166666666666666,Novosibirsk,22,1285.545125,0.0,158.58,34.38,-159.96,42.02,-28.08,38643.9,7.02
15.166666666666666,Zheleznogorsk,22,1164.7595,0.0,157.72,34.38,-159.1,42.88,-27.22,38643.9,7.88
15.166666666666666,Yakutsk,38,1444.49625,0.0,159.59,34.38,-160.97,41.01,-29.09,38643.9,6.01
15.166666666666666,Khabarovsk,160,1174.133125,0.0,157.79,34.38,-159.17,42.81,-27.29,38643.9,7.81
15.166666666666666,Vladivostok,51,1113.298125,0.0,157.33,34.38,-158.71,43.27,-26.83,38643.9,8.27
15.166666666666666,Minsk,172,1301.70125,0.0,158.69,34.38,-160.07,41.91,-28.19,38643.9,6.91
15.166666666666666,Almaty,21,1156.24875,0.0,157.66,34.38,-159.04,42.94,-27.16,38643.9,7.94
15.166666666666666,Tehran,115,1282.670875,0.0,158.56,34.38,-159.94,42.04,-28.06,38643.9,7.04
15.333333333333334,Vladimir,113,1049.967375,0.0,156.82,34.38,-158.2,43.78,-26.32,38643.9,8.78
15.333333333333334,Murmansk,171,1071.62775,0.0,157.0,34.38,-158.38,43.6,-26.5,38643.9,8.6
15.333333333333334,Novosibirsk,20,1346.17775,0.0,158.98,34.38,-160.36,41.62,-28.48,38643.9,6.62
15.333333333333334,Zheleznogorsk,143,1043.062875,0.0,156.76,34.38,-158.14,43.83,-26.26,38643.9,8.83
15.333333333333334,Yakutsk,158,1327.058375,0.0,158.85,34.38,-160.23,41.74,-28.36,38643.9,6.74
15.333333333333334,Khabarovsk,50,995.8406875,0.0,156.36,34.38,-157.74,44.24,-25.86,38643.9,9.24
15.333333333333334,Vladivostok,159,1006.686625,0.0,156.45,34.38,-157.83,44.14,-25.96,38643.9,9.14
15.333333333333334,Minsk,113,1181.919,0.0,157.85,34.38,-159.23,42.75,-27.35,38643.9,7.75
15.333333333333334,Almaty,129,1025.5549375,0.0,156.61,34.38,-157.99,43.98,-26.12,38643.9,8.98
15.333333333333334,Tehran,114,1115.80925,0.0,157.35,34.38,-158.73,43.25,-26.85,38643.9,8.25
15.5,Vladimir,4,1471.10975,0.0,159.75,34.38,-161.13,40.85,-29.25,38643.9,5.85
15.5,Murmansk,126,1209.294375,0.0,158.05,34.38,-159.43,42.55,-27.55,38643.9,7.55
15.5,Novosibirsk,19,1063.78125,0.0,156.93,34.38,-158.31,43.66,-26.43,38643.9,8.66
15.5,Zheleznogorsk,19,1297.024375,0.0,158.65,34.38,-160.03,41.94,-28.16,38643.9,6.94
15.5,Yakutsk,171,1209.372375,0.0,158.05,34.38,-159.43,42.55,-27.55,38643.9,7.55
15.5,Khabarovsk,49,1569.206125,0.0,160.31,34.38,-161.69,40.29,-29.81,38643.9,5.29
15.5,Vladivostok,48,1389.977625,0.0,159.26,34.38,-160.64,41.34,-28.76,38643.9,6.34
15.5,Minsk,169,1188.72475,0.0,157.9,34.38,-159.28,42.7,-27.4,38643.9,7.7
15.5,Almaty,128,1533.03225,0.0,160.11,34.38,-161.49,40.49,-29.61,38643.9,5.49
15.5,Tehran,112,1770.479125,0.0,161.36,34.38,-162.74,39.24,-30.86,38643.9,4.24
15.666666666666666,Vladimir,3,1091.199625,0.0,157.15,34.38,-158.53,43.44,-26.66,38643.9,8.44
15.666666666666666,Murmansk,168,1042.2148125,0.0,156.75,34.38,-158.13,43.84,-26.26,38643.9,8.84
15.666666666666666,Novosibirsk,140,1104.59575,0.0,157.26,34.38,-158.64,43.34,-26.76,38643.9,8.34
15.666666666666666,Zheleznogorsk,140,1046.4826875,0.0,156.79,34.38,-158.17,43.81,-26.29,38643.9,8.81
15.666666666666666,Yakutsk,48,1585.33125,0.0,160.4,34.38,-161.78,40.2,-29.9,38643.9,5.2
15.666666666666666,Khabarovsk,47,1155.470125,0.0,157.65,34.38,-159.03,42.95,-27.15,38643.9,7.95
15.666666666666666,Vladivostok,47,1060.863875,0.0,156.91,34.38,-158.29,43.69,-26.41,38643.9,8.69
15.666666666666666,Minsk,110,1075.183125,0.0,157.03,34.38,-158.4,43.57,-26.53,38643.9,8.57
15.666666666666666,Almaty,17,1225.10325,0.0,158.16,34.38,-159.54,42.44,-27.66,38643.9,7.44
15.666666666666666,Tehran,111,1311.2425,0.0,158.75,34.38,-160.13,41.85,-28.25,38643.9,6.85
15.833333333333334,Vladimir,124,1396.29325,0.0,159.3,34.38,-160.67,41.3,-28.8,38643.9,6.3
15.833333333333334,Murmansk,167,1334.0255,0.0,158.9,34.38,-160.28,41.7,-28.4,38643.9,6.7
15.833333333333334,Novosibirsk,16,1195.443375,0.0,157.95,34.38,-159.33,42.65,-27.45,38643.9,7.65
15.833333333333334,Zheleznogorsk,139,1407.699125,0.0,159.37,34.38,-160.75,41.23,-28.87,38643.9,6.23
15.833333333333334,Yakutsk,168,1251.84475,0.0,158.35,34.38,-159.73,42.25,-27.85,38643.9,7.25
15.833333333333334,Khabarovsk,46,1273.047125,0.0,158.49,34.38,-159.87,42.1,-27.99,38643.9,7.1
15.833333333333334,Vladivostok,155,1276.325,0.0,158.51,34.38,-159.89,42.08,-28.02,38643.9,7.08
15.833333333333334,Minsk,109,1309.285125,0.0,158.74,34.38,-160.12,41.86,-28.24,38643.9,6.86
15.833333333333334,Almaty,125,1440.205,0.0,159.56,34.38,-160.94,41.03,-29.07,38643.9,6.03
15.833333333333334,Tehran,15,1397.488375,0.0,159.3,34.38,-160.68,41.29,-28.8,38643.9,6.29
16.0,Vladimir,0,1042.4269375,0.0,156.76,34.38,-158.14,43.84,-26.26,38643.9,8.84
16.0,Murmansk,122,999.08175,0.0,156.39,34.38,-157.77,44.21,-25.89,38643.9,9.21
16.0,Novosibirsk,137,1178.313,0.0,157.82,34.38,-159.2,42.78,-27.32,38643.9,7.78
16.0,Zheleznogorsk,30,1122.459625,0.0,157.4,34.38,-158.78,43.2,-26.9,38643.9,8.2
16.0,Yakutsk,45,1200.336,0.0,157.98,34.38,-159.36,42.62,-27.48,38643.9,7.62
16.0,Khabarovsk,153,1536.643875,0.0,160.13,34.38,-161.51,40.47,-29.63,38643.9,5.47
16.0,Vladivostok,59,1293.29325,0.0,158.63,34.38,-160.01,41.97,-28.13,38643.9,6.97
16.0,Minsk,0,1304.793875,0.0,158.71,34.38,-160.09,41.89,-28.21,38643.9,6.89
16.0,Almaty,29,1610.654125,0.0,160.54,34.38,-161.91,40.06,-30.04,38643.9,5.06
16.0,Tehran,29,1639.71075,0.0,160.69,34.38,-162.07,39.91,-30.19,38643.9,4.91
16.166666666666668,Vladimir,121,1242.974,0.0,158.28,34.38,-159.66,42.31,-27.79,38643.9,7.31
16.166666666666668,Murmansk,179,1054.75875,0.0,156.86,34.38,-158.24,43.74,-26.36,38643.9,8.74
16.166666666666668,Novosibirsk,136,1135.898875,0.0,157.5,34.38,-158.88,43.09,-27.0,38643.9,8.09
16.166666666666668,Zheleznogorsk,136,1275.368,0.0,158.51,34.38,-159.89,42.09,-28.01,38643.9,7.09
16.166666666666668,Yakutsk,165,1556.21925,0.0,160.24,34.38,-161.62,40.36,-29.74,38643.9,5.36
16.166666666666668,Khabarovsk,58,1292.59875,0.0,158.62,34.38,-160.0,41.97,-28.13,38643.9,6.97
16.166666666666668,Vladivostok,152,1332.307875,0.0,158.89,34.38,-160.27,41.71,-28.39,38643.9,6.71
16.166666666666668,Minsk,106,1056.03725,0.0,156.87,34.38,-158.25,43.73,-26.37,38643.9,8.73
16.166666666666668,Almaty,43,1496.4615,0.0,159.9,34.38,-161.28,40.7,-29.4,38643.9,5.7
16.166666666666668,Tehran,27,1271.220375,0.0,158.48,34.38,-159.86,42.12,-27.98,38643.9,7.12
16.333333333333332,Vladimir,12,1333.644875,0.0,158.9,34.38,-160.28,41.7,-28.4,38643.9,6.7
16.333333333333332,Murmansk,134,1170.2605,0.0,157.76,34.38,-159.14,42.84,-27.26,38643.9,7.84
16.333333333333332,Novosibirsk,42,1310.89575,0.0,158.75,34.38,-160.13,41.85,-28.25,38643.9,6.85
16.333333333333332,Zheleznogorsk,42,1209.73625,0.0,158.05,34.38,-159.43,42.55,-27.55,38643.9,7.55
16.333333333333332,Yakutsk,179,1008.6826875,0.0,156.47,34.38,-157.85,44.13,-25.97,38643.9,9.13
16.333333333333332,Khabarovsk,72,1675.307625,0.0,160.88,34.38,-162.26,39.72,-30.38,38643.9,4.72
16.333333333333332,Vladivostok,56,1798.5075,0.0,161.49,34.38,-162.87,39.1,-31.0,38643.9,4.1
16.333333333333332,Minsk,12,1124.303625,0.0,157.41,34.38,-158.79,43.18,-26.92,38643.9,8.18
16.333333333333332,Almaty,135,1520.862,0.0,160.04,34.38,-161.42,40.56,-29.54,38643.9,5.56
16.333333333333332,Tehran,26,1163.940625,0.0,157.71,34.38,-159.09,42.88,-27.22,38643.9,7.88
16.5,Vladimir,11,1095.16675,0.0,157.19,34.38,-158.56,43.41,-26.69,38643.9,8.41
16.5,Murmansk,176,1051.478375,0.0,156.83,34.38,-158.21,43.77,-26.33,38643.9,8.77
16.5,Novosibirsk,148,1032.8931875,0.0,156.68,34.38,-158.06,43.92,-26.18,38643.9,8.92
16.5,Zheleznogorsk,41,1114.096625,0.0,157.33,34.38,-158.71,43.26,-26.84,38643.9,8.26
16.5,Yakutsk,178,1511.78825,0.0,159.99,34.38,-161.36,40.61,-29.49,38643.9,5.61
16.5,Khabarovsk,178,1231.781375,0.0,158.21,34.38,-159.59,42.39,-27.71,38643.9,7.39
16.5,Vladivostok,70,1534.162125,0.0,160.11,34.38,-161.49,40.48,-29.62,38643.9,5.48
16.5,Minsk,118,1152.314,0.0,157.63,34.38,-159.01,42.97,-27.13,38643.9,7.97
16.5,Almaty,40,1297.103,0.0,158.66,34.38,-160.03,41.94,-28.16,38643.9,6.94
16.5,Tehran,134,1393.267625,0.0,159.28,34.38,-160.66,41.32,-28.78,38643.9,6.32
16.666666666666668,Vladimir,132,1054.405875,0.0,156.86,34.38,-158.24,43.74,-26.36,38643.9,8.74
16.666666666666668,Murmansk,10,1236.62925,0.0,158.24,34.38,-159.62,42.36,-27.74,38643.9,7.36
16.666666666666668,Novosibirsk,39,1349.24475,0.0,159.0,34.38,-160.38,41.6,-28.5,38643.9,6.6
16.666666666666668,Zheleznogorsk,162,1281.488125,0.0,158.55,34.38,-159.93,42.05,-28.05,38643.9,7.05
16.666666666666668,Yakutsk,54,1145.723875,0.0,157.58,34.38,-158.96,43.02,-27.08,38643.9,8.02
16.666666666666668,Khabarovsk,177,1283.936125,0.0,158.57,34.38,-159.95,42.03,-28.07,38643.9,7.03
16.666666666666668,Vladivostok,177,1394.935625,0.0,159.29,34.38,-160.67,41.31,-28.79,38643.9,6.31
16.666666666666668,Minsk,9,1268.816625,0.0,158.46,34.38,-159.84,42.13,-27.97,38643.9,7.13
16.666666666666668,Almaty,147,1134.183875,0.0,157.49,34.38,-158.87,43.11,-26.99,38643.9,8.11
16.666666666666668,Tehran,23,1007.0205625,0.0,156.46,34.38,-157.84,44.14,-25.96,38643.9,9.14
16.833333333333332,Vladimir,8,1219.206875,0.0,158.12,34.38,-159.5,42.48,-27.62,38643.9,7.48
16.833333333333332,Murmansk,130,1061.828125,0.0,156.92,34.38,-158.3,43.68,-26.42,38643.9,8.68
16.833333333333332,Novosibirsk,38,1118.23575,0.0,157.37,34.38,-158.75,43.23,-26.87,38643.9,8.23
16.833333333333332,Zheleznogorsk,38,1026.422375,0.0,156.62,34.38,-158.0,43.97,-26.12,38643.9,8.97
16.833333333333332,Yakutsk,53,1170.13025,0.0,157.76,34.38,-159.14,42.84,-27.26,38643.9,7.84
16.833333333333332,Khabarovsk,175,1439.286375,0.0,159.56,34.38,-160.94,41.04,-29.06,38643.9,6.04
16.833333333333332,Vladivostok,67,1476.352,0.0,159.78,34.38,-161.16,40.82,-29.28,38643.9,5.82
16.833333333333332,Minsk,8,1065.074875,0.0,156.94,34.38,-158.32,43.65,-26.45,38643.9,8.65
16.833333333333332,Almaty,37,1429.292,0.0,159.5,34.38,-160.88,41.1,-29.0,38643.9,6.1
16.833333333333332,Tehran,22,1571.993875,0.0,160.32,34.38,-161.7,40.27,-29.83,38643.9,5.27
17.0,Vladimir,129,1046.84325,0.0,156.79,34.38,-158.17,43.8,-26.3,38643.9,8.8
17.0,Murmansk,7,1113.621625,0.0,157.33,34.38,-158.71,43.27,-26.83,38643.9,8.27
17.0,Novosibirsk,144,1420.27625,0.0,159.44,34.38,-160.82,41.15,-28.95,38643.9,6.15
17.0,Zheleznogorsk,159,1059.532,0.0,156.9,34.38,-158.28,43.7,-26.4,38643.9,8.7
17.0,Yakutsk,173,1525.02475,0.0,160.06,34.38,-161.44,40.54,-29.56,38643.9,5.54
17.0,Khabarovsk,174,1002.876375,0.0,156.42,34.38,-157.8,44.18,-25.92,38643.9,9.18
17.0,Vladivostok,66,1147.979375,0.0,157.59,34.38,-158.97,43.0,-27.1,38643.9,8.0
17.0,Minsk,129,1311.74225,0.0,158.75,34.38,-160.13,41.84,-28.25,38643.9,6.84
17.0,Almaty,36,1007.20075,0.0,156.46,34.38,-157.84,44.14,-25.96,38643.9,9.14
17.0,Tehran,130,992.788625,0.0,156.33,34.38,-157.71,44.26,-25.83,38643.9,9.26
17.166666666666668,Vladimir,128,1311.6255,0.0,158.75,34.38,-160.13,41.84,-28.25,38643.9,6.84
17.166666666666668,Murmansk,127,1236.064,0.0,158.24,34.38,-159.62,42.36,-27.74,38643.9,7.36
17.166666666666668,Novosibirsk,35,1004.2885625,0.0,156.43,34.38,-157.81,44.16,-25.93,38643.9,9.16
17.166666666666668,Zheleznogorsk,35,1296.063,0.0,158.65,34.38,-160.03,41.95,-28.15,38643.9,6.95
17.166666666666668,Yakutsk,50,1071.34425,0.0,156.99,34.38,-158.37,43.6,-26.5,38643.9,8.6
17.166666666666668,Khabarovsk,65,1296.5285,0.0,158.65,34.38,-160.03,41.95,-28.15,38643.9,6.95
17.166666666666668,Vladivostok,173,1326.48875,0.0,158.85,34.38,-160.23,41.75,-28.35,38643.9,6.75
17.166666666666668,Minsk,5,1065.2575,0.0,156.94,34.38,-158.32,43.65,-26.45,38643.9,8.65
17.166666666666668,Almaty,143,1190.63175,0.0,157.91,34.38,-159.29,42.69,-27.41,38643.9,7.69
17.166666666666668,Tehran,19,1431.80975,0.0,159.51,34.38,-160.89,41.08,-29.02,38643.9,6.08
17.333333333333332,Vladimir,18,1226.12675,0.0,158.17,34.38,-159.55,42.43,-27.67,38643.9,7.43
17.333333333333332,Murmansk,140,1049.843125,0.0,156.82,34.38,-158.2,43.78,-26.32,38643.9,8.78
17.333333333333332,Novosibirsk,156,1304.858625,0.0,158.71,34.38,-160.09,41.89,-28.21,38643.9,6.89
17.333333333333332,Zheleznogorsk,156,1191.860125,0.0,157.92,34.38,-159.3,42.68,-27.42,38643.9,7.68
17.333333333333332,Yakutsk,64,1482.158625,0.0,159.81,34.38,-161.19,40.78,-29.32,38643.9,5.78
17.333333333333332,Khabarovsk,171,1121.373625,0.0,157.39,34.38,-158.77,43.21,-26.89,38643.9,8.21
17.333333333333332,Vladivostok,63,1015.8125,0.0,156.53,34.38,-157.91,44.06,-26.03,38643.9,9.06
17.333333333333332,Minsk,126,1330.494,0.0,158.88,34.38,-160.26,41.72,-28.38,38643.9,6.72
17.333333333333332,Almaty,33,1118.632125,0.0,157.37,34.38,-158.75,43.23,-26.87,38643.9,8.23
17.333333333333332,Tehran,127,1220.73525,0.0,158.13,34.38,-159.51,42.47,-27.63,38643.9,7.47
17.5,Vladimir,125,1151.684625,0.0,157.62,34.38,-159.0,42.97,-27.12,38643.9,7.97
17.5,Murmansk,3,1120.666375,0.0,157.39,34.38,-158.76,43.21,-26.89,38643.9,8.21
17.5,Novosibirsk,32,1255.532875,0.0,158.37,34.38,-159.75,42.22,-27.87,38643.9,7.22
17.5,Zheleznogorsk,155,1117.548625,0.0,157.36,34.38,-158.74,43.24,-26.86,38643.9,8.24
17.5,Yakutsk,47,1299.038,0.0,158.67,34.38,-160.05,41.93,-28.17,38643.9,6.93
17.5,Khabarovsk,62,1032.811875,0.0,156.68,34.38,-158.06,43.92,-26.18,38643.9,8.92
17.5,Vladivostok,170,1022.456,0.0,156.59,34.38,-157.97,44.01,-26.09,38643.9,9.01
17.5,Minsk,125,1169.52625,0.0,157.76,34.38,-159.14,42.84,-27.26,38643.9,7.84
17.5,Almaty,140,1105.695,0.0,157.27,34.38,-158.65,43.33,-26.77,38643.9,8.33
17.5,Tehran,126,1302.931,0.0,158.69,34.38,-160.07,41.9,-28.2,38643.9,6.9
17.666666666666668,Vladimir,15,1284.85025,0.0,158.57,34.38,-159.95,42.02,-28.07,38643.9,7.02
17.666666666666668,Murmansk,137,1107.5665,0.0,157.28,34.38,-158.66,43.31,-26.79,38643.9,8.31
17.666666666666668,Novosibirsk,31,1172.35075,0.0,157.78,34.38,-159.16,42.82,-27.28,38643.9,7.82
17.666666666666668,Zheleznogorsk,31,1360.223875,0.0,159.07,34.38,-160.45,41.53,-28.57,38643.9,6.53
17.666666666666668,Yakutsk,3,1168.111375,0.0,157.75,34.38,-159.12,42.85,-27.25,38643.9,7.85
17.666666666666668,Khabarovsk,168,1530.1375,0.0,160.09,34.38,-161.47,40.51,-29.59,38643.9,5.51
17.666666666666668,Vladivostok,60,1305.108,0.0,158.71,34.38,-160.09,41.89,-28.21,38643.9,6.89
17.666666666666668,Minsk,1,1313.906375,0.0,158.77,34.38,-160.15,41.83,-28.27,38643.9,6.83
17.666666666666668,Almaty,30,1574.449625,0.0,160.34,34.38,-161.72,40.26,-29.84,38643.9,5.26
17.666666666666668,Tehran,30,1676.133125,0.0,160.88,34.38,-162.26,39.71,-30.38,38643.9,4.71
17.833333333333332,Vladimir,29,1110.23625,0.0,157.3,34.38,-158.68,43.29,-26.81,38643.9,8.29
17.833333333333332,Murmansk,0,1000.4135625,0.0,156.4,34.38,-157.78,44.2,-25.9,38643.9,9.2
17.833333333333332,Novosibirsk,152,1056.417125,0.0,156.87,34.38,-158.25,43.72,-26.37,38643.9,8.72
17.833333333333332,Zheleznogorsk,152,1066.678875,0.0,156.96,34.38,-158.34,43.64,-26.46,38643.9,8.64
17.833333333333332,Yakutsk,166,1676.30075,0.0,160.88,34.38,-162.26,39.71,-30.38,38643.9,4.71
17.833333333333332,Khabarovsk,74,1155.7305,0.0,157.65,34.38,-159.03,42.94,-27.15,38643.9,7.94
17.833333333333332,Vladivostok,167,1136.100125,0.0,157.5,34.38,-158.88,43.09,-27.01,38643.9,8.09
17.833333333333332,Minsk,122,1005.6008125,0.0,156.44,34.38,-157.82,44.15,-25.95,38643.9,9.15
17.833333333333332,Almaty,44,1367.41,0.0,159.11,34.38,-160.49,41.48,-28.62,38643.9,6.48
17.833333333333332,Tehran,123,1483.24675,0.0,159.82,34.38,-161.2,40.78,-29.32,38643.9,5.78
18.0,Vladimir,135,1354.60875,0.0,159.03,34.38,-160.41,41.56,-28.53,38643.9,6.56
18.0,Murmansk,149,1420.0505,0.0,159.44,34.38,-160.82,41.16,-28.94,38643.9,6.16
18.0,Novosibirsk,43,1241.68175,0.0,158.28,34.38,-159.66,42.32,-27.78,38643.9,7.32
18.0,Zheleznogorsk,57,1553.71425,0.0,160.22,34.38,-161.6,40.37,-29.73,38643.9,5.37
18.0,Yakutsk,0,1136.65075,0.0,157.51,34.38,-158.89,43.09,-27.01,38643.9,8.09
18.0,Khabarovsk,73,1447.12075,0.0,159.61,34.38,-160.99,40.99,-29.11,38643.9,5.99
18.0,Vladivostok,166,1490.416875,0.0,159.86,34.38,-161.24,40.73,-29.36,38643.9,5.73
18.0,Minsk,121,1440.74225,0.0,159.57,34.38,-160.95,41.03,-29.07,38643.9,6.03
18.0,Almaty,151,1666.629125,0.0,160.83,34.38,-162.21,39.76,-30.33,38643.9,4.76
18.0,Tehran,42,1231.766875,0.0,158.21,34.38,-159.59,42.39,-27.71,38643.9,7.39
18.166666666666668,Vladimir,26,1003.1154375,0.0,156.42,34.38,-157.8,44.17,-25.92,38643.9,9.17
18.166666666666668,Murmansk,148,1008.3449375,0.0,156.47,34.38,-157.85,44.13,-25.97,38643.9,9.13
18.166666666666668,Novosibirsk,164,1075.501625,0.0,157.03,34.38,-158.41,43.57,-26.53,38643.9,8.57
18.166666666666668,Zheleznogorsk,56,1052.350875,0.0,156.84,34.38,-158.22,43.76,-26.34,38643.9,8.76
18.166666666666668,Yakutsk,72,1268.009625,0.0,158.46,34.38,-159.84,42.14,-27.96,38643.9,7.14
18.166666666666668,Khabarovsk,14,1562.422875,0.0,160.27,34.38,-161.65,40.33,-29.77,38643.9,5.33
18.166666666666668,Vladivostok,71,1383.974375,0.0,159.22,34.38,-160.6,41.38,-28.72,38643.9,6.38
18.166666666666668,Minsk,134,1214.898625,0.0,158.09,34.38,-159.47,42.51,-27.59,38643.9,7.51
18.166666666666668,Almaty,41,1705.598125,0.0,161.03,34.38,-162.41,39.56,-30.54,38643.9,4.56
18.166666666666668,Tehran,41,1698.317375,0.0,161.0,34.38,-162.38,39.6,-30.5,38643.9,4.6
18.333333333333332,Vladimir,147,1135.345,0.0,157.5,34.38,-158.88,43.1,-27.0,38643.9,8.1
18.333333333333332,Murmansk,11,1139.022375,0.0,157.53,34.38,-158.91,43.07,-27.03,38643.9,8.07
18.333333333333332,Novosibirsk,163,1252.343375,0.0,158.35,34.38,-159.73,42.25,-27.85,38643.9,7.25
18.333333333333332,Zheleznogorsk,177,1336.74275,0.0,158.92,34.38,-160.3,41.68,-28.42,38643.9,6.68
18.333333333333332,Yakutsk,12,1401.970125,0.0,159.33,34.38,-160.71,41.27,-28.83,38643.9,6.27
18.333333333333332,Khabarovsk,13,1284.92425,0.0,158.57,34.38,-159.95,42.02,-28.08,38643.9,7.02
18.333333333333332,Vladivostok,178,1535.13475,0.0,160.12,34.38,-161.5,40.48,-29.62,38643.9,5.48
18.333333333333332,Minsk,133,1177.72,0.0,157.82,34.38,-159.2,42.78,-27.32,38643.9,7.78
18.333333333333332,Almaty,54,1356.813375,0.0,159.05,34.38,-160.43,41.55,-28.55,38643.9,6.55
18.333333333333332,Tehran,39,1099.1605,0.0,157.22,34.38,-158.6,43.38,-26.72,38643.9,8.38
18.5,Vladimir,23,1257.960625,0.0,158.39,34.38,-159.77,42.21,-27.89,38643.9,7.21
18.5,Murmansk,145,1091.52,0.0,157.16,34.38,-158.54,43.44,-26.66,38643.9,8.44
18.5,Novosibirsk,53,1179.361125,0.0,157.83,34.38,-159.21,42.77,-27.33,38643.9,7.77
18.5,Zheleznogorsk,53,1094.98725,0.0,157.18,34.38,-158.56,43.41,-26.69,38643.9,8.41
18.5,Yakutsk,11,1011.9956875,0.0,156.5,34.38,-157.88,44.1,-26.0,38643.9,9.1
18.5,Khabarovsk,83,1643.948125,0.0,160.71,34.38,-162.09,39.88,-30.22,38643.9,4.88
18.5,Vladivostok,12,1821.623,0.0,161.6,34.38,-162.98,38.99,-31.11,38643.9,3.99
18.5,Minsk,23,1034.481875,0.0,156.69,34.38,-158.07,43.91,-26.19,38643.9,8.91
18.5,Almaty,162,1491.045625,0.0,159.87,34.38,-161.24,40.73,-29.37,38643.9,5.73
18.5,Tehran,38,1243.1325,0.0,158.29,34.38,-159.67,42.31,-27.79,38643.9,7.31
18.666666666666668,Vladimir,22,1211.238625,0.0,158.06,34.38,-159.44,42.54,-27.56,38643.9,7.54
18.666666666666668,Murmansk,8,1043.0713125,0.0,156.76,34.38,-158.14,43.83,-26.26,38643.9,8.83
18.666666666666668,Novosibirsk,160,1114.54025,0.0,157.34,34.38,-158.72,43.26,-26.84,38643.9,8.26
18.666666666666668,Zheleznogorsk,52,1220.402,0.0,158.13,34.38,-159.5,42.47,-27.63,38643.9,7.47
18.666666666666668,Yakutsk,10,1667.8725,0.0,160.84,34.38,-162.22,39.76,-30.34,38643.9,4.76
18.666666666666668,Khabarovsk,10,1097.895,0.0,157.21,34.38,-158.59,43.39,-26.71,38643.9,8.39
18.666666666666668,Vladivostok,81,1334.82525,0.0,158.9,34.38,-160.28,41.69,-28.41,38643.9,6.69
18.666666666666668,Minsk,130,1225.766125,0.0,158.16,34.38,-159.54,42.43,-27.67,38643.9,7.43
18.666666666666668,Almaty,51,1123.126625,0.0,157.4,34.38,-158.78,43.19,-26.91,38643.9,8.19
18.666666666666668,Tehran,145,1199.437,0.0,157.98,34.38,-159.35,42.62,-27.48,38643.9,7.62
18.833333333333332,Vladimir,143,1087.016375,0.0,157.12,34.38,-158.5,43.48,-26.62,38643.9,8.48
18.833333333333332,Murmansk,21,1267.643375,0.0,158.46,34.38,-159.83,42.14,-27.96,38643.9,7.14
18.833333333333332,Novosibirsk,50,1182.145375,0.0,157.85,34.38,-159.23,42.75,-27.35,38643.9,7.75
18.833333333333332,Zheleznogorsk,173,1298.907375,0.0,158.67,34.38,-160.05,41.93,-28.17,38643.9,6.93
18.833333333333332,Yakutsk,66,1078.117125,0.0,157.05,34.38,-158.43,43.55,-26.55,38643.9,8.55
18.833333333333332,Khabarovsk,80,1215.0175,0.0,158.09,34.38,-159.47,42.51,-27.59,38643.9,7.51
18.833333333333332,Vladivostok,9,1308.063125,0.0,158.73,34.38,-160.11,41.87,-28.23,38643.9,6.87
18.833333333333332,Minsk,20,1149.403125,0.0,157.61,34.38,-158.98,42.99,-27.11,38643.9,7.99
18.833333333333332,Almaty,159,1076.156625,0.0,157.03,34.38,-158.41,43.56,-26.54,38643.9,8.56
18.833333333333332,Tehran,35,1098.580125,0.0,157.21,34.38,-158.59,43.38,-26.71,38643.9,8.38
19.0,Vladimir,19,1270.524375,0.0,158.48,34.38,-159.85,42.12,-27.98,38643.9,7.12
19.0,Murmansk,156,1107.966375,0.0,157.29,34.38,-158.67,43.31,-26.79,38643.9,8.31
19.0,Novosibirsk,49,1173.7715,0.0,157.79,34.38,-159.17,42.81,-27.29,38643.9,7.81
19.0,Zheleznogorsk,49,1079.66775,0.0,157.06,34.38,-158.44,43.54,-26.56,38643.9,8.54
19.0,Yakutsk,65,1297.68825,0.0,158.66,34.38,-160.04,41.94,-28.16,38643.9,6.94
19.0,Khabarovsk,7,1289.84725,0.0,158.61,34.38,-159.99,41.99,-28.11,38643.9,6.99
19.0,Vladivostok,78,1263.427625,0.0,158.43,34.38,-159.81,42.17,-27.93,38643.9,7.17
19.0,Minsk,19,1165.656125,0.0,157.73,34.38,-159.11,42.87,-27.23,38643.9,7.87
19.0,Almaty,48,1267.84725,0.0,158.46,34.38,-159.84,42.14,-27.96,38643.9,7.14
19.0,Tehran,142,1416.4195,0.0,159.42,34.38,-160.8,41.18,-28.92,38643.9,6.18
19.166666666666668,Vladimir,140,1020.933375,0.0,156.58,34.38,-157.95,44.02,-26.08,38643.9,9.02
19.166666666666668,Murmansk,18,1063.26475,0.0,156.93,34.38,-158.31,43.67,-26.43,38643.9,8.67
19.166666666666668,Novosibirsk,170,1380.74225,0.0,159.2,34.38,-160.58,41.4,-28.7,38643.9,6.4
19.166666666666668,Zheleznogorsk,170,1019.58675,0.0,156.56,34.38,-157.94,44.03,-26.07,38643.9,9.03
19.166666666666668,Yakutsk,5,1414.635375,0.0,159.41,34.38,-160.79,41.19,-28.91,38643.9,6.19
19.166666666666668,Khabarovsk,77,1028.026375,0.0,156.64,34.38,-158.02,43.96,-26.14,38643.9,8.96
19.166666666666668,Vladivostok,6,1058.265875,0.0,156.89,34.38,-158.27,43.71,-26.39,38643.9,8.71
19.166666666666668,Minsk,140,1217.85925,0.0,158.11,34.38,-159.49,42.49,-27.61,38643.9,7.49
19.166666666666668,Almaty,156,1038.3371875,0.0,156.72,34.38,-158.1,43.87,-26.22,38643.9,8.87
19.166666666666668,Tehran,141,1015.04625,0.0,156.53,34.38,-157.9,44.07,-26.03,38643.9,9.07
19.333333333333332,Vladimir,139,1483.698875,0.0,159.82,34.38,-161.2,40.77,-29.32,38643.9,5.77
19.333333333333332,Murmansk,138,1217.42,0.0,158.1,34.38,-159.48,42.49,-27.61,38643.9,7.49
19.333333333333332,Novosibirsk,46,1007.742,0.0,156.46,34.38,-157.84,44.13,-25.96,38643.9,9.13
19.333333333333332,Zheleznogorsk,46,1289.090375,0.0,158.6,34.38,-159.98,42.0,-28.1,38643.9,7.0
19.333333333333332,Yakutsk,62,1134.546,0.0,157.49,34.38,-158.87,43.1,-26.99,38643.9,8.1
19.333333333333332,Khabarovsk,76,1412.465375,0.0,159.4,34.38,-160.77,41.2,-28.9,38643.9,6.2
19.333333333333332,Vladivostok,5,1412.9905,0.0,159.4,34.38,-160.78,41.2,-28.9,38643.9,6.2
19.333333333333332,Minsk,16,1113.061625,0.0,157.33,34.38,-158.71,43.27,-26.83,38643.9,8.27
19.333333333333332,Almaty,155,1343.457875,0.0,158.96,34.38,-160.34,41.64,-28.46,38643.9,6.64
19.333333333333332,Tehran,31,1655.058,0.0,160.77,34.38,-162.15,39.82,-30.27,38643.9,4.82
19.5,Vladimir,30,1119.64875,0.0,157.38,34.38,-158.76,43.22,-26.88,38643.9,8.22
19.5,Murmansk,152,1071.01075,0.0,156.99,34.38,-158.37,43.61,-26.49,38643.9,8.61
19.5,Novosibirsk,167,1181.146625,0.0,157.84,34.38,-159.22,42.76,-27.34,38643.9,7.76
19.5,Zheleznogorsk,167,1097.043875,0.0,157.2,34.38,-158.58,43.4,-26.7,38643.9,8.4
19.5,Yakutsk,75,1503.281875,0.0,159.94,34.38,-161.32,40.66,-29.44,38643.9,5.66
19.5,Khabarovsk,3,1142.006625,0.0,157.55,34.38,-158.93,43.05,-27.05,38643.9,8.05
19.5,Vladivostok,89,1004.357625,0.0,156.43,34.38,-157.81,44.16,-25.94,38643.9,9.16
19.5,Minsk,137,1183.63875,0.0,157.86,34.38,-159.24,42.74,-27.36,38643.9,7.74
19.5,Almaty,59,1155.427375,0.0,157.65,34.38,-159.03,42.95,-27.15,38643.9,7.95
19.5,Tehran,138,1243.57825,0.0,158.29,34.38,-159.67,42.31,-27.79,38643.9,7.31
19.666666666666668,Vladimir,136,1307.295375,0.0,158.72,34.38,-160.1,41.87,-28.23,38643.9,6.87
19.666666666666668,Murmansk,29,1209.811625,0.0,158.05,34.38,-159.43,42.55,-27.55,38643.9,7.55
19.666666666666668,Novosibirsk,58,1212.21725,0.0,158.07,34.38,-159.45,42.53,-27.57,38643.9,7.53
19.666666666666668,Zheleznogorsk,166,1245.38225,0.0,158.3,34.38,-159.68,42.3,-27.8,38643.9,7.3
19.666666666666668,Yakutsk,74,1286.8575,0.0,158.59,34.38,-159.97,42.01,-28.09,38643.9,7.01
19.666666666666668,Khabarovsk,88,1135.973375,0.0,157.5,34.38,-158.88,43.09,-27.01,38643.9,8.09
19.666666666666668,Vladivostok,2,1123.353,0.0,157.41,34.38,-158.79,43.19,-26.91,38643.9,8.19
19.666666666666668,Minsk,136,1209.279,0.0,158.05,34.38,-159.43,42.55,-27.55,38643.9,7.55
19.666666666666668,Almaty,152,1261.7655,0.0,158.42,34.38,-159.79,42.18,-27.92,38643.9,7.18
19.666666666666668,Tehran,137,1543.2735,0.0,160.16,34.38,-161.54,40.43,-29.67,38643.9,5.43
19.833333333333332,Vladimir,42,1137.948375,0.0,157.52,34.38,-158.9,43.08,-27.02,38643.9,8.08
19.833333333333332,Murmansk,164,1034.3635625,0.0,156.69,34.38,-158.07,43.91,-26.19,38643.9,8.91
19.833333333333332,Novosibirsk,57,1312.457375,0.0,158.76,34.38,-160.14,41.84,-28.26,38643.9,6.84
19.833333333333332,Zheleznogorsk,72,1232.1735,0.0,158.21,34.38,-159.59,42.39,-27.71,38643.9,7.39
19.833333333333332,Yakutsk,29,1160.309125,0.0,157.69,34.38,-159.07,42.91,-27.19,38643.9,7.91
19.833333333333332,Khabarovsk,0,1520.154625,0.0,160.03,34.38,-161.41,40.56,-29.54,38643.9,5.56
19.833333333333332,Vladivostok,86,1284.293625,0.0,158.57,34.38,-159.95,42.03,-28.07,38643.9,7.03
19.833333333333332,Minsk,42,1372.128125,0.0,159.14,34.38,-160.52,41.45,-28.65,38643.9,6.45
19.833333333333332,Almaty,56,1589.797125,0.0,160.42,34.38,-161.8,40.17,-29.92,38643.9,5.17
19.833333333333332,Tehran,56,1609.373875,0.0,160.53,34.38,-161.91,40.07,-30.03,38643.9,5.07
20.0,Vladimir,41,1187.93025,0.0,157.89,34.38,-159.27,42.71,-27.39,38643.9,7.71
20.0,Murmansk,26,1005.487625,0.0,156.44,34.38,-157.82,44.15,-25.95,38643.9,9.15
20.0,Novosibirsk,178,1064.1635,0.0,156.94,34.38,-158.32,43.66,-26.44,38643.9,8.66
20.0,Zheleznogorsk,178,1153.28975,0.0,157.63,34.38,-159.01,42.96,-27.14,38643.9,7.96
20.0,Yakutsk,13,1651.126625,0.0,160.75,34.38,-162.13,39.85,-30.25,38643.9,4.85
20.0,Khabarovsk,85,1214.803875,0.0,158.09,34.38,-159.47,42.51,-27.59,38643.9,7.51
20.0,Vladivostok,14,1216.19,0.0,158.1,34.38,-159.47,42.5,-27.6,38643.9,7.5
20.0,Minsk,148,999.439375,0.0,156.39,34.38,-157.77,44.21,-25.89,38643.9,9.21
20.0,Almaty,164,1512.825375,0.0,159.99,34.38,-161.37,40.61,-29.49,38643.9,5.61
20.0,Tehran,54,1473.293625,0.0,159.76,34.38,-161.14,40.84,-29.26,38643.9,5.84
20.166666666666668,Vladimir,162,1346.347375,0.0,158.98,34.38,-160.36,41.62,-28.48,38643.9,6.62
20.166666666666668,Murmansk,161,1286.540625,0.0,158.58,34.38,-159.96,42.01,-28.09,38643.9,7.01
20.166666666666668,Novosibirsk,54,1323.5365,0.0,158.83,34.38,-160.21,41.77,-28.33,38643.9,6.77
20.166666666666668,Zheleznogorsk,69,1363.110625,0.0,159.09,34.38,-160.47,41.51,-28.59,38643.9,6.51
20.166666666666668,Yakutsk,26,1050.241125,0.0,156.82,34.38,-158.2,43.78,-26.32,38643.9,8.78
20.166666666666668,Khabarovsk,84,1636.604375,0.0,160.67,34.38,-162.05,39.92,-30.18,38643.9,4.92
20.166666666666668,Vladivostok,13,1739.776,0.0,161.21,34.38,-162.58,39.39,-30.71,38643.9,4.39
20.166666666666668,Minsk,39,1253.36475,0.0,158.36,34.38,-159.74,42.24,-27.86,38643.9,7.24
20.166666666666668,Almaty,177,1557.104,0.0,160.24,34.38,-161.62,40.35,-29.74,38643.9,5.35
20.166666666666668,Tehran,53,1144.30575,0.0,157.57,34.38,-158.95,43.03,-27.07,38643.9,8.03
20.333333333333332,Vladimir,38,1026.8084375,0.0,156.63,34.38,-158.0,43.97,-26.13,38643.9,8.97
20.333333333333332,Murmansk,160,1063.622375,0.0,156.93,34.38,-158.31,43.67,-26.43,38643.9,8.67
20.333333333333332,Novosibirsk,175,1026.56775,0.0,156.62,34.38,-158.0,43.97,-26.13,38643.9,8.97
20.333333333333332,Zheleznogorsk,68,1049.578125,0.0,156.82,34.38,-158.2,43.78,-26.32,38643.9,8.78
20.333333333333332,Yakutsk,25,1372.18625,0.0,159.14,34.38,-160.52,41.45,-28.65,38643.9,6.45
20.333333333333332,Khabarovsk,25,1380.0485,0.0,159.19,34.38,-160.57,41.4,-28.7,38643.9,6.4
20.333333333333332,Vladivostok,82,1515.22975,0.0,160.01,34.38,-161.38,40.59,-29.51,38643.9,5.59
20.333333333333332,Minsk,145,1161.912125,0.0,157.7,34.38,-159.08,42.9,-27.2,38643.9,7.9
20.333333333333332,Almaty,67,1489.572125,0.0,159.86,34.38,-161.24,40.74,-29.36,38643.9,5.74
20.333333333333332,Tehran,161,1588.171875,0.0,160.41,34.38,-161.79,40.18,-29.92,38643.9,5.18
20.5,Vladimir,159,1064.632125,0.0,156.94,34.38,-158.32,43.66,-26.44,38643.9,8.66
20.5,Murmansk,37,1240.842375,0.0,158.27,34.38,-159.65,42.33,-27.77,38643.9,7.33
20.5,Novosibirsk,174,1413.2825,0.0,159.4,34.38,-160.78,41.2,-28.9,38643.9,6.2
20.5,Zheleznogorsk,9,1280.715875,0.0,158.54,34.38,-159.92,42.05,-28.05,38643.9,7.05
20.5,Yakutsk,81,1259.20525,0.0,158.4,34.38,-159.78,42.2,-27.9,38643.9,7.2
20.5,Khabarovsk,24,1247.04825,0.0,158.31,34.38,-159.69,42.28,-27.82,38643.9,7.28
20.5,Vladivostok,24,1485.98475,0.0,159.84,34.38,-161.22,40.76,-29.34,38643.9,5.76
20.5,Minsk,144,1349.817875,0.0,159.0,34.38,-160.38,41.6,-28.5,38643.9,6.6
20.5,Almaty,174,1224.61275,0.0,158.16,34.38,-159.53,42.44,-27.66,38643.9,7.44
20.5,Tehran,50,1009.799625,0.0,156.48,34.38,-157.86,44.12,-25.98,38643.9,9.12
20.666666666666668,Vladimir,35,1227.308125,0.0,158.17,34.38,-159.55,42.42,-27.68,38643.9,7.42
20.666666666666668,Murmansk,157,1055.478375,0.0,156.86,34.38,-158.24,43.73,-26.37,38643.9,8.73
20.666666666666668,Novosibirsk,65,1108.538875,0.0,157.29,34.38,-158.67,43.31,-26.79,38643.9,8.31
20.666666666666668,Zheleznogorsk,65,1035.7348125,0.0,156.7,34.38,-158.08,43.9,-26.2,38643.9,8.9
20.666666666666668,Yakutsk,22,1069.02375,0.0,156.98,34.38,-158.35,43.62,-26.48,38643.9,8.62
20.666666666666668,Khabarovsk,22,1613.107625,0.0,160.55,34.38,-161.93,40.05,-30.05,38643.9,5.05
20.666666666666668,Vladivostok,94,1698.112125,0.0,161.0,34.38,-162.37,39.6,-30.5,38643.9,4.6
20.666666666666668,Minsk,35,1014.7564375,0.0,156.52,34.38,-157.9,44.07,-26.02,38643.9,9.07
20.666666666666668,Almaty,173,1513.709,0.0,160.0,34.38,-161.38,40.6,-29.5,38643.9,5.6
20.666666666666668,Tehran,49,1389.5905,0.0,159.25,34.38,-160.63,41.34,-28.76,38643.9,6.34
20.833333333333332,Vladimir,156,1131.22125,0.0,157.47,34.38,-158.85,43.13,-26.97,38643.9,8.13
20.833333333333332,Murmansk,19,1070.115375,0.0,156.98,34.38,-158.36,43.61,-26.49,38643.9,8.61
20.833333333333332,Novosibirsk,171,1255.883,0.0,158.37,34.38,-159.75,42.22,-27.88,38643.9,7.22
20.833333333333332,Zheleznogorsk,6,1135.400875,0.0,157.5,34.38,-158.88,43.1,-27.0,38643.9,8.1
20.833333333333332,Yakutsk,78,1671.2465,0.0,160.86,34.38,-162.24,39.74,-30.36,38643.9,4.74
20.833333333333332,Khabarovsk,21,1014.4610625,0.0,156.52,34.38,-157.9,44.08,-26.02,38643.9,9.08
20.833333333333332,Vladivostok,93,1192.836875,0.0,157.93,34.38,-159.31,42.67,-27.43,38643.9,7.67
20.833333333333332,Minsk,141,1359.799125,0.0,159.07,34.38,-160.44,41.53,-28.57,38643.9,6.53
20.833333333333332,Almaty,63,1019.8880625,0.0,156.57,34.38,-157.95,44.03,-26.07,38643.9,9.03
20.833333333333332,Tehran,157,1055.495875,0.0,156.86,34.38,-158.24,43.73,-26.37,38643.9,8.73
21.0,Vladimir,155,1175.96275,0.0,157.8,34.38,-159.18,42.79,-27.31,38643.9,7.79
21.0,Murmansk,154,1310.409125,0.0,158.74,34.38,-160.12,41.85,-28.25,38643.9,6.85
21.0,Novosibirsk,62,1063.65025,0.0,156.93,34.38,-158.31,43.67,-26.43,38643.9,8.67
21.0,Zheleznogorsk,5,1358.448,0.0,159.06,34.38,-160.44,41.54,-28.56,38643.9,6.54
21.0,Yakutsk,77,1057.166875,0.0,156.88,34.38,-158.26,43.72,-26.38,38643.9,8.72
21.0,Khabarovsk,92,1216.506,0.0,158.1,34.38,-159.48,42.5,-27.6,38643.9,7.5
21.0,Vladivostok,20,1275.89925,0.0,158.51,34.38,-159.89,42.08,-28.01,38643.9,7.08
21.0,Minsk,32,1084.897625,0.0,157.1,34.38,-158.48,43.49,-26.61,38643.9,8.49
21.0,Almaty,170,1094.343875,0.0,157.18,34.38,-158.56,43.42,-26.68,38643.9,8.42
21.0,Tehran,46,1259.11325,0.0,158.4,34.38,-159.78,42.2,-27.9,38643.9,7.2
21.166666666666668,Vladimir,31,1353.185375,0.0,159.02,34.38,-160.4,41.57,-28.52,38643.9,6.57
21.166666666666668,Murmansk,167,1060.003375,0.0,156.9,34.38,-158.28,43.69,-26.4,38643.9,8.69
21.166666666666668,Novosibirsk,61,1280.540625,0.0,158.54,34.38,-159.92,42.05,-28.05,38643.9,7.05
21.166666666666668,Zheleznogorsk,61,1177.030875,0.0,157.81,34.38,-159.19,42.79,-27.31,38643.9,7.79
21.166666666666668,Yakutsk,76,1443.95275,0.0,159.59,34.38,-160.97,41.01,-29.09,38643.9,6.01
21.166666666666668,Khabarovsk,18,1183.417,0.0,157.86,34.38,-159.24,42.74,-27.36,38643.9,7.74
21.166666666666668,Vladivostok,90,1103.156875,0.0,157.25,34.38,-158.63,43.35,-26.75,38643.9,8.35
21.166666666666668,Minsk,31,1305.358875,0.0,158.71,34.38,-160.09,41.89,-28.21,38643.9,6.89
21.166666666666668,Almaty,60,1167.272875,0.0,157.74,34.38,-159.12,42.86,-27.24,38643.9,7.86
21.166666666666668,Tehran,154,1294.569625,0.0,158.64,34.38,-160.02,41.96,-28.14,38643.9,6.96
21.333333333333332,Vladimir,152,1062.35,0.0,156.92,34.38,-158.3,43.68,-26.42,38643.9,8.68
21.333333333333332,Murmansk,30,1064.665125,0.0,156.94,34.38,-158.32,43.66,-26.44,38643.9,8.66
21.333333333333332,Novosibirsk,2,1351.93875,0.0,159.01,34.38,-160.39,41.58,-28.52,38643.9,6.58
21.333333333333332,Zheleznogorsk,2,1038.39075,0.0,156.72,34.38,-158.1,43.87,-26.22,38643.9,8.87
21.333333333333332,Yakutsk,16,1342.425125,0.0,158.95,34.38,-160.33,41.64,-28.46,38643.9,6.64
21.333333333333332,Khabarovsk,104,993.64,0.0,156.34,34.38,-157.72,44.26,-25.84,38643.9,9.26
21.333333333333332,Vladivostok,17,998.9386875,0.0,156.39,34.38,-157.77,44.21,-25.89,38643.9,9.21
21.333333333333332,Minsk,152,1161.0715,0.0,157.69,34.38,-159.07,42.9,-27.19,38643.9,7.9
21.333333333333332,Almaty,167,1040.1435,0.0,156.74,34.38,-158.12,43.86,-26.24,38643.9,8.86
21.333333333333332,Tehran,153,1135.334,0.0,157.5,34.38,-158.88,43.1,-27.0,38643.9,8.1
21.5,Vladimir,57,1459.10525,0.0,159.68,34.38,-161.06,40.92,-29.18,38643.9,5.92
21.5,Murmansk,179,1211.614625,0.0,158.06,34.38,-159.44,42.53,-27.56,38643.9,7.53
21.5,Novosibirsk,73,1071.9465,0.0,157.0,34.38,-158.38,43.6,-26.5,38643.9,8.6
21.5,Zheleznogorsk,73,1320.289125,0.0,158.81,34.38,-160.19,41.79,-28.31,38643.9,6.79
21.5,Yakutsk,30,1195.694625,0.0,157.95,34.38,-159.33,42.65,-27.45,38643.9,7.65
21.5,Khabarovsk,103,1566.436125,0.0,160.29,34.38,-161.67,40.3,-29.8,38643.9,5.3
21.5,Vladivostok,102,1401.81375,0.0,159.33,34.38,-160.71,41.27,-28.83,38643.9,6.27
21.5,Minsk,43,1206.47375,0.0,158.03,34.38,-159.41,42.57,-27.53,38643.9,7.57
21.5,Almaty,166,1546.590875,0.0,160.18,34.38,-161.56,40.41,-29.69,38643.9,5.41
21.5,Tehran,72,1758.49825,0.0,161.3,34.38,-162.68,39.3,-30.8,38643.9,4.3
21.666666666666668,Vladimir,56,1077.0205,0.0,157.04,34.38,-158.42,43.56,-26.54,38643.9,8.56
21.666666666666668,Murmansk,42,1041.7095625,0.0,156.75,34.38,-158.13,43.85,-26.25,38643.9,8.85
21.666666666666668,Novosibirsk,14,1089.50875,0.0,157.14,34.38,-158.52,43.46,-26.64,38643.9,8.46
21.666666666666668,Zheleznogorsk,14,1056.55075,0.0,156.87,34.38,-158.25,43.72,-26.38,38643.9,8.72
21.666666666666668,Yakutsk,102,1570.404375,0.0,160.32,34.38,-161.7,40.28,-29.82,38643.9,5.28
21.666666666666668,Khabarovsk,101,1172.777875,0.0,157.78,34.38,-159.16,42.82,-27.28,38643.9,7.82
21.666666666666668,Vladivostok,101,1075.992125,0.0,157.03,34.38,-158.41,43.56,-26.53,38643.9,8.56
21.666666666666668,Minsk,164,1068.853125,0.0,156.97,34.38,-158.35,43.62,-26.48,38643.9,8.62
21.666666666666668,Almaty,71,1254.981125,0.0,158.37,34.38,-159.75,42.23,-27.87,38643.9,7.23
21.666666666666668,Tehran,150,1351.08025,0.0,159.01,34.38,-160.39,41.59,-28.51,38643.9,6.59
21.833333333333332,Vladimir,177,1371.8365,0.0,159.14,34.38,-160.52,41.46,-28.64,38643.9,6.46
21.833333333333332,Murmansk,41,1328.528875,0.0,158.86,34.38,-160.24,41.73,-28.37,38643.9,6.73
21.833333333333332,Novosibirsk,70,1216.785875,0.0,158.1,34.38,-159.48,42.5,-27.6,38643.9,7.5
21.833333333333332,Zheleznogorsk,13,1415.678875,0.0,159.42,34.38,-160.79,41.18,-28.92,38643.9,6.18
21.833333333333332,Yakutsk,42,1247.854875,0.0,158.32,34.38,-159.7,42.28,-27.82,38643.9,7.28
21.833333333333332,Khabarovsk,100,1284.503,0.0,158.57,34.38,-159.95,42.03,-28.07,38643.9,7.03
21.833333333333332,Vladivostok,28,1293.88775,0.0,158.63,34.38,-160.01,41.96,-28.14,38643.9,6.96
21.833333333333332,Minsk,163,1300.699875,0.0,158.68,34.38,-160.06,41.92,-28.18,38643.9,6.92
21.833333333333332,Almaty,178,1473.235875,0.0,159.76,34.38,-161.14,40.84,-29.26,38643.9,5.84
21.833333333333332,Tehran,69,1355.988875,0.0,159.04,34.38,-160.42,41.56,-28.54,38643.9,6.56
22.0,Vladimir,53,1042.4293125,0.0,156.76,34.38,-158.14,43.84,-26.26,38643.9,8.84
22.0,Murmansk,175,998.9255,0.0,156.39,34.38,-157.77,44.21,-25.89,38643.9,9.21
22.0,Novosibirsk,11,1177.78975,0.0,157.82,34.38,-159.2,42.78,-27.32,38643.9,7.78
22.0,Zheleznogorsk,83,1105.697875,0.0,157.27,34.38,-158.65,43.33,-26.77,38643.9,8.33
22.0,Yakutsk,99,1187.5595,0.0,157.89,34.38,-159.27,42.71,-27.39,38643.9,7.71
22.0,Khabarovsk,26,1571.162,0.0,160.32,34.38,-161.7,40.28,-29.82,38643.9,5.28
22.0,Vladivostok,98,1325.8945,0.0,158.85,34.38,-160.23,41.75,-28.35,38643.9,6.75
22.0,Minsk,53,1278.561125,0.0,158.53,34.38,-159.91,42.07,-28.03,38643.9,7.07
22.0,Almaty,68,1649.964875,0.0,160.75,34.38,-162.12,39.85,-30.25,38643.9,4.85
22.0,Tehran,68,1611.436,0.0,160.54,34.38,-161.92,40.06,-30.04,38643.9,5.06
22.166666666666668,Vladimir,174,1228.688375,0.0,158.18,34.38,-159.56,42.41,-27.69,38643.9,7.41
22.166666666666668,Murmansk,38,1053.8285,0.0,156.85,34.38,-158.23,43.75,-26.35,38643.9,8.75
22.166666666666668,Novosibirsk,10,1131.6125,0.0,157.47,34.38,-158.85,43.13,-26.97,38643.9,8.13
22.166666666666668,Zheleznogorsk,10,1296.943375,0.0,158.65,34.38,-160.03,41.94,-28.16,38643.9,6.94
22.166666666666668,Yakutsk,39,1559.415125,0.0,160.25,34.38,-161.63,40.34,-29.76,38643.9,5.34
22.166666666666668,Khabarovsk,97,1319.9845,0.0,158.81,34.38,-160.19,41.79,-28.31,38643.9,6.79
22.166666666666668,Vladivostok,25,1368.322125,0.0,159.12,34.38,-160.5,41.48,-28.62,38643.9,6.48
22.166666666666668,Minsk,160,1063.164,0.0,156.93,34.38,-158.31,43.67,-26.43,38643.9,8.67
22.166666666666668,Almaty,81,1456.35675,0.0,159.66,34.38,-161.04,40.94,-29.16,38643.9,5.94
22.166666666666668,Tehran,66,1251.112375,0.0,158.34,34.38,-159.72,42.26,-27.84,38643.9,7.26
22.333333333333332,Vladimir,50,1346.501125,0.0,158.98,34.38,-160.36,41.62,-28.48,38643.9,6.62
22.333333333333332,Murmansk,172,1175.774375,0.0,157.8,34.38,-159.18,42.79,-27.3,38643.9,7.79
22.333333333333332,Novosibirsk,80,1285.57625,0.0,158.58,34.38,-159.96,42.02,-28.08,38643.9,7.02
22.333333333333332,Zheleznogorsk,80,1207.61675,0.0,158.03,34.38,-159.41,42.56,-27.54,38643.9,7.56
22.333333333333332,Yakutsk,38,1004.64375,0.0,156.44,34.38,-157.82,44.16,-25.94,38643.9,9.16
22.333333333333332,Khabarovsk,110,1641.289875,0.0,160.7,34.38,-162.08,39.9,-30.2,38643.9,4.9
22.333333333333332,Vladivostok,39,1832.5195,0.0,161.66,34.38,-163.04,38.94,-31.16,38643.9,3.94
22.333333333333332,Minsk,50,1108.421,0.0,157.29,34.38,-158.67,43.31,-26.79,38643.9,8.31
22.333333333333332,Almaty,9,1484.823625,0.0,159.83,34.38,-161.21,40.77,-29.33,38643.9,5.77
22.333333333333332,Tehran,65,1148.535625,0.0,157.6,34.38,-158.98,43.0,-27.1,38643.9,8.0
22.5,Vladimir,49,1104.513625,0.0,157.26,34.38,-158.64,43.34,-26.76,38643.9,8.34
22.5,Murmansk,35,1057.5875,0.0,156.88,34.38,-158.26,43.71,-26.38,38643.9,8.71
22.5,Novosibirsk,7,1044.588375,0.0,156.77,34.38,-158.15,43.82,-26.28,38643.9,8.82
22.5,Zheleznogorsk,79,1109.82025,0.0,157.3,34.38,-158.68,43.3,-26.8,38643.9,8.3
22.5,Yakutsk,37,1505.0575,0.0,159.95,34.38,-161.33,40.65,-29.45,38643.9,5.65
22.5,Khabarovsk,37,1216.063,0.0,158.09,34.38,-159.47,42.5,-27.6,38643.9,7.5
22.5,Vladivostok,108,1495.125625,0.0,159.89,34.38,-161.27,40.71,-29.39,38643.9,5.71
22.5,Minsk,157,1173.189625,0.0,157.78,34.38,-159.16,42.81,-27.29,38643.9,7.81
22.5,Almaty,78,1270.423,0.0,158.47,34.38,-159.85,42.12,-27.98,38643.9,7.12
22.5,Tehran,172,1369.247625,0.0,159.13,34.38,-160.5,41.47,-28.63,38643.9,6.47
22.666666666666668,Vladimir,170,1043.768,0.0,156.77,34.38,-158.15,43.83,-26.27,38643.9,8.83
22.666666666666668,Murmansk,48,1223.773625,0.0,158.15,34.38,-159.53,42.45,-27.65,38643.9,7.45
22.666666666666668,Novosibirsk,77,1337.3635,0.0,158.92,34.38,-160.3,41.68,-28.42,38643.9,6.68
22.666666666666668,Zheleznogorsk,20,1259.77375,0.0,158.4,34.38,-159.78,42.2,-27.9,38643.9,7.2
22.666666666666668,Yakutsk,93,1151.891,0.0,157.62,34.38,-159.0,42.97,-27.13,38643.9,7.97
22.666666666666668,Khabarovsk,107,1255.4435,0.0,158.37,34.38,-159.75,42.23,-27.87,38643.9,7.23
22.666666666666668,Vladivostok,36,1359.62725,0.0,159.06,34.38,-160.44,41.53,-28.57,38643.9,6.53
22.666666666666668,Minsk,47,1269.293875,0.0,158.47,34.38,-159.85,42.13,-27.97,38643.9,7.13
22.666666666666668,Almaty,6,1110.105875,0.0,157.3,34.38,-158.68,43.29,-26.8,38643.9,8.29
22.666666666666668,Tehran,62,1019.7639375,0.0,156.57,34.38,-157.94,44.03,-26.07,38643.9,9.03
22.833333333333332,Vladimir,46,1240.693125,0.0,158.27,34.38,-159.65,42.33,-27.77,38643.9,7.33
22.833333333333332,Murmansk,168,1069.616875,0.0,156.98,34.38,-158.36,43.62,-26.48,38643.9,8.62
22.833333333333332,Novosibirsk,76,1105.43,0.0,157.27,34.38,-158.65,43.33,-26.77,38643.9,8.33
22.833333333333332,Zheleznogorsk,76,1036.4230625,0.0,156.71,34.38,-158.09,43.89,-26.21,38643.9,8.89
22.833333333333332,Yakutsk,92,1169.887625,0.0,157.76,34.38,-159.14,42.84,-27.26,38643.9,7.84
22.833333333333332,Khabarovsk,34,1439.583875,0.0,159.56,34.38,-160.94,41.04,-29.06,38643.9,6.04
22.833333333333332,Vladivostok,105,1453.980625,0.0,159.65,34.38,-161.03,40.95,-29.15,38643.9,5.95
22.833333333333332,Minsk,46,1063.803375,0.0,156.93,34.38,-158.31,43.66,-26.43,38643.9,8.66
22.833333333333332,Almaty,75,1424.441375,0.0,159.47,34.38,-160.85,41.13,-28.97,38643.9,6.13
22.833333333333332,Tehran,61,1580.35375,0.0,160.37,34.38,-161.75,40.23,-29.87,38643.9,5.23
23.0,Vladimir,167,1051.055375,0.0,156.83,34.38,-158.21,43.77,-26.33,38643.9,8.77
23.0,Murmansk,45,1104.766875,0.0,157.26,34.38,-158.64,43.34,-26.76,38643.9,8.34
23.0,Novosibirsk,17,1415.395,0.0,159.41,34.38,-160.79,41.18,-28.92,38643.9,6.18
23.0,Zheleznogorsk,17,1048.995,0.0,156.81,34.38,-158.19,43.79,-26.31,38643.9,8.79
23.0,Yakutsk,32,1535.233625,0.0,160.12,34.38,-161.5,40.48,-29.62,38643.9,5.48
23.0,Khabarovsk,33,1000.698125,0.0,156.4,34.38,-157.78,44.2,-25.9,38643.9,9.2
23.0,Vladivostok,119,1125.542,0.0,157.42,34.38,-158.8,43.17,-26.92,38643.9,8.17
23.0,Minsk,167,1289.904125,0.0,158.61,34.38,-159.99,41.99,-28.11,38643.9,6.99
23.0,Almaty,89,1003.8311875,0.0,156.43,34.38,-157.81,44.17,-25.93,38643.9,9.17
23.0,Tehran,168,990.59325,0.0,156.31,34.38,-157.69,44.28,-25.82,38643.9,9.28
23.166666666666668,Vladimir,166,1313.768,0.0,158.77,34.38,-160.15,41.83,-28.27,38643.9,6.83
23.166666666666668,Murmansk,165,1247.48975,0.0,158.32,34.38,-159.7,42.28,-27.82,38643.9,7.28
23.166666666666668,Novosibirsk,88,1005.9110625,0.0,156.45,34.38,-157.83,44.15,-25.95,38643.9,9.15
23.166666666666668,Zheleznogorsk,88,1316.821125,0.0,158.79,34.38,-160.17,41.81,-28.29,38643.9,6.81
23.166666666666668,Yakutsk,104,1081.44625,0.0,157.08,34.38,-158.46,43.52,-26.58,38643.9,8.52
23.166666666666668,Khabarovsk,118,1285.125875,0.0,158.57,34.38,-159.95,42.02,-28.08,38643.9,7.02
23.166666666666668,Vladivostok,32,1307.504375,0.0,158.72,34.38,-160.1,41.87,-28.23,38643.9,6.87
23.166666666666668,Minsk,58,1080.067625,0.0,157.06,34.38,-158.44,43.53,-26.57,38643.9,8.53
23.166666666666668,Almaty,2,1190.41275,0.0,157.91,34.38,-159.29,42.69,-27.41,38643.9,7.69
23.166666666666668,Tehran,73,1461.297875,0.0,159.69,34.38,-161.07,40.91,-29.19,38643.9,5.91
23.333333333333332,Vladimir,72,1204.38875,0.0,158.01,34.38,-159.39,42.59,-27.51,38643.9,7.59
23.333333333333332,Murmansk,14,1044.257625,0.0,156.77,34.38,-158.15,43.82,-26.27,38643.9,8.82
23.333333333333332,Novosibirsk,29,1289.704625,0.0,158.61,34.38,-159.98,41.99,-28.11,38643.9,6.99
23.333333333333332,Zheleznogorsk,29,1194.898625,0.0,157.94,34.38,-159.32,42.65,-27.44,38643.9,7.65
23.333333333333332,Yakutsk,117,1461.12025,0.0,159.69,34.38,-161.07,40.91,-29.19,38643.9,5.91
23.333333333333332,Khabarovsk,30,1137.885375,0.0,157.52,34.38,-158.9,43.08,-27.02,38643.9,8.08
23.333333333333332,Vladivostok,116,1015.5981875,0.0,156.53,34.38,-157.91,44.07,-26.03,38643.9,9.07
23.333333333333332,Minsk,179,1321.80525,0.0,158.82,34.38,-160.2,41.78,-28.32,38643.9,6.78
23.333333333333332,Almaty,86,1138.82625,0.0,157.52,34.38,-158.9,43.07,-27.03,38643.9,8.07
23.333333333333332,Tehran,165,1243.576,0.0,158.29,34.38,-159.67,42.31,-27.79,38643.9,7.31
23.5,Vladimir,178,1168.44425,0.0,157.75,34.38,-159.13,42.85,-27.25,38643.9,7.85
23.5,Murmansk,56,1114.6075,0.0,157.34,34.38,-158.72,43.26,-26.84,38643.9,8.26
23.5,Novosibirsk,85,1270.897125,0.0,158.48,34.38,-159.86,42.12,-27.98,38643.9,7.12
23.5,Zheleznogorsk,28,1117.794875,0.0,157.36,34.38,-158.74,43.23,-26.86,38643.9,8.23
23.5,Yakutsk,101,1316.91825,0.0,158.79,34.38,-160.17,41.81,-28.29,38643.9,6.81
23.5,Khabarovsk,115,1037.71975,0.0,156.72,34.38,-158.1,43.88,-26.22,38643.9,8.88
23.5,Vladivostok,44,1024.817375,0.0,156.61,34.38,-157.99,43.99,-26.11,38643.9,8.99
23.5,Minsk,178,1152.0125,0.0,157.62,34.38,-159.0,42.97,-27.13,38643.9,7.97
23.5,Almaty,14,1129.17775,0.0,157.45,34.38,-158.83,43.15,-26.95,38643.9,8.15
23.5,Tehran,179,1331.10525,0.0,158.88,34.38,-160.26,41.72,-28.38,38643.9,6.72
23.666666666666668,Vladimir,69,1276.785875,0.0,158.52,34.38,-159.9,42.08,-28.02,38643.9,7.08
23.666666666666668,Murmansk,11,1108.9025,0.0,157.29,34.38,-158.67,43.3,-26.8,38643.9,8.3
23.666666666666668,Novosibirsk,84,1182.24725,0.0,157.85,34.38,-159.23,42.75,-27.35,38643.9,7.75
23.666666666666668,Zheleznogorsk,84,1383.151875,0.0,159.21,34.38,-160.59,41.38,-28.72,38643.9,6.38
23.666666666666668,Yakutsk,56,1153.601625,0.0,157.64,34.38,-159.02,42.96,-27.14,38643.9,7.96
23.666666666666668,Khabarovsk,42,1554.104125,0.0,160.23,34.38,-161.6,40.37,-29.73,38643.9,5.37
23.666666666666668,Vladivostok,113,1325.761375,0.0,158.85,34.38,-160.22,41.75,-28.35,38643.9,6.75
23.666666666666668,Minsk,54,1331.49975,0.0,158.88,34.38,-160.26,41.71,-28.38,38643.9,6.71
23.666666666666668,Almaty,83,1606.343375,0.0,160.51,34.38,-161.89,40.08,-30.01,38643.9,5.08
23.666666666666668,Tehran,83,1633.288125,0.0,160.66,34.38,-162.04,39.94,-30.16,38643.9,4.94
23.833333333333332,Vladimir,68,1100.922,0.0,157.23,34.38,-158.61,43.37,-26.73,38643.9,8.37
23.833333333333332,Murmansk,53,1000.3640625,0.0,156.4,34.38,-157.78,44.2,-25.9,38643.9,9.2
23.833333333333332,Novosibirsk,25,1044.0314375,0.0,156.77,34.38,-158.15,43.83,-26.27,38643.9,8.83
23.833333333333332,Zheleznogorsk,25,1081.6175,0.0,157.08,34.38,-158.46,43.52,-26.58,38643.9,8.52
23.833333333333332,Yakutsk,113,1675.1465,0.0,160.88,34.38,-162.26,39.72,-30.38,38643.9,4.72
23.833333333333332,Khabarovsk,112,1178.895625,0.0,157.83,34.38,-159.2,42.77,-27.33,38643.9,7.77
23.833333333333332,Vladivostok,41,1160.244625,0.0,157.69,34.38,-159.07,42.91,-27.19,38643.9,7.91
23.833333333333332,Minsk,175,1003.272,0.0,156.42,34.38,-157.8,44.17,-25.93,38643.9,9.17
23.833333333333332,Almaty,82,1399.11425,0.0,159.31,34.38,-160.69,41.28,-28.81,38643.9,6.28
23.833333333333332,Tehran,176,1528.6875,0.0,160.08,34.38,-161.46,40.51,-29.58,38643.9,5.51
