time_h,gs_name,sat_id,elevation_deg,distance_km,cn0_dbhz,pseudorange_noise_m,clock_sync_error_m,tropo_error_m,iono_error_m,uere_m,pos_error_3d_m,time_error_ns,propagation_delay_ms
0.0,Vladimir,5.0,0.0,1429.84175,41.1,0.2055,1.7988,28.684,0.05,28.747,147.934,148.036,4.769
0.0,Murmansk,4.0,0.0,1404.4815,41.25,0.2019,1.7988,28.684,0.05,28.747,147.934,148.036,4.685
0.0,Novosibirsk,77.0,0.0,1177.919,42.78,0.1693,1.7988,28.684,0.05,28.747,147.933,148.035,3.929
0.0,Zheleznogorsk,20.0,0.0,1578.390125,40.24,0.2268,1.7988,28.684,0.05,28.748,147.935,148.037,5.265
0.0,Yakutsk,49.0,0.0,1153.573,42.96,0.1659,1.7988,28.684,0.05,28.747,147.933,148.035,3.848
0.0,Khabarovsk,107.0,0.0,1414.49325,41.19,0.2033,1.7988,28.684,0.05,28.747,147.934,148.036,4.718
0.0,Vladivostok,36.0,0.0,1431.05375,41.09,0.2057,1.7988,28.684,0.05,28.747,147.934,148.036,4.773
0.0,Minsk,47.0,0.0,1394.528625,41.31,0.2006,1.7988,28.684,0.05,28.747,147.934,148.036,4.652
0.0,Almaty,6.0,0.0,1584.982,40.2,0.2279,1.7988,28.684,0.05,28.748,147.935,148.037,5.287
0.0,Tehran,76.0,0.0,1346.41625,41.62,0.1935,1.7988,28.684,0.05,28.747,147.934,148.036,4.491
0.16666666666666666,Vladimir,61.0,0.0,997.8041875,44.22,0.1435,1.7988,28.684,0.05,28.747,147.932,148.035,3.328
0.16666666666666666,Murmansk,3.0,0.0,1011.3800625,44.1,0.1455,1.7988,28.684,0.05,28.747,147.932,148.035,3.374
0.16666666666666666,Novosibirsk,18.0,0.0,1074.366375,43.58,0.1544,1.7988,28.684,0.05,28.747,147.932,148.035,3.584
0.16666666666666666,Zheleznogorsk,91.0,0.0,1096.574375,43.4,0.1577,1.7988,28.684,0.05,28.747,147.932,148.035,3.658
0.16666666666666666,Yakutsk,106.0,0.0,1301.008625,41.92,0.187,1.7988,28.684,0.05,28.747,147.933,148.036,4.34
0.16666666666666666,Khabarovsk,105.0,0.0,1503.949375,40.66,0.2161,1.7988,28.684,0.05,28.747,147.934,148.037,5.017
0.16666666666666666,Vladivostok,105.0,0.0,1282.0255,42.04,0.1844,1.7988,28.684,0.05,28.747,147.933,148.036,4.276
0.16666666666666666,Minsk,168.0,0.0,1188.40075,42.7,0.1709,1.7988,28.684,0.05,28.747,147.933,148.035,3.964
0.16666666666666666,Almaty,75.0,0.0,1585.720625,40.2,0.2279,1.7988,28.684,0.05,28.748,147.935,148.037,5.289
0.16666666666666666,Tehran,75.0,0.0,1766.515875,39.26,0.2539,1.7988,28.684,0.05,28.748,147.936,148.038,5.892
0.3333333333333333,Vladimir,2.0,0.0,1182.711375,42.74,0.1701,1.7988,28.684,0.05,28.747,147.933,148.035,3.945
0.3333333333333333,Murmansk,45.0,0.0,1145.506375,43.02,0.1647,1.7988,28.684,0.05,28.747,147.933,148.035,3.821
0.3333333333333333,Novosibirsk,17.0,0.0,1258.147875,42.21,0.1808,1.7988,28.684,0.05,28.747,147.933,148.036,4.197
0.3333333333333333,Zheleznogorsk,17.0,0.0,1393.354,41.32,0.2003,1.7988,28.684,0.05,28.747,147.934,148.036,4.648
0.3333333333333333,Yakutsk,46.0,0.0,1393.659125,41.32,0.2003,1.7988,28.684,0.05,28.747,147.934,148.036,4.649
0.3333333333333333,Khabarovsk,119.0,0.0,1351.3395,41.59,0.1942,1.7988,28.684,0.05,28.747,147.934,148.036,4.508
0.3333333333333333,Vladivostok,33.0,0.0,1422.6055,41.14,0.2045,1.7988,28.684,0.05,28.747,147.934,148.036,4.745
0.3333333333333333,Minsk,167.0,0.0,1150.142125,42.99,0.1653,1.7988,28.684,0.05,28.747,147.933,148.035,3.836
0.3333333333333333,Almaty,104.0,0.0,1468.35425,40.86,0.2112,1.7988,28.684,0.05,28.747,147.934,148.037,4.898
0.3333333333333333,Tehran,88.0,0.0,1147.1955,43.01,0.1649,1.7988,28.684,0.05,28.747,147.933,148.035,3.827
0.5,Vladimir,73.0,0.0,1212.936625,42.52,0.1745,1.7988,28.684,0.05,28.747,147.933,148.035,4.046
0.5,Murmansk,0.0,0.0,1075.246875,43.57,0.1546,1.7988,28.684,0.05,28.747,147.932,148.035,3.587
0.5,Novosibirsk,103.0,0.0,1250.693125,42.26,0.1798,1.7988,28.684,0.05,28.747,147.933,148.036,4.172
0.5,Zheleznogorsk,103.0,0.0,1095.544375,43.41,0.1575,1.7988,28.684,0.05,28.747,147.932,148.035,3.654
0.5,Yakutsk,45.0,0.0,1023.8450625,44.0,0.1471,1.7988,28.684,0.05,28.747,147.932,148.035,3.415
0.5,Khabarovsk,133.0,0.0,1734.399,39.42,0.2493,1.7988,28.684,0.05,28.748,147.936,148.038,5.785
0.5,Vladivostok,117.0,0.0,1731.236875,39.43,0.249,1.7988,28.684,0.05,28.748,147.936,148.038,5.775
0.5,Minsk,73.0,0.0,1075.57775,43.57,0.1546,1.7988,28.684,0.05,28.747,147.932,148.035,3.588
0.5,Almaty,16.0,0.0,1590.786,40.17,0.2287,1.7988,28.684,0.05,28.748,147.935,148.037,5.306
0.5,Tehran,87.0,0.0,1271.3285,42.12,0.1827,1.7988,28.684,0.05,28.747,147.933,148.036,4.241
0.6666666666666666,Vladimir,72.0,0.0,1185.7485,42.72,0.1705,1.7988,28.684,0.05,28.747,147.933,148.035,3.955
0.6666666666666666,Murmansk,57.0,0.0,1029.40575,43.95,0.148,1.7988,28.684,0.05,28.747,147.932,148.035,3.434
0.6666666666666666,Novosibirsk,29.0,0.0,1073.24175,43.59,0.1543,1.7988,28.684,0.05,28.747,147.932,148.035,3.58
0.6666666666666666,Zheleznogorsk,102.0,0.0,1229.6035,42.41,0.1767,1.7988,28.684,0.05,28.747,147.933,148.035,4.102
0.6666666666666666,Yakutsk,59.0,0.0,1683.910875,39.67,0.2422,1.7988,28.684,0.05,28.748,147.936,148.038,5.617
0.6666666666666666,Khabarovsk,59.0,0.0,1145.4725,43.02,0.1647,1.7988,28.684,0.05,28.747,147.933,148.035,3.821
0.6666666666666666,Vladivostok,131.0,0.0,1447.376125,40.99,0.2081,1.7988,28.684,0.05,28.747,147.934,148.037,4.828
0.6666666666666666,Minsk,179.0,0.0,1155.408375,42.95,0.166,1.7988,28.684,0.05,28.747,147.933,148.035,3.854
0.6666666666666666,Almaty,101.0,0.0,1195.822,42.65,0.1719,1.7988,28.684,0.05,28.747,147.933,148.035,3.989
0.6666666666666666,Tehran,0.0,0.0,1270.178625,42.12,0.1827,1.7988,28.684,0.05,28.747,147.933,148.036,4.237
0.8333333333333334,Vladimir,13.0,0.0,1114.1135,43.26,0.1602,1.7988,28.684,0.05,28.747,147.933,148.035,3.716
0.8333333333333334,Murmansk,71.0,0.0,1302.45375,41.91,0.1872,1.7988,28.684,0.05,28.747,147.933,148.036,4.345
0.8333333333333334,Novosibirsk,100.0,0.0,1213.37975,42.52,0.1745,1.7988,28.684,0.05,28.747,147.933,148.035,4.047
0.8333333333333334,Zheleznogorsk,43.0,0.0,1360.753125,41.53,0.1955,1.7988,28.684,0.05,28.747,147.934,148.036,4.539
0.8333333333333334,Yakutsk,115.0,0.0,1057.339625,43.72,0.152,1.7988,28.684,0.05,28.747,147.932,148.035,3.527
0.8333333333333334,Khabarovsk,130.0,0.0,1294.490125,41.96,0.1861,1.7988,28.684,0.05,28.747,147.933,148.036,4.318
0.8333333333333334,Vladivostok,58.0,0.0,1409.900875,41.22,0.2026,1.7988,28.684,0.05,28.747,147.934,148.036,4.703
0.8333333333333334,Minsk,70.0,0.0,1140.5065,43.06,0.164,1.7988,28.684,0.05,28.747,147.933,148.035,3.804
0.8333333333333334,Almaty,28.0,0.0,1140.02975,43.06,0.164,1.7988,28.684,0.05,28.747,147.933,148.035,3.803
0.8333333333333334,Tehran,84.0,0.0,1047.2290625,43.8,0.1506,1.7988,28.684,0.05,28.747,147.932,148.035,3.493
1.0,Vladimir,69.0,0.0,1207.843625,42.56,0.1737,1.7988,28.684,0.05,28.747,147.933,148.035,4.029
1.0,Murmansk,11.0,0.0,1102.228875,43.36,0.1584,1.7988,28.684,0.05,28.747,147.933,148.035,3.677
1.0,Novosibirsk,99.0,0.0,1204.232625,42.59,0.1731,1.7988,28.684,0.05,28.747,147.933,148.035,4.017
1.0,Zheleznogorsk,99.0,0.0,1049.101125,43.78,0.1509,1.7988,28.684,0.05,28.747,147.932,148.035,3.499
1.0,Yakutsk,114.0,0.0,1300.295375,41.92,0.187,1.7988,28.684,0.05,28.747,147.933,148.036,4.337
1.0,Khabarovsk,56.0,0.0,1284.218125,42.03,0.1846,1.7988,28.684,0.05,28.747,147.933,148.036,4.284
1.0,Vladivostok,128.0,0.0,1324.524625,41.76,0.1904,1.7988,28.684,0.05,28.747,147.934,148.036,4.418
1.0,Minsk,69.0,0.0,1165.630375,42.87,0.1676,1.7988,28.684,0.05,28.747,147.933,148.035,3.888
1.0,Almaty,98.0,0.0,1270.844875,42.12,0.1827,1.7988,28.684,0.05,28.747,147.933,148.036,4.239
1.0,Tehran,12.0,0.0,1415.234875,41.18,0.2036,1.7988,28.684,0.05,28.747,147.934,148.036,4.721
1.1666666666666667,Vladimir,10.0,0.0,1002.837125,44.18,0.1441,1.7988,28.684,0.05,28.747,147.932,148.035,3.345
1.1666666666666667,Murmansk,68.0,0.0,1089.026625,43.46,0.1566,1.7988,28.684,0.05,28.747,147.932,148.035,3.633
1.1666666666666667,Novosibirsk,40.0,0.0,1460.32275,40.91,0.21,1.7988,28.684,0.05,28.747,147.934,148.037,4.871
1.1666666666666667,Zheleznogorsk,40.0,0.0,1050.009375,43.78,0.1509,1.7988,28.684,0.05,28.747,147.932,148.035,3.502
1.1666666666666667,Yakutsk,54.0,0.0,1379.241375,41.41,0.1983,1.7988,28.684,0.05,28.747,147.934,148.036,4.601
1.1666666666666667,Khabarovsk,55.0,0.0,1055.323125,43.73,0.1518,1.7988,28.684,0.05,28.747,147.932,148.035,3.52
1.1666666666666667,Vladivostok,55.0,0.0,1112.058125,43.28,0.1599,1.7988,28.684,0.05,28.747,147.933,148.035,3.709
1.1666666666666667,Minsk,10.0,0.0,1287.119375,42.01,0.185,1.7988,28.684,0.05,28.747,147.933,148.036,4.293
1.1666666666666667,Almaty,25.0,0.0,1031.801125,43.93,0.1483,1.7988,28.684,0.05,28.747,147.932,148.035,3.442
1.1666666666666667,Tehran,11.0,0.0,1002.8273125,44.18,0.1441,1.7988,28.684,0.05,28.747,147.932,148.035,3.345
1.3333333333333333,Vladimir,9.0,0.0,1471.89875,40.84,0.2117,1.7988,28.684,0.05,28.747,147.934,148.037,4.91
1.3333333333333333,Murmansk,8.0,0.0,1179.7515,42.77,0.1695,1.7988,28.684,0.05,28.747,147.933,148.035,3.935
1.3333333333333333,Novosibirsk,96.0,0.0,997.8598125,44.22,0.1435,1.7988,28.684,0.05,28.747,147.932,148.035,3.329
1.3333333333333333,Zheleznogorsk,96.0,0.0,1224.133625,42.44,0.1761,1.7988,28.684,0.05,28.747,147.933,148.035,4.083
1.3333333333333333,Yakutsk,111.0,0.0,1108.70875,43.3,0.1595,1.7988,28.684,0.05,28.747,147.933,148.035,3.698
1.3333333333333333,Khabarovsk,126.0,0.0,1437.367,41.05,0.2066,1.7988,28.684,0.05,28.747,147.934,148.037,4.795
1.3333333333333333,Vladivostok,54.0,0.0,1455.534,40.94,0.2093,1.7988,28.684,0.05,28.747,147.934,148.037,4.855
1.3333333333333333,Minsk,66.0,0.0,1066.922875,43.64,0.1534,1.7988,28.684,0.05,28.747,147.932,148.035,3.559
1.3333333333333333,Almaty,24.0,0.0,1331.763625,41.71,0.1915,1.7988,28.684,0.05,28.747,147.934,148.036,4.442
1.3333333333333333,Tehran,80.0,0.0,1569.997375,40.28,0.2258,1.7988,28.684,0.05,28.748,147.935,148.037,5.237
1.5,Vladimir,79.0,0.0,1179.702375,42.77,0.1695,1.7988,28.684,0.05,28.747,147.933,148.035,3.935
1.5,Murmansk,21.0,0.0,1092.08525,43.44,0.1569,1.7988,28.684,0.05,28.747,147.932,148.035,3.643
1.5,Novosibirsk,37.0,0.0,1231.76975,42.39,0.1771,1.7988,28.684,0.05,28.747,147.933,148.035,4.109
1.5,Zheleznogorsk,37.0,0.0,1084.09575,43.5,0.1559,1.7988,28.684,0.05,28.747,147.932,148.035,3.616
1.5,Yakutsk,125.0,0.0,1558.881125,40.34,0.2243,1.7988,28.684,0.05,28.748,147.935,148.037,5.2
1.5,Khabarovsk,52.0,0.0,1080.58525,43.53,0.1553,1.7988,28.684,0.05,28.747,147.932,148.035,3.604
1.5,Vladivostok,124.0,0.0,991.3394375,44.28,0.1425,1.7988,28.684,0.05,28.747,147.932,148.034,3.307
1.5,Minsk,7.0,0.0,1212.60975,42.53,0.1743,1.7988,28.684,0.05,28.747,147.933,148.035,4.045
1.5,Almaty,94.0,0.0,1084.604875,43.5,0.1559,1.7988,28.684,0.05,28.747,147.932,148.035,3.618
1.5,Tehran,8.0,0.0,1156.169375,42.94,0.1662,1.7988,28.684,0.05,28.747,147.933,148.035,3.857
1.6666666666666667,Vladimir,6.0,0.0,1253.617375,42.24,0.1802,1.7988,28.684,0.05,28.747,147.933,148.036,4.182
1.6666666666666667,Murmansk,64.0,0.0,1227.84475,42.42,0.1765,1.7988,28.684,0.05,28.747,147.933,148.035,4.096
1.6666666666666667,Novosibirsk,93.0,0.0,1160.078,42.91,0.1668,1.7988,28.684,0.05,28.747,147.933,148.035,3.87
1.6666666666666667,Zheleznogorsk,36.0,0.0,1238.828625,42.34,0.1781,1.7988,28.684,0.05,28.747,147.933,148.036,4.132
1.6666666666666667,Yakutsk,108.0,0.0,1234.92125,42.37,0.1775,1.7988,28.684,0.05,28.747,147.933,148.035,4.119
1.6666666666666667,Khabarovsk,123.0,0.0,1116.19725,43.25,0.1604,1.7988,28.684,0.05,28.747,147.933,148.035,3.723
1.6666666666666667,Vladivostok,51.0,0.0,1102.935125,43.35,0.1586,1.7988,28.684,0.05,28.747,147.933,148.035,3.679
1.6666666666666667,Minsk,6.0,0.0,1255.225375,42.23,0.1804,1.7988,28.684,0.05,28.747,147.933,148.036,4.187
1.6666666666666667,Almaty,21.0,0.0,1182.672875,42.74,0.1701,1.7988,28.684,0.05,28.747,147.933,148.035,3.945
1.6666666666666667,Tehran,7.0,0.0,1452.955625,40.96,0.2088,1.7988,28.684,0.05,28.747,147.934,148.037,4.847
1.8333333333333333,Vladimir,76.0,0.0,1157.310125,42.93,0.1664,1.7988,28.684,0.05,28.747,147.933,148.035,3.86
1.8333333333333333,Murmansk,18.0,0.0,1034.4701875,43.91,0.1487,1.7988,28.684,0.05,28.747,147.932,148.035,3.451
1.8333333333333333,Novosibirsk,92.0,0.0,1286.148125,42.02,0.1848,1.7988,28.684,0.05,28.747,147.933,148.036,4.29
1.8333333333333333,Zheleznogorsk,106.0,0.0,1297.0275,41.94,0.1865,1.7988,28.684,0.05,28.747,147.933,148.036,4.326
1.8333333333333333,Yakutsk,64.0,0.0,1206.317875,42.57,0.1735,1.7988,28.684,0.05,28.747,147.933,148.035,4.024
1.8333333333333333,Khabarovsk,49.0,0.0,1435.672125,41.06,0.2064,1.7988,28.684,0.05,28.747,147.934,148.036,4.789
1.8333333333333333,Vladivostok,121.0,0.0,1209.203125,42.55,0.1739,1.7988,28.684,0.05,28.747,147.933,148.035,4.033
1.8333333333333333,Minsk,62.0,0.0,1413.237375,41.2,0.2031,1.7988,28.684,0.05,28.747,147.934,148.036,4.714
1.8333333333333333,Almaty,91.0,0.0,1484.64775,40.77,0.2134,1.7988,28.684,0.05,28.747,147.934,148.037,4.952
1.8333333333333333,Tehran,5.0,0.0,1629.806,39.96,0.2343,1.7988,28.684,0.05,28.748,147.935,148.038,5.436
2.0,Vladimir,75.0,0.0,1209.712,42.55,0.1739,1.7988,28.684,0.05,28.747,147.933,148.035,4.035
2.0,Murmansk,61.0,0.0,1008.116125,44.13,0.145,1.7988,28.684,0.05,28.747,147.932,148.035,3.363
2.0,Novosibirsk,33.0,0.0,1096.87625,43.4,0.1577,1.7988,28.684,0.05,28.747,147.932,148.035,3.659
2.0,Zheleznogorsk,33.0,0.0,1102.872125,43.35,0.1586,1.7988,28.684,0.05,28.747,147.933,148.035,3.679
2.0,Yakutsk,47.0,0.0,1586.268875,40.19,0.2282,1.7988,28.684,0.05,28.748,147.935,148.037,5.291
2.0,Khabarovsk,120.0,0.0,1141.292625,43.05,0.1641,1.7988,28.684,0.05,28.747,147.933,148.035,3.807
2.0,Vladivostok,48.0,0.0,1130.764125,43.13,0.1626,1.7988,28.684,0.05,28.747,147.933,148.035,3.772
2.0,Minsk,3.0,0.0,1000.66325,44.2,0.1438,1.7988,28.684,0.05,28.747,147.932,148.035,3.338
2.0,Almaty,18.0,0.0,1395.595,41.31,0.2006,1.7988,28.684,0.05,28.747,147.934,148.036,4.655
2.0,Tehran,104.0,0.0,1562.058375,40.33,0.2245,1.7988,28.684,0.05,28.748,147.935,148.037,5.21
2.1666666666666665,Vladimir,16.0,0.0,1417.7135,41.17,0.2038,1.7988,28.684,0.05,28.747,147.934,148.036,4.729
2.1666666666666665,Murmansk,15.0,0.0,1271.355,42.12,0.1827,1.7988,28.684,0.05,28.747,147.933,148.036,4.241
2.1666666666666665,Novosibirsk,104.0,0.0,1259.36375,42.2,0.181,1.7988,28.684,0.05,28.747,147.933,148.036,4.201
2.1666666666666665,Zheleznogorsk,118.0,0.0,1387.085625,41.36,0.1994,1.7988,28.684,0.05,28.747,147.934,148.036,4.627
2.1666666666666665,Yakutsk,61.0,0.0,1067.46025,43.63,0.1535,1.7988,28.684,0.05,28.747,147.932,148.035,3.561
2.1666666666666665,Khabarovsk,134.0,0.0,1601.512375,40.11,0.2303,1.7988,28.684,0.05,28.748,147.935,148.037,5.342
2.1666666666666665,Vladivostok,47.0,0.0,1665.2115,39.77,0.2395,1.7988,28.684,0.05,28.748,147.935,148.038,5.555
2.1666666666666665,Minsk,88.0,0.0,1317.78825,41.8,0.1896,1.7988,28.684,0.05,28.747,147.933,148.036,4.396
2.1666666666666665,Almaty,32.0,0.0,1675.739375,39.72,0.2408,1.7988,28.684,0.05,28.748,147.935,148.038,5.59
2.1666666666666665,Tehran,103.0,0.0,1232.0595,42.39,0.1771,1.7988,28.684,0.05,28.747,147.933,148.035,4.11
2.3333333333333335,Vladimir,87.0,0.0,1009.5004375,44.12,0.1451,1.7988,28.684,0.05,28.747,147.932,148.035,3.367
2.3333333333333335,Murmansk,29.0,0.0,1065.233,43.65,0.1532,1.7988,28.684,0.05,28.747,147.932,148.035,3.553
2.3333333333333335,Novosibirsk,30.0,0.0,1011.9623125,44.1,0.1455,1.7988,28.684,0.05,28.747,147.932,148.035,3.376
2.3333333333333335,Zheleznogorsk,117.0,0.0,1079.1665,43.54,0.1551,1.7988,28.684,0.05,28.747,147.932,148.035,3.6
2.3333333333333335,Yakutsk,133.0,0.0,1401.901,41.27,0.2015,1.7988,28.684,0.05,28.747,147.934,148.036,4.676
2.3333333333333335,Khabarovsk,60.0,0.0,1433.68975,41.07,0.2062,1.7988,28.684,0.05,28.747,147.934,148.036,4.782
2.3333333333333335,Vladivostok,132.0,0.0,1408.450625,41.23,0.2024,1.7988,28.684,0.05,28.747,147.934,148.036,4.698
2.3333333333333335,Minsk,0.0,0.0,1119.62875,43.22,0.161,1.7988,28.684,0.05,28.747,147.933,148.035,3.735
2.3333333333333335,Almaty,116.0,0.0,1587.968125,40.18,0.2284,1.7988,28.684,0.05,28.748,147.935,148.037,5.297
2.3333333333333335,Tehran,15.0,0.0,1671.179375,39.74,0.2403,1.7988,28.684,0.05,28.748,147.935,148.038,5.574
2.5,Vladimir,28.0,0.0,1108.5785,43.31,0.1593,1.7988,28.684,0.05,28.747,147.933,148.035,3.698
2.5,Murmansk,72.0,0.0,1258.316125,42.21,0.1808,1.7988,28.684,0.05,28.747,147.933,148.036,4.197
2.5,Novosibirsk,44.0,0.0,1403.881625,41.25,0.2019,1.7988,28.684,0.05,28.747,147.934,148.036,4.683
2.5,Zheleznogorsk,58.0,0.0,1351.291375,41.59,0.1942,1.7988,28.684,0.05,28.747,147.934,148.036,4.507
2.5,Yakutsk,131.0,0.0,1252.45125,42.25,0.18,1.7988,28.684,0.05,28.747,147.933,148.036,4.178
2.5,Khabarovsk,74.0,0.0,1326.82025,41.74,0.1909,1.7988,28.684,0.05,28.747,147.934,148.036,4.426
2.5,Vladivostok,74.0,0.0,1597.882375,40.13,0.2297,1.7988,28.684,0.05,28.748,147.935,148.037,5.33
2.5,Minsk,14.0,0.0,1308.11525,41.87,0.188,1.7988,28.684,0.05,28.747,147.933,148.036,4.363
2.5,Almaty,44.0,0.0,1312.53425,41.84,0.1887,1.7988,28.684,0.05,28.747,147.933,148.036,4.378
2.5,Tehran,100.0,0.0,1020.9784375,44.02,0.1468,1.7988,28.684,0.05,28.747,147.932,148.035,3.406
2.6666666666666665,Vladimir,84.0,0.0,1171.522,42.83,0.1684,1.7988,28.684,0.05,28.747,147.933,148.035,3.908
2.6666666666666665,Murmansk,26.0,0.0,1036.785125,43.89,0.149,1.7988,28.684,0.05,28.747,147.932,148.035,3.458
2.6666666666666665,Novosibirsk,114.0,0.0,1166.287375,42.86,0.1678,1.7988,28.684,0.05,28.747,147.933,148.035,3.89
2.6666666666666665,Zheleznogorsk,114.0,0.0,1021.6875,44.01,0.147,1.7988,28.684,0.05,28.747,147.932,148.035,3.408
2.6666666666666665,Yakutsk,72.0,0.0,1073.108,43.59,0.1543,1.7988,28.684,0.05,28.747,147.932,148.035,3.58
2.6666666666666665,Khabarovsk,72.0,0.0,1623.801,39.99,0.2335,1.7988,28.684,0.05,28.748,147.935,148.038,5.416
2.6666666666666665,Vladivostok,143.0,0.0,1783.670875,39.17,0.2566,1.7988,28.684,0.05,28.748,147.936,148.039,5.95
2.6666666666666665,Minsk,84.0,0.0,1038.7185625,43.87,0.1494,1.7988,28.684,0.05,28.747,147.932,148.035,3.465
2.6666666666666665,Almaty,43.0,0.0,1594.7785,40.15,0.2292,1.7988,28.684,0.05,28.748,147.935,148.037,5.32
2.6666666666666665,Tehran,99.0,0.0,1389.985,41.34,0.1999,1.7988,28.684,0.05,28.747,147.934,148.036,4.636
2.8333333333333335,Vladimir,25.0,0.0,1132.801625,43.12,0.1628,1.7988,28.684,0.05,28.747,147.933,148.035,3.779
2.8333333333333335,Murmansk,69.0,0.0,1060.911875,43.69,0.1525,1.7988,28.684,0.05,28.747,147.932,148.035,3.539
2.8333333333333335,Novosibirsk,41.0,0.0,1201.60325,42.61,0.1727,1.7988,28.684,0.05,28.747,147.933,148.035,4.008
2.8333333333333335,Zheleznogorsk,55.0,0.0,1173.7735,42.81,0.1687,1.7988,28.684,0.05,28.747,147.933,148.035,3.915
2.8333333333333335,Yakutsk,128.0,0.0,1641.296125,39.9,0.2359,1.7988,28.684,0.05,28.748,147.935,148.038,5.475
2.8333333333333335,Khabarovsk,71.0,0.0,1048.332125,43.79,0.1507,1.7988,28.684,0.05,28.747,147.932,148.035,3.497
2.8333333333333335,Vladivostok,142.0,0.0,1289.00925,42.0,0.1852,1.7988,28.684,0.05,28.747,147.933,148.036,4.3
2.8333333333333335,Minsk,11.0,0.0,1277.88325,42.07,0.1838,1.7988,28.684,0.05,28.747,147.933,148.036,4.263
2.8333333333333335,Almaty,112.0,0.0,1067.6275,43.63,0.1535,1.7988,28.684,0.05,28.747,147.932,148.035,3.561
2.8333333333333335,Tehran,26.0,0.0,1105.290375,43.33,0.1589,1.7988,28.684,0.05,28.747,147.933,148.035,3.687
3.0,Vladimir,24.0,0.0,1188.462,42.7,0.1709,1.7988,28.684,0.05,28.747,147.933,148.035,3.964
3.0,Murmansk,23.0,0.0,1281.986375,42.04,0.1844,1.7988,28.684,0.05,28.747,147.933,148.036,4.276
3.0,Novosibirsk,111.0,0.0,1079.86025,43.53,0.1553,1.7988,28.684,0.05,28.747,147.932,148.035,3.602
3.0,Zheleznogorsk,111.0,0.0,1312.831,41.84,0.1887,1.7988,28.684,0.05,28.747,147.933,148.036,4.379
3.0,Yakutsk,127.0,0.0,1030.930375,43.94,0.1482,1.7988,28.684,0.05,28.747,147.932,148.035,3.439
3.0,Khabarovsk,141.0,0.0,1275.422375,42.09,0.1833,1.7988,28.684,0.05,28.747,147.933,148.036,4.254
3.0,Vladivostok,70.0,0.0,1361.39275,41.52,0.1958,1.7988,28.684,0.05,28.747,147.934,148.036,4.541
3.0,Minsk,81.0,0.0,1058.84675,43.7,0.1523,1.7988,28.684,0.05,28.747,147.932,148.035,3.532
3.0,Almaty,40.0,0.0,1131.9385,43.12,0.1628,1.7988,28.684,0.05,28.747,147.933,148.035,3.776
3.0,Tehran,96.0,0.0,1186.449375,42.72,0.1705,1.7988,28.684,0.05,28.747,147.933,148.035,3.958
3.1666666666666665,Vladimir,80.0,0.0,1291.905125,41.98,0.1857,1.7988,28.684,0.05,28.747,147.933,148.036,4.309
3.1666666666666665,Murmansk,37.0,0.0,1072.974375,43.59,0.1543,1.7988,28.684,0.05,28.747,147.932,148.035,3.579
3.1666666666666665,Novosibirsk,110.0,0.0,1298.506875,41.93,0.1867,1.7988,28.684,0.05,28.747,147.933,148.036,4.331
3.1666666666666665,Zheleznogorsk,110.0,0.0,1142.800125,43.04,0.1643,1.7988,28.684,0.05,28.747,147.933,148.035,3.812
3.1666666666666665,Yakutsk,126.0,0.0,1446.634875,40.99,0.2081,1.7988,28.684,0.05,28.747,147.934,148.037,4.825
3.1666666666666665,Khabarovsk,68.0,0.0,1160.575875,42.91,0.1668,1.7988,28.684,0.05,28.747,147.933,148.035,3.871
3.1666666666666665,Vladivostok,139.0,0.0,1141.269375,43.05,0.1641,1.7988,28.684,0.05,28.747,147.933,148.035,3.807
3.1666666666666665,Minsk,80.0,0.0,1297.310375,41.94,0.1865,1.7988,28.684,0.05,28.747,147.933,148.036,4.327
3.1666666666666665,Almaty,109.0,0.0,1141.631,43.05,0.1641,1.7988,28.684,0.05,28.747,147.933,148.035,3.808
3.1666666666666665,Tehran,23.0,0.0,1266.157375,42.15,0.1821,1.7988,28.684,0.05,28.747,147.933,148.036,4.223
3.3333333333333335,Vladimir,21.0,0.0,1029.5116875,43.95,0.148,1.7988,28.684,0.05,28.747,147.932,148.035,3.434
3.3333333333333335,Murmansk,79.0,0.0,1086.77875,43.48,0.1562,1.7988,28.684,0.05,28.747,147.932,148.035,3.625
3.3333333333333335,Novosibirsk,108.0,0.0,1329.20275,41.73,0.1911,1.7988,28.684,0.05,28.747,147.934,148.036,4.434
3.3333333333333335,Zheleznogorsk,51.0,0.0,1056.718625,43.72,0.152,1.7988,28.684,0.05,28.747,147.932,148.035,3.525
3.3333333333333335,Yakutsk,66.0,0.0,1297.951375,41.94,0.1865,1.7988,28.684,0.05,28.747,147.933,148.036,4.329
3.3333333333333335,Khabarovsk,138.0,0.0,1006.908125,44.14,0.1448,1.7988,28.684,0.05,28.747,147.932,148.035,3.359
3.3333333333333335,Vladivostok,67.0,0.0,1029.9741875,43.94,0.1482,1.7988,28.684,0.05,28.747,147.932,148.035,3.436
3.3333333333333335,Minsk,21.0,0.0,1226.28175,42.43,0.1763,1.7988,28.684,0.05,28.747,147.933,148.035,4.09
3.3333333333333335,Almaty,37.0,0.0,1004.114,44.17,0.1443,1.7988,28.684,0.05,28.747,147.932,148.035,3.349
3.3333333333333335,Tehran,22.0,0.0,1086.021125,43.48,0.1562,1.7988,28.684,0.05,28.747,147.932,148.035,3.623
3.5,Vladimir,92.0,0.0,1498.815875,40.69,0.2154,1.7988,28.684,0.05,28.747,147.934,148.037,5.0
3.5,Murmansk,34.0,0.0,1205.135,42.58,0.1733,1.7988,28.684,0.05,28.747,147.933,148.035,4.02
3.5,Novosibirsk,107.0,0.0,1051.223,43.77,0.1511,1.7988,28.684,0.05,28.747,147.932,148.035,3.507
3.5,Zheleznogorsk,107.0,0.0,1252.032875,42.25,0.18,1.7988,28.684,0.05,28.747,147.933,148.036,4.176
3.5,Yakutsk,123.0,0.0,1204.736625,42.58,0.1733,1.7988,28.684,0.05,28.747,147.933,148.035,4.019
3.5,Khabarovsk,65.0,0.0,1563.32375,40.32,0.2248,1.7988,28.684,0.05,28.748,147.935,148.037,5.215
3.5,Vladivostok,136.0,0.0,1372.753375,41.45,0.1973,1.7988,28.684,0.05,28.747,147.934,148.036,4.579
3.5,Minsk,77.0,0.0,1155.91175,42.94,0.1662,1.7988,28.684,0.05,28.747,147.933,148.035,3.856
3.5,Almaty,36.0,0.0,1512.043375,40.61,0.2174,1.7988,28.684,0.05,28.747,147.934,148.037,5.044
3.5,Tehran,20.0,0.0,1727.008875,39.46,0.2482,1.7988,28.684,0.05,28.748,147.936,148.038,5.761
3.6666666666666665,Vladimir,91.0,0.0,1123.1385,43.19,0.1615,1.7988,28.684,0.05,28.747,147.933,148.035,3.746
3.6666666666666665,Murmansk,76.0,0.0,1044.781375,43.82,0.1502,1.7988,28.684,0.05,28.747,147.932,148.035,3.485
3.6666666666666665,Novosibirsk,48.0,0.0,1137.76425,43.08,0.1636,1.7988,28.684,0.05,28.747,147.933,148.035,3.795
3.6666666666666665,Zheleznogorsk,48.0,0.0,1030.31925,43.94,0.1482,1.7988,28.684,0.05,28.747,147.932,148.035,3.437
3.6666666666666665,Yakutsk,136.0,0.0,1616.370375,40.03,0.2324,1.7988,28.684,0.05,28.748,147.935,148.038,5.392
3.6666666666666665,Khabarovsk,135.0,0.0,1126.20925,43.17,0.1619,1.7988,28.684,0.05,28.747,147.933,148.035,3.757
3.6666666666666665,Vladivostok,135.0,0.0,1037.4344375,43.88,0.1492,1.7988,28.684,0.05,28.747,147.932,148.035,3.461
3.6666666666666665,Minsk,18.0,0.0,1091.765125,43.44,0.1569,1.7988,28.684,0.05,28.747,147.932,148.035,3.642
3.6666666666666665,Almaty,105.0,0.0,1169.429125,42.84,0.1682,1.7988,28.684,0.05,28.747,147.933,148.035,3.901
3.6666666666666665,Tehran,19.0,0.0,1236.49375,42.36,0.1777,1.7988,28.684,0.05,28.747,147.933,148.036,4.124
3.8333333333333335,Vladimir,17.0,0.0,1440.677,41.03,0.2071,1.7988,28.684,0.05,28.747,147.934,148.037,4.806
3.8333333333333335,Murmansk,75.0,0.0,1345.549,41.62,0.1935,1.7988,28.684,0.05,28.747,147.934,148.036,4.488
3.8333333333333335,Novosibirsk,119.0,0.0,1155.326,42.95,0.166,1.7988,28.684,0.05,28.747,147.933,148.035,3.854
3.8333333333333335,Zheleznogorsk,47.0,0.0,1395.719625,41.31,0.2006,1.7988,28.684,0.05,28.747,147.934,148.036,4.656
3.8333333333333335,Yakutsk,120.0,0.0,1253.60725,42.24,0.1802,1.7988,28.684,0.05,28.747,147.933,148.036,4.182
3.8333333333333335,Khabarovsk,149.0,0.0,1254.10175,42.23,0.1804,1.7988,28.684,0.05,28.747,147.933,148.036,4.183
3.8333333333333335,Vladivostok,63.0,0.0,1248.0235,42.28,0.1794,1.7988,28.684,0.05,28.747,147.933,148.036,4.163
3.8333333333333335,Minsk,17.0,0.0,1330.654375,41.72,0.1913,1.7988,28.684,0.05,28.747,147.934,148.036,4.439
3.8333333333333335,Almaty,33.0,0.0,1378.688875,41.41,0.1983,1.7988,28.684,0.05,28.747,147.934,148.036,4.599
3.8333333333333335,Tehran,118.0,0.0,1484.552,40.77,0.2134,1.7988,28.684,0.05,28.747,147.934,148.037,4.952
4.0,Vladimir,103.0,0.0,1047.077875,43.8,0.1506,1.7988,28.684,0.05,28.747,147.932,148.035,3.493
4.0,Murmansk,30.0,0.0,1000.58,44.2,0.1438,1.7988,28.684,0.05,28.747,147.932,148.035,3.338
4.0,Novosibirsk,45.0,0.0,1182.640375,42.74,0.1701,1.7988,28.684,0.05,28.747,147.933,148.035,3.945
4.0,Zheleznogorsk,133.0,0.0,1159.6465,42.91,0.1668,1.7988,28.684,0.05,28.747,147.933,148.035,3.868
4.0,Yakutsk,148.0,0.0,1227.831,42.42,0.1765,1.7988,28.684,0.05,28.747,147.933,148.035,4.096
4.0,Khabarovsk,61.0,0.0,1469.895375,40.86,0.2112,1.7988,28.684,0.05,28.747,147.934,148.037,4.903
4.0,Vladivostok,147.0,0.0,1231.932625,42.39,0.1771,1.7988,28.684,0.05,28.747,147.933,148.035,4.109
4.0,Minsk,15.0,0.0,1309.754625,41.86,0.1883,1.7988,28.684,0.05,28.747,147.933,148.036,4.369
4.0,Almaty,117.0,0.0,1533.925125,40.49,0.2204,1.7988,28.684,0.05,28.747,147.935,148.037,5.117
4.0,Tehran,16.0,0.0,1690.868875,39.64,0.2431,1.7988,28.684,0.05,28.748,147.936,148.038,5.64
4.166666666666667,Vladimir,44.0,0.0,1273.549625,42.1,0.1831,1.7988,28.684,0.05,28.747,147.933,148.036,4.248
4.166666666666667,Murmansk,87.0,0.0,1057.5275,43.72,0.152,1.7988,28.684,0.05,28.747,147.932,148.035,3.528
4.166666666666667,Novosibirsk,59.0,0.0,1149.034125,42.99,0.1653,1.7988,28.684,0.05,28.747,147.933,148.035,3.833
4.166666666666667,Zheleznogorsk,59.0,0.0,1235.544125,42.36,0.1777,1.7988,28.684,0.05,28.747,147.933,148.036,4.121
4.166666666666667,Yakutsk,88.0,0.0,1550.763,40.39,0.223,1.7988,28.684,0.05,28.748,147.935,148.037,5.173
4.166666666666667,Khabarovsk,146.0,0.0,1240.4945,42.33,0.1783,1.7988,28.684,0.05,28.747,147.933,148.036,4.138
4.166666666666667,Vladivostok,60.0,0.0,1264.41575,42.16,0.1819,1.7988,28.684,0.05,28.747,147.933,148.036,4.218
4.166666666666667,Minsk,29.0,0.0,1047.0105,43.8,0.1506,1.7988,28.684,0.05,28.747,147.932,148.035,3.492
4.166666666666667,Almaty,30.0,0.0,1559.092,40.34,0.2243,1.7988,28.684,0.05,28.748,147.935,148.037,5.201
4.166666666666667,Tehran,115.0,0.0,1319.26775,41.79,0.1898,1.7988,28.684,0.05,28.747,147.933,148.036,4.401
4.333333333333333,Vladimir,100.0,0.0,1311.396875,41.85,0.1885,1.7988,28.684,0.05,28.747,147.933,148.036,4.374
4.333333333333333,Murmansk,42.0,0.0,1160.05075,42.91,0.1668,1.7988,28.684,0.05,28.747,147.933,148.035,3.87
4.333333333333333,Novosibirsk,130.0,0.0,1364.387875,41.5,0.1962,1.7988,28.684,0.05,28.747,147.934,148.036,4.551
4.333333333333333,Zheleznogorsk,130.0,0.0,1218.339,42.49,0.1751,1.7988,28.684,0.05,28.747,147.933,148.035,4.064
4.333333333333333,Yakutsk,87.0,0.0,1019.2941875,44.04,0.1465,1.7988,28.684,0.05,28.747,147.932,148.035,3.4
4.333333333333333,Khabarovsk,160.0,0.0,1745.245375,39.36,0.251,1.7988,28.684,0.05,28.748,147.936,148.038,5.822
4.333333333333333,Vladivostok,144.0,0.0,1722.69,39.48,0.2476,1.7988,28.684,0.05,28.748,147.936,148.038,5.746
4.333333333333333,Minsk,100.0,0.0,1160.451125,42.91,0.1668,1.7988,28.684,0.05,28.747,147.933,148.035,3.871
4.333333333333333,Almaty,58.0,0.0,1595.4,40.14,0.2295,1.7988,28.684,0.05,28.748,147.935,148.037,5.322
4.333333333333333,Tehran,114.0,0.0,1202.56425,42.6,0.1729,1.7988,28.684,0.05,28.747,147.933,148.035,4.011
4.5,Vladimir,99.0,0.0,1079.65825,43.54,0.1551,1.7988,28.684,0.05,28.747,147.932,148.035,3.601
4.5,Murmansk,84.0,0.0,1040.181125,43.86,0.1495,1.7988,28.684,0.05,28.747,147.932,148.035,3.47
4.5,Novosibirsk,56.0,0.0,1014.10775,44.08,0.1458,1.7988,28.684,0.05,28.747,147.932,148.035,3.383
4.5,Zheleznogorsk,129.0,0.0,1126.107875,43.17,0.1619,1.7988,28.684,0.05,28.747,147.933,148.035,3.756
4.5,Yakutsk,86.0,0.0,1527.616,40.52,0.2197,1.7988,28.684,0.05,28.747,147.935,148.037,5.096
4.5,Khabarovsk,86.0,0.0,1266.921375,42.15,0.1821,1.7988,28.684,0.05,28.747,147.933,148.036,4.226
4.5,Vladivostok,143.0,0.0,1566.651375,40.3,0.2253,1.7988,28.684,0.05,28.748,147.935,148.037,5.226
4.5,Minsk,26.0,0.0,1114.188875,43.26,0.1602,1.7988,28.684,0.05,28.747,147.933,148.035,3.717
4.5,Almaty,128.0,0.0,1355.7935,41.56,0.1949,1.7988,28.684,0.05,28.747,147.934,148.036,4.522
4.5,Tehran,42.0,0.0,1446.292625,41.0,0.2078,1.7988,28.684,0.05,28.747,147.934,148.037,4.824
4.666666666666667,Vladimir,40.0,0.0,1079.39125,43.54,0.1551,1.7988,28.684,0.05,28.747,147.932,148.035,3.6
4.666666666666667,Murmansk,98.0,0.0,1263.345,42.17,0.1816,1.7988,28.684,0.05,28.747,147.933,148.036,4.214
4.666666666666667,Novosibirsk,127.0,0.0,1377.1235,41.42,0.198,1.7988,28.684,0.05,28.747,147.934,148.036,4.594
4.666666666666667,Zheleznogorsk,70.0,0.0,1326.858,41.74,0.1909,1.7988,28.684,0.05,28.747,147.934,148.036,4.426
4.666666666666667,Yakutsk,142.0,0.0,1136.18125,43.09,0.1634,1.7988,28.684,0.05,28.747,147.933,148.035,3.79
4.666666666666667,Khabarovsk,85.0,0.0,1327.685625,41.74,0.1909,1.7988,28.684,0.05,28.747,147.934,148.036,4.429
4.666666666666667,Vladivostok,85.0,0.0,1468.04825,40.87,0.211,1.7988,28.684,0.05,28.747,147.934,148.037,4.897
4.666666666666667,Minsk,97.0,0.0,1272.6345,42.11,0.1829,1.7988,28.684,0.05,28.747,147.933,148.036,4.245
4.666666666666667,Almaty,55.0,0.0,1187.38075,42.71,0.1707,1.7988,28.684,0.05,28.747,147.933,148.035,3.961
4.666666666666667,Tehran,111.0,0.0,991.5335625,44.27,0.1426,1.7988,28.684,0.05,28.747,147.932,148.034,3.307
4.833333333333333,Vladimir,96.0,0.0,1178.335625,42.78,0.1693,1.7988,28.684,0.05,28.747,147.933,148.035,3.931
4.833333333333333,Murmansk,38.0,0.0,1047.7345625,43.8,0.1506,1.7988,28.684,0.05,28.747,147.932,148.035,3.495
4.833333333333333,Novosibirsk,126.0,0.0,1147.511125,43.01,0.1649,1.7988,28.684,0.05,28.747,147.933,148.035,3.828
4.833333333333333,Zheleznogorsk,126.0,0.0,1010.2589375,44.11,0.1453,1.7988,28.684,0.05,28.747,147.932,148.035,3.37
4.833333333333333,Yakutsk,83.0,0.0,1170.979375,42.83,0.1684,1.7988,28.684,0.05,28.747,147.933,148.035,3.906
4.833333333333333,Khabarovsk,83.0,0.0,1442.2775,41.02,0.2074,1.7988,28.684,0.05,28.747,147.934,148.037,4.811
4.833333333333333,Vladivostok,155.0,0.0,1526.527125,40.53,0.2194,1.7988,28.684,0.05,28.747,147.935,148.037,5.092
4.833333333333333,Minsk,96.0,0.0,1071.953875,43.6,0.1541,1.7988,28.684,0.05,28.747,147.932,148.035,3.576
4.833333333333333,Almaty,125.0,0.0,1445.60425,41.0,0.2078,1.7988,28.684,0.05,28.747,147.934,148.037,4.822
4.833333333333333,Tehran,110.0,0.0,1560.696875,40.33,0.2245,1.7988,28.684,0.05,28.748,147.935,148.037,5.206
5.0,Vladimir,37.0,0.0,1042.3384375,43.84,0.1499,1.7988,28.684,0.05,28.747,147.932,148.035,3.477
5.0,Murmansk,80.0,0.0,1124.08525,43.19,0.1615,1.7988,28.684,0.05,28.747,147.933,148.035,3.75
5.0,Novosibirsk,52.0,0.0,1378.5015,41.41,0.1983,1.7988,28.684,0.05,28.747,147.934,148.036,4.598
5.0,Zheleznogorsk,67.0,0.0,1083.852375,43.5,0.1559,1.7988,28.684,0.05,28.747,147.932,148.035,3.615
5.0,Yakutsk,81.0,0.0,1505.84175,40.65,0.2164,1.7988,28.684,0.05,28.747,147.934,148.037,5.023
5.0,Khabarovsk,82.0,0.0,1013.92575,44.08,0.1458,1.7988,28.684,0.05,28.747,147.932,148.035,3.382
5.0,Vladivostok,154.0,0.0,1198.559625,42.63,0.1723,1.7988,28.684,0.05,28.747,147.933,148.035,3.998
5.0,Minsk,37.0,0.0,1357.132125,41.55,0.1951,1.7988,28.684,0.05,28.747,147.934,148.036,4.527
5.0,Almaty,124.0,0.0,1021.905625,44.01,0.147,1.7988,28.684,0.05,28.747,147.932,148.035,3.409
5.0,Tehran,38.0,0.0,1007.5083125,44.14,0.1448,1.7988,28.684,0.05,28.747,147.932,148.035,3.361
5.166666666666667,Vladimir,36.0,0.0,1311.520125,41.85,0.1885,1.7988,28.684,0.05,28.747,147.933,148.036,4.375
5.166666666666667,Murmansk,35.0,0.0,1214.16825,42.52,0.1745,1.7988,28.684,0.05,28.747,147.933,148.035,4.05
5.166666666666667,Novosibirsk,123.0,0.0,1005.9643125,44.15,0.1446,1.7988,28.684,0.05,28.747,147.932,148.035,3.356
5.166666666666667,Zheleznogorsk,123.0,0.0,1256.955625,42.21,0.1808,1.7988,28.684,0.05,28.747,147.933,148.036,4.193
5.166666666666667,Yakutsk,138.0,0.0,1053.044125,43.75,0.1514,1.7988,28.684,0.05,28.747,147.932,148.035,3.513
5.166666666666667,Khabarovsk,153.0,0.0,1323.545375,41.77,0.1902,1.7988,28.684,0.05,28.747,147.934,148.036,4.415
5.166666666666667,Vladivostok,81.0,0.0,1370.107,41.47,0.1969,1.7988,28.684,0.05,28.747,147.934,148.036,4.57
5.166666666666667,Minsk,93.0,0.0,1039.6878125,43.86,0.1495,1.7988,28.684,0.05,28.747,147.932,148.035,3.468
5.166666666666667,Almaty,51.0,0.0,1198.642375,42.63,0.1723,1.7988,28.684,0.05,28.747,147.933,148.035,3.998
5.166666666666667,Tehran,107.0,0.0,1377.41,41.42,0.198,1.7988,28.684,0.05,28.747,147.934,148.036,4.595
5.333333333333333,Vladimir,106.0,0.0,1272.69275,42.11,0.1829,1.7988,28.684,0.05,28.747,147.933,148.036,4.245
5.333333333333333,Murmansk,48.0,0.0,1061.764125,43.68,0.1527,1.7988,28.684,0.05,28.747,147.932,148.035,3.542
5.333333333333333,Novosibirsk,64.0,0.0,1337.11725,41.68,0.1922,1.7988,28.684,0.05,28.747,147.934,148.036,4.46
5.333333333333333,Zheleznogorsk,64.0,0.0,1188.81375,42.7,0.1709,1.7988,28.684,0.05,28.747,147.933,148.035,3.965
5.333333333333333,Yakutsk,152.0,0.0,1525.477,40.53,0.2194,1.7988,28.684,0.05,28.747,147.935,148.037,5.088
5.333333333333333,Khabarovsk,79.0,0.0,1093.563625,43.42,0.1573,1.7988,28.684,0.05,28.747,147.932,148.035,3.648
5.333333333333333,Vladivostok,151.0,0.0,1024.696875,43.99,0.1473,1.7988,28.684,0.05,28.747,147.932,148.035,3.418
5.333333333333333,Minsk,34.0,0.0,1350.357375,41.59,0.1942,1.7988,28.684,0.05,28.747,147.934,148.036,4.504
5.333333333333333,Almaty,121.0,0.0,1084.8485,43.49,0.156,1.7988,28.684,0.05,28.747,147.932,148.035,3.619
5.333333333333333,Tehran,35.0,0.0,1182.276125,42.75,0.1699,1.7988,28.684,0.05,28.747,147.933,148.035,3.944
5.5,Vladimir,33.0,0.0,1122.118125,43.2,0.1613,1.7988,28.684,0.05,28.747,147.933,148.035,3.743
5.5,Murmansk,91.0,0.0,1133.77725,43.11,0.163,1.7988,28.684,0.05,28.747,147.933,148.035,3.782
5.5,Novosibirsk,120.0,0.0,1228.402875,42.41,0.1767,1.7988,28.684,0.05,28.747,147.933,148.035,4.098
5.5,Zheleznogorsk,63.0,0.0,1121.530375,43.2,0.1613,1.7988,28.684,0.05,28.747,147.933,148.035,3.741
5.5,Yakutsk,77.0,0.0,1263.86975,42.17,0.1816,1.7988,28.684,0.05,28.747,147.933,148.036,4.216
5.5,Khabarovsk,150.0,0.0,1029.0205,43.95,0.148,1.7988,28.684,0.05,28.747,147.932,148.035,3.432
5.5,Vladivostok,78.0,0.0,1026.1615,43.98,0.1475,1.7988,28.684,0.05,28.747,147.932,148.035,3.423
5.5,Minsk,33.0,0.0,1207.935375,42.56,0.1737,1.7988,28.684,0.05,28.747,147.933,148.035,4.029
5.5,Almaty,48.0,0.0,1065.45725,43.65,0.1532,1.7988,28.684,0.05,28.747,147.932,148.035,3.554
5.5,Tehran,34.0,0.0,1253.88775,42.24,0.1802,1.7988,28.684,0.05,28.747,147.933,148.036,4.183
5.666666666666667,Vladimir,118.0,0.0,1305.125875,41.89,0.1876,1.7988,28.684,0.05,28.747,147.933,148.036,4.353
5.666666666666667,Murmansk,45.0,0.0,1105.59825,43.33,0.1589,1.7988,28.684,0.05,28.747,147.933,148.035,3.688
5.666666666666667,Novosibirsk,134.0,0.0,1155.54575,42.95,0.166,1.7988,28.684,0.05,28.747,147.933,148.035,3.854
5.666666666666667,Zheleznogorsk,134.0,0.0,1315.562875,41.82,0.1891,1.7988,28.684,0.05,28.747,147.933,148.036,4.388
5.666666666666667,Yakutsk,91.0,0.0,1198.392125,42.63,0.1723,1.7988,28.684,0.05,28.747,147.933,148.035,3.997
5.666666666666667,Khabarovsk,76.0,0.0,1485.183625,40.77,0.2134,1.7988,28.684,0.05,28.747,147.934,148.037,4.954
5.666666666666667,Vladivostok,163.0,0.0,1269.747875,42.13,0.1825,1.7988,28.684,0.05,28.747,147.933,148.036,4.235
5.666666666666667,Minsk,104.0,0.0,1280.821125,42.05,0.1842,1.7988,28.684,0.05,28.747,147.933,148.036,4.272
5.666666666666667,Almaty,133.0,0.0,1514.2465,40.6,0.2176,1.7988,28.684,0.05,28.747,147.935,148.037,5.051
5.666666666666667,Tehran,32.0,0.0,1664.69925,39.77,0.2395,1.7988,28.684,0.05,28.748,147.935,148.038,5.553
5.833333333333333,Vladimir,117.0,0.0,1132.372625,43.12,0.1628,1.7988,28.684,0.05,28.747,147.933,148.035,3.777
5.833333333333333,Murmansk,103.0,0.0,1001.898375,44.18,0.1441,1.7988,28.684,0.05,28.747,147.932,148.035,3.342
5.833333333333333,Novosibirsk,60.0,0.0,1084.92175,43.49,0.156,1.7988,28.684,0.05,28.747,147.932,148.035,3.619
5.833333333333333,Zheleznogorsk,60.0,0.0,1040.759125,43.85,0.1497,1.7988,28.684,0.05,28.747,147.932,148.035,3.472
5.833333333333333,Yakutsk,89.0,0.0,1639.2825,39.91,0.2356,1.7988,28.684,0.05,28.748,147.935,148.038,5.468
5.833333333333333,Khabarovsk,162.0,0.0,1113.761375,43.27,0.16,1.7988,28.684,0.05,28.747,147.933,148.035,3.715
5.833333333333333,Vladivostok,75.0,0.0,1093.855625,43.42,0.1573,1.7988,28.684,0.05,28.747,147.932,148.035,3.649
5.833333333333333,Minsk,30.0,0.0,1015.00275,44.07,0.146,1.7988,28.684,0.05,28.747,147.932,148.035,3.386
5.833333333333333,Almaty,132.0,0.0,1307.000625,41.88,0.1878,1.7988,28.684,0.05,28.747,147.933,148.036,4.36
5.833333333333333,Tehran,31.0,0.0,1395.940875,41.3,0.2008,1.7988,28.684,0.05,28.747,147.934,148.036,4.656
6.0,Vladimir,58.0,0.0,1404.3495,41.25,0.2019,1.7988,28.684,0.05,28.747,147.934,148.036,4.684
6.0,Murmansk,57.0,0.0,1409.547125,41.22,0.2026,1.7988,28.684,0.05,28.747,147.934,148.036,4.702
6.0,Novosibirsk,131.0,0.0,1198.445875,42.63,0.1723,1.7988,28.684,0.05,28.747,147.933,148.035,3.998
6.0,Zheleznogorsk,145.0,0.0,1576.03875,40.25,0.2266,1.7988,28.684,0.05,28.748,147.935,148.037,5.257
6.0,Yakutsk,103.0,0.0,1147.38925,43.01,0.1649,1.7988,28.684,0.05,28.747,147.933,148.035,3.827
6.0,Khabarovsk,161.0,0.0,1424.29675,41.13,0.2048,1.7988,28.684,0.05,28.747,147.934,148.036,4.751
6.0,Vladivostok,89.0,0.0,1448.869625,40.98,0.2083,1.7988,28.684,0.05,28.747,147.934,148.037,4.833
6.0,Minsk,101.0,0.0,1421.033875,41.15,0.2043,1.7988,28.684,0.05,28.747,147.934,148.036,4.74
6.0,Almaty,59.0,0.0,1617.389875,40.02,0.2327,1.7988,28.684,0.05,28.748,147.935,148.038,5.395
6.0,Tehran,130.0,0.0,1306.543125,41.88,0.1878,1.7988,28.684,0.05,28.747,147.933,148.036,4.358
6.166666666666667,Vladimir,114.0,0.0,998.0703125,44.22,0.1435,1.7988,28.684,0.05,28.747,147.932,148.035,3.329
6.166666666666667,Murmansk,56.0,0.0,1009.912375,44.12,0.1451,1.7988,28.684,0.05,28.747,147.932,148.035,3.369
6.166666666666667,Novosibirsk,72.0,0.0,1073.428375,43.59,0.1543,1.7988,28.684,0.05,28.747,147.932,148.035,3.581
6.166666666666667,Zheleznogorsk,144.0,0.0,1080.571375,43.53,0.1553,1.7988,28.684,0.05,28.747,147.932,148.035,3.604
6.166666666666667,Yakutsk,160.0,0.0,1289.438625,41.99,0.1855,1.7988,28.684,0.05,28.747,147.933,148.036,4.301
6.166666666666667,Khabarovsk,159.0,0.0,1532.975875,40.49,0.2204,1.7988,28.684,0.05,28.747,147.935,148.037,5.113
6.166666666666667,Vladivostok,159.0,0.0,1314.9895,41.82,0.1891,1.7988,28.684,0.05,28.747,147.933,148.036,4.386
6.166666666666667,Minsk,42.0,0.0,1196.04175,42.65,0.1719,1.7988,28.684,0.05,28.747,147.933,148.035,3.99
6.166666666666667,Almaty,129.0,0.0,1625.205,39.98,0.2337,1.7988,28.684,0.05,28.748,147.935,148.038,5.421
6.166666666666667,Tehran,129.0,0.0,1742.30525,39.38,0.2505,1.7988,28.684,0.05,28.748,147.936,148.038,5.812
6.333333333333333,Vladimir,55.0,0.0,1166.132625,42.87,0.1676,1.7988,28.684,0.05,28.747,147.933,148.035,3.89
6.333333333333333,Murmansk,99.0,0.0,1143.122125,43.04,0.1643,1.7988,28.684,0.05,28.747,147.933,148.035,3.813
6.333333333333333,Novosibirsk,71.0,0.0,1254.720375,42.23,0.1804,1.7988,28.684,0.05,28.747,147.933,148.036,4.185
6.333333333333333,Zheleznogorsk,85.0,0.0,1383.14775,41.38,0.1989,1.7988,28.684,0.05,28.747,147.934,148.036,4.614
6.333333333333333,Yakutsk,100.0,0.0,1396.0135,41.3,0.2008,1.7988,28.684,0.05,28.747,147.934,148.036,4.657
6.333333333333333,Khabarovsk,101.0,0.0,1344.2145,41.63,0.1933,1.7988,28.684,0.05,28.747,147.934,148.036,4.484
6.333333333333333,Vladivostok,86.0,0.0,1458.9235,40.92,0.2098,1.7988,28.684,0.05,28.747,147.934,148.037,4.866
6.333333333333333,Minsk,41.0,0.0,1157.6925,42.93,0.1664,1.7988,28.684,0.05,28.747,147.933,148.035,3.862
6.333333333333333,Almaty,142.0,0.0,1430.124875,41.09,0.2057,1.7988,28.684,0.05,28.747,147.934,148.036,4.77
6.333333333333333,Tehran,127.0,0.0,1128.10675,43.15,0.1623,1.7988,28.684,0.05,28.747,147.933,148.035,3.763
6.5,Vladimir,111.0,0.0,1226.855625,42.43,0.1763,1.7988,28.684,0.05,28.747,147.933,148.035,4.092
6.5,Murmansk,53.0,0.0,1080.314625,43.53,0.1553,1.7988,28.684,0.05,28.747,147.932,148.035,3.604
6.5,Novosibirsk,141.0,0.0,1225.887125,42.43,0.1763,1.7988,28.684,0.05,28.747,147.933,148.035,4.089
6.5,Zheleznogorsk,141.0,0.0,1093.84225,43.42,0.1573,1.7988,28.684,0.05,28.747,147.932,148.035,3.649
6.5,Yakutsk,99.0,0.0,1018.9553125,44.04,0.1465,1.7988,28.684,0.05,28.747,147.932,148.035,3.399
6.5,Khabarovsk,171.0,0.0,1703.522875,39.57,0.245,1.7988,28.684,0.05,28.748,147.936,148.038,5.682
6.5,Vladivostok,156.0,0.0,1771.397375,39.23,0.2548,1.7988,28.684,0.05,28.748,147.936,148.038,5.909
6.5,Minsk,111.0,0.0,1060.33425,43.69,0.1525,1.7988,28.684,0.05,28.747,147.932,148.035,3.537
6.5,Almaty,70.0,0.0,1556.486,40.36,0.2237,1.7988,28.684,0.05,28.748,147.935,148.037,5.192
6.5,Tehran,126.0,0.0,1259.443375,42.2,0.181,1.7988,28.684,0.05,28.747,147.933,148.036,4.201
6.666666666666667,Vladimir,110.0,0.0,1193.372,42.67,0.1715,1.7988,28.684,0.05,28.747,147.933,148.035,3.981
6.666666666666667,Murmansk,96.0,0.0,1033.69225,43.91,0.1487,1.7988,28.684,0.05,28.747,147.932,148.035,3.448
6.666666666666667,Novosibirsk,68.0,0.0,1085.519625,43.49,0.156,1.7988,28.684,0.05,28.747,147.932,148.035,3.621
6.666666666666667,Zheleznogorsk,140.0,0.0,1225.568,42.43,0.1763,1.7988,28.684,0.05,28.747,147.933,148.035,4.088
6.666666666666667,Yakutsk,98.0,0.0,1677.780875,39.71,0.2411,1.7988,28.684,0.05,28.748,147.935,148.038,5.596
6.666666666666667,Khabarovsk,98.0,0.0,1128.1115,43.15,0.1623,1.7988,28.684,0.05,28.747,147.933,148.035,3.763
6.666666666666667,Vladivostok,169.0,0.0,1408.697375,41.22,0.2026,1.7988,28.684,0.05,28.747,147.934,148.036,4.699
6.666666666666667,Minsk,38.0,0.0,1177.7175,42.78,0.1693,1.7988,28.684,0.05,28.747,147.933,148.035,3.928
6.666666666666667,Almaty,139.0,0.0,1169.52725,42.84,0.1682,1.7988,28.684,0.05,28.747,147.933,148.035,3.901
6.666666666666667,Tehran,53.0,0.0,1244.533125,42.3,0.179,1.7988,28.684,0.05,28.747,147.933,148.036,4.151
6.833333333333333,Vladimir,51.0,0.0,1103.74,43.34,0.1588,1.7988,28.684,0.05,28.747,147.933,148.035,3.682
6.833333333333333,Murmansk,109.0,0.0,1290.5575,41.99,0.1855,1.7988,28.684,0.05,28.747,147.933,148.036,4.305
6.833333333333333,Novosibirsk,138.0,0.0,1201.46425,42.61,0.1727,1.7988,28.684,0.05,28.747,147.933,148.035,4.008
6.833333333333333,Zheleznogorsk,81.0,0.0,1339.37625,41.66,0.1926,1.7988,28.684,0.05,28.747,147.934,148.036,4.468
6.833333333333333,Yakutsk,154.0,0.0,1063.3745,43.67,0.1528,1.7988,28.684,0.05,28.747,147.932,148.035,3.547
6.833333333333333,Khabarovsk,168.0,0.0,1266.755125,42.15,0.1821,1.7988,28.684,0.05,28.747,147.933,148.036,4.225
6.833333333333333,Vladivostok,97.0,0.0,1374.896125,41.44,0.1976,1.7988,28.684,0.05,28.747,147.934,148.036,4.586
6.833333333333333,Minsk,108.0,0.0,1141.813875,43.05,0.1641,1.7988,28.684,0.05,28.747,147.933,148.035,3.809
6.833333333333333,Almaty,67.0,0.0,1116.72,43.24,0.1606,1.7988,28.684,0.05,28.747,147.933,148.035,3.725
6.833333333333333,Tehran,123.0,0.0,1061.502875,43.68,0.1527,1.7988,28.684,0.05,28.747,147.932,148.035,3.541
7.0,Vladimir,107.0,0.0,1228.140125,42.42,0.1765,1.7988,28.684,0.05,28.747,147.933,148.035,4.097
7.0,Murmansk,49.0,0.0,1109.633125,43.3,0.1595,1.7988,28.684,0.05,28.747,147.933,148.035,3.701
7.0,Novosibirsk,137.0,0.0,1192.956,42.67,0.1715,1.7988,28.684,0.05,28.747,147.933,148.035,3.979
7.0,Zheleznogorsk,137.0,0.0,1058.186,43.71,0.1521,1.7988,28.684,0.05,28.747,147.932,148.035,3.53
7.0,Yakutsk,153.0,0.0,1298.952875,41.93,0.1867,1.7988,28.684,0.05,28.747,147.933,148.036,4.333
7.0,Khabarovsk,95.0,0.0,1284.648,42.03,0.1846,1.7988,28.684,0.05,28.747,147.933,148.036,4.285
7.0,Vladivostok,166.0,0.0,1302.058,41.91,0.1872,1.7988,28.684,0.05,28.747,147.933,148.036,4.343
7.0,Minsk,107.0,0.0,1164.417,42.88,0.1674,1.7988,28.684,0.05,28.747,147.933,148.035,3.884
7.0,Almaty,136.0,0.0,1267.414,42.14,0.1823,1.7988,28.684,0.05,28.747,147.933,148.036,4.228
7.0,Tehran,50.0,0.0,1413.48,41.2,0.2031,1.7988,28.684,0.05,28.747,147.934,148.036,4.715
7.166666666666667,Vladimir,48.0,0.0,1007.4231875,44.14,0.1448,1.7988,28.684,0.05,28.747,147.932,148.035,3.36
7.166666666666667,Murmansk,106.0,0.0,1079.973375,43.53,0.1553,1.7988,28.684,0.05,28.747,147.932,148.035,3.602
7.166666666666667,Novosibirsk,78.0,0.0,1433.408875,41.07,0.2062,1.7988,28.684,0.05,28.747,147.934,148.036,4.781
7.166666666666667,Zheleznogorsk,78.0,0.0,1038.6210625,43.87,0.1494,1.7988,28.684,0.05,28.747,147.932,148.035,3.464
7.166666666666667,Yakutsk,93.0,0.0,1390.546875,41.34,0.1999,1.7988,28.684,0.05,28.747,147.934,148.036,4.638
7.166666666666667,Khabarovsk,165.0,0.0,1050.480375,43.77,0.1511,1.7988,28.684,0.05,28.747,147.932,148.035,3.504
7.166666666666667,Vladivostok,94.0,0.0,1092.07975,43.44,0.1569,1.7988,28.684,0.05,28.747,147.932,148.035,3.643
7.166666666666667,Minsk,48.0,0.0,1263.36625,42.17,0.1816,1.7988,28.684,0.05,28.747,147.933,148.036,4.214
7.166666666666667,Almaty,64.0,0.0,1031.4311875,43.93,0.1483,1.7988,28.684,0.05,28.747,147.932,148.035,3.44
7.166666666666667,Tehran,49.0,0.0,1003.3520625,44.17,0.1443,1.7988,28.684,0.05,28.747,147.932,148.035,3.347
7.333333333333333,Vladimir,47.0,0.0,1474.527875,40.83,0.212,1.7988,28.684,0.05,28.747,147.934,148.037,4.918
7.333333333333333,Murmansk,46.0,0.0,1191.94325,42.68,0.1713,1.7988,28.684,0.05,28.747,147.933,148.035,3.976
7.333333333333333,Novosibirsk,149.0,0.0,999.6365625,44.2,0.1438,1.7988,28.684,0.05,28.747,147.932,148.035,3.334
7.333333333333333,Zheleznogorsk,149.0,0.0,1245.100625,42.3,0.179,1.7988,28.684,0.05,28.747,147.933,148.036,4.153
7.333333333333333,Yakutsk,150.0,0.0,1116.782,43.24,0.1606,1.7988,28.684,0.05,28.747,147.933,148.035,3.725
7.333333333333333,Khabarovsk,179.0,0.0,1427.8185,41.11,0.2052,1.7988,28.684,0.05,28.747,147.934,148.036,4.763
7.333333333333333,Vladivostok,93.0,0.0,1439.36675,41.04,0.2069,1.7988,28.684,0.05,28.747,147.934,148.037,4.801
7.333333333333333,Minsk,119.0,0.0,1081.1375,43.52,0.1555,1.7988,28.684,0.05,28.747,147.932,148.035,3.606
7.333333333333333,Almaty,63.0,0.0,1333.323,41.7,0.1917,1.7988,28.684,0.05,28.747,147.934,148.036,4.447
7.333333333333333,Tehran,134.0,0.0,1597.095625,40.13,0.2297,1.7988,28.684,0.05,28.748,147.935,148.037,5.327
7.5,Vladimir,133.0,0.0,1158.589,42.92,0.1666,1.7988,28.684,0.05,28.747,147.933,148.035,3.865
7.5,Murmansk,60.0,0.0,1084.779625,43.49,0.156,1.7988,28.684,0.05,28.747,147.932,148.035,3.618
7.5,Novosibirsk,75.0,0.0,1214.12725,42.52,0.1745,1.7988,28.684,0.05,28.747,147.933,148.035,4.05
7.5,Zheleznogorsk,75.0,0.0,1087.2095,43.47,0.1564,1.7988,28.684,0.05,28.747,147.932,148.035,3.627
7.5,Yakutsk,178.0,0.0,1539.937375,40.45,0.2214,1.7988,28.684,0.05,28.748,147.935,148.037,5.137
7.5,Khabarovsk,91.0,0.0,1099.35275,43.38,0.158,1.7988,28.684,0.05,28.747,147.933,148.035,3.667
7.5,Vladivostok,177.0,0.0,992.937375,44.26,0.1428,1.7988,28.684,0.05,28.747,147.932,148.035,3.312
7.5,Minsk,45.0,0.0,1201.934625,42.6,0.1729,1.7988,28.684,0.05,28.747,147.933,148.035,4.009
7.5,Almaty,147.0,0.0,1106.321,43.32,0.1591,1.7988,28.684,0.05,28.747,147.933,148.035,3.69
7.5,Tehran,46.0,0.0,1183.08075,42.74,0.1701,1.7988,28.684,0.05,28.747,147.933,148.035,3.946
7.666666666666667,Vladimir,59.0,0.0,1270.293,42.12,0.1827,1.7988,28.684,0.05,28.747,147.933,148.036,4.237
7.666666666666667,Murmansk,117.0,0.0,1221.582,42.46,0.1757,1.7988,28.684,0.05,28.747,147.933,148.035,4.075
7.666666666666667,Novosibirsk,146.0,0.0,1176.365625,42.79,0.1691,1.7988,28.684,0.05,28.747,147.933,148.035,3.924
7.666666666666667,Zheleznogorsk,89.0,0.0,1239.579375,42.34,0.1781,1.7988,28.684,0.05,28.747,147.933,148.036,4.135
7.666666666666667,Yakutsk,162.0,0.0,1251.901875,42.25,0.18,1.7988,28.684,0.05,28.747,147.933,148.036,4.176
7.666666666666667,Khabarovsk,176.0,0.0,1121.0905,43.21,0.1612,1.7988,28.684,0.05,28.747,147.933,148.035,3.74
7.666666666666667,Vladivostok,90.0,0.0,1107.074,43.32,0.1591,1.7988,28.684,0.05,28.747,147.933,148.035,3.693
7.666666666666667,Minsk,59.0,0.0,1238.65525,42.34,0.1781,1.7988,28.684,0.05,28.747,147.933,148.036,4.132
7.666666666666667,Almaty,60.0,0.0,1207.08625,42.57,0.1735,1.7988,28.684,0.05,28.747,147.933,148.035,4.026
7.666666666666667,Tehran,45.0,0.0,1481.01925,40.79,0.2129,1.7988,28.684,0.05,28.747,147.934,148.037,4.94
7.833333333333333,Vladimir,130.0,0.0,1149.365875,42.99,0.1653,1.7988,28.684,0.05,28.747,147.933,148.035,3.834
7.833333333333333,Murmansk,72.0,0.0,1034.1241875,43.91,0.1487,1.7988,28.684,0.05,28.747,147.932,148.035,3.449
7.833333333333333,Novosibirsk,145.0,0.0,1294.107375,41.96,0.1861,1.7988,28.684,0.05,28.747,147.933,148.036,4.317
7.833333333333333,Zheleznogorsk,160.0,0.0,1274.347,42.1,0.1831,1.7988,28.684,0.05,28.747,147.933,148.036,4.251
7.833333333333333,Yakutsk,117.0,0.0,1190.501625,42.69,0.1711,1.7988,28.684,0.05,28.747,147.933,148.035,3.971
7.833333333333333,Khabarovsk,103.0,0.0,1462.887125,40.9,0.2102,1.7988,28.684,0.05,28.747,147.934,148.037,4.88
7.833333333333333,Vladivostok,174.0,0.0,1232.4665,42.39,0.1771,1.7988,28.684,0.05,28.747,147.933,148.035,4.111
7.833333333333333,Minsk,115.0,0.0,1428.07675,41.11,0.2052,1.7988,28.684,0.05,28.747,147.934,148.036,4.764
7.833333333333333,Almaty,144.0,0.0,1518.736625,40.57,0.2184,1.7988,28.684,0.05,28.747,147.935,148.037,5.066
7.833333333333333,Tehran,58.0,0.0,1666.088,39.77,0.2395,1.7988,28.684,0.05,28.748,147.935,148.038,5.557
8.0,Vladimir,129.0,0.0,1201.4225,42.61,0.1727,1.7988,28.684,0.05,28.747,147.933,148.035,4.008
8.0,Murmansk,114.0,0.0,1006.848125,44.14,0.1448,1.7988,28.684,0.05,28.747,147.932,148.035,3.358
8.0,Novosibirsk,86.0,0.0,1084.5875,43.5,0.1559,1.7988,28.684,0.05,28.747,147.932,148.035,3.618
8.0,Zheleznogorsk,86.0,0.0,1118.404875,43.23,0.1608,1.7988,28.684,0.05,28.747,147.933,148.035,3.731
8.0,Yakutsk,101.0,0.0,1607.526875,40.08,0.2311,1.7988,28.684,0.05,28.748,147.935,148.037,5.362
8.0,Khabarovsk,173.0,0.0,1164.581,42.88,0.1674,1.7988,28.684,0.05,28.747,147.933,148.035,3.885
8.0,Vladivostok,102.0,0.0,1157.430375,42.93,0.1664,1.7988,28.684,0.05,28.747,147.933,148.035,3.861
8.0,Minsk,56.0,0.0,998.525125,44.21,0.1436,1.7988,28.684,0.05,28.747,147.932,148.035,3.331
8.0,Almaty,72.0,0.0,1433.69175,41.07,0.2062,1.7988,28.684,0.05,28.747,147.934,148.036,4.782
8.0,Tehran,142.0,0.0,1530.46525,40.5,0.2202,1.7988,28.684,0.05,28.747,147.935,148.037,5.105
8.166666666666666,Vladimir,70.0,0.0,1393.364875,41.32,0.2003,1.7988,28.684,0.05,28.747,147.934,148.036,4.648
8.166666666666666,Murmansk,69.0,0.0,1276.22425,42.08,0.1835,1.7988,28.684,0.05,28.747,147.933,148.036,4.257
8.166666666666666,Novosibirsk,142.0,0.0,1280.187375,42.06,0.184,1.7988,28.684,0.05,28.747,147.933,148.036,4.27
8.166666666666666,Zheleznogorsk,157.0,0.0,1377.7595,41.42,0.198,1.7988,28.684,0.05,28.747,147.934,148.036,4.596
8.166666666666666,Yakutsk,114.0,0.0,1061.03325,43.69,0.1525,1.7988,28.684,0.05,28.747,147.932,148.035,3.539
8.166666666666666,Khabarovsk,172.0,0.0,1612.37325,40.05,0.2319,1.7988,28.684,0.05,28.748,147.935,148.037,5.378
8.166666666666666,Vladivostok,101.0,0.0,1688.442,39.65,0.2428,1.7988,28.684,0.05,28.748,147.936,148.038,5.632
8.166666666666666,Minsk,127.0,0.0,1295.069,41.96,0.1861,1.7988,28.684,0.05,28.747,147.933,148.036,4.32
8.166666666666666,Almaty,85.0,0.0,1635.665375,39.93,0.2351,1.7988,28.684,0.05,28.748,147.935,148.038,5.456
8.166666666666666,Tehran,141.0,0.0,1200.606125,42.61,0.1727,1.7988,28.684,0.05,28.747,147.933,148.035,4.005
8.333333333333334,Vladimir,126.0,0.0,1013.951,44.08,0.1458,1.7988,28.684,0.05,28.747,147.932,148.035,3.382
8.333333333333334,Murmansk,68.0,0.0,1064.189,43.66,0.153,1.7988,28.684,0.05,28.747,147.932,148.035,3.55
8.333333333333334,Novosibirsk,83.0,0.0,1015.32725,44.07,0.146,1.7988,28.684,0.05,28.747,147.932,148.035,3.387
8.333333333333334,Zheleznogorsk,156.0,0.0,1068.03675,43.63,0.1535,1.7988,28.684,0.05,28.747,147.932,148.035,3.563
8.333333333333334,Yakutsk,113.0,0.0,1392.256125,41.33,0.2001,1.7988,28.684,0.05,28.747,147.934,148.036,4.644
8.333333333333334,Khabarovsk,113.0,0.0,1414.87425,41.19,0.2033,1.7988,28.684,0.05,28.747,147.934,148.036,4.72
8.333333333333334,Vladivostok,170.0,0.0,1443.31275,41.01,0.2076,1.7988,28.684,0.05,28.747,147.934,148.037,4.814
8.333333333333334,Minsk,53.0,0.0,1132.449,43.12,0.1628,1.7988,28.684,0.05,28.747,147.933,148.035,3.777
8.333333333333334,Almaty,155.0,0.0,1553.780125,40.37,0.2235,1.7988,28.684,0.05,28.748,147.935,148.037,5.183
8.333333333333334,Tehran,69.0,0.0,1642.27975,39.89,0.2362,1.7988,28.684,0.05,28.748,147.935,148.038,5.478
8.5,Vladimir,67.0,0.0,1092.931625,43.43,0.1571,1.7988,28.684,0.05,28.747,147.932,148.035,3.646
8.5,Murmansk,110.0,0.0,1255.153875,42.23,0.1804,1.7988,28.684,0.05,28.747,147.933,148.036,4.187
8.5,Novosibirsk,82.0,0.0,1405.594,41.24,0.2022,1.7988,28.684,0.05,28.747,147.934,148.036,4.689
8.5,Zheleznogorsk,97.0,0.0,1327.287625,41.74,0.1909,1.7988,28.684,0.05,28.747,147.934,148.036,4.427
8.5,Yakutsk,169.0,0.0,1253.741625,42.24,0.1802,1.7988,28.684,0.05,28.747,147.933,148.036,4.182
8.5,Khabarovsk,112.0,0.0,1299.113125,41.93,0.1867,1.7988,28.684,0.05,28.747,147.933,148.036,4.333
8.5,Vladivostok,112.0,0.0,1560.01,40.34,0.2243,1.7988,28.684,0.05,28.748,147.935,148.037,5.204
8.5,Minsk,52.0,0.0,1320.561125,41.79,0.1898,1.7988,28.684,0.05,28.747,147.933,148.036,4.405
8.5,Almaty,82.0,0.0,1282.027875,42.04,0.1844,1.7988,28.684,0.05,28.747,147.933,148.036,4.276
8.5,Tehran,138.0,0.0,1013.7201875,44.08,0.1458,1.7988,28.684,0.05,28.747,147.932,148.035,3.381
8.666666666666666,Vladimir,123.0,0.0,1189.2085,42.7,0.1709,1.7988,28.684,0.05,28.747,147.933,148.035,3.967
8.666666666666666,Murmansk,65.0,0.0,1042.5796875,43.84,0.1499,1.7988,28.684,0.05,28.747,147.932,148.035,3.478
8.666666666666666,Novosibirsk,153.0,0.0,1145.878875,43.02,0.1647,1.7988,28.684,0.05,28.747,147.933,148.035,3.822
8.666666666666666,Zheleznogorsk,153.0,0.0,1024.9015,43.99,0.1473,1.7988,28.684,0.05,28.747,147.932,148.035,3.419
8.666666666666666,Yakutsk,110.0,0.0,1070.7335,43.61,0.1539,1.7988,28.684,0.05,28.747,147.932,148.035,3.572
8.666666666666666,Khabarovsk,110.0,0.0,1619.282,40.01,0.2329,1.7988,28.684,0.05,28.748,147.935,148.038,5.401
8.666666666666666,Vladivostok,2.0,0.0,1753.693875,39.32,0.2522,1.7988,28.684,0.05,28.748,147.936,148.038,5.85
8.666666666666666,Minsk,123.0,0.0,1029.151125,43.95,0.148,1.7988,28.684,0.05,28.747,147.932,148.035,3.433
8.666666666666666,Almaty,81.0,0.0,1566.367125,40.3,0.2253,1.7988,28.684,0.05,28.748,147.935,148.037,5.225
8.666666666666666,Tehran,137.0,0.0,1387.647625,41.36,0.1994,1.7988,28.684,0.05,28.747,147.934,148.036,4.629
8.833333333333334,Vladimir,64.0,0.0,1131.1805,43.13,0.1626,1.7988,28.684,0.05,28.747,147.933,148.035,3.773
8.833333333333334,Murmansk,107.0,0.0,1063.76675,43.66,0.153,1.7988,28.684,0.05,28.747,147.932,148.035,3.548
8.833333333333334,Novosibirsk,79.0,0.0,1218.37875,42.49,0.1751,1.7988,28.684,0.05,28.747,147.933,148.035,4.064
8.833333333333334,Zheleznogorsk,94.0,0.0,1160.138625,42.91,0.1668,1.7988,28.684,0.05,28.747,147.933,148.035,3.87
8.833333333333334,Yakutsk,166.0,0.0,1650.58525,39.85,0.2373,1.7988,28.684,0.05,28.748,147.935,148.038,5.506
8.833333333333334,Khabarovsk,109.0,0.0,1035.135,43.9,0.1488,1.7988,28.684,0.05,28.747,147.932,148.035,3.453
8.833333333333334,Vladivostok,1.0,0.0,1255.446875,42.23,0.1804,1.7988,28.684,0.05,28.747,147.933,148.036,4.188
8.833333333333334,Minsk,49.0,0.0,1304.209625,41.89,0.1876,1.7988,28.684,0.05,28.747,147.933,148.036,4.35
8.833333333333334,Almaty,151.0,0.0,1049.22775,43.78,0.1509,1.7988,28.684,0.05,28.747,147.932,148.035,3.5
8.833333333333334,Tehran,65.0,0.0,1085.91525,43.49,0.156,1.7988,28.684,0.05,28.747,147.932,148.035,3.622
9.0,Vladimir,63.0,0.0,1182.877625,42.74,0.1701,1.7988,28.684,0.05,28.747,147.933,148.035,3.946
9.0,Murmansk,62.0,0.0,1291.195875,41.98,0.1857,1.7988,28.684,0.05,28.747,147.933,148.036,4.307
9.0,Novosibirsk,150.0,0.0,1072.820125,43.59,0.1543,1.7988,28.684,0.05,28.747,147.932,148.035,3.579
9.0,Zheleznogorsk,150.0,0.0,1328.23375,41.74,0.1909,1.7988,28.684,0.05,28.747,147.934,148.036,4.431
9.0,Yakutsk,165.0,0.0,1038.899625,43.87,0.1494,1.7988,28.684,0.05,28.747,147.932,148.035,3.465
9.0,Khabarovsk,0.0,0.0,1254.388,42.23,0.1804,1.7988,28.684,0.05,28.747,147.933,148.036,4.184
9.0,Vladivostok,108.0,0.0,1331.422375,41.71,0.1915,1.7988,28.684,0.05,28.747,147.934,148.036,4.441
9.0,Minsk,120.0,0.0,1065.945625,43.65,0.1532,1.7988,28.684,0.05,28.747,147.932,148.035,3.556
9.0,Almaty,78.0,0.0,1116.98475,43.24,0.1606,1.7988,28.684,0.05,28.747,147.933,148.035,3.726
9.0,Tehran,149.0,0.0,1208.552375,42.56,0.1737,1.7988,28.684,0.05,28.747,147.933,148.035,4.031
9.166666666666666,Vladimir,134.0,0.0,1311.859625,41.84,0.1887,1.7988,28.684,0.05,28.747,147.933,148.036,4.376
9.166666666666666,Murmansk,75.0,0.0,1068.45025,43.63,0.1535,1.7988,28.684,0.05,28.747,147.932,148.035,3.564
9.166666666666666,Novosibirsk,164.0,0.0,1291.535625,41.98,0.1857,1.7988,28.684,0.05,28.747,147.933,148.036,4.308
9.166666666666666,Zheleznogorsk,164.0,0.0,1153.337125,42.96,0.1659,1.7988,28.684,0.05,28.747,147.933,148.035,3.847
9.166666666666666,Yakutsk,179.0,0.0,1445.3875,41.0,0.2078,1.7988,28.684,0.05,28.747,147.934,148.037,4.821
9.166666666666666,Khabarovsk,106.0,0.0,1166.5125,42.86,0.1678,1.7988,28.684,0.05,28.747,147.933,148.035,3.891
9.166666666666666,Vladivostok,13.0,0.0,1126.0275,43.17,0.1619,1.7988,28.684,0.05,28.747,147.933,148.035,3.756
9.166666666666666,Minsk,134.0,0.0,1299.0135,41.93,0.1867,1.7988,28.684,0.05,28.747,147.933,148.036,4.333
9.166666666666666,Almaty,163.0,0.0,1147.678625,43.0,0.1651,1.7988,28.684,0.05,28.747,147.933,148.035,3.828
9.166666666666666,Tehran,62.0,0.0,1273.184875,42.1,0.1831,1.7988,28.684,0.05,28.747,147.933,148.036,4.247
9.333333333333334,Vladimir,60.0,0.0,1039.0096875,43.87,0.1494,1.7988,28.684,0.05,28.747,147.932,148.035,3.466
9.333333333333334,Murmansk,133.0,0.0,1079.0,43.54,0.1551,1.7988,28.684,0.05,28.747,147.932,148.035,3.599
9.333333333333334,Novosibirsk,162.0,0.0,1337.024375,41.68,0.1922,1.7988,28.684,0.05,28.747,147.934,148.036,4.46
9.333333333333334,Zheleznogorsk,90.0,0.0,1049.1845,43.78,0.1509,1.7988,28.684,0.05,28.747,147.932,148.035,3.5
9.333333333333334,Yakutsk,119.0,0.0,1312.23025,41.84,0.1887,1.7988,28.684,0.05,28.747,147.933,148.036,4.377
9.333333333333334,Khabarovsk,12.0,0.0,1000.268875,44.2,0.1438,1.7988,28.684,0.05,28.747,147.932,148.035,3.337
9.333333333333334,Vladivostok,105.0,0.0,1017.0631875,44.05,0.1463,1.7988,28.684,0.05,28.747,147.932,148.035,3.393
9.333333333333334,Minsk,60.0,0.0,1203.675875,42.59,0.1731,1.7988,28.684,0.05,28.747,147.933,148.035,4.015
9.333333333333334,Almaty,75.0,0.0,1013.5190625,44.08,0.1458,1.7988,28.684,0.05,28.747,147.932,148.035,3.381
9.333333333333334,Tehran,61.0,0.0,1099.328375,43.38,0.158,1.7988,28.684,0.05,28.747,147.933,148.035,3.667
9.5,Vladimir,145.0,0.0,1484.356,40.77,0.2134,1.7988,28.684,0.05,28.747,147.934,148.037,4.951
9.5,Murmansk,87.0,0.0,1207.136375,42.57,0.1735,1.7988,28.684,0.05,28.747,147.933,148.035,4.027
9.5,Novosibirsk,161.0,0.0,1056.86125,43.72,0.152,1.7988,28.684,0.05,28.747,147.932,148.035,3.525
9.5,Zheleznogorsk,161.0,0.0,1274.259375,42.1,0.1831,1.7988,28.684,0.05,28.747,147.933,148.036,4.25
9.5,Yakutsk,176.0,0.0,1211.9275,42.53,0.1743,1.7988,28.684,0.05,28.747,147.933,148.035,4.043
9.5,Khabarovsk,11.0,0.0,1573.04425,40.27,0.2261,1.7988,28.684,0.05,28.748,147.935,148.037,5.247
9.5,Vladivostok,10.0,0.0,1380.271625,41.4,0.1985,1.7988,28.684,0.05,28.747,147.934,148.036,4.604
9.5,Minsk,131.0,0.0,1171.8535,42.82,0.1686,1.7988,28.684,0.05,28.747,147.933,148.035,3.909
9.5,Almaty,89.0,0.0,1521.502625,40.56,0.2186,1.7988,28.684,0.05,28.747,147.935,148.037,5.075
9.5,Tehran,74.0,0.0,1748.0005,39.35,0.2513,1.7988,28.684,0.05,28.748,147.936,148.038,5.831
9.666666666666666,Vladimir,144.0,0.0,1106.58575,43.32,0.1591,1.7988,28.684,0.05,28.747,147.933,148.035,3.691
9.666666666666666,Murmansk,130.0,0.0,1043.2365625,43.83,0.15,1.7988,28.684,0.05,28.747,147.932,148.035,3.48
9.666666666666666,Novosibirsk,102.0,0.0,1120.6995,43.21,0.1612,1.7988,28.684,0.05,28.747,147.933,148.035,3.738
9.666666666666666,Zheleznogorsk,102.0,0.0,1037.7310625,43.88,0.1492,1.7988,28.684,0.05,28.747,147.932,148.035,3.461
9.666666666666666,Yakutsk,10.0,0.0,1600.656,40.12,0.23,1.7988,28.684,0.05,28.748,147.935,148.037,5.339
9.666666666666666,Khabarovsk,9.0,0.0,1139.918125,43.06,0.164,1.7988,28.684,0.05,28.747,147.933,148.035,3.802
9.666666666666666,Vladivostok,9.0,0.0,1047.9785625,43.79,0.1507,1.7988,28.684,0.05,28.747,147.932,148.035,3.496
9.666666666666666,Minsk,72.0,0.0,1082.833625,43.51,0.1557,1.7988,28.684,0.05,28.747,147.932,148.035,3.612
9.666666666666666,Almaty,159.0,0.0,1196.54875,42.64,0.1721,1.7988,28.684,0.05,28.747,147.933,148.035,3.991
9.666666666666666,Tehran,73.0,0.0,1272.9995,42.1,0.1831,1.7988,28.684,0.05,28.747,147.933,148.036,4.246
9.833333333333334,Vladimir,85.0,0.0,1421.103125,41.15,0.2043,1.7988,28.684,0.05,28.747,147.934,148.036,4.74
9.833333333333334,Murmansk,129.0,0.0,1339.69925,41.66,0.1926,1.7988,28.684,0.05,28.747,147.934,148.036,4.469
9.833333333333334,Novosibirsk,158.0,0.0,1174.9375,42.8,0.1689,1.7988,28.684,0.05,28.747,147.933,148.035,3.919
9.833333333333334,Zheleznogorsk,101.0,0.0,1401.043,41.27,0.2015,1.7988,28.684,0.05,28.747,147.934,148.036,4.673
9.833333333333334,Yakutsk,130.0,0.0,1256.272,42.22,0.1806,1.7988,28.684,0.05,28.747,147.933,148.036,4.19
9.833333333333334,Khabarovsk,8.0,0.0,1262.899375,42.17,0.1816,1.7988,28.684,0.05,28.747,147.933,148.036,4.213
9.833333333333334,Vladivostok,116.0,0.0,1261.0115,42.19,0.1812,1.7988,28.684,0.05,28.747,147.933,148.036,4.206
9.833333333333334,Minsk,71.0,0.0,1319.28475,41.79,0.1898,1.7988,28.684,0.05,28.747,147.933,148.036,4.401
9.833333333333334,Almaty,86.0,0.0,1408.657375,41.22,0.2026,1.7988,28.684,0.05,28.747,147.934,148.036,4.699
9.833333333333334,Tehran,157.0,0.0,1440.381375,41.03,0.2071,1.7988,28.684,0.05,28.747,147.934,148.037,4.805
10.0,Vladimir,141.0,0.0,1043.9746875,43.83,0.15,1.7988,28.684,0.05,28.747,147.932,148.035,3.482
10.0,Murmansk,83.0,0.0,999.63575,44.2,0.1438,1.7988,28.684,0.05,28.747,147.932,148.035,3.334
10.0,Novosibirsk,99.0,0.0,1179.9345,42.76,0.1697,1.7988,28.684,0.05,28.747,147.933,148.035,3.936
10.0,Zheleznogorsk,171.0,0.0,1140.45825,43.06,0.164,1.7988,28.684,0.05,28.747,147.933,148.035,3.804
10.0,Yakutsk,7.0,0.0,1213.764875,42.52,0.1745,1.7988,28.684,0.05,28.747,147.933,148.035,4.049
10.0,Khabarovsk,114.0,0.0,1502.87275,40.66,0.2161,1.7988,28.684,0.05,28.747,147.934,148.037,5.013
10.0,Vladivostok,6.0,0.0,1261.935625,42.18,0.1814,1.7988,28.684,0.05,28.747,147.933,148.036,4.209
10.0,Minsk,69.0,0.0,1314.41775,41.83,0.1889,1.7988,28.684,0.05,28.747,147.933,148.036,4.384
10.0,Almaty,156.0,0.0,1571.954125,40.27,0.2261,1.7988,28.684,0.05,28.748,147.935,148.037,5.243
10.0,Tehran,156.0,0.0,1669.4395,39.75,0.24,1.7988,28.684,0.05,28.748,147.935,148.038,5.569
10.166666666666666,Vladimir,82.0,0.0,1257.938875,42.21,0.1808,1.7988,28.684,0.05,28.747,147.933,148.036,4.196
10.166666666666666,Murmansk,126.0,0.0,1055.99075,43.73,0.1518,1.7988,28.684,0.05,28.747,147.932,148.035,3.522
10.166666666666666,Novosibirsk,98.0,0.0,1141.71825,43.05,0.1641,1.7988,28.684,0.05,28.747,147.933,148.035,3.808
10.166666666666666,Zheleznogorsk,98.0,0.0,1254.886375,42.23,0.1804,1.7988,28.684,0.05,28.747,147.933,148.036,4.186
10.166666666666666,Yakutsk,127.0,0.0,1553.335375,40.38,0.2232,1.7988,28.684,0.05,28.748,147.935,148.037,5.181
10.166666666666666,Khabarovsk,5.0,0.0,1266.079,42.15,0.1821,1.7988,28.684,0.05,28.747,147.933,148.036,4.223
10.166666666666666,Vladivostok,113.0,0.0,1297.637625,41.94,0.1865,1.7988,28.684,0.05,28.747,147.933,148.036,4.328
10.166666666666666,Minsk,68.0,0.0,1050.648,43.77,0.1511,1.7988,28.684,0.05,28.747,147.932,148.035,3.505
10.166666666666666,Almaty,169.0,0.0,1537.466125,40.46,0.2212,1.7988,28.684,0.05,28.748,147.935,148.037,5.128
10.166666666666666,Tehran,154.0,0.0,1293.981625,41.96,0.1861,1.7988,28.684,0.05,28.747,147.933,148.036,4.316
10.333333333333334,Vladimir,138.0,0.0,1321.930125,41.78,0.19,1.7988,28.684,0.05,28.747,147.933,148.036,4.409
10.333333333333334,Murmansk,80.0,0.0,1165.0205,42.87,0.1676,1.7988,28.684,0.05,28.747,147.933,148.035,3.886
10.333333333333334,Novosibirsk,168.0,0.0,1337.18225,41.68,0.1922,1.7988,28.684,0.05,28.747,147.934,148.036,4.46
10.333333333333334,Zheleznogorsk,168.0,0.0,1213.311875,42.52,0.1745,1.7988,28.684,0.05,28.747,147.933,148.035,4.047
10.333333333333334,Yakutsk,126.0,0.0,1013.5738125,44.08,0.1458,1.7988,28.684,0.05,28.747,147.932,148.035,3.381
10.333333333333334,Khabarovsk,18.0,0.0,1709.970625,39.54,0.2459,1.7988,28.684,0.05,28.748,147.936,148.038,5.704
10.333333333333334,Vladivostok,3.0,0.0,1760.2485,39.29,0.2531,1.7988,28.684,0.05,28.748,147.936,148.038,5.872
10.333333333333334,Minsk,138.0,0.0,1141.66625,43.05,0.1641,1.7988,28.684,0.05,28.747,147.933,148.035,3.808
10.333333333333334,Almaty,97.0,0.0,1557.745125,40.35,0.224,1.7988,28.684,0.05,28.748,147.935,148.037,5.196
10.333333333333334,Tehran,153.0,0.0,1181.98675,42.75,0.1699,1.7988,28.684,0.05,28.747,147.933,148.035,3.943
10.5,Vladimir,137.0,0.0,1086.869375,43.48,0.1562,1.7988,28.684,0.05,28.747,147.932,148.035,3.625
10.5,Murmansk,123.0,0.0,1045.671875,43.81,0.1504,1.7988,28.684,0.05,28.747,147.932,148.035,3.488
10.5,Novosibirsk,95.0,0.0,1022.7214375,44.01,0.147,1.7988,28.684,0.05,28.747,147.932,148.035,3.411
10.5,Zheleznogorsk,167.0,0.0,1119.52725,43.22,0.161,1.7988,28.684,0.05,28.747,147.933,148.035,3.734
10.5,Yakutsk,125.0,0.0,1519.315875,40.57,0.2184,1.7988,28.684,0.05,28.747,147.935,148.037,5.068
10.5,Khabarovsk,125.0,0.0,1248.755125,42.27,0.1796,1.7988,28.684,0.05,28.747,147.933,148.036,4.165
10.5,Vladivostok,16.0,0.0,1574.229875,40.26,0.2263,1.7988,28.684,0.05,28.748,147.935,148.037,5.251
10.5,Minsk,65.0,0.0,1132.628875,43.12,0.1628,1.7988,28.684,0.05,28.747,147.933,148.035,3.778
10.5,Almaty,166.0,0.0,1325.595375,41.75,0.1906,1.7988,28.684,0.05,28.747,147.934,148.036,4.422
10.5,Tehran,80.0,0.0,1418.98375,41.16,0.204,1.7988,28.684,0.05,28.747,147.934,148.036,4.733
10.666666666666666,Vladimir,78.0,0.0,1066.29775,43.64,0.1534,1.7988,28.684,0.05,28.747,147.932,148.035,3.557
10.666666666666666,Murmansk,136.0,0.0,1249.82125,42.26,0.1798,1.7988,28.684,0.05,28.747,147.933,148.036,4.169
10.666666666666666,Novosibirsk,165.0,0.0,1362.509,41.51,0.196,1.7988,28.684,0.05,28.747,147.934,148.036,4.545
10.666666666666666,Zheleznogorsk,108.0,0.0,1303.86425,41.9,0.1874,1.7988,28.684,0.05,28.747,147.933,148.036,4.349
10.666666666666666,Yakutsk,1.0,0.0,1140.480125,43.06,0.164,1.7988,28.684,0.05,28.747,147.933,148.035,3.804
10.666666666666666,Khabarovsk,124.0,0.0,1305.111875,41.89,0.1876,1.7988,28.684,0.05,28.747,147.933,148.036,4.353
10.666666666666666,Vladivostok,124.0,0.0,1431.103,41.09,0.2057,1.7988,28.684,0.05,28.747,147.934,148.036,4.774
10.666666666666666,Minsk,135.0,0.0,1269.92875,42.13,0.1825,1.7988,28.684,0.05,28.747,147.933,148.036,4.236
10.666666666666666,Almaty,94.0,0.0,1159.98475,42.91,0.1668,1.7988,28.684,0.05,28.747,147.933,148.035,3.869
10.666666666666666,Tehran,150.0,0.0,997.574125,44.22,0.1435,1.7988,28.684,0.05,28.747,147.932,148.035,3.328
10.833333333333334,Vladimir,149.0,0.0,1198.40525,42.63,0.1723,1.7988,28.684,0.05,28.747,147.933,148.035,3.997
10.833333333333334,Murmansk,76.0,0.0,1054.533,43.74,0.1516,1.7988,28.684,0.05,28.747,147.932,148.035,3.518
10.833333333333334,Novosibirsk,179.0,0.0,1132.273875,43.12,0.1628,1.7988,28.684,0.05,28.747,147.933,148.035,3.777
10.833333333333334,Zheleznogorsk,179.0,0.0,1017.6860625,44.05,0.1463,1.7988,28.684,0.05,28.747,147.932,148.035,3.395
10.833333333333334,Yakutsk,0.0,0.0,1170.976625,42.83,0.1684,1.7988,28.684,0.05,28.747,147.933,148.035,3.906
10.833333333333334,Khabarovsk,122.0,0.0,1440.1875,41.03,0.2071,1.7988,28.684,0.05,28.747,147.934,148.037,4.804
10.833333333333334,Vladivostok,28.0,0.0,1500.562125,40.68,0.2156,1.7988,28.684,0.05,28.747,147.934,148.037,5.005
10.833333333333334,Minsk,149.0,0.0,1067.791,43.63,0.1535,1.7988,28.684,0.05,28.747,147.932,148.035,3.562
10.833333333333334,Almaty,178.0,0.0,1436.35525,41.06,0.2064,1.7988,28.684,0.05,28.747,147.934,148.036,4.791
10.833333333333334,Tehran,164.0,0.0,1565.430875,40.31,0.225,1.7988,28.684,0.05,28.748,147.935,148.037,5.222
11.0,Vladimir,75.0,0.0,1043.938125,43.83,0.15,1.7988,28.684,0.05,28.747,147.932,148.035,3.482
11.0,Murmansk,148.0,0.0,1122.985,43.19,0.1615,1.7988,28.684,0.05,28.747,147.933,148.035,3.746
11.0,Novosibirsk,91.0,0.0,1398.811,41.29,0.201,1.7988,28.684,0.05,28.747,147.934,148.036,4.666
11.0,Zheleznogorsk,105.0,0.0,1071.167,43.6,0.1541,1.7988,28.684,0.05,28.747,147.932,148.035,3.573
11.0,Yakutsk,120.0,0.0,1515.226625,40.59,0.2179,1.7988,28.684,0.05,28.747,147.935,148.037,5.054
11.0,Khabarovsk,121.0,0.0,1007.3000625,44.14,0.1448,1.7988,28.684,0.05,28.747,147.932,148.035,3.36
11.0,Vladivostok,27.0,0.0,1172.354625,42.82,0.1686,1.7988,28.684,0.05,28.747,147.933,148.035,3.911
11.0,Minsk,75.0,0.0,1334.1645,41.7,0.1917,1.7988,28.684,0.05,28.747,147.934,148.036,4.45
11.0,Almaty,177.0,0.0,1013.2365,44.09,0.1456,1.7988,28.684,0.05,28.747,147.932,148.035,3.38
11.0,Tehran,76.0,0.0,998.451125,44.21,0.1436,1.7988,28.684,0.05,28.747,147.932,148.035,3.33
11.166666666666666,Vladimir,89.0,0.0,1310.877625,41.85,0.1885,1.7988,28.684,0.05,28.747,147.933,148.036,4.373
11.166666666666666,Murmansk,88.0,0.0,1224.9565,42.44,0.1761,1.7988,28.684,0.05,28.747,147.933,148.035,4.086
11.166666666666666,Novosibirsk,176.0,0.0,1004.302375,44.16,0.1445,1.7988,28.684,0.05,28.747,147.932,148.035,3.35
11.166666666666666,Zheleznogorsk,176.0,0.0,1276.09275,42.08,0.1835,1.7988,28.684,0.05,28.747,147.933,148.036,4.257
11.166666666666666,Yakutsk,12.0,0.0,1061.867875,43.68,0.1527,1.7988,28.684,0.05,28.747,147.932,148.035,3.542
11.166666666666666,Khabarovsk,26.0,0.0,1309.344875,41.86,0.1883,1.7988,28.684,0.05,28.747,147.933,148.036,4.368
11.166666666666666,Vladivostok,120.0,0.0,1347.389875,41.61,0.1937,1.7988,28.684,0.05,28.747,147.934,148.036,4.494
11.166666666666666,Minsk,146.0,0.0,1051.776,43.76,0.1513,1.7988,28.684,0.05,28.747,147.932,148.035,3.508
11.166666666666666,Almaty,90.0,0.0,1193.38425,42.67,0.1715,1.7988,28.684,0.05,28.747,147.933,148.035,3.981
11.166666666666666,Tehran,161.0,0.0,1403.81275,41.25,0.2019,1.7988,28.684,0.05,28.747,147.934,148.036,4.683
11.333333333333334,Vladimir,160.0,0.0,1248.910625,42.27,0.1796,1.7988,28.684,0.05,28.747,147.933,148.036,4.166
11.333333333333334,Murmansk,102.0,0.0,1055.68225,43.73,0.1518,1.7988,28.684,0.05,28.747,147.932,148.035,3.521
11.333333333333334,Novosibirsk,117.0,0.0,1320.6745,41.79,0.1898,1.7988,28.684,0.05,28.747,147.933,148.036,4.405
11.333333333333334,Zheleznogorsk,117.0,0.0,1189.834125,42.69,0.1711,1.7988,28.684,0.05,28.747,147.933,148.035,3.969
11.333333333333334,Yakutsk,25.0,0.0,1503.614625,40.66,0.2161,1.7988,28.684,0.05,28.747,147.934,148.037,5.016
11.333333333333334,Khabarovsk,133.0,0.0,1106.579375,43.32,0.1591,1.7988,28.684,0.05,28.747,147.933,148.035,3.691
11.333333333333334,Vladivostok,24.0,0.0,1018.849375,44.04,0.1465,1.7988,28.684,0.05,28.747,147.932,148.035,3.399
11.333333333333334,Minsk,87.0,0.0,1340.02125,41.66,0.1926,1.7988,28.684,0.05,28.747,147.934,148.036,4.47
11.333333333333334,Almaty,174.0,0.0,1100.599125,43.37,0.1582,1.7988,28.684,0.05,28.747,147.933,148.035,3.671
11.333333333333334,Tehran,88.0,0.0,1200.26525,42.62,0.1725,1.7988,28.684,0.05,28.747,147.933,148.035,4.004
11.5,Vladimir,86.0,0.0,1136.227625,43.09,0.1634,1.7988,28.684,0.05,28.747,147.933,148.035,3.79
11.5,Murmansk,144.0,0.0,1127.056375,43.16,0.1621,1.7988,28.684,0.05,28.747,147.933,148.035,3.759
11.5,Novosibirsk,173.0,0.0,1241.350875,42.32,0.1785,1.7988,28.684,0.05,28.747,147.933,148.036,4.141
11.5,Zheleznogorsk,116.0,0.0,1118.798625,43.23,0.1608,1.7988,28.684,0.05,28.747,147.933,148.035,3.732
11.5,Yakutsk,131.0,0.0,1281.468,42.05,0.1842,1.7988,28.684,0.05,28.747,147.933,148.036,4.275
11.5,Khabarovsk,23.0,0.0,1029.902,43.95,0.148,1.7988,28.684,0.05,28.747,147.932,148.035,3.435
11.5,Vladivostok,132.0,0.0,1022.9100625,44.0,0.1471,1.7988,28.684,0.05,28.747,147.932,148.035,3.412
11.5,Minsk,86.0,0.0,1188.188,42.7,0.1709,1.7988,28.684,0.05,28.747,147.933,148.035,3.963
11.5,Almaty,102.0,0.0,1084.414375,43.5,0.1559,1.7988,28.684,0.05,28.747,147.932,148.035,3.617
11.5,Tehran,87.0,0.0,1277.14475,42.08,0.1835,1.7988,28.684,0.05,28.747,147.933,148.036,4.26
11.666666666666666,Vladimir,157.0,0.0,1294.303625,41.96,0.1861,1.7988,28.684,0.05,28.747,147.933,148.036,4.317
11.666666666666666,Murmansk,99.0,0.0,1106.46625,43.32,0.1591,1.7988,28.684,0.05,28.747,147.933,148.035,3.691
11.666666666666666,Novosibirsk,172.0,0.0,1163.439125,42.89,0.1672,1.7988,28.684,0.05,28.747,147.933,148.035,3.881
11.666666666666666,Zheleznogorsk,172.0,0.0,1337.6845,41.67,0.1924,1.7988,28.684,0.05,28.747,147.934,148.036,4.462
11.666666666666666,Yakutsk,144.0,0.0,1183.05,42.74,0.1701,1.7988,28.684,0.05,28.747,147.933,148.035,3.946
11.666666666666666,Khabarovsk,130.0,0.0,1507.149625,40.64,0.2166,1.7988,28.684,0.05,28.747,147.934,148.037,5.027
11.666666666666666,Vladivostok,21.0,0.0,1286.40375,42.01,0.185,1.7988,28.684,0.05,28.747,147.933,148.036,4.291
11.666666666666666,Minsk,142.0,0.0,1297.000875,41.94,0.1865,1.7988,28.684,0.05,28.747,147.933,148.036,4.326
11.666666666666666,Almaty,171.0,0.0,1543.723625,40.43,0.2219,1.7988,28.684,0.05,28.748,147.935,148.037,5.149
11.666666666666666,Tehran,85.0,0.0,1694.06025,39.62,0.2436,1.7988,28.684,0.05,28.748,147.936,148.038,5.651
11.833333333333334,Vladimir,156.0,0.0,1120.728,43.21,0.1612,1.7988,28.684,0.05,28.747,147.933,148.035,3.738
11.833333333333334,Murmansk,141.0,0.0,1000.9228125,44.19,0.144,1.7988,28.684,0.05,28.747,147.932,148.035,3.339
11.833333333333334,Novosibirsk,113.0,0.0,1070.0675,43.61,0.1539,1.7988,28.684,0.05,28.747,147.932,148.035,3.569
11.833333333333334,Zheleznogorsk,113.0,0.0,1053.04575,43.75,0.1514,1.7988,28.684,0.05,28.747,147.932,148.035,3.513
11.833333333333334,Yakutsk,128.0,0.0,1657.6095,39.81,0.2384,1.7988,28.684,0.05,28.748,147.935,148.038,5.529
11.833333333333334,Khabarovsk,20.0,0.0,1133.98675,43.11,0.163,1.7988,28.684,0.05,28.747,147.933,148.035,3.783
11.833333333333334,Vladivostok,129.0,0.0,1113.932875,43.26,0.1602,1.7988,28.684,0.05,28.747,147.933,148.035,3.716
11.833333333333334,Minsk,83.0,0.0,1009.5215,44.12,0.1451,1.7988,28.684,0.05,28.747,147.932,148.035,3.367
11.833333333333334,Almaty,170.0,0.0,1336.6785,41.68,0.1922,1.7988,28.684,0.05,28.747,147.934,148.036,4.459
11.833333333333334,Tehran,84.0,0.0,1438.9635,41.04,0.2069,1.7988,28.684,0.05,28.747,147.934,148.037,4.8
12.0,Vladimir,97.0,0.0,1379.261,41.41,0.1983,1.7988,28.684,0.05,28.747,147.934,148.036,4.601
12.0,Murmansk,96.0,0.0,1414.735125,41.19,0.2033,1.7988,28.684,0.05,28.747,147.934,148.036,4.719
12.0,Novosibirsk,169.0,0.0,1219.717625,42.48,0.1753,1.7988,28.684,0.05,28.747,147.933,148.035,4.069
12.0,Zheleznogorsk,4.0,0.0,1564.27125,40.31,0.225,1.7988,28.684,0.05,28.748,147.935,148.037,5.218
12.0,Yakutsk,141.0,0.0,1141.743125,43.05,0.1641,1.7988,28.684,0.05,28.747,147.933,148.035,3.808
12.0,Khabarovsk,19.0,0.0,1435.18375,41.06,0.2064,1.7988,28.684,0.05,28.747,147.934,148.036,4.787
12.0,Vladivostok,128.0,0.0,1468.68225,40.86,0.2112,1.7988,28.684,0.05,28.747,147.934,148.037,4.899
12.0,Minsk,82.0,0.0,1445.230625,41.0,0.2078,1.7988,28.684,0.05,28.747,147.934,148.037,4.821
12.0,Almaty,98.0,0.0,1651.146375,39.85,0.2373,1.7988,28.684,0.05,28.748,147.935,148.038,5.508
12.0,Tehran,168.0,0.0,1268.277375,42.14,0.1823,1.7988,28.684,0.05,28.747,147.933,148.036,4.231
12.166666666666666,Vladimir,153.0,0.0,999.847625,44.2,0.1438,1.7988,28.684,0.05,28.747,147.932,148.035,3.335
12.166666666666666,Murmansk,95.0,0.0,1008.898,44.12,0.1451,1.7988,28.684,0.05,28.747,147.932,148.035,3.365
12.166666666666666,Novosibirsk,110.0,0.0,1073.80375,43.58,0.1544,1.7988,28.684,0.05,28.747,147.932,148.035,3.582
12.166666666666666,Zheleznogorsk,3.0,0.0,1065.816125,43.65,0.1532,1.7988,28.684,0.05,28.747,147.932,148.035,3.555
12.166666666666666,Yakutsk,18.0,0.0,1278.436,42.07,0.1838,1.7988,28.684,0.05,28.747,147.933,148.036,4.264
12.166666666666666,Khabarovsk,17.0,0.0,1562.881875,40.32,0.2248,1.7988,28.684,0.05,28.748,147.935,148.037,5.213
12.166666666666666,Vladivostok,17.0,0.0,1349.002625,41.6,0.194,1.7988,28.684,0.05,28.747,147.934,148.036,4.5
12.166666666666666,Minsk,80.0,0.0,1204.880625,42.58,0.1733,1.7988,28.684,0.05,28.747,147.933,148.035,4.019
12.166666666666666,Almaty,167.0,0.0,1665.18125,39.77,0.2395,1.7988,28.684,0.05,28.748,147.935,148.038,5.554
12.166666666666666,Tehran,167.0,0.0,1719.55325,39.49,0.2473,1.7988,28.684,0.05,28.748,147.936,148.038,5.736
12.333333333333334,Vladimir,94.0,0.0,1150.329,42.98,0.1655,1.7988,28.684,0.05,28.747,147.933,148.035,3.837
12.333333333333334,Murmansk,137.0,0.0,1140.961625,43.06,0.164,1.7988,28.684,0.05,28.747,147.933,148.035,3.806
12.333333333333334,Novosibirsk,109.0,0.0,1252.779125,42.24,0.1802,1.7988,28.684,0.05,28.747,147.933,148.036,4.179
12.333333333333334,Zheleznogorsk,124.0,0.0,1359.752125,41.53,0.1955,1.7988,28.684,0.05,28.747,147.934,148.036,4.536
12.333333333333334,Yakutsk,138.0,0.0,1398.783125,41.29,0.201,1.7988,28.684,0.05,28.747,147.934,148.036,4.666
12.333333333333334,Khabarovsk,139.0,0.0,1314.138375,41.83,0.1889,1.7988,28.684,0.05,28.747,147.933,148.036,4.383
12.333333333333334,Vladivostok,125.0,0.0,1496.46125,40.7,0.2151,1.7988,28.684,0.05,28.747,147.934,148.037,4.992
12.333333333333334,Minsk,79.0,0.0,1166.894375,42.86,0.1678,1.7988,28.684,0.05,28.747,147.933,148.035,3.892
12.333333333333334,Almaty,1.0,0.0,1392.918375,41.32,0.2003,1.7988,28.684,0.05,28.747,147.934,148.036,4.646
12.333333333333334,Tehran,165.0,0.0,1112.054,43.28,0.1599,1.7988,28.684,0.05,28.747,147.933,148.035,3.709
12.5,Vladimir,150.0,0.0,1241.881,42.32,0.1785,1.7988,28.684,0.05,28.747,147.933,148.036,4.142
12.5,Murmansk,92.0,0.0,1085.738875,43.49,0.156,1.7988,28.684,0.05,28.747,147.932,148.035,3.622
12.5,Novosibirsk,0.0,0.0,1202.092125,42.6,0.1729,1.7988,28.684,0.05,28.747,147.933,148.035,4.01
12.5,Zheleznogorsk,0.0,0.0,1093.66025,43.42,0.1573,1.7988,28.684,0.05,28.747,147.932,148.035,3.648
12.5,Yakutsk,137.0,0.0,1014.998125,44.07,0.146,1.7988,28.684,0.05,28.747,147.932,148.035,3.386
12.5,Khabarovsk,30.0,0.0,1673.361875,39.73,0.2406,1.7988,28.684,0.05,28.748,147.935,148.038,5.582
12.5,Vladivostok,29.0,0.0,1812.05925,39.04,0.2605,1.7988,28.684,0.05,28.748,147.936,148.039,6.044
12.5,Minsk,150.0,0.0,1046.618875,43.81,0.1504,1.7988,28.684,0.05,28.747,147.932,148.035,3.491
12.5,Almaty,108.0,0.0,1523.211375,40.55,0.2189,1.7988,28.684,0.05,28.747,147.935,148.037,5.081
12.5,Tehran,179.0,0.0,1250.028125,42.26,0.1798,1.7988,28.684,0.05,28.747,147.933,148.036,4.17
12.666666666666666,Vladimir,164.0,0.0,1201.87875,42.6,0.1729,1.7988,28.684,0.05,28.747,147.933,148.035,4.009
12.666666666666666,Murmansk,149.0,0.0,1038.2506875,43.88,0.1492,1.7988,28.684,0.05,28.747,147.932,148.035,3.463
12.666666666666666,Novosibirsk,106.0,0.0,1099.300875,43.38,0.158,1.7988,28.684,0.05,28.747,147.933,148.035,3.667
12.666666666666666,Zheleznogorsk,14.0,0.0,1222.502,42.46,0.1757,1.7988,28.684,0.05,28.747,147.933,148.035,4.078
12.666666666666666,Yakutsk,136.0,0.0,1672.428875,39.73,0.2406,1.7988,28.684,0.05,28.748,147.935,148.038,5.579
12.666666666666666,Khabarovsk,136.0,0.0,1112.226375,43.28,0.1599,1.7988,28.684,0.05,28.747,147.933,148.035,3.71
12.666666666666666,Vladivostok,43.0,0.0,1371.151375,41.46,0.1971,1.7988,28.684,0.05,28.747,147.934,148.036,4.574
12.666666666666666,Minsk,76.0,0.0,1201.19,42.61,0.1727,1.7988,28.684,0.05,28.747,147.933,148.035,4.007
12.666666666666666,Almaty,13.0,0.0,1145.25475,43.02,0.1647,1.7988,28.684,0.05,28.747,147.933,148.035,3.82
12.666666666666666,Tehran,92.0,0.0,1220.908,42.47,0.1755,1.7988,28.684,0.05,28.747,147.933,148.035,4.073
12.833333333333334,Vladimir,90.0,0.0,1094.692375,43.42,0.1573,1.7988,28.684,0.05,28.747,147.932,148.035,3.652
12.833333333333334,Murmansk,163.0,0.0,1278.953375,42.06,0.184,1.7988,28.684,0.05,28.747,147.933,148.036,4.266
12.833333333333334,Novosibirsk,12.0,0.0,1191.0425,42.68,0.1713,1.7988,28.684,0.05,28.747,147.933,148.035,3.973
12.833333333333334,Zheleznogorsk,120.0,0.0,1318.74575,41.8,0.1896,1.7988,28.684,0.05,28.747,147.933,148.036,4.399
12.833333333333334,Yakutsk,27.0,0.0,1070.31,43.61,0.1539,1.7988,28.684,0.05,28.747,147.932,148.035,3.57
12.833333333333334,Khabarovsk,42.0,0.0,1240.241375,42.33,0.1783,1.7988,28.684,0.05,28.747,147.933,148.036,4.137
12.833333333333334,Vladivostok,135.0,0.0,1340.918125,41.65,0.1929,1.7988,28.684,0.05,28.747,147.934,148.036,4.473
12.833333333333334,Minsk,162.0,0.0,1144.787125,43.03,0.1645,1.7988,28.684,0.05,28.747,147.933,148.035,3.819
12.833333333333334,Almaty,105.0,0.0,1095.38425,43.41,0.1575,1.7988,28.684,0.05,28.747,147.932,148.035,3.654
12.833333333333334,Tehran,176.0,0.0,1078.67025,43.54,0.1551,1.7988,28.684,0.05,28.747,147.932,148.035,3.598
13.0,Vladimir,161.0,0.0,1249.0475,42.27,0.1796,1.7988,28.684,0.05,28.747,147.933,148.036,4.166
13.0,Murmansk,117.0,0.0,1110.215125,43.29,0.1597,1.7988,28.684,0.05,28.747,147.933,148.035,3.703
13.0,Novosibirsk,11.0,0.0,1182.79625,42.74,0.1701,1.7988,28.684,0.05,28.747,147.933,148.035,3.945
13.0,Zheleznogorsk,11.0,0.0,1068.389625,43.63,0.1535,1.7988,28.684,0.05,28.747,147.932,148.035,3.564
13.0,Yakutsk,26.0,0.0,1298.0855,41.94,0.1865,1.7988,28.684,0.05,28.747,147.933,148.036,4.33
13.0,Khabarovsk,148.0,0.0,1286.523875,42.01,0.185,1.7988,28.684,0.05,28.747,147.933,148.036,4.291
13.0,Vladivostok,40.0,0.0,1281.661625,42.05,0.1842,1.7988,28.684,0.05,28.747,147.933,148.036,4.275
13.0,Minsk,161.0,0.0,1164.429625,42.88,0.1674,1.7988,28.684,0.05,28.747,147.933,148.035,3.884
13.0,Almaty,10.0,0.0,1266.415875,42.15,0.1821,1.7988,28.684,0.05,28.747,147.933,148.036,4.224
13.0,Tehran,104.0,0.0,1413.871375,41.19,0.2033,1.7988,28.684,0.05,28.747,147.934,148.036,4.716
13.166666666666666,Vladimir,102.0,0.0,1013.4599375,44.08,0.1458,1.7988,28.684,0.05,28.747,147.932,148.035,3.381
13.166666666666666,Murmansk,160.0,0.0,1071.3845,43.6,0.1541,1.7988,28.684,0.05,28.747,147.932,148.035,3.574
13.166666666666666,Novosibirsk,132.0,0.0,1406.871875,41.24,0.2022,1.7988,28.684,0.05,28.747,147.934,148.036,4.693
13.166666666666666,Zheleznogorsk,132.0,0.0,1028.4639375,43.96,0.1478,1.7988,28.684,0.05,28.747,147.932,148.035,3.431
13.166666666666666,Yakutsk,146.0,0.0,1402.347625,41.26,0.2017,1.7988,28.684,0.05,28.747,147.934,148.036,4.678
13.166666666666666,Khabarovsk,39.0,0.0,1038.1709375,43.88,0.1492,1.7988,28.684,0.05,28.747,147.932,148.035,3.463
13.166666666666666,Vladivostok,147.0,0.0,1074.109875,43.58,0.1544,1.7988,28.684,0.05,28.747,147.932,148.035,3.583
13.166666666666666,Minsk,102.0,0.0,1240.263125,42.33,0.1783,1.7988,28.684,0.05,28.747,147.933,148.036,4.137
13.166666666666666,Almaty,117.0,0.0,1033.611125,43.91,0.1487,1.7988,28.684,0.05,28.747,147.932,148.035,3.448
13.166666666666666,Tehran,103.0,0.0,1007.4353125,44.14,0.1448,1.7988,28.684,0.05,28.747,147.932,148.035,3.36
13.333333333333334,Vladimir,101.0,0.0,1478.462625,40.8,0.2127,1.7988,28.684,0.05,28.747,147.934,148.037,4.932
13.333333333333334,Murmansk,100.0,0.0,1204.50125,42.58,0.1733,1.7988,28.684,0.05,28.747,147.933,148.035,4.018
13.333333333333334,Novosibirsk,8.0,0.0,1002.9399375,44.18,0.1441,1.7988,28.684,0.05,28.747,147.932,148.035,3.345
13.333333333333334,Zheleznogorsk,8.0,0.0,1266.768,42.15,0.1821,1.7988,28.684,0.05,28.747,147.933,148.036,4.225
13.333333333333334,Yakutsk,23.0,0.0,1125.40175,43.17,0.1619,1.7988,28.684,0.05,28.747,147.933,148.035,3.754
13.333333333333334,Khabarovsk,38.0,0.0,1419.514875,41.16,0.204,1.7988,28.684,0.05,28.747,147.934,148.036,4.735
13.333333333333334,Vladivostok,146.0,0.0,1425.1615,41.12,0.205,1.7988,28.684,0.05,28.747,147.934,148.036,4.754
13.333333333333334,Minsk,158.0,0.0,1096.538,43.4,0.1577,1.7988,28.684,0.05,28.747,147.932,148.035,3.658
13.333333333333334,Almaty,116.0,0.0,1337.22425,41.68,0.1922,1.7988,28.684,0.05,28.747,147.934,148.036,4.46
13.333333333333334,Tehran,172.0,0.0,1625.475625,39.98,0.2337,1.7988,28.684,0.05,28.748,147.935,148.038,5.422
13.5,Vladimir,171.0,0.0,1138.554125,43.07,0.1638,1.7988,28.684,0.05,28.747,147.933,148.035,3.798
13.5,Murmansk,113.0,0.0,1077.751,43.55,0.155,1.7988,28.684,0.05,28.747,147.932,148.035,3.595
13.5,Novosibirsk,129.0,0.0,1197.23825,42.64,0.1721,1.7988,28.684,0.05,28.747,147.933,148.035,3.994
13.5,Zheleznogorsk,129.0,0.0,1091.52625,43.44,0.1569,1.7988,28.684,0.05,28.747,147.932,148.035,3.641
13.5,Yakutsk,37.0,0.0,1521.402125,40.56,0.2186,1.7988,28.684,0.05,28.747,147.935,148.037,5.075
13.5,Khabarovsk,144.0,0.0,1119.854375,43.22,0.161,1.7988,28.684,0.05,28.747,147.933,148.035,3.735
13.5,Vladivostok,36.0,0.0,997.2934375,44.22,0.1435,1.7988,28.684,0.05,28.747,147.932,148.035,3.327
13.5,Minsk,99.0,0.0,1192.26525,42.67,0.1715,1.7988,28.684,0.05,28.747,147.933,148.035,3.977
13.5,Almaty,6.0,0.0,1129.97275,43.14,0.1625,1.7988,28.684,0.05,28.747,147.933,148.035,3.769
13.5,Tehran,100.0,0.0,1212.2675,42.53,0.1743,1.7988,28.684,0.05,28.747,147.933,148.035,4.044
13.666666666666666,Vladimir,98.0,0.0,1288.200375,42.0,0.1852,1.7988,28.684,0.05,28.747,147.933,148.036,4.297
13.666666666666666,Murmansk,156.0,0.0,1215.572,42.51,0.1747,1.7988,28.684,0.05,28.747,147.933,148.035,4.055
13.666666666666666,Novosibirsk,5.0,0.0,1193.76475,42.66,0.1717,1.7988,28.684,0.05,28.747,147.933,148.035,3.982
13.666666666666666,Zheleznogorsk,128.0,0.0,1241.763875,42.32,0.1785,1.7988,28.684,0.05,28.747,147.933,148.036,4.142
13.666666666666666,Yakutsk,20.0,0.0,1269.221625,42.13,0.1825,1.7988,28.684,0.05,28.747,147.933,148.036,4.234
13.666666666666666,Khabarovsk,35.0,0.0,1127.69725,43.16,0.1621,1.7988,28.684,0.05,28.747,147.933,148.035,3.762
13.666666666666666,Vladivostok,143.0,0.0,1113.892875,43.26,0.1602,1.7988,28.684,0.05,28.747,147.933,148.035,3.716
13.666666666666666,Minsk,98.0,0.0,1223.32075,42.45,0.1759,1.7988,28.684,0.05,28.747,147.933,148.035,4.081
13.666666666666666,Almaty,113.0,0.0,1233.48975,42.38,0.1773,1.7988,28.684,0.05,28.747,147.933,148.035,4.114
13.666666666666666,Tehran,99.0,0.0,1511.16475,40.61,0.2174,1.7988,28.684,0.05,28.747,147.934,148.037,5.041
13.833333333333334,Vladimir,168.0,0.0,1142.907375,43.04,0.1643,1.7988,28.684,0.05,28.747,147.933,148.035,3.812
13.833333333333334,Murmansk,110.0,0.0,1034.0868125,43.91,0.1487,1.7988,28.684,0.05,28.747,147.932,148.035,3.449
13.833333333333334,Novosibirsk,4.0,0.0,1302.8865,41.9,0.1874,1.7988,28.684,0.05,28.747,147.933,148.036,4.346
13.833333333333334,Zheleznogorsk,18.0,0.0,1252.713625,42.24,0.1802,1.7988,28.684,0.05,28.747,147.933,148.036,4.179
13.833333333333334,Yakutsk,156.0,0.0,1175.156125,42.8,0.1689,1.7988,28.684,0.05,28.747,147.933,148.035,3.92
13.833333333333334,Khabarovsk,141.0,0.0,1491.064125,40.73,0.2144,1.7988,28.684,0.05,28.747,147.934,148.037,4.974
13.833333333333334,Vladivostok,33.0,0.0,1257.53575,42.21,0.1808,1.7988,28.684,0.05,28.747,147.933,148.036,4.195
13.833333333333334,Minsk,168.0,0.0,1402.39775,41.26,0.2017,1.7988,28.684,0.05,28.747,147.934,148.036,4.678
13.833333333333334,Almaty,3.0,0.0,1553.812375,40.37,0.2235,1.7988,28.684,0.05,28.748,147.935,148.037,5.183
13.833333333333334,Tehran,3.0,0.0,1646.0595,39.87,0.2367,1.7988,28.684,0.05,28.748,147.935,148.038,5.491
14.0,Vladimir,167.0,0.0,1194.15775,42.66,0.1717,1.7988,28.684,0.05,28.747,147.933,148.035,3.983
14.0,Murmansk,153.0,0.0,1005.9738125,44.15,0.1446,1.7988,28.684,0.05,28.747,147.932,148.035,3.356
14.0,Novosibirsk,125.0,0.0,1073.665625,43.58,0.1544,1.7988,28.684,0.05,28.747,147.932,148.035,3.581
14.0,Zheleznogorsk,125.0,0.0,1135.2265,43.1,0.1632,1.7988,28.684,0.05,28.747,147.933,148.035,3.787
14.0,Yakutsk,139.0,0.0,1629.15,39.96,0.2343,1.7988,28.684,0.05,28.748,147.935,148.038,5.434
14.0,Khabarovsk,32.0,0.0,1189.113875,42.7,0.1709,1.7988,28.684,0.05,28.747,147.933,148.035,3.966
14.0,Vladivostok,140.0,0.0,1185.9465,42.72,0.1705,1.7988,28.684,0.05,28.747,147.933,148.035,3.956
14.0,Minsk,95.0,0.0,998.11225,44.22,0.1435,1.7988,28.684,0.05,28.747,147.932,148.035,3.329
14.0,Almaty,110.0,0.0,1472.793125,40.84,0.2117,1.7988,28.684,0.05,28.747,147.934,148.037,4.913
14.0,Tehran,1.0,0.0,1500.83925,40.67,0.2159,1.7988,28.684,0.05,28.747,147.934,148.037,5.006
14.166666666666666,Vladimir,108.0,0.0,1369.56225,41.47,0.1969,1.7988,28.684,0.05,28.747,147.934,148.036,4.568
14.166666666666666,Murmansk,107.0,0.0,1281.286,42.05,0.1842,1.7988,28.684,0.05,28.747,147.933,148.036,4.274
14.166666666666666,Novosibirsk,1.0,0.0,1301.591375,41.91,0.1872,1.7988,28.684,0.05,28.747,147.933,148.036,4.342
14.166666666666666,Zheleznogorsk,15.0,0.0,1369.7635,41.47,0.1969,1.7988,28.684,0.05,28.747,147.934,148.036,4.569
14.166666666666666,Yakutsk,153.0,0.0,1055.286625,43.73,0.1518,1.7988,28.684,0.05,28.747,147.932,148.035,3.52
14.166666666666666,Khabarovsk,31.0,0.0,1624.079375,39.99,0.2335,1.7988,28.684,0.05,28.748,147.935,148.038,5.417
14.166666666666666,Vladivostok,139.0,0.0,1713.3185,39.52,0.2465,1.7988,28.684,0.05,28.748,147.936,148.038,5.715
14.166666666666666,Minsk,165.0,0.0,1273.575875,42.1,0.1831,1.7988,28.684,0.05,28.747,147.933,148.036,4.248
14.166666666666666,Almaty,124.0,0.0,1596.104125,40.14,0.2295,1.7988,28.684,0.05,28.748,147.935,148.037,5.324
14.166666666666666,Tehran,0.0,0.0,1171.3025,42.83,0.1684,1.7988,28.684,0.05,28.747,147.933,148.035,3.907
14.333333333333334,Vladimir,179.0,0.0,1019.7319375,44.03,0.1466,1.7988,28.684,0.05,28.747,147.932,148.035,3.401
14.333333333333334,Murmansk,106.0,0.0,1063.649125,43.67,0.1528,1.7988,28.684,0.05,28.747,147.932,148.035,3.548
14.333333333333334,Novosibirsk,122.0,0.0,1020.198875,44.03,0.1466,1.7988,28.684,0.05,28.747,147.932,148.035,3.403
14.333333333333334,Zheleznogorsk,29.0,0.0,1058.1655,43.71,0.1521,1.7988,28.684,0.05,28.747,147.932,148.035,3.53
14.333333333333334,Yakutsk,152.0,0.0,1381.84575,41.39,0.1987,1.7988,28.684,0.05,28.747,147.934,148.036,4.609
14.333333333333334,Khabarovsk,152.0,0.0,1396.978125,41.3,0.2008,1.7988,28.684,0.05,28.747,147.934,148.036,4.66
14.333333333333334,Vladivostok,44.0,0.0,1478.926875,40.8,0.2127,1.7988,28.684,0.05,28.747,147.934,148.037,4.933
14.333333333333334,Minsk,92.0,0.0,1146.555875,43.01,0.1649,1.7988,28.684,0.05,28.747,147.933,148.035,3.824
14.333333333333334,Almaty,28.0,0.0,1520.953875,40.56,0.2186,1.7988,28.684,0.05,28.747,147.935,148.037,5.073
14.333333333333334,Tehran,107.0,0.0,1614.58575,40.04,0.2321,1.7988,28.684,0.05,28.748,147.935,148.038,5.386
14.5,Vladimir,105.0,0.0,1078.265,43.55,0.155,1.7988,28.684,0.05,28.747,147.932,148.035,3.597
14.5,Murmansk,164.0,0.0,1252.142,42.25,0.18,1.7988,28.684,0.05,28.747,147.933,148.036,4.177
14.5,Novosibirsk,121.0,0.0,1408.72775,41.22,0.2026,1.7988,28.684,0.05,28.747,147.934,148.036,4.699
14.5,Zheleznogorsk,135.0,0.0,1303.749625,41.9,0.1874,1.7988,28.684,0.05,28.747,147.933,148.036,4.349
14.5,Yakutsk,43.0,0.0,1255.996875,42.22,0.1806,1.7988,28.684,0.05,28.747,147.933,148.036,4.19
14.5,Khabarovsk,151.0,0.0,1272.49425,42.11,0.1829,1.7988,28.684,0.05,28.747,147.933,148.036,4.245
14.5,Vladivostok,151.0,0.0,1522.692125,40.55,0.2189,1.7988,28.684,0.05,28.747,147.935,148.037,5.079
14.5,Minsk,91.0,0.0,1334.474125,41.69,0.192,1.7988,28.684,0.05,28.747,147.934,148.036,4.451
14.5,Almaty,121.0,0.0,1252.6885,42.24,0.1802,1.7988,28.684,0.05,28.747,147.933,148.036,4.179
14.5,Tehran,12.0,0.0,1009.9849375,44.11,0.1453,1.7988,28.684,0.05,28.747,147.932,148.035,3.369
14.666666666666666,Vladimir,176.0,0.0,1207.822875,42.56,0.1737,1.7988,28.684,0.05,28.747,147.933,148.035,4.029
14.666666666666666,Murmansk,118.0,0.0,1048.8115,43.79,0.1507,1.7988,28.684,0.05,28.747,147.932,148.035,3.498
14.666666666666666,Novosibirsk,26.0,0.0,1126.612625,43.17,0.1619,1.7988,28.684,0.05,28.747,147.933,148.035,3.758
14.666666666666666,Zheleznogorsk,26.0,0.0,1029.594875,43.95,0.148,1.7988,28.684,0.05,28.747,147.932,148.035,3.434
14.666666666666666,Yakutsk,164.0,0.0,1069.367625,43.62,0.1537,1.7988,28.684,0.05,28.747,147.932,148.035,3.567
14.666666666666666,Khabarovsk,164.0,0.0,1615.711875,40.03,0.2324,1.7988,28.684,0.05,28.748,147.935,148.038,5.389
14.666666666666666,Vladivostok,55.0,0.0,1725.152,39.46,0.2482,1.7988,28.684,0.05,28.748,147.936,148.038,5.754
14.666666666666666,Minsk,176.0,0.0,1021.154875,44.02,0.1468,1.7988,28.684,0.05,28.747,147.932,148.035,3.406
14.666666666666666,Almaty,120.0,0.0,1539.316125,40.45,0.2214,1.7988,28.684,0.05,28.748,147.935,148.037,5.135
14.666666666666666,Tehran,11.0,0.0,1387.520125,41.36,0.1994,1.7988,28.684,0.05,28.747,147.934,148.036,4.628
14.833333333333334,Vladimir,117.0,0.0,1130.650375,43.13,0.1626,1.7988,28.684,0.05,28.747,147.933,148.035,3.771
14.833333333333334,Murmansk,161.0,0.0,1066.837,43.64,0.1534,1.7988,28.684,0.05,28.747,147.932,148.035,3.559
14.833333333333334,Novosibirsk,133.0,0.0,1236.4885,42.36,0.1777,1.7988,28.684,0.05,28.747,147.933,148.036,4.124
14.833333333333334,Zheleznogorsk,147.0,0.0,1147.33475,43.01,0.1649,1.7988,28.684,0.05,28.747,147.933,148.035,3.827
14.833333333333334,Yakutsk,40.0,0.0,1660.57425,39.8,0.2386,1.7988,28.684,0.05,28.748,147.935,148.038,5.539
14.833333333333334,Khabarovsk,163.0,0.0,1023.8186875,44.0,0.1471,1.7988,28.684,0.05,28.747,147.932,148.035,3.415
14.833333333333334,Vladivostok,54.0,0.0,1223.352625,42.45,0.1759,1.7988,28.684,0.05,28.747,147.933,148.035,4.081
14.833333333333334,Minsk,103.0,0.0,1331.532875,41.71,0.1915,1.7988,28.684,0.05,28.747,147.934,148.036,4.442
14.833333333333334,Almaty,24.0,0.0,1033.2801875,43.92,0.1485,1.7988,28.684,0.05,28.747,147.932,148.035,3.447
14.833333333333334,Tehran,118.0,0.0,1069.26925,43.62,0.1537,1.7988,28.684,0.05,28.747,147.932,148.035,3.567
15.0,Vladimir,116.0,0.0,1178.702125,42.77,0.1695,1.7988,28.684,0.05,28.747,147.933,148.035,3.932
15.0,Murmansk,115.0,0.0,1300.671125,41.92,0.187,1.7988,28.684,0.05,28.747,147.933,148.036,4.339
15.0,Novosibirsk,23.0,0.0,1067.412,43.63,0.1535,1.7988,28.684,0.05,28.747,147.932,148.035,3.561
15.0,Zheleznogorsk,23.0,0.0,1344.637,41.63,0.1933,1.7988,28.684,0.05,28.747,147.934,148.036,4.485
15.0,Yakutsk,39.0,0.0,1047.6546875,43.8,0.1506,1.7988,28.684,0.05,28.747,147.932,148.035,3.495
15.0,Khabarovsk,53.0,0.0,1234.7305,42.37,0.1775,1.7988,28.684,0.05,28.747,147.933,148.035,4.119
15.0,Vladivostok,162.0,0.0,1302.888,41.9,0.1874,1.7988,28.684,0.05,28.747,147.933,148.036,4.346
15.0,Minsk,173.0,0.0,1074.6465,43.58,0.1544,1.7988,28.684,0.05,28.747,147.932,148.035,3.585
15.0,Almaty,132.0,0.0,1104.421875,43.34,0.1588,1.7988,28.684,0.05,28.747,147.933,148.035,3.684
15.0,Tehran,8.0,0.0,1232.820375,42.38,0.1773,1.7988,28.684,0.05,28.747,147.933,148.035,4.112
15.166666666666666,Vladimir,172.0,0.0,1332.297625,41.71,0.1915,1.7988,28.684,0.05,28.747,147.934,148.036,4.444
15.166666666666666,Murmansk,129.0,0.0,1064.124125,43.66,0.153,1.7988,28.684,0.05,28.747,147.932,148.035,3.55
15.166666666666666,Novosibirsk,22.0,0.0,1285.545125,42.02,0.1848,1.7988,28.684,0.05,28.747,147.933,148.036,4.288
15.166666666666666,Zheleznogorsk,22.0,0.0,1164.7595,42.88,0.1674,1.7988,28.684,0.05,28.747,147.933,148.035,3.885
15.166666666666666,Yakutsk,38.0,0.0,1444.49625,41.01,0.2076,1.7988,28.684,0.05,28.747,147.934,148.037,4.818
15.166666666666666,Khabarovsk,160.0,0.0,1174.133125,42.81,0.1687,1.7988,28.684,0.05,28.747,147.933,148.035,3.916
15.166666666666666,Vladivostok,51.0,0.0,1113.298125,43.27,0.16,1.7988,28.684,0.05,28.747,147.933,148.035,3.714
15.166666666666666,Minsk,172.0,0.0,1301.70125,41.91,0.1872,1.7988,28.684,0.05,28.747,147.933,148.036,4.342
15.166666666666666,Almaty,21.0,0.0,1156.24875,42.94,0.1662,1.7988,28.684,0.05,28.747,147.933,148.035,3.857
15.166666666666666,Tehran,115.0,0.0,1282.670875,42.04,0.1844,1.7988,28.684,0.05,28.747,147.933,148.036,4.279
15.333333333333334,Vladimir,113.0,0.0,1049.967375,43.78,0.1509,1.7988,28.684,0.05,28.747,147.932,148.035,3.502
15.333333333333334,Murmansk,171.0,0.0,1071.62775,43.6,0.1541,1.7988,28.684,0.05,28.747,147.932,148.035,3.575
15.333333333333334,Novosibirsk,20.0,0.0,1346.17775,41.62,0.1935,1.7988,28.684,0.05,28.747,147.934,148.036,4.49
15.333333333333334,Zheleznogorsk,143.0,0.0,1043.062875,43.83,0.15,1.7988,28.684,0.05,28.747,147.932,148.035,3.479
15.333333333333334,Yakutsk,158.0,0.0,1327.058375,41.74,0.1909,1.7988,28.684,0.05,28.747,147.934,148.036,4.427
15.333333333333334,Khabarovsk,50.0,0.0,995.8406875,44.24,0.1431,1.7988,28.684,0.05,28.747,147.932,148.035,3.322
15.333333333333334,Vladivostok,159.0,0.0,1006.686625,44.14,0.1448,1.7988,28.684,0.05,28.747,147.932,148.035,3.358
15.333333333333334,Minsk,113.0,0.0,1181.919,42.75,0.1699,1.7988,28.684,0.05,28.747,147.933,148.035,3.942
15.333333333333334,Almaty,129.0,0.0,1025.5549375,43.98,0.1475,1.7988,28.684,0.05,28.747,147.932,148.035,3.421
15.333333333333334,Tehran,114.0,0.0,1115.80925,43.25,0.1604,1.7988,28.684,0.05,28.747,147.933,148.035,3.722
15.5,Vladimir,4.0,0.0,1471.10975,40.85,0.2115,1.7988,28.684,0.05,28.747,147.934,148.037,4.907
15.5,Murmansk,126.0,0.0,1209.294375,42.55,0.1739,1.7988,28.684,0.05,28.747,147.933,148.035,4.034
15.5,Novosibirsk,19.0,0.0,1063.78125,43.66,0.153,1.7988,28.684,0.05,28.747,147.932,148.035,3.548
15.5,Zheleznogorsk,19.0,0.0,1297.024375,41.94,0.1865,1.7988,28.684,0.05,28.747,147.933,148.036,4.326
15.5,Yakutsk,171.0,0.0,1209.372375,42.55,0.1739,1.7988,28.684,0.05,28.747,147.933,148.035,4.034
15.5,Khabarovsk,49.0,0.0,1569.206125,40.29,0.2255,1.7988,28.684,0.05,28.748,147.935,148.037,5.234
15.5,Vladivostok,48.0,0.0,1389.977625,41.34,0.1999,1.7988,28.684,0.05,28.747,147.934,148.036,4.636
15.5,Minsk,169.0,0.0,1188.72475,42.7,0.1709,1.7988,28.684,0.05,28.747,147.933,148.035,3.965
15.5,Almaty,128.0,0.0,1533.03225,40.49,0.2204,1.7988,28.684,0.05,28.747,147.935,148.037,5.114
15.5,Tehran,112.0,0.0,1770.479125,39.24,0.2545,1.7988,28.684,0.05,28.748,147.936,148.038,5.906
15.666666666666666,Vladimir,3.0,0.0,1091.199625,43.44,0.1569,1.7988,28.684,0.05,28.747,147.932,148.035,3.64
15.666666666666666,Murmansk,168.0,0.0,1042.2148125,43.84,0.1499,1.7988,28.684,0.05,28.747,147.932,148.035,3.476
15.666666666666666,Novosibirsk,140.0,0.0,1104.59575,43.34,0.1588,1.7988,28.684,0.05,28.747,147.933,148.035,3.685
15.666666666666666,Zheleznogorsk,140.0,0.0,1046.4826875,43.81,0.1504,1.7988,28.684,0.05,28.747,147.932,148.035,3.491
15.666666666666666,Yakutsk,48.0,0.0,1585.33125,40.2,0.2279,1.7988,28.684,0.05,28.748,147.935,148.037,5.288
15.666666666666666,Khabarovsk,47.0,0.0,1155.470125,42.95,0.166,1.7988,28.684,0.05,28.747,147.933,148.035,3.854
15.666666666666666,Vladivostok,47.0,0.0,1060.863875,43.69,0.1525,1.7988,28.684,0.05,28.747,147.932,148.035,3.539
15.666666666666666,Minsk,110.0,0.0,1075.183125,43.57,0.1546,1.7988,28.684,0.05,28.747,147.932,148.035,3.586
15.666666666666666,Almaty,17.0,0.0,1225.10325,42.44,0.1761,1.7988,28.684,0.05,28.747,147.933,148.035,4.087
15.666666666666666,Tehran,111.0,0.0,1311.2425,41.85,0.1885,1.7988,28.684,0.05,28.747,147.933,148.036,4.374
15.833333333333334,Vladimir,124.0,0.0,1396.29325,41.3,0.2008,1.7988,28.684,0.05,28.747,147.934,148.036,4.658
15.833333333333334,Murmansk,167.0,0.0,1334.0255,41.7,0.1917,1.7988,28.684,0.05,28.747,147.934,148.036,4.45
15.833333333333334,Novosibirsk,16.0,0.0,1195.443375,42.65,0.1719,1.7988,28.684,0.05,28.747,147.933,148.035,3.988
15.833333333333334,Zheleznogorsk,139.0,0.0,1407.699125,41.23,0.2024,1.7988,28.684,0.05,28.747,147.934,148.036,4.696
15.833333333333334,Yakutsk,168.0,0.0,1251.84475,42.25,0.18,1.7988,28.684,0.05,28.747,147.933,148.036,4.176
15.833333333333334,Khabarovsk,46.0,0.0,1273.047125,42.1,0.1831,1.7988,28.684,0.05,28.747,147.933,148.036,4.246
15.833333333333334,Vladivostok,155.0,0.0,1276.325,42.08,0.1835,1.7988,28.684,0.05,28.747,147.933,148.036,4.257
15.833333333333334,Minsk,109.0,0.0,1309.285125,41.86,0.1883,1.7988,28.684,0.05,28.747,147.933,148.036,4.367
15.833333333333334,Almaty,125.0,0.0,1440.205,41.03,0.2071,1.7988,28.684,0.05,28.747,147.934,148.037,4.804
15.833333333333334,Tehran,15.0,0.0,1397.488375,41.29,0.201,1.7988,28.684,0.05,28.747,147.934,148.036,4.662
16.0,Vladimir,0.0,0.0,1042.4269375,43.84,0.1499,1.7988,28.684,0.05,28.747,147.932,148.035,3.477
16.0,Murmansk,122.0,0.0,999.08175,44.21,0.1436,1.7988,28.684,0.05,28.747,147.932,148.035,3.333
16.0,Novosibirsk,137.0,0.0,1178.313,42.78,0.1693,1.7988,28.684,0.05,28.747,147.933,148.035,3.93
16.0,Zheleznogorsk,30.0,0.0,1122.459625,43.2,0.1613,1.7988,28.684,0.05,28.747,147.933,148.035,3.744
16.0,Yakutsk,45.0,0.0,1200.336,42.62,0.1725,1.7988,28.684,0.05,28.747,147.933,148.035,4.004
16.0,Khabarovsk,153.0,0.0,1536.643875,40.47,0.2209,1.7988,28.684,0.05,28.747,147.935,148.037,5.126
16.0,Vladivostok,59.0,0.0,1293.29325,41.97,0.1859,1.7988,28.684,0.05,28.747,147.933,148.036,4.314
16.0,Minsk,0.0,0.0,1304.793875,41.89,0.1876,1.7988,28.684,0.05,28.747,147.933,148.036,4.352
16.0,Almaty,29.0,0.0,1610.654125,40.06,0.2316,1.7988,28.684,0.05,28.748,147.935,148.037,5.373
16.0,Tehran,29.0,0.0,1639.71075,39.91,0.2356,1.7988,28.684,0.05,28.748,147.935,148.038,5.469
16.166666666666668,Vladimir,121.0,0.0,1242.974,42.31,0.1787,1.7988,28.684,0.05,28.747,147.933,148.036,4.146
16.166666666666668,Murmansk,179.0,0.0,1054.75875,43.74,0.1516,1.7988,28.684,0.05,28.747,147.932,148.035,3.518
16.166666666666668,Novosibirsk,136.0,0.0,1135.898875,43.09,0.1634,1.7988,28.684,0.05,28.747,147.933,148.035,3.789
16.166666666666668,Zheleznogorsk,136.0,0.0,1275.368,42.09,0.1833,1.7988,28.684,0.05,28.747,147.933,148.036,4.254
16.166666666666668,Yakutsk,165.0,0.0,1556.21925,40.36,0.2237,1.7988,28.684,0.05,28.748,147.935,148.037,5.191
16.166666666666668,Khabarovsk,58.0,0.0,1292.59875,41.97,0.1859,1.7988,28.684,0.05,28.747,147.933,148.036,4.312
16.166666666666668,Vladivostok,152.0,0.0,1332.307875,41.71,0.1915,1.7988,28.684,0.05,28.747,147.934,148.036,4.444
16.166666666666668,Minsk,106.0,0.0,1056.03725,43.73,0.1518,1.7988,28.684,0.05,28.747,147.932,148.035,3.523
16.166666666666668,Almaty,43.0,0.0,1496.4615,40.7,0.2151,1.7988,28.684,0.05,28.747,147.934,148.037,4.992
16.166666666666668,Tehran,27.0,0.0,1271.220375,42.12,0.1827,1.7988,28.684,0.05,28.747,147.933,148.036,4.24
16.333333333333332,Vladimir,12.0,0.0,1333.644875,41.7,0.1917,1.7988,28.684,0.05,28.747,147.934,148.036,4.449
16.333333333333332,Murmansk,134.0,0.0,1170.2605,42.84,0.1682,1.7988,28.684,0.05,28.747,147.933,148.035,3.904
16.333333333333332,Novosibirsk,42.0,0.0,1310.89575,41.85,0.1885,1.7988,28.684,0.05,28.747,147.933,148.036,4.373
16.333333333333332,Zheleznogorsk,42.0,0.0,1209.73625,42.55,0.1739,1.7988,28.684,0.05,28.747,147.933,148.035,4.035
16.333333333333332,Yakutsk,179.0,0.0,1008.6826875,44.13,0.145,1.7988,28.684,0.05,28.747,147.932,148.035,3.365
16.333333333333332,Khabarovsk,72.0,0.0,1675.307625,39.72,0.2408,1.7988,28.684,0.05,28.748,147.935,148.038,5.588
16.333333333333332,Vladivostok,56.0,0.0,1798.5075,39.1,0.2587,1.7988,28.684,0.05,28.748,147.936,148.039,5.999
16.333333333333332,Minsk,12.0,0.0,1124.303625,43.18,0.1617,1.7988,28.684,0.05,28.747,147.933,148.035,3.75
16.333333333333332,Almaty,135.0,0.0,1520.862,40.56,0.2186,1.7988,28.684,0.05,28.747,147.935,148.037,5.073
16.333333333333332,Tehran,26.0,0.0,1163.940625,42.88,0.1674,1.7988,28.684,0.05,28.747,147.933,148.035,3.882
16.5,Vladimir,11.0,0.0,1095.16675,43.41,0.1575,1.7988,28.684,0.05,28.747,147.932,148.035,3.653
16.5,Murmansk,176.0,0.0,1051.478375,43.77,0.1511,1.7988,28.684,0.05,28.747,147.932,148.035,3.507
16.5,Novosibirsk,148.0,0.0,1032.8931875,43.92,0.1485,1.7988,28.684,0.05,28.747,147.932,148.035,3.445
16.5,Zheleznogorsk,41.0,0.0,1114.096625,43.26,0.1602,1.7988,28.684,0.05,28.747,147.933,148.035,3.716
16.5,Yakutsk,178.0,0.0,1511.78825,40.61,0.2174,1.7988,28.684,0.05,28.747,147.934,148.037,5.043
16.5,Khabarovsk,178.0,0.0,1231.781375,42.39,0.1771,1.7988,28.684,0.05,28.747,147.933,148.035,4.109
16.5,Vladivostok,70.0,0.0,1534.162125,40.48,0.2207,1.7988,28.684,0.05,28.747,147.935,148.037,5.117
16.5,Minsk,118.0,0.0,1152.314,42.97,0.1657,1.7988,28.684,0.05,28.747,147.933,148.035,3.844
16.5,Almaty,40.0,0.0,1297.103,41.94,0.1865,1.7988,28.684,0.05,28.747,147.933,148.036,4.327
16.5,Tehran,134.0,0.0,1393.267625,41.32,0.2003,1.7988,28.684,0.05,28.747,147.934,148.036,4.647
16.666666666666668,Vladimir,132.0,0.0,1054.405875,43.74,0.1516,1.7988,28.684,0.05,28.747,147.932,148.035,3.517
16.666666666666668,Murmansk,10.0,0.0,1236.62925,42.36,0.1777,1.7988,28.684,0.05,28.747,147.933,148.036,4.125
16.666666666666668,Novosibirsk,39.0,0.0,1349.24475,41.6,0.194,1.7988,28.684,0.05,28.747,147.934,148.036,4.501
16.666666666666668,Zheleznogorsk,162.0,0.0,1281.488125,42.05,0.1842,1.7988,28.684,0.05,28.747,147.933,148.036,4.275
16.666666666666668,Yakutsk,54.0,0.0,1145.723875,43.02,0.1647,1.7988,28.684,0.05,28.747,147.933,148.035,3.822
16.666666666666668,Khabarovsk,177.0,0.0,1283.936125,42.03,0.1846,1.7988,28.684,0.05,28.747,147.933,148.036,4.283
16.666666666666668,Vladivostok,177.0,0.0,1394.935625,41.31,0.2006,1.7988,28.684,0.05,28.747,147.934,148.036,4.653
16.666666666666668,Minsk,9.0,0.0,1268.816625,42.13,0.1825,1.7988,28.684,0.05,28.747,147.933,148.036,4.232
16.666666666666668,Almaty,147.0,0.0,1134.183875,43.11,0.163,1.7988,28.684,0.05,28.747,147.933,148.035,3.783
16.666666666666668,Tehran,23.0,0.0,1007.0205625,44.14,0.1448,1.7988,28.684,0.05,28.747,147.932,148.035,3.359
16.833333333333332,Vladimir,8.0,0.0,1219.206875,42.48,0.1753,1.7988,28.684,0.05,28.747,147.933,148.035,4.067
16.833333333333332,Murmansk,130.0,0.0,1061.828125,43.68,0.1527,1.7988,28.684,0.05,28.747,147.932,148.035,3.542
16.833333333333332,Novosibirsk,38.0,0.0,1118.23575,43.23,0.1608,1.7988,28.684,0.05,28.747,147.933,148.035,3.73
16.833333333333332,Zheleznogorsk,38.0,0.0,1026.422375,43.97,0.1477,1.7988,28.684,0.05,28.747,147.932,148.035,3.424
16.833333333333332,Yakutsk,53.0,0.0,1170.13025,42.84,0.1682,1.7988,28.684,0.05,28.747,147.933,148.035,3.903
16.833333333333332,Khabarovsk,175.0,0.0,1439.286375,41.04,0.2069,1.7988,28.684,0.05,28.747,147.934,148.037,4.801
16.833333333333332,Vladivostok,67.0,0.0,1476.352,40.82,0.2122,1.7988,28.684,0.05,28.747,147.934,148.037,4.925
16.833333333333332,Minsk,8.0,0.0,1065.074875,43.65,0.1532,1.7988,28.684,0.05,28.747,147.932,148.035,3.553
16.833333333333332,Almaty,37.0,0.0,1429.292,41.1,0.2055,1.7988,28.684,0.05,28.747,147.934,148.036,4.768
16.833333333333332,Tehran,22.0,0.0,1571.993875,40.27,0.2261,1.7988,28.684,0.05,28.748,147.935,148.037,5.244
17.0,Vladimir,129.0,0.0,1046.84325,43.8,0.1506,1.7988,28.684,0.05,28.747,147.932,148.035,3.492
17.0,Murmansk,7.0,0.0,1113.621625,43.27,0.16,1.7988,28.684,0.05,28.747,147.933,148.035,3.715
17.0,Novosibirsk,144.0,0.0,1420.27625,41.15,0.2043,1.7988,28.684,0.05,28.747,147.934,148.036,4.738
17.0,Zheleznogorsk,159.0,0.0,1059.532,43.7,0.1523,1.7988,28.684,0.05,28.747,147.932,148.035,3.534
17.0,Yakutsk,173.0,0.0,1525.02475,40.54,0.2191,1.7988,28.684,0.05,28.747,147.935,148.037,5.087
17.0,Khabarovsk,174.0,0.0,1002.876375,44.18,0.1441,1.7988,28.684,0.05,28.747,147.932,148.035,3.345
17.0,Vladivostok,66.0,0.0,1147.979375,43.0,0.1651,1.7988,28.684,0.05,28.747,147.933,148.035,3.829
17.0,Minsk,129.0,0.0,1311.74225,41.84,0.1887,1.7988,28.684,0.05,28.747,147.933,148.036,4.376
17.0,Almaty,36.0,0.0,1007.20075,44.14,0.1448,1.7988,28.684,0.05,28.747,147.932,148.035,3.36
17.0,Tehran,130.0,0.0,992.788625,44.26,0.1428,1.7988,28.684,0.05,28.747,147.932,148.035,3.312
17.166666666666668,Vladimir,128.0,0.0,1311.6255,41.84,0.1887,1.7988,28.684,0.05,28.747,147.933,148.036,4.375
17.166666666666668,Murmansk,127.0,0.0,1236.064,42.36,0.1777,1.7988,28.684,0.05,28.747,147.933,148.036,4.123
17.166666666666668,Novosibirsk,35.0,0.0,1004.2885625,44.16,0.1445,1.7988,28.684,0.05,28.747,147.932,148.035,3.35
17.166666666666668,Zheleznogorsk,35.0,0.0,1296.063,41.95,0.1863,1.7988,28.684,0.05,28.747,147.933,148.036,4.323
17.166666666666668,Yakutsk,50.0,0.0,1071.34425,43.6,0.1541,1.7988,28.684,0.05,28.747,147.932,148.035,3.574
17.166666666666668,Khabarovsk,65.0,0.0,1296.5285,41.95,0.1863,1.7988,28.684,0.05,28.747,147.933,148.036,4.325
17.166666666666668,Vladivostok,173.0,0.0,1326.48875,41.75,0.1906,1.7988,28.684,0.05,28.747,147.934,148.036,4.425
17.166666666666668,Minsk,5.0,0.0,1065.2575,43.65,0.1532,1.7988,28.684,0.05,28.747,147.932,148.035,3.553
17.166666666666668,Almaty,143.0,0.0,1190.63175,42.69,0.1711,1.7988,28.684,0.05,28.747,147.933,148.035,3.972
17.166666666666668,Tehran,19.0,0.0,1431.80975,41.08,0.2059,1.7988,28.684,0.05,28.747,147.934,148.036,4.776
17.333333333333332,Vladimir,18.0,0.0,1226.12675,42.43,0.1763,1.7988,28.684,0.05,28.747,147.933,148.035,4.09
17.333333333333332,Murmansk,140.0,0.0,1049.843125,43.78,0.1509,1.7988,28.684,0.05,28.747,147.932,148.035,3.502
17.333333333333332,Novosibirsk,156.0,0.0,1304.858625,41.89,0.1876,1.7988,28.684,0.05,28.747,147.933,148.036,4.353
17.333333333333332,Zheleznogorsk,156.0,0.0,1191.860125,42.68,0.1713,1.7988,28.684,0.05,28.747,147.933,148.035,3.976
17.333333333333332,Yakutsk,64.0,0.0,1482.158625,40.78,0.2132,1.7988,28.684,0.05,28.747,147.934,148.037,4.944
17.333333333333332,Khabarovsk,171.0,0.0,1121.373625,43.21,0.1612,1.7988,28.684,0.05,28.747,147.933,148.035,3.74
17.333333333333332,Vladivostok,63.0,0.0,1015.8125,44.06,0.1461,1.7988,28.684,0.05,28.747,147.932,148.035,3.388
17.333333333333332,Minsk,126.0,0.0,1330.494,41.72,0.1913,1.7988,28.684,0.05,28.747,147.934,148.036,4.438
17.333333333333332,Almaty,33.0,0.0,1118.632125,43.23,0.1608,1.7988,28.684,0.05,28.747,147.933,148.035,3.731
17.333333333333332,Tehran,127.0,0.0,1220.73525,42.47,0.1755,1.7988,28.684,0.05,28.747,147.933,148.035,4.072
17.5,Vladimir,125.0,0.0,1151.684625,42.97,0.1657,1.7988,28.684,0.05,28.747,147.933,148.035,3.842
17.5,Murmansk,3.0,0.0,1120.666375,43.21,0.1612,1.7988,28.684,0.05,28.747,147.933,148.035,3.738
17.5,Novosibirsk,32.0,0.0,1255.532875,42.22,0.1806,1.7988,28.684,0.05,28.747,147.933,148.036,4.188
17.5,Zheleznogorsk,155.0,0.0,1117.548625,43.24,0.1606,1.7988,28.684,0.05,28.747,147.933,148.035,3.728
17.5,Yakutsk,47.0,0.0,1299.038,41.93,0.1867,1.7988,28.684,0.05,28.747,147.933,148.036,4.333
17.5,Khabarovsk,62.0,0.0,1032.811875,43.92,0.1485,1.7988,28.684,0.05,28.747,147.932,148.035,3.445
17.5,Vladivostok,170.0,0.0,1022.456,44.01,0.147,1.7988,28.684,0.05,28.747,147.932,148.035,3.411
17.5,Minsk,125.0,0.0,1169.52625,42.84,0.1682,1.7988,28.684,0.05,28.747,147.933,148.035,3.901
17.5,Almaty,140.0,0.0,1105.695,43.33,0.1589,1.7988,28.684,0.05,28.747,147.933,148.035,3.688
17.5,Tehran,126.0,0.0,1302.931,41.9,0.1874,1.7988,28.684,0.05,28.747,147.933,148.036,4.346
17.666666666666668,Vladimir,15.0,0.0,1284.85025,42.02,0.1848,1.7988,28.684,0.05,28.747,147.933,148.036,4.286
17.666666666666668,Murmansk,137.0,0.0,1107.5665,43.31,0.1593,1.7988,28.684,0.05,28.747,147.933,148.035,3.694
17.666666666666668,Novosibirsk,31.0,0.0,1172.35075,42.82,0.1686,1.7988,28.684,0.05,28.747,147.933,148.035,3.911
17.666666666666668,Zheleznogorsk,31.0,0.0,1360.223875,41.53,0.1955,1.7988,28.684,0.05,28.747,147.934,148.036,4.537
17.666666666666668,Yakutsk,3.0,0.0,1168.111375,42.85,0.168,1.7988,28.684,0.05,28.747,147.933,148.035,3.896
17.666666666666668,Khabarovsk,168.0,0.0,1530.1375,40.51,0.2199,1.7988,28.684,0.05,28.747,147.935,148.037,5.104
17.666666666666668,Vladivostok,60.0,0.0,1305.108,41.89,0.1876,1.7988,28.684,0.05,28.747,147.933,148.036,4.353
17.666666666666668,Minsk,1.0,0.0,1313.906375,41.83,0.1889,1.7988,28.684,0.05,28.747,147.933,148.036,4.383
17.666666666666668,Almaty,30.0,0.0,1574.449625,40.26,0.2263,1.7988,28.684,0.05,28.748,147.935,148.037,5.252
17.666666666666668,Tehran,30.0,0.0,1676.133125,39.71,0.2411,1.7988,28.684,0.05,28.748,147.935,148.038,5.591
17.833333333333332,Vladimir,29.0,0.0,1110.23625,43.29,0.1597,1.7988,28.684,0.05,28.747,147.933,148.035,3.703
17.833333333333332,Murmansk,0.0,0.0,1000.4135625,44.2,0.1438,1.7988,28.684,0.05,28.747,147.932,148.035,3.337
17.833333333333332,Novosibirsk,152.0,0.0,1056.417125,43.72,0.152,1.7988,28.684,0.05,28.747,147.932,148.035,3.524
17.833333333333332,Zheleznogorsk,152.0,0.0,1066.678875,43.64,0.1534,1.7988,28.684,0.05,28.747,147.932,148.035,3.558
17.833333333333332,Yakutsk,166.0,0.0,1676.30075,39.71,0.2411,1.7988,28.684,0.05,28.748,147.935,148.038,5.592
17.833333333333332,Khabarovsk,74.0,0.0,1155.7305,42.94,0.1662,1.7988,28.684,0.05,28.747,147.933,148.035,3.855
17.833333333333332,Vladivostok,167.0,0.0,1136.100125,43.09,0.1634,1.7988,28.684,0.05,28.747,147.933,148.035,3.79
17.833333333333332,Minsk,122.0,0.0,1005.6008125,44.15,0.1446,1.7988,28.684,0.05,28.747,147.932,148.035,3.354
17.833333333333332,Almaty,44.0,0.0,1367.41,41.48,0.1967,1.7988,28.684,0.05,28.747,147.934,148.036,4.561
17.833333333333332,Tehran,123.0,0.0,1483.24675,40.78,0.2132,1.7988,28.684,0.05,28.747,147.934,148.037,4.948
18.0,Vladimir,135.0,0.0,1354.60875,41.56,0.1949,1.7988,28.684,0.05,28.747,147.934,148.036,4.518
18.0,Murmansk,149.0,0.0,1420.0505,41.16,0.204,1.7988,28.684,0.05,28.747,147.934,148.036,4.737
18.0,Novosibirsk,43.0,0.0,1241.68175,42.32,0.1785,1.7988,28.684,0.05,28.747,147.933,148.036,4.142
18.0,Zheleznogorsk,57.0,0.0,1553.71425,40.37,0.2235,1.7988,28.684,0.05,28.748,147.935,148.037,5.183
18.0,Yakutsk,0.0,0.0,1136.65075,43.09,0.1634,1.7988,28.684,0.05,28.747,147.933,148.035,3.791
18.0,Khabarovsk,73.0,0.0,1447.12075,40.99,0.2081,1.7988,28.684,0.05,28.747,147.934,148.037,4.827
18.0,Vladivostok,166.0,0.0,1490.416875,40.73,0.2144,1.7988,28.684,0.05,28.747,147.934,148.037,4.971
18.0,Minsk,121.0,0.0,1440.74225,41.03,0.2071,1.7988,28.684,0.05,28.747,147.934,148.037,4.806
18.0,Almaty,151.0,0.0,1666.629125,39.76,0.2397,1.7988,28.684,0.05,28.748,147.935,148.038,5.559
18.0,Tehran,42.0,0.0,1231.766875,42.39,0.1771,1.7988,28.684,0.05,28.747,147.933,148.035,4.109
18.166666666666668,Vladimir,26.0,0.0,1003.1154375,44.17,0.1443,1.7988,28.684,0.05,28.747,147.932,148.035,3.346
18.166666666666668,Murmansk,148.0,0.0,1008.3449375,44.13,0.145,1.7988,28.684,0.05,28.747,147.932,148.035,3.363
18.166666666666668,Novosibirsk,164.0,0.0,1075.501625,43.57,0.1546,1.7988,28.684,0.05,28.747,147.932,148.035,3.587
18.166666666666668,Zheleznogorsk,56.0,0.0,1052.350875,43.76,0.1513,1.7988,28.684,0.05,28.747,147.932,148.035,3.51
18.166666666666668,Yakutsk,72.0,0.0,1268.009625,42.14,0.1823,1.7988,28.684,0.05,28.747,147.933,148.036,4.23
18.166666666666668,Khabarovsk,14.0,0.0,1562.422875,40.33,0.2245,1.7988,28.684,0.05,28.748,147.935,148.037,5.212
18.166666666666668,Vladivostok,71.0,0.0,1383.974375,41.38,0.1989,1.7988,28.684,0.05,28.747,147.934,148.036,4.616
18.166666666666668,Minsk,134.0,0.0,1214.898625,42.51,0.1747,1.7988,28.684,0.05,28.747,147.933,148.035,4.052
18.166666666666668,Almaty,41.0,0.0,1705.598125,39.56,0.2453,1.7988,28.684,0.05,28.748,147.936,148.038,5.689
18.166666666666668,Tehran,41.0,0.0,1698.317375,39.6,0.2442,1.7988,28.684,0.05,28.748,147.936,148.038,5.665
18.333333333333332,Vladimir,147.0,0.0,1135.345,43.1,0.1632,1.7988,28.684,0.05,28.747,147.933,148.035,3.787
18.333333333333332,Murmansk,11.0,0.0,1139.022375,43.07,0.1638,1.7988,28.684,0.05,28.747,147.933,148.035,3.799
18.333333333333332,Novosibirsk,163.0,0.0,1252.343375,42.25,0.18,1.7988,28.684,0.05,28.747,147.933,148.036,4.177
18.333333333333332,Zheleznogorsk,177.0,0.0,1336.74275,41.68,0.1922,1.7988,28.684,0.05,28.747,147.934,148.036,4.459
18.333333333333332,Yakutsk,12.0,0.0,1401.970125,41.27,0.2015,1.7988,28.684,0.05,28.747,147.934,148.036,4.676
18.333333333333332,Khabarovsk,13.0,0.0,1284.92425,42.02,0.1848,1.7988,28.684,0.05,28.747,147.933,148.036,4.286
18.333333333333332,Vladivostok,178.0,0.0,1535.13475,40.48,0.2207,1.7988,28.684,0.05,28.747,147.935,148.037,5.121
18.333333333333332,Minsk,133.0,0.0,1177.72,42.78,0.1693,1.7988,28.684,0.05,28.747,147.933,148.035,3.928
18.333333333333332,Almaty,54.0,0.0,1356.813375,41.55,0.1951,1.7988,28.684,0.05,28.747,147.934,148.036,4.526
18.333333333333332,Tehran,39.0,0.0,1099.1605,43.38,0.158,1.7988,28.684,0.05,28.747,147.933,148.035,3.666
18.5,Vladimir,23.0,0.0,1257.960625,42.21,0.1808,1.7988,28.684,0.05,28.747,147.933,148.036,4.196
18.5,Murmansk,145.0,0.0,1091.52,43.44,0.1569,1.7988,28.684,0.05,28.747,147.932,148.035,3.641
18.5,Novosibirsk,53.0,0.0,1179.361125,42.77,0.1695,1.7988,28.684,0.05,28.747,147.933,148.035,3.934
18.5,Zheleznogorsk,53.0,0.0,1094.98725,43.41,0.1575,1.7988,28.684,0.05,28.747,147.932,148.035,3.652
18.5,Yakutsk,11.0,0.0,1011.9956875,44.1,0.1455,1.7988,28.684,0.05,28.747,147.932,148.035,3.376
18.5,Khabarovsk,83.0,0.0,1643.948125,39.88,0.2364,1.7988,28.684,0.05,28.748,147.935,148.038,5.484
18.5,Vladivostok,12.0,0.0,1821.623,38.99,0.262,1.7988,28.684,0.05,28.748,147.936,148.039,6.076
18.5,Minsk,23.0,0.0,1034.481875,43.91,0.1487,1.7988,28.684,0.05,28.747,147.932,148.035,3.451
18.5,Almaty,162.0,0.0,1491.045625,40.73,0.2144,1.7988,28.684,0.05,28.747,147.934,148.037,4.974
18.5,Tehran,38.0,0.0,1243.1325,42.31,0.1787,1.7988,28.684,0.05,28.747,147.933,148.036,4.147
18.666666666666668,Vladimir,22.0,0.0,1211.238625,42.54,0.1741,1.7988,28.684,0.05,28.747,147.933,148.035,4.04
18.666666666666668,Murmansk,8.0,0.0,1043.0713125,43.83,0.15,1.7988,28.684,0.05,28.747,147.932,148.035,3.479
18.666666666666668,Novosibirsk,160.0,0.0,1114.54025,43.26,0.1602,1.7988,28.684,0.05,28.747,147.933,148.035,3.718
18.666666666666668,Zheleznogorsk,52.0,0.0,1220.402,42.47,0.1755,1.7988,28.684,0.05,28.747,147.933,148.035,4.071
18.666666666666668,Yakutsk,10.0,0.0,1667.8725,39.76,0.2397,1.7988,28.684,0.05,28.748,147.935,148.038,5.563
18.666666666666668,Khabarovsk,10.0,0.0,1097.895,43.39,0.1578,1.7988,28.684,0.05,28.747,147.932,148.035,3.662
18.666666666666668,Vladivostok,81.0,0.0,1334.82525,41.69,0.192,1.7988,28.684,0.05,28.747,147.934,148.036,4.452
18.666666666666668,Minsk,130.0,0.0,1225.766125,42.43,0.1763,1.7988,28.684,0.05,28.747,147.933,148.035,4.089
18.666666666666668,Almaty,51.0,0.0,1123.126625,43.19,0.1615,1.7988,28.684,0.05,28.747,147.933,148.035,3.746
18.666666666666668,Tehran,145.0,0.0,1199.437,42.62,0.1725,1.7988,28.684,0.05,28.747,147.933,148.035,4.001
18.833333333333332,Vladimir,143.0,0.0,1087.016375,43.48,0.1562,1.7988,28.684,0.05,28.747,147.932,148.035,3.626
18.833333333333332,Murmansk,21.0,0.0,1267.643375,42.14,0.1823,1.7988,28.684,0.05,28.747,147.933,148.036,4.228
18.833333333333332,Novosibirsk,50.0,0.0,1182.145375,42.75,0.1699,1.7988,28.684,0.05,28.747,147.933,148.035,3.943
18.833333333333332,Zheleznogorsk,173.0,0.0,1298.907375,41.93,0.1867,1.7988,28.684,0.05,28.747,147.933,148.036,4.333
18.833333333333332,Yakutsk,66.0,0.0,1078.117125,43.55,0.155,1.7988,28.684,0.05,28.747,147.932,148.035,3.596
18.833333333333332,Khabarovsk,80.0,0.0,1215.0175,42.51,0.1747,1.7988,28.684,0.05,28.747,147.933,148.035,4.053
18.833333333333332,Vladivostok,9.0,0.0,1308.063125,41.87,0.188,1.7988,28.684,0.05,28.747,147.933,148.036,4.363
18.833333333333332,Minsk,20.0,0.0,1149.403125,42.99,0.1653,1.7988,28.684,0.05,28.747,147.933,148.035,3.834
18.833333333333332,Almaty,159.0,0.0,1076.156625,43.56,0.1548,1.7988,28.684,0.05,28.747,147.932,148.035,3.59
18.833333333333332,Tehran,35.0,0.0,1098.580125,43.38,0.158,1.7988,28.684,0.05,28.747,147.933,148.035,3.664
19.0,Vladimir,19.0,0.0,1270.524375,42.12,0.1827,1.7988,28.684,0.05,28.747,147.933,148.036,4.238
19.0,Murmansk,156.0,0.0,1107.966375,43.31,0.1593,1.7988,28.684,0.05,28.747,147.933,148.035,3.696
19.0,Novosibirsk,49.0,0.0,1173.7715,42.81,0.1687,1.7988,28.684,0.05,28.747,147.933,148.035,3.915
19.0,Zheleznogorsk,49.0,0.0,1079.66775,43.54,0.1551,1.7988,28.684,0.05,28.747,147.932,148.035,3.601
19.0,Yakutsk,65.0,0.0,1297.68825,41.94,0.1865,1.7988,28.684,0.05,28.747,147.933,148.036,4.329
19.0,Khabarovsk,7.0,0.0,1289.84725,41.99,0.1855,1.7988,28.684,0.05,28.747,147.933,148.036,4.302
19.0,Vladivostok,78.0,0.0,1263.427625,42.17,0.1816,1.7988,28.684,0.05,28.747,147.933,148.036,4.214
19.0,Minsk,19.0,0.0,1165.656125,42.87,0.1676,1.7988,28.684,0.05,28.747,147.933,148.035,3.888
19.0,Almaty,48.0,0.0,1267.84725,42.14,0.1823,1.7988,28.684,0.05,28.747,147.933,148.036,4.229
19.0,Tehran,142.0,0.0,1416.4195,41.18,0.2036,1.7988,28.684,0.05,28.747,147.934,148.036,4.725
19.166666666666668,Vladimir,140.0,0.0,1020.933375,44.02,0.1468,1.7988,28.684,0.05,28.747,147.932,148.035,3.405
19.166666666666668,Murmansk,18.0,0.0,1063.26475,43.67,0.1528,1.7988,28.684,0.05,28.747,147.932,148.035,3.547
19.166666666666668,Novosibirsk,170.0,0.0,1380.74225,41.4,0.1985,1.7988,28.684,0.05,28.747,147.934,148.036,4.606
19.166666666666668,Zheleznogorsk,170.0,0.0,1019.58675,44.03,0.1466,1.7988,28.684,0.05,28.747,147.932,148.035,3.401
19.166666666666668,Yakutsk,5.0,0.0,1414.635375,41.19,0.2033,1.7988,28.684,0.05,28.747,147.934,148.036,4.719
19.166666666666668,Khabarovsk,77.0,0.0,1028.026375,43.96,0.1478,1.7988,28.684,0.05,28.747,147.932,148.035,3.429
19.166666666666668,Vladivostok,6.0,0.0,1058.265875,43.71,0.1521,1.7988,28.684,0.05,28.747,147.932,148.035,3.53
19.166666666666668,Minsk,140.0,0.0,1217.85925,42.49,0.1751,1.7988,28.684,0.05,28.747,147.933,148.035,4.062
19.166666666666668,Almaty,156.0,0.0,1038.3371875,43.87,0.1494,1.7988,28.684,0.05,28.747,147.932,148.035,3.464
19.166666666666668,Tehran,141.0,0.0,1015.04625,44.07,0.146,1.7988,28.684,0.05,28.747,147.932,148.035,3.386
19.333333333333332,Vladimir,139.0,0.0,1483.698875,40.77,0.2134,1.7988,28.684,0.05,28.747,147.934,148.037,4.949
19.333333333333332,Murmansk,138.0,0.0,1217.42,42.49,0.1751,1.7988,28.684,0.05,28.747,147.933,148.035,4.061
19.333333333333332,Novosibirsk,46.0,0.0,1007.742,44.13,0.145,1.7988,28.684,0.05,28.747,147.932,148.035,3.361
19.333333333333332,Zheleznogorsk,46.0,0.0,1289.090375,42.0,0.1852,1.7988,28.684,0.05,28.747,147.933,148.036,4.3
19.333333333333332,Yakutsk,62.0,0.0,1134.546,43.1,0.1632,1.7988,28.684,0.05,28.747,147.933,148.035,3.784
19.333333333333332,Khabarovsk,76.0,0.0,1412.465375,41.2,0.2031,1.7988,28.684,0.05,28.747,147.934,148.036,4.711
19.333333333333332,Vladivostok,5.0,0.0,1412.9905,41.2,0.2031,1.7988,28.684,0.05,28.747,147.934,148.036,4.713
19.333333333333332,Minsk,16.0,0.0,1113.061625,43.27,0.16,1.7988,28.684,0.05,28.747,147.933,148.035,3.713
19.333333333333332,Almaty,155.0,0.0,1343.457875,41.64,0.1931,1.7988,28.684,0.05,28.747,147.934,148.036,4.481
19.333333333333332,Tehran,31.0,0.0,1655.058,39.82,0.2381,1.7988,28.684,0.05,28.748,147.935,148.038,5.521
19.5,Vladimir,30.0,0.0,1119.64875,43.22,0.161,1.7988,28.684,0.05,28.747,147.933,148.035,3.735
19.5,Murmansk,152.0,0.0,1071.01075,43.61,0.1539,1.7988,28.684,0.05,28.747,147.932,148.035,3.573
19.5,Novosibirsk,167.0,0.0,1181.146625,42.76,0.1697,1.7988,28.684,0.05,28.747,147.933,148.035,3.94
19.5,Zheleznogorsk,167.0,0.0,1097.043875,43.4,0.1577,1.7988,28.684,0.05,28.747,147.932,148.035,3.659
19.5,Yakutsk,75.0,0.0,1503.281875,40.66,0.2161,1.7988,28.684,0.05,28.747,147.934,148.037,5.014
19.5,Khabarovsk,3.0,0.0,1142.006625,43.05,0.1641,1.7988,28.684,0.05,28.747,147.933,148.035,3.809
19.5,Vladivostok,89.0,0.0,1004.357625,44.16,0.1445,1.7988,28.684,0.05,28.747,147.932,148.035,3.35
19.5,Minsk,137.0,0.0,1183.63875,42.74,0.1701,1.7988,28.684,0.05,28.747,147.933,148.035,3.948
19.5,Almaty,59.0,0.0,1155.427375,42.95,0.166,1.7988,28.684,0.05,28.747,147.933,148.035,3.854
19.5,Tehran,138.0,0.0,1243.57825,42.31,0.1787,1.7988,28.684,0.05,28.747,147.933,148.036,4.148
19.666666666666668,Vladimir,136.0,0.0,1307.295375,41.87,0.188,1.7988,28.684,0.05,28.747,147.933,148.036,4.361
19.666666666666668,Murmansk,29.0,0.0,1209.811625,42.55,0.1739,1.7988,28.684,0.05,28.747,147.933,148.035,4.035
19.666666666666668,Novosibirsk,58.0,0.0,1212.21725,42.53,0.1743,1.7988,28.684,0.05,28.747,147.933,148.035,4.044
19.666666666666668,Zheleznogorsk,166.0,0.0,1245.38225,42.3,0.179,1.7988,28.684,0.05,28.747,147.933,148.036,4.154
19.666666666666668,Yakutsk,74.0,0.0,1286.8575,42.01,0.185,1.7988,28.684,0.05,28.747,147.933,148.036,4.292
19.666666666666668,Khabarovsk,88.0,0.0,1135.973375,43.09,0.1634,1.7988,28.684,0.05,28.747,147.933,148.035,3.789
19.666666666666668,Vladivostok,2.0,0.0,1123.353,43.19,0.1615,1.7988,28.684,0.05,28.747,147.933,148.035,3.747
19.666666666666668,Minsk,136.0,0.0,1209.279,42.55,0.1739,1.7988,28.684,0.05,28.747,147.933,148.035,4.034
19.666666666666668,Almaty,152.0,0.0,1261.7655,42.18,0.1814,1.7988,28.684,0.05,28.747,147.933,148.036,4.209
19.666666666666668,Tehran,137.0,0.0,1543.2735,40.43,0.2219,1.7988,28.684,0.05,28.748,147.935,148.037,5.148
19.833333333333332,Vladimir,42.0,0.0,1137.948375,43.08,0.1636,1.7988,28.684,0.05,28.747,147.933,148.035,3.796
19.833333333333332,Murmansk,164.0,0.0,1034.3635625,43.91,0.1487,1.7988,28.684,0.05,28.747,147.932,148.035,3.45
19.833333333333332,Novosibirsk,57.0,0.0,1312.457375,41.84,0.1887,1.7988,28.684,0.05,28.747,147.933,148.036,4.378
19.833333333333332,Zheleznogorsk,72.0,0.0,1232.1735,42.39,0.1771,1.7988,28.684,0.05,28.747,147.933,148.035,4.11
19.833333333333332,Yakutsk,29.0,0.0,1160.309125,42.91,0.1668,1.7988,28.684,0.05,28.747,147.933,148.035,3.87
19.833333333333332,Khabarovsk,0.0,0.0,1520.154625,40.56,0.2186,1.7988,28.684,0.05,28.747,147.935,148.037,5.071
19.833333333333332,Vladivostok,86.0,0.0,1284.293625,42.03,0.1846,1.7988,28.684,0.05,28.747,147.933,148.036,4.284
19.833333333333332,Minsk,42.0,0.0,1372.128125,41.45,0.1973,1.7988,28.684,0.05,28.747,147.934,148.036,4.577
19.833333333333332,Almaty,56.0,0.0,1589.797125,40.17,0.2287,1.7988,28.684,0.05,28.748,147.935,148.037,5.303
19.833333333333332,Tehran,56.0,0.0,1609.373875,40.07,0.2313,1.7988,28.684,0.05,28.748,147.935,148.037,5.368
20.0,Vladimir,41.0,0.0,1187.93025,42.71,0.1707,1.7988,28.684,0.05,28.747,147.933,148.035,3.963
20.0,Murmansk,26.0,0.0,1005.487625,44.15,0.1446,1.7988,28.684,0.05,28.747,147.932,148.035,3.354
20.0,Novosibirsk,178.0,0.0,1064.1635,43.66,0.153,1.7988,28.684,0.05,28.747,147.932,148.035,3.55
20.0,Zheleznogorsk,178.0,0.0,1153.28975,42.96,0.1659,1.7988,28.684,0.05,28.747,147.933,148.035,3.847
20.0,Yakutsk,13.0,0.0,1651.126625,39.85,0.2373,1.7988,28.684,0.05,28.748,147.935,148.038,5.508
20.0,Khabarovsk,85.0,0.0,1214.803875,42.51,0.1747,1.7988,28.684,0.05,28.747,147.933,148.035,4.052
20.0,Vladivostok,14.0,0.0,1216.19,42.5,0.1749,1.7988,28.684,0.05,28.747,147.933,148.035,4.057
20.0,Minsk,148.0,0.0,999.439375,44.21,0.1436,1.7988,28.684,0.05,28.747,147.932,148.035,3.334
20.0,Almaty,164.0,0.0,1512.825375,40.61,0.2174,1.7988,28.684,0.05,28.747,147.934,148.037,5.046
20.0,Tehran,54.0,0.0,1473.293625,40.84,0.2117,1.7988,28.684,0.05,28.747,147.934,148.037,4.914
20.166666666666668,Vladimir,162.0,0.0,1346.347375,41.62,0.1935,1.7988,28.684,0.05,28.747,147.934,148.036,4.491
20.166666666666668,Murmansk,161.0,0.0,1286.540625,42.01,0.185,1.7988,28.684,0.05,28.747,147.933,148.036,4.291
20.166666666666668,Novosibirsk,54.0,0.0,1323.5365,41.77,0.1902,1.7988,28.684,0.05,28.747,147.934,148.036,4.415
20.166666666666668,Zheleznogorsk,69.0,0.0,1363.110625,41.51,0.196,1.7988,28.684,0.05,28.747,147.934,148.036,4.547
20.166666666666668,Yakutsk,26.0,0.0,1050.241125,43.78,0.1509,1.7988,28.684,0.05,28.747,147.932,148.035,3.503
20.166666666666668,Khabarovsk,84.0,0.0,1636.604375,39.92,0.2354,1.7988,28.684,0.05,28.748,147.935,148.038,5.459
20.166666666666668,Vladivostok,13.0,0.0,1739.776,39.39,0.2502,1.7988,28.684,0.05,28.748,147.936,148.038,5.803
20.166666666666668,Minsk,39.0,0.0,1253.36475,42.24,0.1802,1.7988,28.684,0.05,28.747,147.933,148.036,4.181
20.166666666666668,Almaty,177.0,0.0,1557.104,40.35,0.224,1.7988,28.684,0.05,28.748,147.935,148.037,5.194
20.166666666666668,Tehran,53.0,0.0,1144.30575,43.03,0.1645,1.7988,28.684,0.05,28.747,147.933,148.035,3.817
20.333333333333332,Vladimir,38.0,0.0,1026.8084375,43.97,0.1477,1.7988,28.684,0.05,28.747,147.932,148.035,3.425
20.333333333333332,Murmansk,160.0,0.0,1063.622375,43.67,0.1528,1.7988,28.684,0.05,28.747,147.932,148.035,3.548
20.333333333333332,Novosibirsk,175.0,0.0,1026.56775,43.97,0.1477,1.7988,28.684,0.05,28.747,147.932,148.035,3.424
20.333333333333332,Zheleznogorsk,68.0,0.0,1049.578125,43.78,0.1509,1.7988,28.684,0.05,28.747,147.932,148.035,3.501
20.333333333333332,Yakutsk,25.0,0.0,1372.18625,41.45,0.1973,1.7988,28.684,0.05,28.747,147.934,148.036,4.577
20.333333333333332,Khabarovsk,25.0,0.0,1380.0485,41.4,0.1985,1.7988,28.684,0.05,28.747,147.934,148.036,4.603
20.333333333333332,Vladivostok,82.0,0.0,1515.22975,40.59,0.2179,1.7988,28.684,0.05,28.747,147.935,148.037,5.054
20.333333333333332,Minsk,145.0,0.0,1161.912125,42.9,0.167,1.7988,28.684,0.05,28.747,147.933,148.035,3.876
20.333333333333332,Almaty,67.0,0.0,1489.572125,40.74,0.2142,1.7988,28.684,0.05,28.747,147.934,148.037,4.969
20.333333333333332,Tehran,161.0,0.0,1588.171875,40.18,0.2284,1.7988,28.684,0.05,28.748,147.935,148.037,5.298
20.5,Vladimir,159.0,0.0,1064.632125,43.66,0.153,1.7988,28.684,0.05,28.747,147.932,148.035,3.551
20.5,Murmansk,37.0,0.0,1240.842375,42.33,0.1783,1.7988,28.684,0.05,28.747,147.933,148.036,4.139
20.5,Novosibirsk,174.0,0.0,1413.2825,41.2,0.2031,1.7988,28.684,0.05,28.747,147.934,148.036,4.714
20.5,Zheleznogorsk,9.0,0.0,1280.715875,42.05,0.1842,1.7988,28.684,0.05,28.747,147.933,148.036,4.272
20.5,Yakutsk,81.0,0.0,1259.20525,42.2,0.181,1.7988,28.684,0.05,28.747,147.933,148.036,4.2
20.5,Khabarovsk,24.0,0.0,1247.04825,42.28,0.1794,1.7988,28.684,0.05,28.747,147.933,148.036,4.16
20.5,Vladivostok,24.0,0.0,1485.98475,40.76,0.2137,1.7988,28.684,0.05,28.747,147.934,148.037,4.957
20.5,Minsk,144.0,0.0,1349.817875,41.6,0.194,1.7988,28.684,0.05,28.747,147.934,148.036,4.503
20.5,Almaty,174.0,0.0,1224.61275,42.44,0.1761,1.7988,28.684,0.05,28.747,147.933,148.035,4.085
20.5,Tehran,50.0,0.0,1009.799625,44.12,0.1451,1.7988,28.684,0.05,28.747,147.932,148.035,3.368
20.666666666666668,Vladimir,35.0,0.0,1227.308125,42.42,0.1765,1.7988,28.684,0.05,28.747,147.933,148.035,4.094
20.666666666666668,Murmansk,157.0,0.0,1055.478375,43.73,0.1518,1.7988,28.684,0.05,28.747,147.932,148.035,3.521
20.666666666666668,Novosibirsk,65.0,0.0,1108.538875,43.31,0.1593,1.7988,28.684,0.05,28.747,147.933,148.035,3.698
20.666666666666668,Zheleznogorsk,65.0,0.0,1035.7348125,43.9,0.1488,1.7988,28.684,0.05,28.747,147.932,148.035,3.455
20.666666666666668,Yakutsk,22.0,0.0,1069.02375,43.62,0.1537,1.7988,28.684,0.05,28.747,147.932,148.035,3.566
20.666666666666668,Khabarovsk,22.0,0.0,1613.107625,40.05,0.2319,1.7988,28.684,0.05,28.748,147.935,148.037,5.381
20.666666666666668,Vladivostok,94.0,0.0,1698.112125,39.6,0.2442,1.7988,28.684,0.05,28.748,147.936,148.038,5.664
20.666666666666668,Minsk,35.0,0.0,1014.7564375,44.07,0.146,1.7988,28.684,0.05,28.747,147.932,148.035,3.385
20.666666666666668,Almaty,173.0,0.0,1513.709,40.6,0.2176,1.7988,28.684,0.05,28.747,147.935,148.037,5.049
20.666666666666668,Tehran,49.0,0.0,1389.5905,41.34,0.1999,1.7988,28.684,0.05,28.747,147.934,148.036,4.635
20.833333333333332,Vladimir,156.0,0.0,1131.22125,43.13,0.1626,1.7988,28.684,0.05,28.747,147.933,148.035,3.773
20.833333333333332,Murmansk,19.0,0.0,1070.115375,43.61,0.1539,1.7988,28.684,0.05,28.747,147.932,148.035,3.57
20.833333333333332,Novosibirsk,171.0,0.0,1255.883,42.22,0.1806,1.7988,28.684,0.05,28.747,147.933,148.036,4.189
20.833333333333332,Zheleznogorsk,6.0,0.0,1135.400875,43.1,0.1632,1.7988,28.684,0.05,28.747,147.933,148.035,3.787
20.833333333333332,Yakutsk,78.0,0.0,1671.2465,39.74,0.2403,1.7988,28.684,0.05,28.748,147.935,148.038,5.575
20.833333333333332,Khabarovsk,21.0,0.0,1014.4610625,44.08,0.1458,1.7988,28.684,0.05,28.747,147.932,148.035,3.384
20.833333333333332,Vladivostok,93.0,0.0,1192.836875,42.67,0.1715,1.7988,28.684,0.05,28.747,147.933,148.035,3.979
20.833333333333332,Minsk,141.0,0.0,1359.799125,41.53,0.1955,1.7988,28.684,0.05,28.747,147.934,148.036,4.536
20.833333333333332,Almaty,63.0,0.0,1019.8880625,44.03,0.1466,1.7988,28.684,0.05,28.747,147.932,148.035,3.402
20.833333333333332,Tehran,157.0,0.0,1055.495875,43.73,0.1518,1.7988,28.684,0.05,28.747,147.932,148.035,3.521
21.0,Vladimir,155.0,0.0,1175.96275,42.79,0.1691,1.7988,28.684,0.05,28.747,147.933,148.035,3.923
21.0,Murmansk,154.0,0.0,1310.409125,41.85,0.1885,1.7988,28.684,0.05,28.747,147.933,148.036,4.371
21.0,Novosibirsk,62.0,0.0,1063.65025,43.67,0.1528,1.7988,28.684,0.05,28.747,147.932,148.035,3.548
21.0,Zheleznogorsk,5.0,0.0,1358.448,41.54,0.1953,1.7988,28.684,0.05,28.747,147.934,148.036,4.531
21.0,Yakutsk,77.0,0.0,1057.166875,43.72,0.152,1.7988,28.684,0.05,28.747,147.932,148.035,3.526
21.0,Khabarovsk,92.0,0.0,1216.506,42.5,0.1749,1.7988,28.684,0.05,28.747,147.933,148.035,4.058
21.0,Vladivostok,20.0,0.0,1275.89925,42.08,0.1835,1.7988,28.684,0.05,28.747,147.933,148.036,4.256
21.0,Minsk,32.0,0.0,1084.897625,43.49,0.156,1.7988,28.684,0.05,28.747,147.932,148.035,3.619
21.0,Almaty,170.0,0.0,1094.343875,43.42,0.1573,1.7988,28.684,0.05,28.747,147.932,148.035,3.65
21.0,Tehran,46.0,0.0,1259.11325,42.2,0.181,1.7988,28.684,0.05,28.747,147.933,148.036,4.2
21.166666666666668,Vladimir,31.0,0.0,1353.185375,41.57,0.1946,1.7988,28.684,0.05,28.747,147.934,148.036,4.514
21.166666666666668,Murmansk,167.0,0.0,1060.003375,43.69,0.1525,1.7988,28.684,0.05,28.747,147.932,148.035,3.536
21.166666666666668,Novosibirsk,61.0,0.0,1280.540625,42.05,0.1842,1.7988,28.684,0.05,28.747,147.933,148.036,4.271
21.166666666666668,Zheleznogorsk,61.0,0.0,1177.030875,42.79,0.1691,1.7988,28.684,0.05,28.747,147.933,148.035,3.926
21.166666666666668,Yakutsk,76.0,0.0,1443.95275,41.01,0.2076,1.7988,28.684,0.05,28.747,147.934,148.037,4.817
21.166666666666668,Khabarovsk,18.0,0.0,1183.417,42.74,0.1701,1.7988,28.684,0.05,28.747,147.933,148.035,3.947
21.166666666666668,Vladivostok,90.0,0.0,1103.156875,43.35,0.1586,1.7988,28.684,0.05,28.747,147.933,148.035,3.68
21.166666666666668,Minsk,31.0,0.0,1305.358875,41.89,0.1876,1.7988,28.684,0.05,28.747,147.933,148.036,4.354
21.166666666666668,Almaty,60.0,0.0,1167.272875,42.86,0.1678,1.7988,28.684,0.05,28.747,147.933,148.035,3.894
21.166666666666668,Tehran,154.0,0.0,1294.569625,41.96,0.1861,1.7988,28.684,0.05,28.747,147.933,148.036,4.318
21.333333333333332,Vladimir,152.0,0.0,1062.35,43.68,0.1527,1.7988,28.684,0.05,28.747,147.932,148.035,3.544
21.333333333333332,Murmansk,30.0,0.0,1064.665125,43.66,0.153,1.7988,28.684,0.05,28.747,147.932,148.035,3.551
21.333333333333332,Novosibirsk,2.0,0.0,1351.93875,41.58,0.1944,1.7988,28.684,0.05,28.747,147.934,148.036,4.51
21.333333333333332,Zheleznogorsk,2.0,0.0,1038.39075,43.87,0.1494,1.7988,28.684,0.05,28.747,147.932,148.035,3.464
21.333333333333332,Yakutsk,16.0,0.0,1342.425125,41.64,0.1931,1.7988,28.684,0.05,28.747,147.934,148.036,4.478
21.333333333333332,Khabarovsk,104.0,0.0,993.64,44.26,0.1428,1.7988,28.684,0.05,28.747,147.932,148.035,3.314
21.333333333333332,Vladivostok,17.0,0.0,998.9386875,44.21,0.1436,1.7988,28.684,0.05,28.747,147.932,148.035,3.332
21.333333333333332,Minsk,152.0,0.0,1161.0715,42.9,0.167,1.7988,28.684,0.05,28.747,147.933,148.035,3.873
21.333333333333332,Almaty,167.0,0.0,1040.1435,43.86,0.1495,1.7988,28.684,0.05,28.747,147.932,148.035,3.47
21.333333333333332,Tehran,153.0,0.0,1135.334,43.1,0.1632,1.7988,28.684,0.05,28.747,147.933,148.035,3.787
21.5,Vladimir,57.0,0.0,1459.10525,40.92,0.2098,1.7988,28.684,0.05,28.747,147.934,148.037,4.867
21.5,Murmansk,179.0,0.0,1211.614625,42.53,0.1743,1.7988,28.684,0.05,28.747,147.933,148.035,4.042
21.5,Novosibirsk,73.0,0.0,1071.9465,43.6,0.1541,1.7988,28.684,0.05,28.747,147.932,148.035,3.576
21.5,Zheleznogorsk,73.0,0.0,1320.289125,41.79,0.1898,1.7988,28.684,0.05,28.747,147.933,148.036,4.404
21.5,Yakutsk,30.0,0.0,1195.694625,42.65,0.1719,1.7988,28.684,0.05,28.747,147.933,148.035,3.988
21.5,Khabarovsk,103.0,0.0,1566.436125,40.3,0.2253,1.7988,28.684,0.05,28.748,147.935,148.037,5.225
21.5,Vladivostok,102.0,0.0,1401.81375,41.27,0.2015,1.7988,28.684,0.05,28.747,147.934,148.036,4.676
21.5,Minsk,43.0,0.0,1206.47375,42.57,0.1735,1.7988,28.684,0.05,28.747,147.933,148.035,4.024
21.5,Almaty,166.0,0.0,1546.590875,40.41,0.2225,1.7988,28.684,0.05,28.748,147.935,148.037,5.159
21.5,Tehran,72.0,0.0,1758.49825,39.3,0.2528,1.7988,28.684,0.05,28.748,147.936,148.038,5.866
21.666666666666668,Vladimir,56.0,0.0,1077.0205,43.56,0.1548,1.7988,28.684,0.05,28.747,147.932,148.035,3.593
21.666666666666668,Murmansk,42.0,0.0,1041.7095625,43.85,0.1497,1.7988,28.684,0.05,28.747,147.932,148.035,3.475
21.666666666666668,Novosibirsk,14.0,0.0,1089.50875,43.46,0.1566,1.7988,28.684,0.05,28.747,147.932,148.035,3.634
21.666666666666668,Zheleznogorsk,14.0,0.0,1056.55075,43.72,0.152,1.7988,28.684,0.05,28.747,147.932,148.035,3.524
21.666666666666668,Yakutsk,102.0,0.0,1570.404375,40.28,0.2258,1.7988,28.684,0.05,28.748,147.935,148.037,5.238
21.666666666666668,Khabarovsk,101.0,0.0,1172.777875,42.82,0.1686,1.7988,28.684,0.05,28.747,147.933,148.035,3.912
21.666666666666668,Vladivostok,101.0,0.0,1075.992125,43.56,0.1548,1.7988,28.684,0.05,28.747,147.932,148.035,3.589
21.666666666666668,Minsk,164.0,0.0,1068.853125,43.62,0.1537,1.7988,28.684,0.05,28.747,147.932,148.035,3.565
21.666666666666668,Almaty,71.0,0.0,1254.981125,42.23,0.1804,1.7988,28.684,0.05,28.747,147.933,148.036,4.186
21.666666666666668,Tehran,150.0,0.0,1351.08025,41.59,0.1942,1.7988,28.684,0.05,28.747,147.934,148.036,4.507
21.833333333333332,Vladimir,177.0,0.0,1371.8365,41.46,0.1971,1.7988,28.684,0.05,28.747,147.934,148.036,4.576
21.833333333333332,Murmansk,41.0,0.0,1328.528875,41.73,0.1911,1.7988,28.684,0.05,28.747,147.934,148.036,4.431
21.833333333333332,Novosibirsk,70.0,0.0,1216.785875,42.5,0.1749,1.7988,28.684,0.05,28.747,147.933,148.035,4.059
21.833333333333332,Zheleznogorsk,13.0,0.0,1415.678875,41.18,0.2036,1.7988,28.684,0.05,28.747,147.934,148.036,4.722
21.833333333333332,Yakutsk,42.0,0.0,1247.854875,42.28,0.1794,1.7988,28.684,0.05,28.747,147.933,148.036,4.162
21.833333333333332,Khabarovsk,100.0,0.0,1284.503,42.03,0.1846,1.7988,28.684,0.05,28.747,147.933,148.036,4.285
21.833333333333332,Vladivostok,28.0,0.0,1293.88775,41.96,0.1861,1.7988,28.684,0.05,28.747,147.933,148.036,4.316
21.833333333333332,Minsk,163.0,0.0,1300.699875,41.92,0.187,1.7988,28.684,0.05,28.747,147.933,148.036,4.339
21.833333333333332,Almaty,178.0,0.0,1473.235875,40.84,0.2117,1.7988,28.684,0.05,28.747,147.934,148.037,4.914
21.833333333333332,Tehran,69.0,0.0,1355.988875,41.56,0.1949,1.7988,28.684,0.05,28.747,147.934,148.036,4.523
22.0,Vladimir,53.0,0.0,1042.4293125,43.84,0.1499,1.7988,28.684,0.05,28.747,147.932,148.035,3.477
22.0,Murmansk,175.0,0.0,998.9255,44.21,0.1436,1.7988,28.684,0.05,28.747,147.932,148.035,3.332
22.0,Novosibirsk,11.0,0.0,1177.78975,42.78,0.1693,1.7988,28.684,0.05,28.747,147.933,148.035,3.929
22.0,Zheleznogorsk,83.0,0.0,1105.697875,43.33,0.1589,1.7988,28.684,0.05,28.747,147.933,148.035,3.688
22.0,Yakutsk,99.0,0.0,1187.5595,42.71,0.1707,1.7988,28.684,0.05,28.747,147.933,148.035,3.961
22.0,Khabarovsk,26.0,0.0,1571.162,40.28,0.2258,1.7988,28.684,0.05,28.748,147.935,148.037,5.241
22.0,Vladivostok,98.0,0.0,1325.8945,41.75,0.1906,1.7988,28.684,0.05,28.747,147.934,148.036,4.423
22.0,Minsk,53.0,0.0,1278.561125,42.07,0.1838,1.7988,28.684,0.05,28.747,147.933,148.036,4.265
22.0,Almaty,68.0,0.0,1649.964875,39.85,0.2373,1.7988,28.684,0.05,28.748,147.935,148.038,5.504
22.0,Tehran,68.0,0.0,1611.436,40.06,0.2316,1.7988,28.684,0.05,28.748,147.935,148.037,5.375
22.166666666666668,Vladimir,174.0,0.0,1228.688375,42.41,0.1767,1.7988,28.684,0.05,28.747,147.933,148.035,4.098
22.166666666666668,Murmansk,38.0,0.0,1053.8285,43.75,0.1514,1.7988,28.684,0.05,28.747,147.932,148.035,3.515
22.166666666666668,Novosibirsk,10.0,0.0,1131.6125,43.13,0.1626,1.7988,28.684,0.05,28.747,147.933,148.035,3.775
22.166666666666668,Zheleznogorsk,10.0,0.0,1296.943375,41.94,0.1865,1.7988,28.684,0.05,28.747,147.933,148.036,4.326
22.166666666666668,Yakutsk,39.0,0.0,1559.415125,40.34,0.2243,1.7988,28.684,0.05,28.748,147.935,148.037,5.202
22.166666666666668,Khabarovsk,97.0,0.0,1319.9845,41.79,0.1898,1.7988,28.684,0.05,28.747,147.933,148.036,4.403
22.166666666666668,Vladivostok,25.0,0.0,1368.322125,41.48,0.1967,1.7988,28.684,0.05,28.747,147.934,148.036,4.564
22.166666666666668,Minsk,160.0,0.0,1063.164,43.67,0.1528,1.7988,28.684,0.05,28.747,147.932,148.035,3.546
22.166666666666668,Almaty,81.0,0.0,1456.35675,40.94,0.2093,1.7988,28.684,0.05,28.747,147.934,148.037,4.858
22.166666666666668,Tehran,66.0,0.0,1251.112375,42.26,0.1798,1.7988,28.684,0.05,28.747,147.933,148.036,4.173
22.333333333333332,Vladimir,50.0,0.0,1346.501125,41.62,0.1935,1.7988,28.684,0.05,28.747,147.934,148.036,4.491
22.333333333333332,Murmansk,172.0,0.0,1175.774375,42.79,0.1691,1.7988,28.684,0.05,28.747,147.933,148.035,3.922
22.333333333333332,Novosibirsk,80.0,0.0,1285.57625,42.02,0.1848,1.7988,28.684,0.05,28.747,147.933,148.036,4.288
22.333333333333332,Zheleznogorsk,80.0,0.0,1207.61675,42.56,0.1737,1.7988,28.684,0.05,28.747,147.933,148.035,4.028
22.333333333333332,Yakutsk,38.0,0.0,1004.64375,44.16,0.1445,1.7988,28.684,0.05,28.747,147.932,148.035,3.351
22.333333333333332,Khabarovsk,110.0,0.0,1641.289875,39.9,0.2359,1.7988,28.684,0.05,28.748,147.935,148.038,5.475
22.333333333333332,Vladivostok,39.0,0.0,1832.5195,38.94,0.2635,1.7988,28.684,0.05,28.748,147.936,148.039,6.113
22.333333333333332,Minsk,50.0,0.0,1108.421,43.31,0.1593,1.7988,28.684,0.05,28.747,147.933,148.035,3.697
22.333333333333332,Almaty,9.0,0.0,1484.823625,40.77,0.2134,1.7988,28.684,0.05,28.747,147.934,148.037,4.953
22.333333333333332,Tehran,65.0,0.0,1148.535625,43.0,0.1651,1.7988,28.684,0.05,28.747,147.933,148.035,3.831
22.5,Vladimir,49.0,0.0,1104.513625,43.34,0.1588,1.7988,28.684,0.05,28.747,147.933,148.035,3.684
22.5,Murmansk,35.0,0.0,1057.5875,43.71,0.1521,1.7988,28.684,0.05,28.747,147.932,148.035,3.528
22.5,Novosibirsk,7.0,0.0,1044.588375,43.82,0.1502,1.7988,28.684,0.05,28.747,147.932,148.035,3.484
22.5,Zheleznogorsk,79.0,0.0,1109.82025,43.3,0.1595,1.7988,28.684,0.05,28.747,147.933,148.035,3.702
22.5,Yakutsk,37.0,0.0,1505.0575,40.65,0.2164,1.7988,28.684,0.05,28.747,147.934,148.037,5.02
22.5,Khabarovsk,37.0,0.0,1216.063,42.5,0.1749,1.7988,28.684,0.05,28.747,147.933,148.035,4.056
22.5,Vladivostok,108.0,0.0,1495.125625,40.71,0.2149,1.7988,28.684,0.05,28.747,147.934,148.037,4.987
22.5,Minsk,157.0,0.0,1173.189625,42.81,0.1687,1.7988,28.684,0.05,28.747,147.933,148.035,3.913
22.5,Almaty,78.0,0.0,1270.423,42.12,0.1827,1.7988,28.684,0.05,28.747,147.933,148.036,4.238
22.5,Tehran,172.0,0.0,1369.247625,41.47,0.1969,1.7988,28.684,0.05,28.747,147.934,148.036,4.567
22.666666666666668,Vladimir,170.0,0.0,1043.768,43.83,0.15,1.7988,28.684,0.05,28.747,147.932,148.035,3.482
22.666666666666668,Murmansk,48.0,0.0,1223.773625,42.45,0.1759,1.7988,28.684,0.05,28.747,147.933,148.035,4.082
22.666666666666668,Novosibirsk,77.0,0.0,1337.3635,41.68,0.1922,1.7988,28.684,0.05,28.747,147.934,148.036,4.461
22.666666666666668,Zheleznogorsk,20.0,0.0,1259.77375,42.2,0.181,1.7988,28.684,0.05,28.747,147.933,148.036,4.202
22.666666666666668,Yakutsk,93.0,0.0,1151.891,42.97,0.1657,1.7988,28.684,0.05,28.747,147.933,148.035,3.842
22.666666666666668,Khabarovsk,107.0,0.0,1255.4435,42.23,0.1804,1.7988,28.684,0.05,28.747,147.933,148.036,4.188
22.666666666666668,Vladivostok,36.0,0.0,1359.62725,41.53,0.1955,1.7988,28.684,0.05,28.747,147.934,148.036,4.535
22.666666666666668,Minsk,47.0,0.0,1269.293875,42.13,0.1825,1.7988,28.684,0.05,28.747,147.933,148.036,4.234
22.666666666666668,Almaty,6.0,0.0,1110.105875,43.29,0.1597,1.7988,28.684,0.05,28.747,147.933,148.035,3.703
22.666666666666668,Tehran,62.0,0.0,1019.7639375,44.03,0.1466,1.7988,28.684,0.05,28.747,147.932,148.035,3.402
22.833333333333332,Vladimir,46.0,0.0,1240.693125,42.33,0.1783,1.7988,28.684,0.05,28.747,147.933,148.036,4.139
22.833333333333332,Murmansk,168.0,0.0,1069.616875,43.62,0.1537,1.7988,28.684,0.05,28.747,147.932,148.035,3.568
22.833333333333332,Novosibirsk,76.0,0.0,1105.43,43.33,0.1589,1.7988,28.684,0.05,28.747,147.933,148.035,3.687
22.833333333333332,Zheleznogorsk,76.0,0.0,1036.4230625,43.89,0.149,1.7988,28.684,0.05,28.747,147.932,148.035,3.457
22.833333333333332,Yakutsk,92.0,0.0,1169.887625,42.84,0.1682,1.7988,28.684,0.05,28.747,147.933,148.035,3.902
22.833333333333332,Khabarovsk,34.0,0.0,1439.583875,41.04,0.2069,1.7988,28.684,0.05,28.747,147.934,148.037,4.802
22.833333333333332,Vladivostok,105.0,0.0,1453.980625,40.95,0.209,1.7988,28.684,0.05,28.747,147.934,148.037,4.85
22.833333333333332,Minsk,46.0,0.0,1063.803375,43.66,0.153,1.7988,28.684,0.05,28.747,147.932,148.035,3.548
22.833333333333332,Almaty,75.0,0.0,1424.441375,41.13,0.2048,1.7988,28.684,0.05,28.747,147.934,148.036,4.751
22.833333333333332,Tehran,61.0,0.0,1580.35375,40.23,0.2271,1.7988,28.684,0.05,28.748,147.935,148.037,5.271
23.0,Vladimir,167.0,0.0,1051.055375,43.77,0.1511,1.7988,28.684,0.05,28.747,147.932,148.035,3.506
23.0,Murmansk,45.0,0.0,1104.766875,43.34,0.1588,1.7988,28.684,0.05,28.747,147.933,148.035,3.685
23.0,Novosibirsk,17.0,0.0,1415.395,41.18,0.2036,1.7988,28.684,0.05,28.747,147.934,148.036,4.721
23.0,Zheleznogorsk,17.0,0.0,1048.995,43.79,0.1507,1.7988,28.684,0.05,28.747,147.932,148.035,3.499
23.0,Yakutsk,32.0,0.0,1535.233625,40.48,0.2207,1.7988,28.684,0.05,28.747,147.935,148.037,5.121
23.0,Khabarovsk,33.0,0.0,1000.698125,44.2,0.1438,1.7988,28.684,0.05,28.747,147.932,148.035,3.338
23.0,Vladivostok,119.0,0.0,1125.542,43.17,0.1619,1.7988,28.684,0.05,28.747,147.933,148.035,3.754
23.0,Minsk,167.0,0.0,1289.904125,41.99,0.1855,1.7988,28.684,0.05,28.747,147.933,148.036,4.303
23.0,Almaty,89.0,0.0,1003.8311875,44.17,0.1443,1.7988,28.684,0.05,28.747,147.932,148.035,3.348
23.0,Tehran,168.0,0.0,990.59325,44.28,0.1425,1.7988,28.684,0.05,28.747,147.932,148.034,3.304
23.166666666666668,Vladimir,166.0,0.0,1313.768,41.83,0.1889,1.7988,28.684,0.05,28.747,147.933,148.036,4.382
23.166666666666668,Murmansk,165.0,0.0,1247.48975,42.28,0.1794,1.7988,28.684,0.05,28.747,147.933,148.036,4.161
23.166666666666668,Novosibirsk,88.0,0.0,1005.9110625,44.15,0.1446,1.7988,28.684,0.05,28.747,147.932,148.035,3.355
23.166666666666668,Zheleznogorsk,88.0,0.0,1316.821125,41.81,0.1893,1.7988,28.684,0.05,28.747,147.933,148.036,4.392
23.166666666666668,Yakutsk,104.0,0.0,1081.44625,43.52,0.1555,1.7988,28.684,0.05,28.747,147.932,148.035,3.607
23.166666666666668,Khabarovsk,118.0,0.0,1285.125875,42.02,0.1848,1.7988,28.684,0.05,28.747,147.933,148.036,4.287
23.166666666666668,Vladivostok,32.0,0.0,1307.504375,41.87,0.188,1.7988,28.684,0.05,28.747,147.933,148.036,4.361
23.166666666666668,Minsk,58.0,0.0,1080.067625,43.53,0.1553,1.7988,28.684,0.05,28.747,147.932,148.035,3.603
23.166666666666668,Almaty,2.0,0.0,1190.41275,42.69,0.1711,1.7988,28.684,0.05,28.747,147.933,148.035,3.971
23.166666666666668,Tehran,73.0,0.0,1461.297875,40.91,0.21,1.7988,28.684,0.05,28.747,147.934,148.037,4.874
23.333333333333332,Vladimir,72.0,0.0,1204.38875,42.59,0.1731,1.7988,28.684,0.05,28.747,147.933,148.035,4.017
23.333333333333332,Murmansk,14.0,0.0,1044.257625,43.82,0.1502,1.7988,28.684,0.05,28.747,147.932,148.035,3.483
23.333333333333332,Novosibirsk,29.0,0.0,1289.704625,41.99,0.1855,1.7988,28.684,0.05,28.747,147.933,148.036,4.302
23.333333333333332,Zheleznogorsk,29.0,0.0,1194.898625,42.65,0.1719,1.7988,28.684,0.05,28.747,147.933,148.035,3.986
23.333333333333332,Yakutsk,117.0,0.0,1461.12025,40.91,0.21,1.7988,28.684,0.05,28.747,147.934,148.037,4.874
23.333333333333332,Khabarovsk,30.0,0.0,1137.885375,43.08,0.1636,1.7988,28.684,0.05,28.747,147.933,148.035,3.796
23.333333333333332,Vladivostok,116.0,0.0,1015.5981875,44.07,0.146,1.7988,28.684,0.05,28.747,147.932,148.035,3.388
23.333333333333332,Minsk,179.0,0.0,1321.80525,41.78,0.19,1.7988,28.684,0.05,28.747,147.933,148.036,4.409
23.333333333333332,Almaty,86.0,0.0,1138.82625,43.07,0.1638,1.7988,28.684,0.05,28.747,147.933,148.035,3.799
23.333333333333332,Tehran,165.0,0.0,1243.576,42.31,0.1787,1.7988,28.684,0.05,28.747,147.933,148.036,4.148
23.5,Vladimir,178.0,0.0,1168.44425,42.85,0.168,1.7988,28.684,0.05,28.747,147.933,148.035,3.898
23.5,Murmansk,56.0,0.0,1114.6075,43.26,0.1602,1.7988,28.684,0.05,28.747,147.933,148.035,3.718
23.5,Novosibirsk,85.0,0.0,1270.897125,42.12,0.1827,1.7988,28.684,0.05,28.747,147.933,148.036,4.239
23.5,Zheleznogorsk,28.0,0.0,1117.794875,43.23,0.1608,1.7988,28.684,0.05,28.747,147.933,148.035,3.729
23.5,Yakutsk,101.0,0.0,1316.91825,41.81,0.1893,1.7988,28.684,0.05,28.747,147.933,148.036,4.393
23.5,Khabarovsk,115.0,0.0,1037.71975,43.88,0.1492,1.7988,28.684,0.05,28.747,147.932,148.035,3.461
23.5,Vladivostok,44.0,0.0,1024.817375,43.99,0.1473,1.7988,28.684,0.05,28.747,147.932,148.035,3.418
23.5,Minsk,178.0,0.0,1152.0125,42.97,0.1657,1.7988,28.684,0.05,28.747,147.933,148.035,3.843
23.5,Almaty,14.0,0.0,1129.17775,43.15,0.1623,1.7988,28.684,0.05,28.747,147.933,148.035,3.767
23.5,Tehran,179.0,0.0,1331.10525,41.72,0.1913,1.7988,28.684,0.05,28.747,147.934,148.036,4.44
23.666666666666668,Vladimir,69.0,0.0,1276.785875,42.08,0.1835,1.7988,28.684,0.05,28.747,147.933,148.036,4.259
23.666666666666668,Murmansk,11.0,0.0,1108.9025,43.3,0.1595,1.7988,28.684,0.05,28.747,147.933,148.035,3.699
23.666666666666668,Novosibirsk,84.0,0.0,1182.24725,42.75,0.1699,1.7988,28.684,0.05,28.747,147.933,148.035,3.944
23.666666666666668,Zheleznogorsk,84.0,0.0,1383.151875,41.38,0.1989,1.7988,28.684,0.05,28.747,147.934,148.036,4.614
23.666666666666668,Yakutsk,56.0,0.0,1153.601625,42.96,0.1659,1.7988,28.684,0.05,28.747,147.933,148.035,3.848
23.666666666666668,Khabarovsk,42.0,0.0,1554.104125,40.37,0.2235,1.7988,28.684,0.05,28.748,147.935,148.037,5.184
23.666666666666668,Vladivostok,113.0,0.0,1325.761375,41.75,0.1906,1.7988,28.684,0.05,28.747,147.934,148.036,4.422
23.666666666666668,Minsk,54.0,0.0,1331.49975,41.71,0.1915,1.7988,28.684,0.05,28.747,147.934,148.036,4.441
23.666666666666668,Almaty,83.0,0.0,1606.343375,40.08,0.2311,1.7988,28.684,0.05,28.748,147.935,148.037,5.358
23.666666666666668,Tehran,83.0,0.0,1633.288125,39.94,0.2348,1.7988,28.684,0.05,28.748,147.935,148.038,5.448
23.833333333333332,Vladimir,68.0,0.0,1100.922,43.37,0.1582,1.7988,28.684,0.05,28.747,147.933,148.035,3.672
23.833333333333332,Murmansk,53.0,0.0,1000.3640625,44.2,0.1438,1.7988,28.684,0.05,28.747,147.932,148.035,3.337
23.833333333333332,Novosibirsk,25.0,0.0,1044.0314375,43.83,0.15,1.7988,28.684,0.05,28.747,147.932,148.035,3.483
23.833333333333332,Zheleznogorsk,25.0,0.0,1081.6175,43.52,0.1555,1.7988,28.684,0.05,28.747,147.932,148.035,3.608
23.833333333333332,Yakutsk,113.0,0.0,1675.1465,39.72,0.2408,1.7988,28.684,0.05,28.748,147.935,148.038,5.588
23.833333333333332,Khabarovsk,112.0,0.0,1178.895625,42.77,0.1695,1.7988,28.684,0.05,28.747,147.933,148.035,3.932
23.833333333333332,Vladivostok,41.0,0.0,1160.244625,42.91,0.1668,1.7988,28.684,0.05,28.747,147.933,148.035,3.87
23.833333333333332,Minsk,175.0,0.0,1003.272,44.17,0.1443,1.7988,28.684,0.05,28.747,147.932,148.035,3.347
23.833333333333332,Almaty,82.0,0.0,1399.11425,41.28,0.2012,1.7988,28.684,0.05,28.747,147.934,148.036,4.667
23.833333333333332,Tehran,176.0,0.0,1528.6875,40.51,0.2199,1.7988,28.684,0.05,28.747,147.935,148.037,5.099
